/opt/conda/envs/aia310/lib/python3.10/site-packages/outdated/__init__.py:36: UserWarning: pkg_resources is deprecated as an API. See https://setuptools.pypa.io/en/latest/pkg_resources.html. The pkg_resources package is slated for removal as early as 2025-11-30. Refrain from using this package or pin to Setuptools<81.
  from pkg_resources import parse_version
initw_name...............................................................kaiming
data_dir.................................................................dataset
ckpt.......................................................................False
seed.........................................................................123
emb_dim.......................................................................64
test_epoch.....................................................................0
cau_gamma....................................................................0.5
lr_min.....................................................................1e-06
adv_gamma_node...............................................................1.0
adv_gamma_edge...............................................................1.0
adv_dis......................................................................0.5
adv_reg......................................................................0.5
cau_reg......................................................................0.5
causaler_time..................................................................1
attacker_time..................................................................1
epochs.......................................................................100
lr_decay.....................................................................150
causaler_lr................................................................0.001
attacker_lr................................................................0.001
l2reg......................................................................5e-06
the............................................................................0
lr_gamma.....................................................................0.1
lr_scheduler.................................................................cos
milestones.........................................................[3703, 16, 6]
device.........................................................................0
domain..................................................................scaffold
batch_size....................................................................32
size..........................................................................ls
dataset.............................................................ogbg-molbbbp
trails........................................................................10

initialize network with kaiming
Train Iter:[0  /51] CauLoss:[2.8090], AdvLoss:[-129.2379]
Train Iter:[12 /51] CauLoss:[2.1449], AdvLoss:[-11.6839]
Train Iter:[24 /51] CauLoss:[1.8250], AdvLoss:[-6.0868]
Train Iter:[36 /51] CauLoss:[1.6588], AdvLoss:[-4.1322]
Train Iter:[48 /51] CauLoss:[1.5854], AdvLoss:[-3.1226]
--------------------------------------------------------------------------------------------------------------------------------------------------------------------------------------------------------
Epoch:[1/100], CauAdvLoss:[1.5779/-2.9992] valid:[90.45], test:[64.23]
--------------------------------------------------------------------------------------------------------------------------------------------------------------------------------------------------------
Train Iter:[0  /51] CauLoss:[0.9960], AdvLoss:[-0.1894]
Train Iter:[12 /51] CauLoss:[1.3135], AdvLoss:[-0.0016]
Train Iter:[24 /51] CauLoss:[1.2748], AdvLoss:[0.0174]
Train Iter:[36 /51] CauLoss:[1.2685], AdvLoss:[0.0130]
Train Iter:[48 /51] CauLoss:[1.2641], AdvLoss:[0.0202]
--------------------------------------------------------------------------------------------------------------------------------------------------------------------------------------------------------
Epoch:[2/100], CauAdvLoss:[1.2689/0.0256] valid:[92.92], test:[63.28]
--------------------------------------------------------------------------------------------------------------------------------------------------------------------------------------------------------
Train Iter:[0  /51] CauLoss:[1.5363], AdvLoss:[0.1292]
Train Iter:[12 /51] CauLoss:[1.1921], AdvLoss:[0.0656]
Train Iter:[24 /51] CauLoss:[1.2086], AdvLoss:[0.0538]
Train Iter:[36 /51] CauLoss:[1.2030], AdvLoss:[0.0540]
Train Iter:[48 /51] CauLoss:[1.1934], AdvLoss:[0.0611]
--------------------------------------------------------------------------------------------------------------------------------------------------------------------------------------------------------
Epoch:[3/100], CauAdvLoss:[1.2065/0.0636] valid:[92.72], test:[62.67]
--------------------------------------------------------------------------------------------------------------------------------------------------------------------------------------------------------
Train Iter:[0  /51] CauLoss:[1.0882], AdvLoss:[0.1910]
Train Iter:[12 /51] CauLoss:[1.0971], AdvLoss:[0.0607]
Train Iter:[24 /51] CauLoss:[1.1194], AdvLoss:[0.0831]
Train Iter:[36 /51] CauLoss:[1.1387], AdvLoss:[0.1075]
Train Iter:[48 /51] CauLoss:[1.1485], AdvLoss:[0.1165]
--------------------------------------------------------------------------------------------------------------------------------------------------------------------------------------------------------
Epoch:[4/100], CauAdvLoss:[1.1432/0.1158] valid:[90.17], test:[62.31]
--------------------------------------------------------------------------------------------------------------------------------------------------------------------------------------------------------
Train Iter:[0  /51] CauLoss:[1.3167], AdvLoss:[0.1775]
Train Iter:[12 /51] CauLoss:[1.1900], AdvLoss:[0.1752]
Train Iter:[24 /51] CauLoss:[1.1678], AdvLoss:[0.1793]
Train Iter:[36 /51] CauLoss:[1.1658], AdvLoss:[0.1725]
Train Iter:[48 /51] CauLoss:[1.1359], AdvLoss:[0.1643]
--------------------------------------------------------------------------------------------------------------------------------------------------------------------------------------------------------
Epoch:[5/100], CauAdvLoss:[1.1361/0.1616] valid:[91.44], test:[64.14]
--------------------------------------------------------------------------------------------------------------------------------------------------------------------------------------------------------
Train Iter:[0  /51] CauLoss:[1.0158], AdvLoss:[0.1319]
Train Iter:[12 /51] CauLoss:[1.0471], AdvLoss:[0.1133]
Train Iter:[24 /51] CauLoss:[1.0601], AdvLoss:[0.1363]
Train Iter:[36 /51] CauLoss:[1.1139], AdvLoss:[0.1637]
Train Iter:[48 /51] CauLoss:[1.1145], AdvLoss:[0.1758]
--------------------------------------------------------------------------------------------------------------------------------------------------------------------------------------------------------
Epoch:[6/100], CauAdvLoss:[1.1155/0.1784] valid:[91.07], test:[61.23]
--------------------------------------------------------------------------------------------------------------------------------------------------------------------------------------------------------
Train Iter:[0  /51] CauLoss:[1.0162], AdvLoss:[0.2497]
Train Iter:[12 /51] CauLoss:[1.0706], AdvLoss:[0.1933]
Train Iter:[24 /51] CauLoss:[1.1341], AdvLoss:[0.2109]
Train Iter:[36 /51] CauLoss:[1.1011], AdvLoss:[0.1927]
Train Iter:[48 /51] CauLoss:[1.1072], AdvLoss:[0.1898]
--------------------------------------------------------------------------------------------------------------------------------------------------------------------------------------------------------
Epoch:[7/100], CauAdvLoss:[1.1116/0.1901] valid:[89.46], test:[60.94]
--------------------------------------------------------------------------------------------------------------------------------------------------------------------------------------------------------
Train Iter:[0  /51] CauLoss:[0.9188], AdvLoss:[0.1174]
Train Iter:[12 /51] CauLoss:[1.0845], AdvLoss:[0.2106]
Train Iter:[24 /51] CauLoss:[1.0582], AdvLoss:[0.1919]
Train Iter:[36 /51] CauLoss:[1.0784], AdvLoss:[0.2018]
Train Iter:[48 /51] CauLoss:[1.0865], AdvLoss:[0.2143]
--------------------------------------------------------------------------------------------------------------------------------------------------------------------------------------------------------
Epoch:[8/100], CauAdvLoss:[1.0834/0.2101] valid:[90.80], test:[63.80]
--------------------------------------------------------------------------------------------------------------------------------------------------------------------------------------------------------
Train Iter:[0  /51] CauLoss:[1.0273], AdvLoss:[0.1788]
Train Iter:[12 /51] CauLoss:[1.0593], AdvLoss:[0.1872]
Train Iter:[24 /51] CauLoss:[1.0555], AdvLoss:[0.2046]
Train Iter:[36 /51] CauLoss:[1.0554], AdvLoss:[0.2069]
Train Iter:[48 /51] CauLoss:[1.0724], AdvLoss:[0.2153]
--------------------------------------------------------------------------------------------------------------------------------------------------------------------------------------------------------
Epoch:[9/100], CauAdvLoss:[1.0733/0.2153] valid:[93.27], test:[64.10]
--------------------------------------------------------------------------------------------------------------------------------------------------------------------------------------------------------
Train Iter:[0  /51] CauLoss:[1.3585], AdvLoss:[0.3369]
Train Iter:[12 /51] CauLoss:[1.0566], AdvLoss:[0.2201]
Train Iter:[24 /51] CauLoss:[1.0627], AdvLoss:[0.2352]
Train Iter:[36 /51] CauLoss:[1.0367], AdvLoss:[0.2194]
Train Iter:[48 /51] CauLoss:[1.0344], AdvLoss:[0.2267]
--------------------------------------------------------------------------------------------------------------------------------------------------------------------------------------------------------
Epoch:[10/100], CauAdvLoss:[1.0377/0.2260] valid:[90.54], test:[65.32]
--------------------------------------------------------------------------------------------------------------------------------------------------------------------------------------------------------
Train Iter:[0  /51] CauLoss:[1.2909], AdvLoss:[0.2877]
Train Iter:[12 /51] CauLoss:[0.9785], AdvLoss:[0.1829]
Train Iter:[24 /51] CauLoss:[1.0086], AdvLoss:[0.1882]
Train Iter:[36 /51] CauLoss:[1.0347], AdvLoss:[0.2033]
Train Iter:[48 /51] CauLoss:[1.0422], AdvLoss:[0.2086]
--------------------------------------------------------------------------------------------------------------------------------------------------------------------------------------------------------
Epoch:[11/100], CauAdvLoss:[1.0367/0.2054] valid:[90.76], test:[62.53]
--------------------------------------------------------------------------------------------------------------------------------------------------------------------------------------------------------
Train Iter:[0  /51] CauLoss:[0.8944], AdvLoss:[0.1400]
Train Iter:[12 /51] CauLoss:[1.1309], AdvLoss:[0.2842]
Train Iter:[24 /51] CauLoss:[1.0658], AdvLoss:[0.2467]
Train Iter:[36 /51] CauLoss:[1.0555], AdvLoss:[0.2695]
Train Iter:[48 /51] CauLoss:[1.0542], AdvLoss:[0.2529]
--------------------------------------------------------------------------------------------------------------------------------------------------------------------------------------------------------
Epoch:[12/100], CauAdvLoss:[1.0471/0.2503] valid:[93.65], test:[65.79]
--------------------------------------------------------------------------------------------------------------------------------------------------------------------------------------------------------
Train Iter:[0  /51] CauLoss:[0.9849], AdvLoss:[0.2578]
Train Iter:[12 /51] CauLoss:[1.0929], AdvLoss:[0.2663]
Train Iter:[24 /51] CauLoss:[1.0732], AdvLoss:[0.2472]
Train Iter:[36 /51] CauLoss:[1.0758], AdvLoss:[0.2642]
Train Iter:[48 /51] CauLoss:[1.0637], AdvLoss:[0.2519]
--------------------------------------------------------------------------------------------------------------------------------------------------------------------------------------------------------
Epoch:[13/100], CauAdvLoss:[1.0614/0.2485] valid:[91.75], test:[66.32]
--------------------------------------------------------------------------------------------------------------------------------------------------------------------------------------------------------
Train Iter:[0  /51] CauLoss:[1.0725], AdvLoss:[0.3144]
Train Iter:[12 /51] CauLoss:[0.9400], AdvLoss:[0.3259]
Train Iter:[24 /51] CauLoss:[0.9445], AdvLoss:[0.2653]
Train Iter:[36 /51] CauLoss:[1.0271], AdvLoss:[0.2671]
Train Iter:[48 /51] CauLoss:[1.0022], AdvLoss:[0.2432]
--------------------------------------------------------------------------------------------------------------------------------------------------------------------------------------------------------
Epoch:[14/100], CauAdvLoss:[1.0080/0.2484] valid:[91.47], test:[63.37]
--------------------------------------------------------------------------------------------------------------------------------------------------------------------------------------------------------
Train Iter:[0  /51] CauLoss:[0.8070], AdvLoss:[0.0717]
Train Iter:[12 /51] CauLoss:[1.0134], AdvLoss:[0.2938]
Train Iter:[24 /51] CauLoss:[1.0171], AdvLoss:[0.2490]
Train Iter:[36 /51] CauLoss:[1.0092], AdvLoss:[0.2330]
Train Iter:[48 /51] CauLoss:[1.0354], AdvLoss:[0.2383]
--------------------------------------------------------------------------------------------------------------------------------------------------------------------------------------------------------
Epoch:[15/100], CauAdvLoss:[1.0370/0.2396] valid:[91.37], test:[65.60]
--------------------------------------------------------------------------------------------------------------------------------------------------------------------------------------------------------
Train Iter:[0  /51] CauLoss:[0.9485], AdvLoss:[0.1792]
Train Iter:[12 /51] CauLoss:[1.0418], AdvLoss:[0.2178]
Train Iter:[24 /51] CauLoss:[1.0402], AdvLoss:[0.2057]
Train Iter:[36 /51] CauLoss:[1.0660], AdvLoss:[0.2134]
Train Iter:[48 /51] CauLoss:[1.0535], AdvLoss:[0.2077]
--------------------------------------------------------------------------------------------------------------------------------------------------------------------------------------------------------
Epoch:[16/100], CauAdvLoss:[1.0500/0.2088] valid:[93.07], test:[65.73]
--------------------------------------------------------------------------------------------------------------------------------------------------------------------------------------------------------
Train Iter:[0  /51] CauLoss:[0.7025], AdvLoss:[0.0568]
Train Iter:[12 /51] CauLoss:[0.9551], AdvLoss:[0.1640]
Train Iter:[24 /51] CauLoss:[0.9845], AdvLoss:[0.1795]
Train Iter:[36 /51] CauLoss:[0.9831], AdvLoss:[0.1850]
Train Iter:[48 /51] CauLoss:[1.0024], AdvLoss:[0.1940]
--------------------------------------------------------------------------------------------------------------------------------------------------------------------------------------------------------
Epoch:[17/100], CauAdvLoss:[1.0031/0.1955] valid:[91.60], test:[64.24]
--------------------------------------------------------------------------------------------------------------------------------------------------------------------------------------------------------
Train Iter:[0  /51] CauLoss:[0.8373], AdvLoss:[0.2521]
Train Iter:[12 /51] CauLoss:[0.9861], AdvLoss:[0.2242]
Train Iter:[24 /51] CauLoss:[0.9913], AdvLoss:[0.2039]
Train Iter:[36 /51] CauLoss:[1.0083], AdvLoss:[0.2096]
Train Iter:[48 /51] CauLoss:[0.9898], AdvLoss:[0.2026]
--------------------------------------------------------------------------------------------------------------------------------------------------------------------------------------------------------
Epoch:[18/100], CauAdvLoss:[0.9945/0.2057] valid:[93.28], test:[67.68]
--------------------------------------------------------------------------------------------------------------------------------------------------------------------------------------------------------
Train Iter:[0  /51] CauLoss:[1.3850], AdvLoss:[0.3091]
Train Iter:[12 /51] CauLoss:[0.9572], AdvLoss:[0.1632]
Train Iter:[24 /51] CauLoss:[0.9775], AdvLoss:[0.1728]
Train Iter:[36 /51] CauLoss:[0.9973], AdvLoss:[0.1858]
Train Iter:[48 /51] CauLoss:[0.9996], AdvLoss:[0.1895]
--------------------------------------------------------------------------------------------------------------------------------------------------------------------------------------------------------
Epoch:[19/100], CauAdvLoss:[0.9977/0.1904] valid:[92.41], test:[66.48]
--------------------------------------------------------------------------------------------------------------------------------------------------------------------------------------------------------
Train Iter:[0  /51] CauLoss:[0.7896], AdvLoss:[0.0702]
Train Iter:[12 /51] CauLoss:[0.9179], AdvLoss:[0.1602]
Train Iter:[24 /51] CauLoss:[0.9545], AdvLoss:[0.1788]
Train Iter:[36 /51] CauLoss:[0.9769], AdvLoss:[0.1927]
Train Iter:[48 /51] CauLoss:[0.9702], AdvLoss:[0.1905]
--------------------------------------------------------------------------------------------------------------------------------------------------------------------------------------------------------
Epoch:[20/100], CauAdvLoss:[0.9772/0.1952] valid:[92.98], test:[67.89]
--------------------------------------------------------------------------------------------------------------------------------------------------------------------------------------------------------
Train Iter:[0  /51] CauLoss:[1.1164], AdvLoss:[0.3184]
Train Iter:[12 /51] CauLoss:[0.9997], AdvLoss:[0.2286]
Train Iter:[24 /51] CauLoss:[0.9669], AdvLoss:[0.2135]
Train Iter:[36 /51] CauLoss:[0.9812], AdvLoss:[0.2198]
Train Iter:[48 /51] CauLoss:[0.9782], AdvLoss:[0.2150]
--------------------------------------------------------------------------------------------------------------------------------------------------------------------------------------------------------
Epoch:[21/100], CauAdvLoss:[0.9903/0.2201] valid:[92.72], test:[66.06]
--------------------------------------------------------------------------------------------------------------------------------------------------------------------------------------------------------
Train Iter:[0  /51] CauLoss:[0.8624], AdvLoss:[0.1341]
Train Iter:[12 /51] CauLoss:[1.0558], AdvLoss:[0.2156]
Train Iter:[24 /51] CauLoss:[1.0052], AdvLoss:[0.1905]
Train Iter:[36 /51] CauLoss:[0.9772], AdvLoss:[0.1806]
Train Iter:[48 /51] CauLoss:[0.9726], AdvLoss:[0.1821]
--------------------------------------------------------------------------------------------------------------------------------------------------------------------------------------------------------
Epoch:[22/100], CauAdvLoss:[0.9716/0.1842] valid:[91.93], test:[66.04]
--------------------------------------------------------------------------------------------------------------------------------------------------------------------------------------------------------
Train Iter:[0  /51] CauLoss:[1.0561], AdvLoss:[0.2408]
Train Iter:[12 /51] CauLoss:[0.9282], AdvLoss:[0.1865]
Train Iter:[24 /51] CauLoss:[0.9201], AdvLoss:[0.1876]
Train Iter:[36 /51] CauLoss:[0.9408], AdvLoss:[0.1890]
Train Iter:[48 /51] CauLoss:[0.9504], AdvLoss:[0.1977]
--------------------------------------------------------------------------------------------------------------------------------------------------------------------------------------------------------
Epoch:[23/100], CauAdvLoss:[0.9503/0.1963] valid:[93.08], test:[67.82]
--------------------------------------------------------------------------------------------------------------------------------------------------------------------------------------------------------
Train Iter:[0  /51] CauLoss:[0.8764], AdvLoss:[0.1332]
Train Iter:[12 /51] CauLoss:[0.8534], AdvLoss:[0.1296]
Train Iter:[24 /51] CauLoss:[0.8948], AdvLoss:[0.1498]
Train Iter:[36 /51] CauLoss:[0.9439], AdvLoss:[0.1733]
Train Iter:[48 /51] CauLoss:[0.9555], AdvLoss:[0.1772]
--------------------------------------------------------------------------------------------------------------------------------------------------------------------------------------------------------
Epoch:[24/100], CauAdvLoss:[0.9649/0.1831] valid:[94.02], test:[69.51]
--------------------------------------------------------------------------------------------------------------------------------------------------------------------------------------------------------
Train Iter:[0  /51] CauLoss:[1.0186], AdvLoss:[0.1825]
Train Iter:[12 /51] CauLoss:[1.0000], AdvLoss:[0.1789]
Train Iter:[24 /51] CauLoss:[0.9816], AdvLoss:[0.1792]
Train Iter:[36 /51] CauLoss:[0.9821], AdvLoss:[0.1818]
Train Iter:[48 /51] CauLoss:[0.9579], AdvLoss:[0.1802]
--------------------------------------------------------------------------------------------------------------------------------------------------------------------------------------------------------
Epoch:[25/100], CauAdvLoss:[0.9587/0.1805] valid:[93.60], test:[67.67]
--------------------------------------------------------------------------------------------------------------------------------------------------------------------------------------------------------
Train Iter:[0  /51] CauLoss:[0.8740], AdvLoss:[0.1171]
Train Iter:[12 /51] CauLoss:[0.8643], AdvLoss:[0.1461]
Train Iter:[24 /51] CauLoss:[0.9458], AdvLoss:[0.1773]
Train Iter:[36 /51] CauLoss:[0.9470], AdvLoss:[0.1918]
Train Iter:[48 /51] CauLoss:[0.9497], AdvLoss:[0.1822]
--------------------------------------------------------------------------------------------------------------------------------------------------------------------------------------------------------
Epoch:[26/100], CauAdvLoss:[0.9462/0.1808] valid:[94.07], test:[68.21]
--------------------------------------------------------------------------------------------------------------------------------------------------------------------------------------------------------
Train Iter:[0  /51] CauLoss:[0.9973], AdvLoss:[0.1531]
Train Iter:[12 /51] CauLoss:[0.9458], AdvLoss:[0.1778]
Train Iter:[24 /51] CauLoss:[0.9176], AdvLoss:[0.1684]
Train Iter:[36 /51] CauLoss:[0.9381], AdvLoss:[0.1814]
Train Iter:[48 /51] CauLoss:[0.9314], AdvLoss:[0.1720]
--------------------------------------------------------------------------------------------------------------------------------------------------------------------------------------------------------
Epoch:[27/100], CauAdvLoss:[0.9371/0.1757] valid:[92.76], test:[67.31]
--------------------------------------------------------------------------------------------------------------------------------------------------------------------------------------------------------
Train Iter:[0  /51] CauLoss:[1.0127], AdvLoss:[0.1034]
Train Iter:[12 /51] CauLoss:[0.8981], AdvLoss:[0.1815]
Train Iter:[24 /51] CauLoss:[0.9405], AdvLoss:[0.2004]
Train Iter:[36 /51] CauLoss:[0.9415], AdvLoss:[0.1982]
Train Iter:[48 /51] CauLoss:[0.9401], AdvLoss:[0.2020]
--------------------------------------------------------------------------------------------------------------------------------------------------------------------------------------------------------
Epoch:[28/100], CauAdvLoss:[0.9420/0.2017] valid:[93.67], test:[69.56]
--------------------------------------------------------------------------------------------------------------------------------------------------------------------------------------------------------
Train Iter:[0  /51] CauLoss:[1.2154], AdvLoss:[0.2914]
Train Iter:[12 /51] CauLoss:[0.8772], AdvLoss:[0.1765]
Train Iter:[24 /51] CauLoss:[0.8728], AdvLoss:[0.1803]
Train Iter:[36 /51] CauLoss:[0.9153], AdvLoss:[0.1959]
Train Iter:[48 /51] CauLoss:[0.9248], AdvLoss:[0.1900]
--------------------------------------------------------------------------------------------------------------------------------------------------------------------------------------------------------
Epoch:[29/100], CauAdvLoss:[0.9216/0.1879] valid:[93.03], test:[67.53]
--------------------------------------------------------------------------------------------------------------------------------------------------------------------------------------------------------
Train Iter:[0  /51] CauLoss:[0.9992], AdvLoss:[0.3665]
Train Iter:[12 /51] CauLoss:[0.9283], AdvLoss:[0.1898]
Train Iter:[24 /51] CauLoss:[0.9039], AdvLoss:[0.1560]
Train Iter:[36 /51] CauLoss:[0.9191], AdvLoss:[0.1723]
Train Iter:[48 /51] CauLoss:[0.9265], AdvLoss:[0.1779]
--------------------------------------------------------------------------------------------------------------------------------------------------------------------------------------------------------
Epoch:[30/100], CauAdvLoss:[0.9201/0.1751] valid:[92.35], test:[67.34]
--------------------------------------------------------------------------------------------------------------------------------------------------------------------------------------------------------
Train Iter:[0  /51] CauLoss:[0.6410], AdvLoss:[0.0313]
Train Iter:[12 /51] CauLoss:[0.9072], AdvLoss:[0.1600]
Train Iter:[24 /51] CauLoss:[0.9332], AdvLoss:[0.1870]
Train Iter:[36 /51] CauLoss:[0.9182], AdvLoss:[0.1828]
Train Iter:[48 /51] CauLoss:[0.9219], AdvLoss:[0.1744]
--------------------------------------------------------------------------------------------------------------------------------------------------------------------------------------------------------
Epoch:[31/100], CauAdvLoss:[0.9199/0.1743] valid:[94.12], test:[67.39]
--------------------------------------------------------------------------------------------------------------------------------------------------------------------------------------------------------
Train Iter:[0  /51] CauLoss:[0.7544], AdvLoss:[0.0564]
Train Iter:[12 /51] CauLoss:[0.9189], AdvLoss:[0.1583]
Train Iter:[24 /51] CauLoss:[0.9163], AdvLoss:[0.1495]
Train Iter:[36 /51] CauLoss:[0.9099], AdvLoss:[0.1610]
Train Iter:[48 /51] CauLoss:[0.9272], AdvLoss:[0.1695]
--------------------------------------------------------------------------------------------------------------------------------------------------------------------------------------------------------
Epoch:[32/100], CauAdvLoss:[0.9301/0.1684] valid:[94.00], test:[68.30]
--------------------------------------------------------------------------------------------------------------------------------------------------------------------------------------------------------
Train Iter:[0  /51] CauLoss:[0.7894], AdvLoss:[0.1199]
Train Iter:[12 /51] CauLoss:[0.8892], AdvLoss:[0.1537]
Train Iter:[24 /51] CauLoss:[0.8702], AdvLoss:[0.1326]
Train Iter:[36 /51] CauLoss:[0.9014], AdvLoss:[0.1626]
Train Iter:[48 /51] CauLoss:[0.8996], AdvLoss:[0.1624]
--------------------------------------------------------------------------------------------------------------------------------------------------------------------------------------------------------
Epoch:[33/100], CauAdvLoss:[0.9095/0.1694] valid:[94.34], test:[66.97]
--------------------------------------------------------------------------------------------------------------------------------------------------------------------------------------------------------
Train Iter:[0  /51] CauLoss:[0.8942], AdvLoss:[0.1987]
Train Iter:[12 /51] CauLoss:[0.9154], AdvLoss:[0.1700]
Train Iter:[24 /51] CauLoss:[0.9301], AdvLoss:[0.1866]
Train Iter:[36 /51] CauLoss:[0.9122], AdvLoss:[0.1679]
Train Iter:[48 /51] CauLoss:[0.9001], AdvLoss:[0.1624]
--------------------------------------------------------------------------------------------------------------------------------------------------------------------------------------------------------
Epoch:[34/100], CauAdvLoss:[0.9037/0.1651] valid:[93.74], test:[66.17]
--------------------------------------------------------------------------------------------------------------------------------------------------------------------------------------------------------
Train Iter:[0  /51] CauLoss:[0.7150], AdvLoss:[0.0805]
Train Iter:[12 /51] CauLoss:[0.9028], AdvLoss:[0.1602]
Train Iter:[24 /51] CauLoss:[0.9170], AdvLoss:[0.1676]
Train Iter:[36 /51] CauLoss:[0.9229], AdvLoss:[0.1754]
Train Iter:[48 /51] CauLoss:[0.9118], AdvLoss:[0.1655]
--------------------------------------------------------------------------------------------------------------------------------------------------------------------------------------------------------
Epoch:[35/100], CauAdvLoss:[0.9103/0.1665] valid:[94.68], test:[68.35]
--------------------------------------------------------------------------------------------------------------------------------------------------------------------------------------------------------
Train Iter:[0  /51] CauLoss:[0.7837], AdvLoss:[0.0372]
Train Iter:[12 /51] CauLoss:[0.8756], AdvLoss:[0.1435]
Train Iter:[24 /51] CauLoss:[0.8699], AdvLoss:[0.1383]
Train Iter:[36 /51] CauLoss:[0.8947], AdvLoss:[0.1441]
Train Iter:[48 /51] CauLoss:[0.9035], AdvLoss:[0.1716]
--------------------------------------------------------------------------------------------------------------------------------------------------------------------------------------------------------
Epoch:[36/100], CauAdvLoss:[0.9074/0.1684] valid:[94.60], test:[70.83]
--------------------------------------------------------------------------------------------------------------------------------------------------------------------------------------------------------
Train Iter:[0  /51] CauLoss:[0.7651], AdvLoss:[0.0798]
Train Iter:[12 /51] CauLoss:[0.9057], AdvLoss:[0.1577]
Train Iter:[24 /51] CauLoss:[0.9629], AdvLoss:[0.1803]
Train Iter:[36 /51] CauLoss:[0.9290], AdvLoss:[0.1703]
Train Iter:[48 /51] CauLoss:[0.9277], AdvLoss:[0.1672]
--------------------------------------------------------------------------------------------------------------------------------------------------------------------------------------------------------
Epoch:[37/100], CauAdvLoss:[0.9183/0.1639] valid:[93.18], test:[68.26]
--------------------------------------------------------------------------------------------------------------------------------------------------------------------------------------------------------
Train Iter:[0  /51] CauLoss:[0.9190], AdvLoss:[0.2483]
Train Iter:[12 /51] CauLoss:[0.9231], AdvLoss:[0.2051]
Train Iter:[24 /51] CauLoss:[0.9160], AdvLoss:[0.1893]
Train Iter:[36 /51] CauLoss:[0.8736], AdvLoss:[0.1586]
Train Iter:[48 /51] CauLoss:[0.8770], AdvLoss:[0.1575]
--------------------------------------------------------------------------------------------------------------------------------------------------------------------------------------------------------
Epoch:[38/100], CauAdvLoss:[0.8777/0.1584] valid:[94.23], test:[69.15]
--------------------------------------------------------------------------------------------------------------------------------------------------------------------------------------------------------
Train Iter:[0  /51] CauLoss:[0.7788], AdvLoss:[0.1310]
Train Iter:[12 /51] CauLoss:[0.9072], AdvLoss:[0.1565]
Train Iter:[24 /51] CauLoss:[0.9059], AdvLoss:[0.1546]
Train Iter:[36 /51] CauLoss:[0.8969], AdvLoss:[0.1542]
Train Iter:[48 /51] CauLoss:[0.9001], AdvLoss:[0.1573]
--------------------------------------------------------------------------------------------------------------------------------------------------------------------------------------------------------
Epoch:[39/100], CauAdvLoss:[0.9082/0.1620] valid:[94.19], test:[67.55]
--------------------------------------------------------------------------------------------------------------------------------------------------------------------------------------------------------
Train Iter:[0  /51] CauLoss:[0.9116], AdvLoss:[0.1883]
Train Iter:[12 /51] CauLoss:[0.8501], AdvLoss:[0.1132]
Train Iter:[24 /51] CauLoss:[0.9231], AdvLoss:[0.1753]
Train Iter:[36 /51] CauLoss:[0.9003], AdvLoss:[0.1607]
Train Iter:[48 /51] CauLoss:[0.8935], AdvLoss:[0.1519]
--------------------------------------------------------------------------------------------------------------------------------------------------------------------------------------------------------
Epoch:[40/100], CauAdvLoss:[0.8927/0.1554] valid:[93.57], test:[66.76]
--------------------------------------------------------------------------------------------------------------------------------------------------------------------------------------------------------
Train Iter:[0  /51] CauLoss:[0.7809], AdvLoss:[0.0851]
Train Iter:[12 /51] CauLoss:[0.8214], AdvLoss:[0.1527]
Train Iter:[24 /51] CauLoss:[0.8502], AdvLoss:[0.1522]
Train Iter:[36 /51] CauLoss:[0.8668], AdvLoss:[0.1600]
Train Iter:[48 /51] CauLoss:[0.8870], AdvLoss:[0.1632]
--------------------------------------------------------------------------------------------------------------------------------------------------------------------------------------------------------
Epoch:[41/100], CauAdvLoss:[0.8821/0.1607] valid:[94.38], test:[67.76]
--------------------------------------------------------------------------------------------------------------------------------------------------------------------------------------------------------
Train Iter:[0  /51] CauLoss:[0.8424], AdvLoss:[0.1229]
Train Iter:[12 /51] CauLoss:[0.8491], AdvLoss:[0.1520]
Train Iter:[24 /51] CauLoss:[0.8443], AdvLoss:[0.1478]
Train Iter:[36 /51] CauLoss:[0.8192], AdvLoss:[0.1383]
Train Iter:[48 /51] CauLoss:[0.8412], AdvLoss:[0.1679]
--------------------------------------------------------------------------------------------------------------------------------------------------------------------------------------------------------
Epoch:[42/100], CauAdvLoss:[0.8463/0.1795] valid:[92.58], test:[67.04]
--------------------------------------------------------------------------------------------------------------------------------------------------------------------------------------------------------
Train Iter:[0  /51] CauLoss:[1.1163], AdvLoss:[0.5497]
Train Iter:[12 /51] CauLoss:[0.9092], AdvLoss:[0.1963]
Train Iter:[24 /51] CauLoss:[0.8779], AdvLoss:[0.1600]
Train Iter:[36 /51] CauLoss:[0.8812], AdvLoss:[0.1621]
Train Iter:[48 /51] CauLoss:[0.8950], AdvLoss:[0.1650]
--------------------------------------------------------------------------------------------------------------------------------------------------------------------------------------------------------
Epoch:[43/100], CauAdvLoss:[0.8892/0.1633] valid:[94.28], test:[69.32]
--------------------------------------------------------------------------------------------------------------------------------------------------------------------------------------------------------
Train Iter:[0  /51] CauLoss:[0.7227], AdvLoss:[0.0906]
Train Iter:[12 /51] CauLoss:[0.8724], AdvLoss:[0.1418]
Train Iter:[24 /51] CauLoss:[0.8731], AdvLoss:[0.1463]
Train Iter:[36 /51] CauLoss:[0.8905], AdvLoss:[0.1628]
Train Iter:[48 /51] CauLoss:[0.8699], AdvLoss:[0.1493]
--------------------------------------------------------------------------------------------------------------------------------------------------------------------------------------------------------
Epoch:[44/100], CauAdvLoss:[0.8726/0.1494] valid:[93.78], test:[67.97]
--------------------------------------------------------------------------------------------------------------------------------------------------------------------------------------------------------
Train Iter:[0  /51] CauLoss:[0.7563], AdvLoss:[0.0663]
Train Iter:[12 /51] CauLoss:[0.8818], AdvLoss:[0.1487]
Train Iter:[24 /51] CauLoss:[0.9147], AdvLoss:[0.1848]
Train Iter:[36 /51] CauLoss:[0.8959], AdvLoss:[0.1683]
Train Iter:[48 /51] CauLoss:[0.8938], AdvLoss:[0.1657]
--------------------------------------------------------------------------------------------------------------------------------------------------------------------------------------------------------
Epoch:[45/100], CauAdvLoss:[0.8837/0.1646] valid:[93.80], test:[65.81]
--------------------------------------------------------------------------------------------------------------------------------------------------------------------------------------------------------
Train Iter:[0  /51] CauLoss:[0.8873], AdvLoss:[0.1390]
Train Iter:[12 /51] CauLoss:[0.8677], AdvLoss:[0.1619]
Train Iter:[24 /51] CauLoss:[0.8790], AdvLoss:[0.1650]
Train Iter:[36 /51] CauLoss:[0.8717], AdvLoss:[0.1557]
Train Iter:[48 /51] CauLoss:[0.8723], AdvLoss:[0.1506]
--------------------------------------------------------------------------------------------------------------------------------------------------------------------------------------------------------
Epoch:[46/100], CauAdvLoss:[0.8687/0.1487] valid:[94.31], test:[67.18]
--------------------------------------------------------------------------------------------------------------------------------------------------------------------------------------------------------
Train Iter:[0  /51] CauLoss:[0.8729], AdvLoss:[0.0885]
Train Iter:[12 /51] CauLoss:[0.8216], AdvLoss:[0.1254]
Train Iter:[24 /51] CauLoss:[0.8452], AdvLoss:[0.1325]
Train Iter:[36 /51] CauLoss:[0.8607], AdvLoss:[0.1389]
Train Iter:[48 /51] CauLoss:[0.8849], AdvLoss:[0.1515]
--------------------------------------------------------------------------------------------------------------------------------------------------------------------------------------------------------
Epoch:[47/100], CauAdvLoss:[0.8829/0.1511] valid:[93.16], test:[68.23]
--------------------------------------------------------------------------------------------------------------------------------------------------------------------------------------------------------
Train Iter:[0  /51] CauLoss:[0.9142], AdvLoss:[0.0904]
Train Iter:[12 /51] CauLoss:[0.9479], AdvLoss:[0.1726]
Train Iter:[24 /51] CauLoss:[0.9073], AdvLoss:[0.1474]
Train Iter:[36 /51] CauLoss:[0.8897], AdvLoss:[0.1497]
Train Iter:[48 /51] CauLoss:[0.8849], AdvLoss:[0.1482]
--------------------------------------------------------------------------------------------------------------------------------------------------------------------------------------------------------
Epoch:[48/100], CauAdvLoss:[0.8836/0.1508] valid:[94.85], test:[70.19]
--------------------------------------------------------------------------------------------------------------------------------------------------------------------------------------------------------
Train Iter:[0  /51] CauLoss:[0.9992], AdvLoss:[0.3236]
Train Iter:[12 /51] CauLoss:[0.8632], AdvLoss:[0.1706]
Train Iter:[24 /51] CauLoss:[0.8449], AdvLoss:[0.1470]
Train Iter:[36 /51] CauLoss:[0.8393], AdvLoss:[0.1416]
Train Iter:[48 /51] CauLoss:[0.8257], AdvLoss:[0.1303]
--------------------------------------------------------------------------------------------------------------------------------------------------------------------------------------------------------
Epoch:[49/100], CauAdvLoss:[0.8298/0.1345] valid:[94.53], test:[69.54]
--------------------------------------------------------------------------------------------------------------------------------------------------------------------------------------------------------
Train Iter:[0  /51] CauLoss:[1.0283], AdvLoss:[0.2530]
Train Iter:[12 /51] CauLoss:[0.8327], AdvLoss:[0.1170]
Train Iter:[24 /51] CauLoss:[0.8609], AdvLoss:[0.1253]
Train Iter:[36 /51] CauLoss:[0.8820], AdvLoss:[0.1463]
Train Iter:[48 /51] CauLoss:[0.8825], AdvLoss:[0.1484]
--------------------------------------------------------------------------------------------------------------------------------------------------------------------------------------------------------
Epoch:[50/100], CauAdvLoss:[0.8799/0.1469] valid:[93.58], test:[68.13]
--------------------------------------------------------------------------------------------------------------------------------------------------------------------------------------------------------
Train Iter:[0  /51] CauLoss:[0.7173], AdvLoss:[0.0397]
Train Iter:[12 /51] CauLoss:[0.8105], AdvLoss:[0.1070]
Train Iter:[24 /51] CauLoss:[0.8505], AdvLoss:[0.1372]
Train Iter:[36 /51] CauLoss:[0.8530], AdvLoss:[0.1438]
Train Iter:[48 /51] CauLoss:[0.8537], AdvLoss:[0.1427]
--------------------------------------------------------------------------------------------------------------------------------------------------------------------------------------------------------
Epoch:[51/100], CauAdvLoss:[0.8548/0.1422] valid:[93.83], test:[67.88]
--------------------------------------------------------------------------------------------------------------------------------------------------------------------------------------------------------
Train Iter:[0  /51] CauLoss:[0.9401], AdvLoss:[0.2555]
Train Iter:[12 /51] CauLoss:[0.8956], AdvLoss:[0.1886]
Train Iter:[24 /51] CauLoss:[0.8879], AdvLoss:[0.1674]
Train Iter:[36 /51] CauLoss:[0.8518], AdvLoss:[0.1591]
Train Iter:[48 /51] CauLoss:[0.8418], AdvLoss:[0.1519]
--------------------------------------------------------------------------------------------------------------------------------------------------------------------------------------------------------
Epoch:[52/100], CauAdvLoss:[0.8385/0.1522] valid:[93.82], test:[67.33]
--------------------------------------------------------------------------------------------------------------------------------------------------------------------------------------------------------
Train Iter:[0  /51] CauLoss:[1.0105], AdvLoss:[0.1686]
Train Iter:[12 /51] CauLoss:[0.8168], AdvLoss:[0.1027]
Train Iter:[24 /51] CauLoss:[0.8381], AdvLoss:[0.1236]
Train Iter:[36 /51] CauLoss:[0.8653], AdvLoss:[0.1441]
Train Iter:[48 /51] CauLoss:[0.8461], AdvLoss:[0.1412]
--------------------------------------------------------------------------------------------------------------------------------------------------------------------------------------------------------
Epoch:[53/100], CauAdvLoss:[0.8408/0.1391] valid:[94.08], test:[67.40]
--------------------------------------------------------------------------------------------------------------------------------------------------------------------------------------------------------
Train Iter:[0  /51] CauLoss:[1.0839], AdvLoss:[0.2085]
Train Iter:[12 /51] CauLoss:[0.8381], AdvLoss:[0.1173]
Train Iter:[24 /51] CauLoss:[0.8187], AdvLoss:[0.1126]
Train Iter:[36 /51] CauLoss:[0.8534], AdvLoss:[0.1284]
Train Iter:[48 /51] CauLoss:[0.8572], AdvLoss:[0.1357]
--------------------------------------------------------------------------------------------------------------------------------------------------------------------------------------------------------
Epoch:[54/100], CauAdvLoss:[0.8558/0.1343] valid:[93.71], test:[66.58]
--------------------------------------------------------------------------------------------------------------------------------------------------------------------------------------------------------
Train Iter:[0  /51] CauLoss:[0.7209], AdvLoss:[0.1171]
Train Iter:[12 /51] CauLoss:[0.8311], AdvLoss:[0.1276]
Train Iter:[24 /51] CauLoss:[0.8122], AdvLoss:[0.1233]
Train Iter:[36 /51] CauLoss:[0.8153], AdvLoss:[0.1224]
Train Iter:[48 /51] CauLoss:[0.8340], AdvLoss:[0.1346]
--------------------------------------------------------------------------------------------------------------------------------------------------------------------------------------------------------
Epoch:[55/100], CauAdvLoss:[0.8299/0.1330] valid:[94.00], test:[67.99]
--------------------------------------------------------------------------------------------------------------------------------------------------------------------------------------------------------
Train Iter:[0  /51] CauLoss:[0.5997], AdvLoss:[0.0297]
Train Iter:[12 /51] CauLoss:[0.7969], AdvLoss:[0.1086]
Train Iter:[24 /51] CauLoss:[0.8384], AdvLoss:[0.1281]
Train Iter:[36 /51] CauLoss:[0.8297], AdvLoss:[0.1270]
Train Iter:[48 /51] CauLoss:[0.8384], AdvLoss:[0.1226]
--------------------------------------------------------------------------------------------------------------------------------------------------------------------------------------------------------
Epoch:[56/100], CauAdvLoss:[0.8443/0.1291] valid:[93.75], test:[68.66]
--------------------------------------------------------------------------------------------------------------------------------------------------------------------------------------------------------
Train Iter:[0  /51] CauLoss:[0.8718], AdvLoss:[0.0572]
Train Iter:[12 /51] CauLoss:[0.8510], AdvLoss:[0.1192]
Train Iter:[24 /51] CauLoss:[0.8304], AdvLoss:[0.1218]
Train Iter:[36 /51] CauLoss:[0.8328], AdvLoss:[0.1308]
Train Iter:[48 /51] CauLoss:[0.8153], AdvLoss:[0.1264]
--------------------------------------------------------------------------------------------------------------------------------------------------------------------------------------------------------
Epoch:[57/100], CauAdvLoss:[0.8139/0.1241] valid:[93.95], test:[68.34]
--------------------------------------------------------------------------------------------------------------------------------------------------------------------------------------------------------
Train Iter:[0  /51] CauLoss:[0.6453], AdvLoss:[0.0599]
Train Iter:[12 /51] CauLoss:[0.7692], AdvLoss:[0.1137]
Train Iter:[24 /51] CauLoss:[0.8607], AdvLoss:[0.1450]
Train Iter:[36 /51] CauLoss:[0.8393], AdvLoss:[0.1319]
Train Iter:[48 /51] CauLoss:[0.8340], AdvLoss:[0.1232]
--------------------------------------------------------------------------------------------------------------------------------------------------------------------------------------------------------
Epoch:[58/100], CauAdvLoss:[0.8344/0.1253] valid:[94.26], test:[68.36]
--------------------------------------------------------------------------------------------------------------------------------------------------------------------------------------------------------
Train Iter:[0  /51] CauLoss:[0.7659], AdvLoss:[0.1347]
Train Iter:[12 /51] CauLoss:[0.8703], AdvLoss:[0.1755]
Train Iter:[24 /51] CauLoss:[0.8358], AdvLoss:[0.1376]
Train Iter:[36 /51] CauLoss:[0.8207], AdvLoss:[0.1268]
Train Iter:[48 /51] CauLoss:[0.8293], AdvLoss:[0.1253]
--------------------------------------------------------------------------------------------------------------------------------------------------------------------------------------------------------
Epoch:[59/100], CauAdvLoss:[0.8257/0.1243] valid:[94.63], test:[69.26]
--------------------------------------------------------------------------------------------------------------------------------------------------------------------------------------------------------
Train Iter:[0  /51] CauLoss:[1.0641], AdvLoss:[0.1135]
Train Iter:[12 /51] CauLoss:[0.8538], AdvLoss:[0.1548]
Train Iter:[24 /51] CauLoss:[0.8212], AdvLoss:[0.1400]
Train Iter:[36 /51] CauLoss:[0.8322], AdvLoss:[0.1369]
Train Iter:[48 /51] CauLoss:[0.8286], AdvLoss:[0.1308]
--------------------------------------------------------------------------------------------------------------------------------------------------------------------------------------------------------
Epoch:[60/100], CauAdvLoss:[0.8359/0.1349] valid:[94.42], test:[68.11]
--------------------------------------------------------------------------------------------------------------------------------------------------------------------------------------------------------
Train Iter:[0  /51] CauLoss:[0.8757], AdvLoss:[0.0794]
Train Iter:[12 /51] CauLoss:[0.8317], AdvLoss:[0.1076]
Train Iter:[24 /51] CauLoss:[0.8358], AdvLoss:[0.1242]
Train Iter:[36 /51] CauLoss:[0.8295], AdvLoss:[0.1316]
Train Iter:[48 /51] CauLoss:[0.8197], AdvLoss:[0.1232]
--------------------------------------------------------------------------------------------------------------------------------------------------------------------------------------------------------
Epoch:[61/100], CauAdvLoss:[0.8229/0.1230] valid:[94.07], test:[69.60]
--------------------------------------------------------------------------------------------------------------------------------------------------------------------------------------------------------
Train Iter:[0  /51] CauLoss:[0.9540], AdvLoss:[0.1185]
Train Iter:[12 /51] CauLoss:[0.8909], AdvLoss:[0.1437]
Train Iter:[24 /51] CauLoss:[0.8372], AdvLoss:[0.1230]
Train Iter:[36 /51] CauLoss:[0.8263], AdvLoss:[0.1274]
Train Iter:[48 /51] CauLoss:[0.8072], AdvLoss:[0.1160]
--------------------------------------------------------------------------------------------------------------------------------------------------------------------------------------------------------
Epoch:[62/100], CauAdvLoss:[0.8090/0.1166] valid:[93.69], test:[69.22]
--------------------------------------------------------------------------------------------------------------------------------------------------------------------------------------------------------
Train Iter:[0  /51] CauLoss:[1.5733], AdvLoss:[0.3829]
Train Iter:[12 /51] CauLoss:[0.8146], AdvLoss:[0.0984]
Train Iter:[24 /51] CauLoss:[0.7898], AdvLoss:[0.0974]
Train Iter:[36 /51] CauLoss:[0.8125], AdvLoss:[0.1184]
Train Iter:[48 /51] CauLoss:[0.8237], AdvLoss:[0.1270]
--------------------------------------------------------------------------------------------------------------------------------------------------------------------------------------------------------
Epoch:[63/100], CauAdvLoss:[0.8169/0.1228] valid:[94.05], test:[67.77]
--------------------------------------------------------------------------------------------------------------------------------------------------------------------------------------------------------
Train Iter:[0  /51] CauLoss:[0.7288], AdvLoss:[0.0479]
Train Iter:[12 /51] CauLoss:[0.8123], AdvLoss:[0.1279]
Train Iter:[24 /51] CauLoss:[0.8560], AdvLoss:[0.1303]
Train Iter:[36 /51] CauLoss:[0.8294], AdvLoss:[0.1179]
Train Iter:[48 /51] CauLoss:[0.8126], AdvLoss:[0.1156]
--------------------------------------------------------------------------------------------------------------------------------------------------------------------------------------------------------
Epoch:[64/100], CauAdvLoss:[0.8092/0.1157] valid:[94.31], test:[68.75]
--------------------------------------------------------------------------------------------------------------------------------------------------------------------------------------------------------
Train Iter:[0  /51] CauLoss:[0.9525], AdvLoss:[0.2384]
Train Iter:[12 /51] CauLoss:[0.8329], AdvLoss:[0.1516]
Train Iter:[24 /51] CauLoss:[0.8388], AdvLoss:[0.1303]
Train Iter:[36 /51] CauLoss:[0.8210], AdvLoss:[0.1280]
Train Iter:[48 /51] CauLoss:[0.8134], AdvLoss:[0.1218]
--------------------------------------------------------------------------------------------------------------------------------------------------------------------------------------------------------
Epoch:[65/100], CauAdvLoss:[0.8137/0.1206] valid:[94.57], test:[68.55]
--------------------------------------------------------------------------------------------------------------------------------------------------------------------------------------------------------
Train Iter:[0  /51] CauLoss:[0.6851], AdvLoss:[0.1103]
Train Iter:[12 /51] CauLoss:[0.8299], AdvLoss:[0.1362]
Train Iter:[24 /51] CauLoss:[0.8044], AdvLoss:[0.1173]
Train Iter:[36 /51] CauLoss:[0.7979], AdvLoss:[0.1062]
Train Iter:[48 /51] CauLoss:[0.8153], AdvLoss:[0.1164]
--------------------------------------------------------------------------------------------------------------------------------------------------------------------------------------------------------
Epoch:[66/100], CauAdvLoss:[0.8137/0.1141] valid:[94.34], test:[68.14]
--------------------------------------------------------------------------------------------------------------------------------------------------------------------------------------------------------
Train Iter:[0  /51] CauLoss:[0.7435], AdvLoss:[0.0907]
Train Iter:[12 /51] CauLoss:[0.7958], AdvLoss:[0.1169]
Train Iter:[24 /51] CauLoss:[0.7860], AdvLoss:[0.1098]
Train Iter:[36 /51] CauLoss:[0.8059], AdvLoss:[0.1149]
Train Iter:[48 /51] CauLoss:[0.8100], AdvLoss:[0.1111]
--------------------------------------------------------------------------------------------------------------------------------------------------------------------------------------------------------
Epoch:[67/100], CauAdvLoss:[0.8107/0.1147] valid:[94.17], test:[68.68]
--------------------------------------------------------------------------------------------------------------------------------------------------------------------------------------------------------
Train Iter:[0  /51] CauLoss:[0.8974], AdvLoss:[0.0923]
Train Iter:[12 /51] CauLoss:[0.8327], AdvLoss:[0.1197]
Train Iter:[24 /51] CauLoss:[0.7953], AdvLoss:[0.1125]
Train Iter:[36 /51] CauLoss:[0.8079], AdvLoss:[0.1220]
Train Iter:[48 /51] CauLoss:[0.8025], AdvLoss:[0.1121]
--------------------------------------------------------------------------------------------------------------------------------------------------------------------------------------------------------
Epoch:[68/100], CauAdvLoss:[0.8086/0.1095] valid:[94.24], test:[69.06]
--------------------------------------------------------------------------------------------------------------------------------------------------------------------------------------------------------
Train Iter:[0  /51] CauLoss:[0.8956], AdvLoss:[0.2482]
Train Iter:[12 /51] CauLoss:[0.8161], AdvLoss:[0.1284]
Train Iter:[24 /51] CauLoss:[0.7767], AdvLoss:[0.1035]
Train Iter:[36 /51] CauLoss:[0.7712], AdvLoss:[0.0985]
Train Iter:[48 /51] CauLoss:[0.7873], AdvLoss:[0.1120]
--------------------------------------------------------------------------------------------------------------------------------------------------------------------------------------------------------
Epoch:[69/100], CauAdvLoss:[0.7875/0.1118] valid:[94.45], test:[68.40]
--------------------------------------------------------------------------------------------------------------------------------------------------------------------------------------------------------
Train Iter:[0  /51] CauLoss:[0.6671], AdvLoss:[0.0418]
Train Iter:[12 /51] CauLoss:[0.7493], AdvLoss:[0.0881]
Train Iter:[24 /51] CauLoss:[0.7668], AdvLoss:[0.0893]
Train Iter:[36 /51] CauLoss:[0.7688], AdvLoss:[0.0939]
Train Iter:[48 /51] CauLoss:[0.7938], AdvLoss:[0.1092]
--------------------------------------------------------------------------------------------------------------------------------------------------------------------------------------------------------
Epoch:[70/100], CauAdvLoss:[0.7967/0.1094] valid:[94.77], test:[68.92]
--------------------------------------------------------------------------------------------------------------------------------------------------------------------------------------------------------
Train Iter:[0  /51] CauLoss:[0.6937], AdvLoss:[0.0356]
Train Iter:[12 /51] CauLoss:[0.8016], AdvLoss:[0.0803]
Train Iter:[24 /51] CauLoss:[0.7809], AdvLoss:[0.0845]
Train Iter:[36 /51] CauLoss:[0.7937], AdvLoss:[0.0918]
Train Iter:[48 /51] CauLoss:[0.8254], AdvLoss:[0.1068]
--------------------------------------------------------------------------------------------------------------------------------------------------------------------------------------------------------
Epoch:[71/100], CauAdvLoss:[0.8289/0.1080] valid:[94.20], test:[69.87]
--------------------------------------------------------------------------------------------------------------------------------------------------------------------------------------------------------
Train Iter:[0  /51] CauLoss:[0.9795], AdvLoss:[0.1704]
Train Iter:[12 /51] CauLoss:[0.7926], AdvLoss:[0.0974]
Train Iter:[24 /51] CauLoss:[0.8064], AdvLoss:[0.1085]
Train Iter:[36 /51] CauLoss:[0.7864], AdvLoss:[0.1073]
Train Iter:[48 /51] CauLoss:[0.7949], AdvLoss:[0.1079]
--------------------------------------------------------------------------------------------------------------------------------------------------------------------------------------------------------
Epoch:[72/100], CauAdvLoss:[0.7990/0.1084] valid:[94.28], test:[68.80]
--------------------------------------------------------------------------------------------------------------------------------------------------------------------------------------------------------
Train Iter:[0  /51] CauLoss:[0.6856], AdvLoss:[0.0654]
Train Iter:[12 /51] CauLoss:[0.7574], AdvLoss:[0.0935]
Train Iter:[24 /51] CauLoss:[0.7862], AdvLoss:[0.1068]
Train Iter:[36 /51] CauLoss:[0.7961], AdvLoss:[0.1143]
Train Iter:[48 /51] CauLoss:[0.7969], AdvLoss:[0.1104]
--------------------------------------------------------------------------------------------------------------------------------------------------------------------------------------------------------
Epoch:[73/100], CauAdvLoss:[0.8021/0.1088] valid:[94.62], test:[69.05]
--------------------------------------------------------------------------------------------------------------------------------------------------------------------------------------------------------
Train Iter:[0  /51] CauLoss:[0.8268], AdvLoss:[0.1153]
Train Iter:[12 /51] CauLoss:[0.8092], AdvLoss:[0.1084]
Train Iter:[24 /51] CauLoss:[0.8210], AdvLoss:[0.1023]
Train Iter:[36 /51] CauLoss:[0.7970], AdvLoss:[0.1024]
Train Iter:[48 /51] CauLoss:[0.8046], AdvLoss:[0.1050]
--------------------------------------------------------------------------------------------------------------------------------------------------------------------------------------------------------
Epoch:[74/100], CauAdvLoss:[0.8040/0.1062] valid:[94.47], test:[69.19]
--------------------------------------------------------------------------------------------------------------------------------------------------------------------------------------------------------
Train Iter:[0  /51] CauLoss:[0.8541], AdvLoss:[0.1822]
Train Iter:[12 /51] CauLoss:[0.7541], AdvLoss:[0.0750]
Train Iter:[24 /51] CauLoss:[0.7873], AdvLoss:[0.1152]
Train Iter:[36 /51] CauLoss:[0.8224], AdvLoss:[0.1097]
Train Iter:[48 /51] CauLoss:[0.8005], AdvLoss:[0.1031]
--------------------------------------------------------------------------------------------------------------------------------------------------------------------------------------------------------
Epoch:[75/100], CauAdvLoss:[0.8070/0.1023] valid:[94.56], test:[69.07]
--------------------------------------------------------------------------------------------------------------------------------------------------------------------------------------------------------
Train Iter:[0  /51] CauLoss:[0.9744], AdvLoss:[0.1717]
Train Iter:[12 /51] CauLoss:[0.7899], AdvLoss:[0.1070]
Train Iter:[24 /51] CauLoss:[0.7750], AdvLoss:[0.0951]
Train Iter:[36 /51] CauLoss:[0.8009], AdvLoss:[0.1032]
Train Iter:[48 /51] CauLoss:[0.8049], AdvLoss:[0.1068]
--------------------------------------------------------------------------------------------------------------------------------------------------------------------------------------------------------
Epoch:[76/100], CauAdvLoss:[0.8066/0.1064] valid:[93.99], test:[67.97]
--------------------------------------------------------------------------------------------------------------------------------------------------------------------------------------------------------
Train Iter:[0  /51] CauLoss:[0.6801], AdvLoss:[0.0731]
Train Iter:[12 /51] CauLoss:[0.7573], AdvLoss:[0.0816]
Train Iter:[24 /51] CauLoss:[0.7663], AdvLoss:[0.0939]
Train Iter:[36 /51] CauLoss:[0.7834], AdvLoss:[0.0987]
Train Iter:[48 /51] CauLoss:[0.7943], AdvLoss:[0.1010]
--------------------------------------------------------------------------------------------------------------------------------------------------------------------------------------------------------
Epoch:[77/100], CauAdvLoss:[0.7927/0.1002] valid:[94.10], test:[68.78]
--------------------------------------------------------------------------------------------------------------------------------------------------------------------------------------------------------
Train Iter:[0  /51] CauLoss:[1.1699], AdvLoss:[0.1651]
Train Iter:[12 /51] CauLoss:[0.8353], AdvLoss:[0.1184]
Train Iter:[24 /51] CauLoss:[0.7788], AdvLoss:[0.0946]
Train Iter:[36 /51] CauLoss:[0.7938], AdvLoss:[0.0984]
Train Iter:[48 /51] CauLoss:[0.7959], AdvLoss:[0.1047]
--------------------------------------------------------------------------------------------------------------------------------------------------------------------------------------------------------
Epoch:[78/100], CauAdvLoss:[0.7936/0.1023] valid:[94.24], test:[67.84]
--------------------------------------------------------------------------------------------------------------------------------------------------------------------------------------------------------
Train Iter:[0  /51] CauLoss:[0.7614], AdvLoss:[0.0671]
Train Iter:[12 /51] CauLoss:[0.7647], AdvLoss:[0.0715]
Train Iter:[24 /51] CauLoss:[0.7868], AdvLoss:[0.1004]
Train Iter:[36 /51] CauLoss:[0.7911], AdvLoss:[0.1033]
Train Iter:[48 /51] CauLoss:[0.7897], AdvLoss:[0.1014]
--------------------------------------------------------------------------------------------------------------------------------------------------------------------------------------------------------
Epoch:[79/100], CauAdvLoss:[0.7835/0.0982] valid:[94.26], test:[68.44]
--------------------------------------------------------------------------------------------------------------------------------------------------------------------------------------------------------
Train Iter:[0  /51] CauLoss:[0.8611], AdvLoss:[0.1335]
Train Iter:[12 /51] CauLoss:[0.7747], AdvLoss:[0.1124]
Train Iter:[24 /51] CauLoss:[0.7709], AdvLoss:[0.1081]
Train Iter:[36 /51] CauLoss:[0.7880], AdvLoss:[0.0968]
Train Iter:[48 /51] CauLoss:[0.7926], AdvLoss:[0.1001]
--------------------------------------------------------------------------------------------------------------------------------------------------------------------------------------------------------
Epoch:[80/100], CauAdvLoss:[0.7906/0.0986] valid:[94.51], test:[69.49]
--------------------------------------------------------------------------------------------------------------------------------------------------------------------------------------------------------
Train Iter:[0  /51] CauLoss:[0.6215], AdvLoss:[0.0149]
Train Iter:[12 /51] CauLoss:[0.7390], AdvLoss:[0.0870]
Train Iter:[24 /51] CauLoss:[0.7416], AdvLoss:[0.0797]
Train Iter:[36 /51] CauLoss:[0.7756], AdvLoss:[0.0995]
Train Iter:[48 /51] CauLoss:[0.7781], AdvLoss:[0.1003]
--------------------------------------------------------------------------------------------------------------------------------------------------------------------------------------------------------
Epoch:[81/100], CauAdvLoss:[0.7770/0.1008] valid:[94.42], test:[69.52]
--------------------------------------------------------------------------------------------------------------------------------------------------------------------------------------------------------
Train Iter:[0  /51] CauLoss:[0.9329], AdvLoss:[0.2289]
Train Iter:[12 /51] CauLoss:[0.7770], AdvLoss:[0.1082]
Train Iter:[24 /51] CauLoss:[0.7635], AdvLoss:[0.0942]
Train Iter:[36 /51] CauLoss:[0.7826], AdvLoss:[0.0946]
Train Iter:[48 /51] CauLoss:[0.7966], AdvLoss:[0.0986]
--------------------------------------------------------------------------------------------------------------------------------------------------------------------------------------------------------
Epoch:[82/100], CauAdvLoss:[0.7944/0.0979] valid:[94.39], test:[69.55]
--------------------------------------------------------------------------------------------------------------------------------------------------------------------------------------------------------
Train Iter:[0  /51] CauLoss:[0.7375], AdvLoss:[0.0901]
Train Iter:[12 /51] CauLoss:[0.7507], AdvLoss:[0.0812]
Train Iter:[24 /51] CauLoss:[0.7410], AdvLoss:[0.0763]
Train Iter:[36 /51] CauLoss:[0.7662], AdvLoss:[0.1013]
Train Iter:[48 /51] CauLoss:[0.7731], AdvLoss:[0.1002]
--------------------------------------------------------------------------------------------------------------------------------------------------------------------------------------------------------
Epoch:[83/100], CauAdvLoss:[0.7740/0.0998] valid:[94.31], test:[68.87]
--------------------------------------------------------------------------------------------------------------------------------------------------------------------------------------------------------
Train Iter:[0  /51] CauLoss:[0.5567], AdvLoss:[0.0034]
Train Iter:[12 /51] CauLoss:[0.8183], AdvLoss:[0.1341]
Train Iter:[24 /51] CauLoss:[0.8194], AdvLoss:[0.1119]
Train Iter:[36 /51] CauLoss:[0.7958], AdvLoss:[0.0991]
Train Iter:[48 /51] CauLoss:[0.8007], AdvLoss:[0.1017]
--------------------------------------------------------------------------------------------------------------------------------------------------------------------------------------------------------
Epoch:[84/100], CauAdvLoss:[0.7981/0.0995] valid:[94.26], test:[68.75]
--------------------------------------------------------------------------------------------------------------------------------------------------------------------------------------------------------
Train Iter:[0  /51] CauLoss:[0.9764], AdvLoss:[0.1433]
Train Iter:[12 /51] CauLoss:[0.7719], AdvLoss:[0.0990]
Train Iter:[24 /51] CauLoss:[0.7763], AdvLoss:[0.0996]
Train Iter:[36 /51] CauLoss:[0.7790], AdvLoss:[0.1055]
Train Iter:[48 /51] CauLoss:[0.7811], AdvLoss:[0.0964]
--------------------------------------------------------------------------------------------------------------------------------------------------------------------------------------------------------
Epoch:[85/100], CauAdvLoss:[0.7800/0.0967] valid:[94.21], test:[68.72]
--------------------------------------------------------------------------------------------------------------------------------------------------------------------------------------------------------
Train Iter:[0  /51] CauLoss:[0.9335], AdvLoss:[0.2665]
Train Iter:[12 /51] CauLoss:[0.8296], AdvLoss:[0.1441]
Train Iter:[24 /51] CauLoss:[0.8102], AdvLoss:[0.1205]
Train Iter:[36 /51] CauLoss:[0.7738], AdvLoss:[0.0956]
Train Iter:[48 /51] CauLoss:[0.7779], AdvLoss:[0.0979]
--------------------------------------------------------------------------------------------------------------------------------------------------------------------------------------------------------
Epoch:[86/100], CauAdvLoss:[0.7775/0.0973] valid:[94.43], test:[68.91]
--------------------------------------------------------------------------------------------------------------------------------------------------------------------------------------------------------
Train Iter:[0  /51] CauLoss:[0.9548], AdvLoss:[0.1428]
Train Iter:[12 /51] CauLoss:[0.7764], AdvLoss:[0.0909]
Train Iter:[24 /51] CauLoss:[0.7874], AdvLoss:[0.1031]
Train Iter:[36 /51] CauLoss:[0.7928], AdvLoss:[0.1063]
Train Iter:[48 /51] CauLoss:[0.7785], AdvLoss:[0.0980]
--------------------------------------------------------------------------------------------------------------------------------------------------------------------------------------------------------
Epoch:[87/100], CauAdvLoss:[0.7833/0.0994] valid:[94.35], test:[68.56]
--------------------------------------------------------------------------------------------------------------------------------------------------------------------------------------------------------
Train Iter:[0  /51] CauLoss:[1.0542], AdvLoss:[0.1013]
Train Iter:[12 /51] CauLoss:[0.7912], AdvLoss:[0.0881]
Train Iter:[24 /51] CauLoss:[0.7638], AdvLoss:[0.0773]
Train Iter:[36 /51] CauLoss:[0.7956], AdvLoss:[0.0901]
Train Iter:[48 /51] CauLoss:[0.7913], AdvLoss:[0.0934]
--------------------------------------------------------------------------------------------------------------------------------------------------------------------------------------------------------
Epoch:[88/100], CauAdvLoss:[0.7949/0.0957] valid:[94.43], test:[68.51]
--------------------------------------------------------------------------------------------------------------------------------------------------------------------------------------------------------
Train Iter:[0  /51] CauLoss:[0.9743], AdvLoss:[0.1621]
Train Iter:[12 /51] CauLoss:[0.7682], AdvLoss:[0.1020]
Train Iter:[24 /51] CauLoss:[0.7661], AdvLoss:[0.0935]
Train Iter:[36 /51] CauLoss:[0.7706], AdvLoss:[0.0933]
Train Iter:[48 /51] CauLoss:[0.7712], AdvLoss:[0.0963]
--------------------------------------------------------------------------------------------------------------------------------------------------------------------------------------------------------
Epoch:[89/100], CauAdvLoss:[0.7687/0.0962] valid:[94.33], test:[68.82]
--------------------------------------------------------------------------------------------------------------------------------------------------------------------------------------------------------
Train Iter:[0  /51] CauLoss:[0.6910], AdvLoss:[0.0278]
Train Iter:[12 /51] CauLoss:[0.7261], AdvLoss:[0.0568]
Train Iter:[24 /51] CauLoss:[0.7269], AdvLoss:[0.0690]
Train Iter:[36 /51] CauLoss:[0.7396], AdvLoss:[0.0830]
Train Iter:[48 /51] CauLoss:[0.7616], AdvLoss:[0.0968]
--------------------------------------------------------------------------------------------------------------------------------------------------------------------------------------------------------
Epoch:[90/100], CauAdvLoss:[0.7575/0.0956] valid:[94.32], test:[68.72]
--------------------------------------------------------------------------------------------------------------------------------------------------------------------------------------------------------
Train Iter:[0  /51] CauLoss:[0.6982], AdvLoss:[0.0195]
Train Iter:[12 /51] CauLoss:[0.7154], AdvLoss:[0.0766]
Train Iter:[24 /51] CauLoss:[0.7479], AdvLoss:[0.0824]
Train Iter:[36 /51] CauLoss:[0.7503], AdvLoss:[0.0840]
Train Iter:[48 /51] CauLoss:[0.7578], AdvLoss:[0.0930]
--------------------------------------------------------------------------------------------------------------------------------------------------------------------------------------------------------
Epoch:[91/100], CauAdvLoss:[0.7606/0.0936] valid:[94.32], test:[68.61]
--------------------------------------------------------------------------------------------------------------------------------------------------------------------------------------------------------
Train Iter:[0  /51] CauLoss:[0.9480], AdvLoss:[0.1432]
Train Iter:[12 /51] CauLoss:[0.8143], AdvLoss:[0.1231]
Train Iter:[24 /51] CauLoss:[0.7540], AdvLoss:[0.0937]
Train Iter:[36 /51] CauLoss:[0.7656], AdvLoss:[0.0958]
Train Iter:[48 /51] CauLoss:[0.7660], AdvLoss:[0.0954]
--------------------------------------------------------------------------------------------------------------------------------------------------------------------------------------------------------
Epoch:[92/100], CauAdvLoss:[0.7666/0.0950] valid:[94.33], test:[68.59]
--------------------------------------------------------------------------------------------------------------------------------------------------------------------------------------------------------
Train Iter:[0  /51] CauLoss:[0.6585], AdvLoss:[0.1288]
Train Iter:[12 /51] CauLoss:[0.7836], AdvLoss:[0.1012]
Train Iter:[24 /51] CauLoss:[0.7614], AdvLoss:[0.0908]
Train Iter:[36 /51] CauLoss:[0.7603], AdvLoss:[0.0978]
Train Iter:[48 /51] CauLoss:[0.7782], AdvLoss:[0.0964]
--------------------------------------------------------------------------------------------------------------------------------------------------------------------------------------------------------
Epoch:[93/100], CauAdvLoss:[0.7744/0.0941] valid:[94.36], test:[68.85]
--------------------------------------------------------------------------------------------------------------------------------------------------------------------------------------------------------
Train Iter:[0  /51] CauLoss:[0.8072], AdvLoss:[0.0952]
Train Iter:[12 /51] CauLoss:[0.7802], AdvLoss:[0.0716]
Train Iter:[24 /51] CauLoss:[0.7905], AdvLoss:[0.0868]
Train Iter:[36 /51] CauLoss:[0.7710], AdvLoss:[0.0944]
Train Iter:[48 /51] CauLoss:[0.7715], AdvLoss:[0.0908]
--------------------------------------------------------------------------------------------------------------------------------------------------------------------------------------------------------
Epoch:[94/100], CauAdvLoss:[0.7747/0.0942] valid:[94.42], test:[68.95]
--------------------------------------------------------------------------------------------------------------------------------------------------------------------------------------------------------
Train Iter:[0  /51] CauLoss:[0.7787], AdvLoss:[0.1175]
Train Iter:[12 /51] CauLoss:[0.8337], AdvLoss:[0.1163]
Train Iter:[24 /51] CauLoss:[0.8254], AdvLoss:[0.1272]
Train Iter:[36 /51] CauLoss:[0.7813], AdvLoss:[0.1042]
Train Iter:[48 /51] CauLoss:[0.7631], AdvLoss:[0.0970]
--------------------------------------------------------------------------------------------------------------------------------------------------------------------------------------------------------
Epoch:[95/100], CauAdvLoss:[0.7582/0.0956] valid:[94.28], test:[68.46]
--------------------------------------------------------------------------------------------------------------------------------------------------------------------------------------------------------
Train Iter:[0  /51] CauLoss:[0.8417], AdvLoss:[0.0912]
Train Iter:[12 /51] CauLoss:[0.7837], AdvLoss:[0.1112]
Train Iter:[24 /51] CauLoss:[0.7616], AdvLoss:[0.0845]
Train Iter:[36 /51] CauLoss:[0.7641], AdvLoss:[0.0822]
Train Iter:[48 /51] CauLoss:[0.7701], AdvLoss:[0.0917]
--------------------------------------------------------------------------------------------------------------------------------------------------------------------------------------------------------
Epoch:[96/100], CauAdvLoss:[0.7661/0.0920] valid:[94.38], test:[68.60]
--------------------------------------------------------------------------------------------------------------------------------------------------------------------------------------------------------
Train Iter:[0  /51] CauLoss:[0.6538], AdvLoss:[0.0313]
Train Iter:[12 /51] CauLoss:[0.7285], AdvLoss:[0.0736]
Train Iter:[24 /51] CauLoss:[0.7563], AdvLoss:[0.0902]
Train Iter:[36 /51] CauLoss:[0.7632], AdvLoss:[0.0993]
Train Iter:[48 /51] CauLoss:[0.7605], AdvLoss:[0.0957]
--------------------------------------------------------------------------------------------------------------------------------------------------------------------------------------------------------
Epoch:[97/100], CauAdvLoss:[0.7574/0.0938] valid:[94.47], test:[68.94]
--------------------------------------------------------------------------------------------------------------------------------------------------------------------------------------------------------
Train Iter:[0  /51] CauLoss:[0.9613], AdvLoss:[0.2137]
Train Iter:[12 /51] CauLoss:[0.7734], AdvLoss:[0.0805]
Train Iter:[24 /51] CauLoss:[0.8028], AdvLoss:[0.0969]
Train Iter:[36 /51] CauLoss:[0.7966], AdvLoss:[0.1000]
Train Iter:[48 /51] CauLoss:[0.7960], AdvLoss:[0.0979]
--------------------------------------------------------------------------------------------------------------------------------------------------------------------------------------------------------
Epoch:[98/100], CauAdvLoss:[0.7907/0.0952] valid:[94.45], test:[68.83]
--------------------------------------------------------------------------------------------------------------------------------------------------------------------------------------------------------
Train Iter:[0  /51] CauLoss:[1.1364], AdvLoss:[0.3000]
Train Iter:[12 /51] CauLoss:[0.7956], AdvLoss:[0.1260]
Train Iter:[24 /51] CauLoss:[0.7772], AdvLoss:[0.1078]
Train Iter:[36 /51] CauLoss:[0.7547], AdvLoss:[0.0986]
Train Iter:[48 /51] CauLoss:[0.7344], AdvLoss:[0.0919]
--------------------------------------------------------------------------------------------------------------------------------------------------------------------------------------------------------
Epoch:[99/100], CauAdvLoss:[0.7370/0.0941] valid:[94.29], test:[68.74]
--------------------------------------------------------------------------------------------------------------------------------------------------------------------------------------------------------
Train Iter:[0  /51] CauLoss:[0.9295], AdvLoss:[0.0635]
Train Iter:[12 /51] CauLoss:[0.7057], AdvLoss:[0.0728]
Train Iter:[24 /51] CauLoss:[0.7174], AdvLoss:[0.0790]
Train Iter:[36 /51] CauLoss:[0.7509], AdvLoss:[0.0935]
Train Iter:[48 /51] CauLoss:[0.7531], AdvLoss:[0.0959]
--------------------------------------------------------------------------------------------------------------------------------------------------------------------------------------------------------
Epoch:[100/100], CauAdvLoss:[0.7517/0.0949] valid:[94.41], test:[68.70]
--------------------------------------------------------------------------------------------------------------------------------------------------------------------------------------------------------
Update test:[70.19] at epoch:[48] | Total time:00:04:23
initialize network with kaiming
Train Iter:[0  /51] CauLoss:[2.2873], AdvLoss:[-120.9041]
Train Iter:[12 /51] CauLoss:[1.8492], AdvLoss:[-17.9534]
Train Iter:[24 /51] CauLoss:[1.6336], AdvLoss:[-9.6654]
Train Iter:[36 /51] CauLoss:[1.5589], AdvLoss:[-6.6569]
Train Iter:[48 /51] CauLoss:[1.4719], AdvLoss:[-5.1267]
--------------------------------------------------------------------------------------------------------------------------------------------------------------------------------------------------------
Epoch:[1/100], CauAdvLoss:[1.4738/-4.9366] valid:[87.87], test:[61.36]
--------------------------------------------------------------------------------------------------------------------------------------------------------------------------------------------------------
Train Iter:[0  /51] CauLoss:[1.2281], AdvLoss:[-0.3583]
Train Iter:[12 /51] CauLoss:[1.2607], AdvLoss:[-0.3529]
Train Iter:[24 /51] CauLoss:[1.3124], AdvLoss:[-0.3258]
Train Iter:[36 /51] CauLoss:[1.2705], AdvLoss:[-0.3385]
Train Iter:[48 /51] CauLoss:[1.2535], AdvLoss:[-0.3422]
--------------------------------------------------------------------------------------------------------------------------------------------------------------------------------------------------------
Epoch:[2/100], CauAdvLoss:[1.2556/-0.3353] valid:[82.57], test:[61.62]
--------------------------------------------------------------------------------------------------------------------------------------------------------------------------------------------------------
Train Iter:[0  /51] CauLoss:[1.4375], AdvLoss:[0.0750]
Train Iter:[12 /51] CauLoss:[1.3072], AdvLoss:[-0.1907]
Train Iter:[24 /51] CauLoss:[1.2162], AdvLoss:[-0.2149]
Train Iter:[36 /51] CauLoss:[1.2050], AdvLoss:[-0.2181]
Train Iter:[48 /51] CauLoss:[1.1841], AdvLoss:[-0.2240]
--------------------------------------------------------------------------------------------------------------------------------------------------------------------------------------------------------
Epoch:[3/100], CauAdvLoss:[1.1836/-0.2243] valid:[91.23], test:[63.41]
--------------------------------------------------------------------------------------------------------------------------------------------------------------------------------------------------------
Train Iter:[0  /51] CauLoss:[1.3287], AdvLoss:[-0.1932]
Train Iter:[12 /51] CauLoss:[1.0651], AdvLoss:[-0.2475]
Train Iter:[24 /51] CauLoss:[1.1286], AdvLoss:[-0.2041]
Train Iter:[36 /51] CauLoss:[1.1227], AdvLoss:[-0.2287]
Train Iter:[48 /51] CauLoss:[1.1232], AdvLoss:[-0.2164]
--------------------------------------------------------------------------------------------------------------------------------------------------------------------------------------------------------
Epoch:[4/100], CauAdvLoss:[1.1314/-0.2110] valid:[90.05], test:[63.23]
--------------------------------------------------------------------------------------------------------------------------------------------------------------------------------------------------------
Train Iter:[0  /51] CauLoss:[1.2777], AdvLoss:[-0.0983]
Train Iter:[12 /51] CauLoss:[1.1691], AdvLoss:[-0.1712]
Train Iter:[24 /51] CauLoss:[1.1424], AdvLoss:[-0.1851]
Train Iter:[36 /51] CauLoss:[1.1253], AdvLoss:[-0.1958]
Train Iter:[48 /51] CauLoss:[1.1454], AdvLoss:[-0.1907]
--------------------------------------------------------------------------------------------------------------------------------------------------------------------------------------------------------
Epoch:[5/100], CauAdvLoss:[1.1436/-0.1910] valid:[86.32], test:[62.79]
--------------------------------------------------------------------------------------------------------------------------------------------------------------------------------------------------------
Train Iter:[0  /51] CauLoss:[1.0495], AdvLoss:[-0.2372]
Train Iter:[12 /51] CauLoss:[1.1516], AdvLoss:[-0.1231]
Train Iter:[24 /51] CauLoss:[1.0998], AdvLoss:[-0.1440]
Train Iter:[36 /51] CauLoss:[1.0908], AdvLoss:[-0.1498]
Train Iter:[48 /51] CauLoss:[1.1235], AdvLoss:[-0.1407]
--------------------------------------------------------------------------------------------------------------------------------------------------------------------------------------------------------
Epoch:[6/100], CauAdvLoss:[1.1157/-0.1451] valid:[87.78], test:[62.57]
--------------------------------------------------------------------------------------------------------------------------------------------------------------------------------------------------------
Train Iter:[0  /51] CauLoss:[1.0437], AdvLoss:[-0.2496]
Train Iter:[12 /51] CauLoss:[1.1112], AdvLoss:[-0.1420]
Train Iter:[24 /51] CauLoss:[1.1195], AdvLoss:[-0.1204]
Train Iter:[36 /51] CauLoss:[1.0907], AdvLoss:[-0.1392]
Train Iter:[48 /51] CauLoss:[1.0913], AdvLoss:[-0.1385]
--------------------------------------------------------------------------------------------------------------------------------------------------------------------------------------------------------
Epoch:[7/100], CauAdvLoss:[1.0960/-0.1378] valid:[91.25], test:[65.17]
--------------------------------------------------------------------------------------------------------------------------------------------------------------------------------------------------------
Train Iter:[0  /51] CauLoss:[0.8684], AdvLoss:[-0.2077]
Train Iter:[12 /51] CauLoss:[1.0018], AdvLoss:[-0.1501]
Train Iter:[24 /51] CauLoss:[1.0465], AdvLoss:[-0.1114]
Train Iter:[36 /51] CauLoss:[1.0620], AdvLoss:[-0.1253]
Train Iter:[48 /51] CauLoss:[1.0758], AdvLoss:[-0.1190]
--------------------------------------------------------------------------------------------------------------------------------------------------------------------------------------------------------
Epoch:[8/100], CauAdvLoss:[1.0831/-0.1144] valid:[86.78], test:[64.92]
--------------------------------------------------------------------------------------------------------------------------------------------------------------------------------------------------------
Train Iter:[0  /51] CauLoss:[0.8363], AdvLoss:[-0.2140]
Train Iter:[12 /51] CauLoss:[0.9763], AdvLoss:[-0.2033]
Train Iter:[24 /51] CauLoss:[1.0246], AdvLoss:[-0.1516]
Train Iter:[36 /51] CauLoss:[1.0360], AdvLoss:[-0.1113]
Train Iter:[48 /51] CauLoss:[1.0744], AdvLoss:[-0.0956]
--------------------------------------------------------------------------------------------------------------------------------------------------------------------------------------------------------
Epoch:[9/100], CauAdvLoss:[1.0760/-0.0985] valid:[90.75], test:[67.28]
--------------------------------------------------------------------------------------------------------------------------------------------------------------------------------------------------------
Train Iter:[0  /51] CauLoss:[0.8588], AdvLoss:[-0.2201]
Train Iter:[12 /51] CauLoss:[1.0076], AdvLoss:[-0.1381]
Train Iter:[24 /51] CauLoss:[1.0454], AdvLoss:[-0.1125]
Train Iter:[36 /51] CauLoss:[1.0863], AdvLoss:[-0.0937]
Train Iter:[48 /51] CauLoss:[1.0720], AdvLoss:[-0.0973]
--------------------------------------------------------------------------------------------------------------------------------------------------------------------------------------------------------
Epoch:[10/100], CauAdvLoss:[1.0640/-0.1007] valid:[90.77], test:[68.40]
--------------------------------------------------------------------------------------------------------------------------------------------------------------------------------------------------------
Train Iter:[0  /51] CauLoss:[0.9248], AdvLoss:[0.0345]
Train Iter:[12 /51] CauLoss:[1.0138], AdvLoss:[-0.1167]
Train Iter:[24 /51] CauLoss:[1.0361], AdvLoss:[-0.1204]
Train Iter:[36 /51] CauLoss:[1.0439], AdvLoss:[-0.1083]
Train Iter:[48 /51] CauLoss:[1.0573], AdvLoss:[-0.1128]
--------------------------------------------------------------------------------------------------------------------------------------------------------------------------------------------------------
Epoch:[11/100], CauAdvLoss:[1.0594/-0.1149] valid:[90.65], test:[67.67]
--------------------------------------------------------------------------------------------------------------------------------------------------------------------------------------------------------
Train Iter:[0  /51] CauLoss:[0.9528], AdvLoss:[-0.1841]
Train Iter:[12 /51] CauLoss:[0.9868], AdvLoss:[-0.1793]
Train Iter:[24 /51] CauLoss:[1.0232], AdvLoss:[-0.1088]
Train Iter:[36 /51] CauLoss:[1.0427], AdvLoss:[-0.1126]
Train Iter:[48 /51] CauLoss:[1.0411], AdvLoss:[-0.1283]
--------------------------------------------------------------------------------------------------------------------------------------------------------------------------------------------------------
Epoch:[12/100], CauAdvLoss:[1.0413/-0.1306] valid:[91.02], test:[67.46]
--------------------------------------------------------------------------------------------------------------------------------------------------------------------------------------------------------
Train Iter:[0  /51] CauLoss:[0.8804], AdvLoss:[-0.1953]
Train Iter:[12 /51] CauLoss:[1.0236], AdvLoss:[-0.1373]
Train Iter:[24 /51] CauLoss:[1.0526], AdvLoss:[-0.1300]
Train Iter:[36 /51] CauLoss:[1.0776], AdvLoss:[-0.0784]
Train Iter:[48 /51] CauLoss:[1.0658], AdvLoss:[-0.0623]
--------------------------------------------------------------------------------------------------------------------------------------------------------------------------------------------------------
Epoch:[13/100], CauAdvLoss:[1.0578/-0.0617] valid:[91.09], test:[67.50]
--------------------------------------------------------------------------------------------------------------------------------------------------------------------------------------------------------
Train Iter:[0  /51] CauLoss:[0.8830], AdvLoss:[-0.0154]
Train Iter:[12 /51] CauLoss:[1.0613], AdvLoss:[0.0221]
Train Iter:[24 /51] CauLoss:[1.0637], AdvLoss:[0.0148]
Train Iter:[36 /51] CauLoss:[1.0458], AdvLoss:[0.0543]
Train Iter:[48 /51] CauLoss:[1.0516], AdvLoss:[0.0646]
--------------------------------------------------------------------------------------------------------------------------------------------------------------------------------------------------------
Epoch:[14/100], CauAdvLoss:[1.0492/0.0600] valid:[90.90], test:[68.00]
--------------------------------------------------------------------------------------------------------------------------------------------------------------------------------------------------------
Train Iter:[0  /51] CauLoss:[0.8109], AdvLoss:[-0.0425]
Train Iter:[12 /51] CauLoss:[1.0311], AdvLoss:[0.0736]
Train Iter:[24 /51] CauLoss:[1.0042], AdvLoss:[0.0865]
Train Iter:[36 /51] CauLoss:[1.0136], AdvLoss:[0.0862]
Train Iter:[48 /51] CauLoss:[1.0235], AdvLoss:[0.0838]
--------------------------------------------------------------------------------------------------------------------------------------------------------------------------------------------------------
Epoch:[15/100], CauAdvLoss:[1.0283/0.0853] valid:[92.66], test:[69.31]
--------------------------------------------------------------------------------------------------------------------------------------------------------------------------------------------------------
Train Iter:[0  /51] CauLoss:[1.1895], AdvLoss:[-0.0031]
Train Iter:[12 /51] CauLoss:[1.0572], AdvLoss:[0.1224]
Train Iter:[24 /51] CauLoss:[1.0307], AdvLoss:[0.0881]
Train Iter:[36 /51] CauLoss:[1.0143], AdvLoss:[0.0841]
Train Iter:[48 /51] CauLoss:[1.0337], AdvLoss:[0.1238]
--------------------------------------------------------------------------------------------------------------------------------------------------------------------------------------------------------
Epoch:[16/100], CauAdvLoss:[1.0342/0.1245] valid:[89.33], test:[69.80]
--------------------------------------------------------------------------------------------------------------------------------------------------------------------------------------------------------
Train Iter:[0  /51] CauLoss:[0.9241], AdvLoss:[0.0651]
Train Iter:[12 /51] CauLoss:[0.9708], AdvLoss:[0.0521]
Train Iter:[24 /51] CauLoss:[0.9999], AdvLoss:[0.0632]
Train Iter:[36 /51] CauLoss:[1.0115], AdvLoss:[0.0600]
Train Iter:[48 /51] CauLoss:[1.0149], AdvLoss:[0.0920]
--------------------------------------------------------------------------------------------------------------------------------------------------------------------------------------------------------
Epoch:[17/100], CauAdvLoss:[1.0104/0.0902] valid:[89.50], test:[69.62]
--------------------------------------------------------------------------------------------------------------------------------------------------------------------------------------------------------
Train Iter:[0  /51] CauLoss:[1.0720], AdvLoss:[0.0056]
Train Iter:[12 /51] CauLoss:[0.9633], AdvLoss:[0.0584]
Train Iter:[24 /51] CauLoss:[1.0054], AdvLoss:[0.0948]
Train Iter:[36 /51] CauLoss:[0.9788], AdvLoss:[0.1246]
Train Iter:[48 /51] CauLoss:[1.0210], AdvLoss:[0.1330]
--------------------------------------------------------------------------------------------------------------------------------------------------------------------------------------------------------
Epoch:[18/100], CauAdvLoss:[1.0268/0.1438] valid:[90.75], test:[70.48]
--------------------------------------------------------------------------------------------------------------------------------------------------------------------------------------------------------
Train Iter:[0  /51] CauLoss:[1.0606], AdvLoss:[0.2982]
Train Iter:[12 /51] CauLoss:[1.0400], AdvLoss:[0.4526]
Train Iter:[24 /51] CauLoss:[1.0354], AdvLoss:[0.3380]
Train Iter:[36 /51] CauLoss:[1.0134], AdvLoss:[0.3121]
Train Iter:[48 /51] CauLoss:[0.9890], AdvLoss:[0.2552]
--------------------------------------------------------------------------------------------------------------------------------------------------------------------------------------------------------
Epoch:[19/100], CauAdvLoss:[0.9996/0.2545] valid:[90.92], test:[68.54]
--------------------------------------------------------------------------------------------------------------------------------------------------------------------------------------------------------
Train Iter:[0  /51] CauLoss:[0.7609], AdvLoss:[0.0252]
Train Iter:[12 /51] CauLoss:[1.0021], AdvLoss:[0.2143]
Train Iter:[24 /51] CauLoss:[1.0371], AdvLoss:[0.2335]
Train Iter:[36 /51] CauLoss:[0.9888], AdvLoss:[0.2050]
Train Iter:[48 /51] CauLoss:[0.9843], AdvLoss:[0.1972]
--------------------------------------------------------------------------------------------------------------------------------------------------------------------------------------------------------
Epoch:[20/100], CauAdvLoss:[0.9933/0.2037] valid:[92.15], test:[69.98]
--------------------------------------------------------------------------------------------------------------------------------------------------------------------------------------------------------
Train Iter:[0  /51] CauLoss:[0.7158], AdvLoss:[0.1717]
Train Iter:[12 /51] CauLoss:[0.9942], AdvLoss:[0.2837]
Train Iter:[24 /51] CauLoss:[0.9635], AdvLoss:[0.2428]
Train Iter:[36 /51] CauLoss:[0.9739], AdvLoss:[0.2284]
Train Iter:[48 /51] CauLoss:[0.9926], AdvLoss:[0.2381]
--------------------------------------------------------------------------------------------------------------------------------------------------------------------------------------------------------
Epoch:[21/100], CauAdvLoss:[0.9854/0.2402] valid:[92.08], test:[67.52]
--------------------------------------------------------------------------------------------------------------------------------------------------------------------------------------------------------
Train Iter:[0  /51] CauLoss:[1.0224], AdvLoss:[0.4860]
Train Iter:[12 /51] CauLoss:[0.9978], AdvLoss:[0.2986]
Train Iter:[24 /51] CauLoss:[0.9523], AdvLoss:[0.2346]
Train Iter:[36 /51] CauLoss:[0.9918], AdvLoss:[0.2354]
Train Iter:[48 /51] CauLoss:[0.9878], AdvLoss:[0.2235]
--------------------------------------------------------------------------------------------------------------------------------------------------------------------------------------------------------
Epoch:[22/100], CauAdvLoss:[0.9856/0.2232] valid:[91.42], test:[67.26]
--------------------------------------------------------------------------------------------------------------------------------------------------------------------------------------------------------
Train Iter:[0  /51] CauLoss:[0.7112], AdvLoss:[0.1300]
Train Iter:[12 /51] CauLoss:[0.9608], AdvLoss:[0.1873]
Train Iter:[24 /51] CauLoss:[0.9767], AdvLoss:[0.2081]
Train Iter:[36 /51] CauLoss:[0.9748], AdvLoss:[0.2595]
Train Iter:[48 /51] CauLoss:[0.9794], AdvLoss:[0.2621]
--------------------------------------------------------------------------------------------------------------------------------------------------------------------------------------------------------
Epoch:[23/100], CauAdvLoss:[0.9781/0.2581] valid:[91.33], test:[71.45]
--------------------------------------------------------------------------------------------------------------------------------------------------------------------------------------------------------
Train Iter:[0  /51] CauLoss:[0.9636], AdvLoss:[0.2427]
Train Iter:[12 /51] CauLoss:[0.9301], AdvLoss:[0.2039]
Train Iter:[24 /51] CauLoss:[0.9099], AdvLoss:[0.1750]
Train Iter:[36 /51] CauLoss:[0.9482], AdvLoss:[0.1914]
Train Iter:[48 /51] CauLoss:[0.9703], AdvLoss:[0.1994]
--------------------------------------------------------------------------------------------------------------------------------------------------------------------------------------------------------
Epoch:[24/100], CauAdvLoss:[0.9874/0.2085] valid:[92.14], test:[70.91]
--------------------------------------------------------------------------------------------------------------------------------------------------------------------------------------------------------
Train Iter:[0  /51] CauLoss:[0.7722], AdvLoss:[0.1830]
Train Iter:[12 /51] CauLoss:[0.9870], AdvLoss:[0.2247]
Train Iter:[24 /51] CauLoss:[1.0059], AdvLoss:[0.2216]
Train Iter:[36 /51] CauLoss:[0.9705], AdvLoss:[0.2115]
Train Iter:[48 /51] CauLoss:[0.9660], AdvLoss:[0.2316]
--------------------------------------------------------------------------------------------------------------------------------------------------------------------------------------------------------
Epoch:[25/100], CauAdvLoss:[0.9636/0.2309] valid:[92.90], test:[71.55]
--------------------------------------------------------------------------------------------------------------------------------------------------------------------------------------------------------
Train Iter:[0  /51] CauLoss:[0.8631], AdvLoss:[0.1284]
Train Iter:[12 /51] CauLoss:[0.9418], AdvLoss:[0.2361]
Train Iter:[24 /51] CauLoss:[0.9877], AdvLoss:[0.2528]
Train Iter:[36 /51] CauLoss:[0.9622], AdvLoss:[0.2396]
Train Iter:[48 /51] CauLoss:[0.9615], AdvLoss:[0.2255]
--------------------------------------------------------------------------------------------------------------------------------------------------------------------------------------------------------
Epoch:[26/100], CauAdvLoss:[0.9589/0.2222] valid:[89.69], test:[69.97]
--------------------------------------------------------------------------------------------------------------------------------------------------------------------------------------------------------
Train Iter:[0  /51] CauLoss:[0.7597], AdvLoss:[0.1656]
Train Iter:[12 /51] CauLoss:[0.9082], AdvLoss:[0.1832]
Train Iter:[24 /51] CauLoss:[0.8906], AdvLoss:[0.1826]
Train Iter:[36 /51] CauLoss:[0.9136], AdvLoss:[0.2180]
Train Iter:[48 /51] CauLoss:[0.9431], AdvLoss:[0.2175]
--------------------------------------------------------------------------------------------------------------------------------------------------------------------------------------------------------
Epoch:[27/100], CauAdvLoss:[0.9441/0.2168] valid:[91.74], test:[72.36]
--------------------------------------------------------------------------------------------------------------------------------------------------------------------------------------------------------
Train Iter:[0  /51] CauLoss:[0.9483], AdvLoss:[0.1489]
Train Iter:[12 /51] CauLoss:[0.9328], AdvLoss:[0.1799]
Train Iter:[24 /51] CauLoss:[0.9543], AdvLoss:[0.2220]
Train Iter:[36 /51] CauLoss:[0.9603], AdvLoss:[0.2332]
Train Iter:[48 /51] CauLoss:[0.9572], AdvLoss:[0.2153]
--------------------------------------------------------------------------------------------------------------------------------------------------------------------------------------------------------
Epoch:[28/100], CauAdvLoss:[0.9558/0.2126] valid:[92.01], test:[71.01]
--------------------------------------------------------------------------------------------------------------------------------------------------------------------------------------------------------
Train Iter:[0  /51] CauLoss:[1.1842], AdvLoss:[0.3202]
Train Iter:[12 /51] CauLoss:[0.9597], AdvLoss:[0.1745]
Train Iter:[24 /51] CauLoss:[0.9085], AdvLoss:[0.1686]
Train Iter:[36 /51] CauLoss:[0.9398], AdvLoss:[0.1874]
Train Iter:[48 /51] CauLoss:[0.9516], AdvLoss:[0.1986]
--------------------------------------------------------------------------------------------------------------------------------------------------------------------------------------------------------
Epoch:[29/100], CauAdvLoss:[0.9486/0.1966] valid:[92.73], test:[70.86]
--------------------------------------------------------------------------------------------------------------------------------------------------------------------------------------------------------
Train Iter:[0  /51] CauLoss:[0.7347], AdvLoss:[0.0929]
Train Iter:[12 /51] CauLoss:[0.8688], AdvLoss:[0.1406]
Train Iter:[24 /51] CauLoss:[0.9128], AdvLoss:[0.1611]
Train Iter:[36 /51] CauLoss:[0.9217], AdvLoss:[0.1838]
Train Iter:[48 /51] CauLoss:[0.9188], AdvLoss:[0.2139]
--------------------------------------------------------------------------------------------------------------------------------------------------------------------------------------------------------
Epoch:[30/100], CauAdvLoss:[0.9186/0.2193] valid:[93.00], test:[71.36]
--------------------------------------------------------------------------------------------------------------------------------------------------------------------------------------------------------
Train Iter:[0  /51] CauLoss:[0.9443], AdvLoss:[0.2311]
Train Iter:[12 /51] CauLoss:[0.9030], AdvLoss:[0.2456]
Train Iter:[24 /51] CauLoss:[0.9176], AdvLoss:[0.2160]
Train Iter:[36 /51] CauLoss:[0.9094], AdvLoss:[0.2042]
Train Iter:[48 /51] CauLoss:[0.9281], AdvLoss:[0.2266]
--------------------------------------------------------------------------------------------------------------------------------------------------------------------------------------------------------
Epoch:[31/100], CauAdvLoss:[0.9344/0.2296] valid:[92.25], test:[72.46]
--------------------------------------------------------------------------------------------------------------------------------------------------------------------------------------------------------
Train Iter:[0  /51] CauLoss:[0.8238], AdvLoss:[0.3052]
Train Iter:[12 /51] CauLoss:[0.8719], AdvLoss:[0.2557]
Train Iter:[24 /51] CauLoss:[0.9111], AdvLoss:[0.2478]
Train Iter:[36 /51] CauLoss:[0.9143], AdvLoss:[0.2305]
Train Iter:[48 /51] CauLoss:[0.9327], AdvLoss:[0.2246]
--------------------------------------------------------------------------------------------------------------------------------------------------------------------------------------------------------
Epoch:[32/100], CauAdvLoss:[0.9407/0.2261] valid:[92.01], test:[72.27]
--------------------------------------------------------------------------------------------------------------------------------------------------------------------------------------------------------
Train Iter:[0  /51] CauLoss:[1.0251], AdvLoss:[0.2930]
Train Iter:[12 /51] CauLoss:[0.9262], AdvLoss:[0.1647]
Train Iter:[24 /51] CauLoss:[0.9105], AdvLoss:[0.1666]
Train Iter:[36 /51] CauLoss:[0.9290], AdvLoss:[0.1998]
Train Iter:[48 /51] CauLoss:[0.9382], AdvLoss:[0.2093]
--------------------------------------------------------------------------------------------------------------------------------------------------------------------------------------------------------
Epoch:[33/100], CauAdvLoss:[0.9333/0.2076] valid:[93.19], test:[71.74]
--------------------------------------------------------------------------------------------------------------------------------------------------------------------------------------------------------
Train Iter:[0  /51] CauLoss:[0.7438], AdvLoss:[0.1210]
Train Iter:[12 /51] CauLoss:[0.8977], AdvLoss:[0.2272]
Train Iter:[24 /51] CauLoss:[0.9101], AdvLoss:[0.2156]
Train Iter:[36 /51] CauLoss:[0.9324], AdvLoss:[0.2072]
Train Iter:[48 /51] CauLoss:[0.9380], AdvLoss:[0.2131]
--------------------------------------------------------------------------------------------------------------------------------------------------------------------------------------------------------
Epoch:[34/100], CauAdvLoss:[0.9310/0.2102] valid:[92.80], test:[71.06]
--------------------------------------------------------------------------------------------------------------------------------------------------------------------------------------------------------
Train Iter:[0  /51] CauLoss:[0.8943], AdvLoss:[0.1988]
Train Iter:[12 /51] CauLoss:[0.9488], AdvLoss:[0.1985]
Train Iter:[24 /51] CauLoss:[0.9265], AdvLoss:[0.1781]
Train Iter:[36 /51] CauLoss:[0.9231], AdvLoss:[0.1811]
Train Iter:[48 /51] CauLoss:[0.9171], AdvLoss:[0.1832]
--------------------------------------------------------------------------------------------------------------------------------------------------------------------------------------------------------
Epoch:[35/100], CauAdvLoss:[0.9200/0.1844] valid:[93.11], test:[71.68]
--------------------------------------------------------------------------------------------------------------------------------------------------------------------------------------------------------
Train Iter:[0  /51] CauLoss:[0.7920], AdvLoss:[0.0536]
Train Iter:[12 /51] CauLoss:[0.8721], AdvLoss:[0.1556]
Train Iter:[24 /51] CauLoss:[0.9295], AdvLoss:[0.1802]
Train Iter:[36 /51] CauLoss:[0.9204], AdvLoss:[0.1822]
Train Iter:[48 /51] CauLoss:[0.9064], AdvLoss:[0.1708]
--------------------------------------------------------------------------------------------------------------------------------------------------------------------------------------------------------
Epoch:[36/100], CauAdvLoss:[0.9057/0.1687] valid:[91.83], test:[71.07]
--------------------------------------------------------------------------------------------------------------------------------------------------------------------------------------------------------
Train Iter:[0  /51] CauLoss:[0.9491], AdvLoss:[0.2696]
Train Iter:[12 /51] CauLoss:[0.8867], AdvLoss:[0.1496]
Train Iter:[24 /51] CauLoss:[0.9366], AdvLoss:[0.1899]
Train Iter:[36 /51] CauLoss:[0.9472], AdvLoss:[0.2104]
Train Iter:[48 /51] CauLoss:[0.9530], AdvLoss:[0.2208]
--------------------------------------------------------------------------------------------------------------------------------------------------------------------------------------------------------
Epoch:[37/100], CauAdvLoss:[0.9582/0.2190] valid:[93.01], test:[70.62]
--------------------------------------------------------------------------------------------------------------------------------------------------------------------------------------------------------
Train Iter:[0  /51] CauLoss:[1.1233], AdvLoss:[0.2197]
Train Iter:[12 /51] CauLoss:[0.8603], AdvLoss:[0.1385]
Train Iter:[24 /51] CauLoss:[0.8915], AdvLoss:[0.1513]
Train Iter:[36 /51] CauLoss:[0.8895], AdvLoss:[0.1555]
Train Iter:[48 /51] CauLoss:[0.9137], AdvLoss:[0.1723]
--------------------------------------------------------------------------------------------------------------------------------------------------------------------------------------------------------
Epoch:[38/100], CauAdvLoss:[0.9115/0.1754] valid:[92.02], test:[70.06]
--------------------------------------------------------------------------------------------------------------------------------------------------------------------------------------------------------
Train Iter:[0  /51] CauLoss:[0.6840], AdvLoss:[0.0708]
Train Iter:[12 /51] CauLoss:[0.8685], AdvLoss:[0.1334]
Train Iter:[24 /51] CauLoss:[0.9023], AdvLoss:[0.1659]
Train Iter:[36 /51] CauLoss:[0.8868], AdvLoss:[0.1854]
Train Iter:[48 /51] CauLoss:[0.9011], AdvLoss:[0.1901]
--------------------------------------------------------------------------------------------------------------------------------------------------------------------------------------------------------
Epoch:[39/100], CauAdvLoss:[0.8990/0.1910] valid:[92.01], test:[71.41]
--------------------------------------------------------------------------------------------------------------------------------------------------------------------------------------------------------
Train Iter:[0  /51] CauLoss:[1.1635], AdvLoss:[0.2020]
Train Iter:[12 /51] CauLoss:[0.8521], AdvLoss:[0.1602]
Train Iter:[24 /51] CauLoss:[0.8592], AdvLoss:[0.1622]
Train Iter:[36 /51] CauLoss:[0.8585], AdvLoss:[0.1540]
Train Iter:[48 /51] CauLoss:[0.8910], AdvLoss:[0.1834]
--------------------------------------------------------------------------------------------------------------------------------------------------------------------------------------------------------
Epoch:[40/100], CauAdvLoss:[0.8954/0.1867] valid:[92.08], test:[71.95]
--------------------------------------------------------------------------------------------------------------------------------------------------------------------------------------------------------
Train Iter:[0  /51] CauLoss:[0.9436], AdvLoss:[0.1414]
Train Iter:[12 /51] CauLoss:[0.8419], AdvLoss:[0.1391]
Train Iter:[24 /51] CauLoss:[0.8981], AdvLoss:[0.1705]
Train Iter:[36 /51] CauLoss:[0.8872], AdvLoss:[0.1591]
Train Iter:[48 /51] CauLoss:[0.9046], AdvLoss:[0.1707]
--------------------------------------------------------------------------------------------------------------------------------------------------------------------------------------------------------
Epoch:[41/100], CauAdvLoss:[0.9010/0.1700] valid:[91.54], test:[72.38]
--------------------------------------------------------------------------------------------------------------------------------------------------------------------------------------------------------
Train Iter:[0  /51] CauLoss:[0.7993], AdvLoss:[0.1897]
Train Iter:[12 /51] CauLoss:[0.8181], AdvLoss:[0.2080]
Train Iter:[24 /51] CauLoss:[0.8342], AdvLoss:[0.1835]
Train Iter:[36 /51] CauLoss:[0.8392], AdvLoss:[0.1745]
Train Iter:[48 /51] CauLoss:[0.8701], AdvLoss:[0.1787]
--------------------------------------------------------------------------------------------------------------------------------------------------------------------------------------------------------
Epoch:[42/100], CauAdvLoss:[0.8668/0.1767] valid:[91.92], test:[71.35]
--------------------------------------------------------------------------------------------------------------------------------------------------------------------------------------------------------
Train Iter:[0  /51] CauLoss:[1.2169], AdvLoss:[0.1648]
Train Iter:[12 /51] CauLoss:[0.8916], AdvLoss:[0.1749]
Train Iter:[24 /51] CauLoss:[0.8619], AdvLoss:[0.1636]
Train Iter:[36 /51] CauLoss:[0.8869], AdvLoss:[0.1823]
Train Iter:[48 /51] CauLoss:[0.8826], AdvLoss:[0.1750]
--------------------------------------------------------------------------------------------------------------------------------------------------------------------------------------------------------
Epoch:[43/100], CauAdvLoss:[0.8796/0.1733] valid:[93.50], test:[71.96]
--------------------------------------------------------------------------------------------------------------------------------------------------------------------------------------------------------
Train Iter:[0  /51] CauLoss:[0.8260], AdvLoss:[0.1197]
Train Iter:[12 /51] CauLoss:[0.8107], AdvLoss:[0.1141]
Train Iter:[24 /51] CauLoss:[0.8412], AdvLoss:[0.1320]
Train Iter:[36 /51] CauLoss:[0.8759], AdvLoss:[0.1480]
Train Iter:[48 /51] CauLoss:[0.8995], AdvLoss:[0.1700]
--------------------------------------------------------------------------------------------------------------------------------------------------------------------------------------------------------
Epoch:[44/100], CauAdvLoss:[0.9041/0.1742] valid:[93.17], test:[71.75]
--------------------------------------------------------------------------------------------------------------------------------------------------------------------------------------------------------
Train Iter:[0  /51] CauLoss:[1.0252], AdvLoss:[0.2235]
Train Iter:[12 /51] CauLoss:[0.8564], AdvLoss:[0.1672]
Train Iter:[24 /51] CauLoss:[0.8796], AdvLoss:[0.1625]
Train Iter:[36 /51] CauLoss:[0.8771], AdvLoss:[0.1530]
Train Iter:[48 /51] CauLoss:[0.8746], AdvLoss:[0.1429]
--------------------------------------------------------------------------------------------------------------------------------------------------------------------------------------------------------
Epoch:[45/100], CauAdvLoss:[0.8835/0.1453] valid:[92.80], test:[72.15]
--------------------------------------------------------------------------------------------------------------------------------------------------------------------------------------------------------
Train Iter:[0  /51] CauLoss:[1.3356], AdvLoss:[0.3184]
Train Iter:[12 /51] CauLoss:[0.8751], AdvLoss:[0.1869]
Train Iter:[24 /51] CauLoss:[0.8745], AdvLoss:[0.1748]
Train Iter:[36 /51] CauLoss:[0.9056], AdvLoss:[0.1725]
Train Iter:[48 /51] CauLoss:[0.8870], AdvLoss:[0.1656]
--------------------------------------------------------------------------------------------------------------------------------------------------------------------------------------------------------
Epoch:[46/100], CauAdvLoss:[0.8838/0.1649] valid:[93.54], test:[72.64]
--------------------------------------------------------------------------------------------------------------------------------------------------------------------------------------------------------
Train Iter:[0  /51] CauLoss:[1.0299], AdvLoss:[0.1144]
Train Iter:[12 /51] CauLoss:[0.8279], AdvLoss:[0.1430]
Train Iter:[24 /51] CauLoss:[0.8125], AdvLoss:[0.1573]
Train Iter:[36 /51] CauLoss:[0.8660], AdvLoss:[0.1631]
Train Iter:[48 /51] CauLoss:[0.8703], AdvLoss:[0.1696]
--------------------------------------------------------------------------------------------------------------------------------------------------------------------------------------------------------
Epoch:[47/100], CauAdvLoss:[0.8688/0.1682] valid:[91.18], test:[71.75]
--------------------------------------------------------------------------------------------------------------------------------------------------------------------------------------------------------
Train Iter:[0  /51] CauLoss:[0.8565], AdvLoss:[0.0969]
Train Iter:[12 /51] CauLoss:[0.7839], AdvLoss:[0.1022]
Train Iter:[24 /51] CauLoss:[0.7990], AdvLoss:[0.1064]
Train Iter:[36 /51] CauLoss:[0.8303], AdvLoss:[0.1224]
Train Iter:[48 /51] CauLoss:[0.8573], AdvLoss:[0.1391]
--------------------------------------------------------------------------------------------------------------------------------------------------------------------------------------------------------
Epoch:[48/100], CauAdvLoss:[0.8669/0.1426] valid:[93.11], test:[72.41]
--------------------------------------------------------------------------------------------------------------------------------------------------------------------------------------------------------
Train Iter:[0  /51] CauLoss:[0.7097], AdvLoss:[0.0972]
Train Iter:[12 /51] CauLoss:[0.8937], AdvLoss:[0.1723]
Train Iter:[24 /51] CauLoss:[0.9143], AdvLoss:[0.1736]
Train Iter:[36 /51] CauLoss:[0.8959], AdvLoss:[0.1706]
Train Iter:[48 /51] CauLoss:[0.8929], AdvLoss:[0.1778]
--------------------------------------------------------------------------------------------------------------------------------------------------------------------------------------------------------
Epoch:[49/100], CauAdvLoss:[0.8885/0.1759] valid:[92.44], test:[71.43]
--------------------------------------------------------------------------------------------------------------------------------------------------------------------------------------------------------
Train Iter:[0  /51] CauLoss:[1.0708], AdvLoss:[0.1899]
Train Iter:[12 /51] CauLoss:[0.9039], AdvLoss:[0.1280]
Train Iter:[24 /51] CauLoss:[0.8868], AdvLoss:[0.1443]
Train Iter:[36 /51] CauLoss:[0.8964], AdvLoss:[0.1514]
Train Iter:[48 /51] CauLoss:[0.8725], AdvLoss:[0.1664]
--------------------------------------------------------------------------------------------------------------------------------------------------------------------------------------------------------
Epoch:[50/100], CauAdvLoss:[0.8720/0.1693] valid:[92.63], test:[72.06]
--------------------------------------------------------------------------------------------------------------------------------------------------------------------------------------------------------
Train Iter:[0  /51] CauLoss:[1.4314], AdvLoss:[0.1993]
Train Iter:[12 /51] CauLoss:[0.8791], AdvLoss:[0.1353]
Train Iter:[24 /51] CauLoss:[0.9179], AdvLoss:[0.1516]
Train Iter:[36 /51] CauLoss:[0.8697], AdvLoss:[0.1438]
Train Iter:[48 /51] CauLoss:[0.8763], AdvLoss:[0.1504]
--------------------------------------------------------------------------------------------------------------------------------------------------------------------------------------------------------
Epoch:[51/100], CauAdvLoss:[0.8725/0.1514] valid:[94.03], test:[71.67]
--------------------------------------------------------------------------------------------------------------------------------------------------------------------------------------------------------
Train Iter:[0  /51] CauLoss:[1.1814], AdvLoss:[0.2898]
Train Iter:[12 /51] CauLoss:[0.9146], AdvLoss:[0.1828]
Train Iter:[24 /51] CauLoss:[0.8910], AdvLoss:[0.1659]
Train Iter:[36 /51] CauLoss:[0.8572], AdvLoss:[0.1522]
Train Iter:[48 /51] CauLoss:[0.8682], AdvLoss:[0.1501]
--------------------------------------------------------------------------------------------------------------------------------------------------------------------------------------------------------
Epoch:[52/100], CauAdvLoss:[0.8700/0.1504] valid:[93.35], test:[71.30]
--------------------------------------------------------------------------------------------------------------------------------------------------------------------------------------------------------
Train Iter:[0  /51] CauLoss:[0.7290], AdvLoss:[0.0812]
Train Iter:[12 /51] CauLoss:[0.8741], AdvLoss:[0.1398]
Train Iter:[24 /51] CauLoss:[0.8345], AdvLoss:[0.1360]
Train Iter:[36 /51] CauLoss:[0.8549], AdvLoss:[0.1348]
Train Iter:[48 /51] CauLoss:[0.8565], AdvLoss:[0.1394]
--------------------------------------------------------------------------------------------------------------------------------------------------------------------------------------------------------
Epoch:[53/100], CauAdvLoss:[0.8629/0.1414] valid:[92.44], test:[72.13]
--------------------------------------------------------------------------------------------------------------------------------------------------------------------------------------------------------
Train Iter:[0  /51] CauLoss:[0.8219], AdvLoss:[0.2068]
Train Iter:[12 /51] CauLoss:[0.8520], AdvLoss:[0.2226]
Train Iter:[24 /51] CauLoss:[0.8176], AdvLoss:[0.1792]
Train Iter:[36 /51] CauLoss:[0.8401], AdvLoss:[0.1708]
Train Iter:[48 /51] CauLoss:[0.8557], AdvLoss:[0.1727]
--------------------------------------------------------------------------------------------------------------------------------------------------------------------------------------------------------
Epoch:[54/100], CauAdvLoss:[0.8584/0.1778] valid:[92.61], test:[72.78]
--------------------------------------------------------------------------------------------------------------------------------------------------------------------------------------------------------
Train Iter:[0  /51] CauLoss:[0.7088], AdvLoss:[0.1915]
Train Iter:[12 /51] CauLoss:[0.8485], AdvLoss:[0.1904]
Train Iter:[24 /51] CauLoss:[0.8577], AdvLoss:[0.1690]
Train Iter:[36 /51] CauLoss:[0.8701], AdvLoss:[0.1635]
Train Iter:[48 /51] CauLoss:[0.8586], AdvLoss:[0.1651]
--------------------------------------------------------------------------------------------------------------------------------------------------------------------------------------------------------
Epoch:[55/100], CauAdvLoss:[0.8639/0.1711] valid:[92.86], test:[71.62]
--------------------------------------------------------------------------------------------------------------------------------------------------------------------------------------------------------
Train Iter:[0  /51] CauLoss:[1.1125], AdvLoss:[0.2763]
Train Iter:[12 /51] CauLoss:[0.8480], AdvLoss:[0.1667]
Train Iter:[24 /51] CauLoss:[0.8340], AdvLoss:[0.1457]
Train Iter:[36 /51] CauLoss:[0.8149], AdvLoss:[0.1461]
Train Iter:[48 /51] CauLoss:[0.8397], AdvLoss:[0.1519]
--------------------------------------------------------------------------------------------------------------------------------------------------------------------------------------------------------
Epoch:[56/100], CauAdvLoss:[0.8405/0.1538] valid:[92.64], test:[73.21]
--------------------------------------------------------------------------------------------------------------------------------------------------------------------------------------------------------
Train Iter:[0  /51] CauLoss:[0.8069], AdvLoss:[0.1317]
Train Iter:[12 /51] CauLoss:[0.8214], AdvLoss:[0.1155]
Train Iter:[24 /51] CauLoss:[0.8254], AdvLoss:[0.1597]
Train Iter:[36 /51] CauLoss:[0.8528], AdvLoss:[0.1845]
Train Iter:[48 /51] CauLoss:[0.8695], AdvLoss:[0.1719]
--------------------------------------------------------------------------------------------------------------------------------------------------------------------------------------------------------
Epoch:[57/100], CauAdvLoss:[0.8621/0.1680] valid:[92.92], test:[72.28]
--------------------------------------------------------------------------------------------------------------------------------------------------------------------------------------------------------
Train Iter:[0  /51] CauLoss:[0.8366], AdvLoss:[0.0894]
Train Iter:[12 /51] CauLoss:[0.8273], AdvLoss:[0.1416]
Train Iter:[24 /51] CauLoss:[0.8612], AdvLoss:[0.1400]
Train Iter:[36 /51] CauLoss:[0.8213], AdvLoss:[0.1240]
Train Iter:[48 /51] CauLoss:[0.8452], AdvLoss:[0.1387]
--------------------------------------------------------------------------------------------------------------------------------------------------------------------------------------------------------
Epoch:[58/100], CauAdvLoss:[0.8410/0.1370] valid:[92.96], test:[72.60]
--------------------------------------------------------------------------------------------------------------------------------------------------------------------------------------------------------
Train Iter:[0  /51] CauLoss:[0.7750], AdvLoss:[0.0935]
Train Iter:[12 /51] CauLoss:[0.7871], AdvLoss:[0.1271]
Train Iter:[24 /51] CauLoss:[0.8088], AdvLoss:[0.1393]
Train Iter:[36 /51] CauLoss:[0.8317], AdvLoss:[0.1481]
Train Iter:[48 /51] CauLoss:[0.8520], AdvLoss:[0.1541]
--------------------------------------------------------------------------------------------------------------------------------------------------------------------------------------------------------
Epoch:[59/100], CauAdvLoss:[0.8439/0.1507] valid:[93.36], test:[72.68]
--------------------------------------------------------------------------------------------------------------------------------------------------------------------------------------------------------
Train Iter:[0  /51] CauLoss:[0.9809], AdvLoss:[0.1614]
Train Iter:[12 /51] CauLoss:[0.8433], AdvLoss:[0.1166]
Train Iter:[24 /51] CauLoss:[0.8532], AdvLoss:[0.1306]
Train Iter:[36 /51] CauLoss:[0.8459], AdvLoss:[0.1321]
Train Iter:[48 /51] CauLoss:[0.8387], AdvLoss:[0.1332]
--------------------------------------------------------------------------------------------------------------------------------------------------------------------------------------------------------
Epoch:[60/100], CauAdvLoss:[0.8470/0.1332] valid:[93.10], test:[73.07]
--------------------------------------------------------------------------------------------------------------------------------------------------------------------------------------------------------
Train Iter:[0  /51] CauLoss:[0.6942], AdvLoss:[0.0403]
Train Iter:[12 /51] CauLoss:[0.8218], AdvLoss:[0.1259]
Train Iter:[24 /51] CauLoss:[0.8516], AdvLoss:[0.1330]
Train Iter:[36 /51] CauLoss:[0.8309], AdvLoss:[0.1257]
Train Iter:[48 /51] CauLoss:[0.8332], AdvLoss:[0.1339]
--------------------------------------------------------------------------------------------------------------------------------------------------------------------------------------------------------
Epoch:[61/100], CauAdvLoss:[0.8334/0.1363] valid:[93.38], test:[72.64]
--------------------------------------------------------------------------------------------------------------------------------------------------------------------------------------------------------
Train Iter:[0  /51] CauLoss:[0.9779], AdvLoss:[0.2219]
Train Iter:[12 /51] CauLoss:[0.8770], AdvLoss:[0.1391]
Train Iter:[24 /51] CauLoss:[0.8868], AdvLoss:[0.1552]
Train Iter:[36 /51] CauLoss:[0.8780], AdvLoss:[0.1502]
Train Iter:[48 /51] CauLoss:[0.8466], AdvLoss:[0.1534]
--------------------------------------------------------------------------------------------------------------------------------------------------------------------------------------------------------
Epoch:[62/100], CauAdvLoss:[0.8508/0.1549] valid:[92.93], test:[72.11]
--------------------------------------------------------------------------------------------------------------------------------------------------------------------------------------------------------
Train Iter:[0  /51] CauLoss:[0.6635], AdvLoss:[0.0940]
Train Iter:[12 /51] CauLoss:[0.8514], AdvLoss:[0.1171]
Train Iter:[24 /51] CauLoss:[0.8341], AdvLoss:[0.1177]
Train Iter:[36 /51] CauLoss:[0.8451], AdvLoss:[0.1254]
Train Iter:[48 /51] CauLoss:[0.8420], AdvLoss:[0.1272]
--------------------------------------------------------------------------------------------------------------------------------------------------------------------------------------------------------
Epoch:[63/100], CauAdvLoss:[0.8412/0.1267] valid:[93.01], test:[72.92]
--------------------------------------------------------------------------------------------------------------------------------------------------------------------------------------------------------
Train Iter:[0  /51] CauLoss:[0.7742], AdvLoss:[0.0786]
Train Iter:[12 /51] CauLoss:[0.7870], AdvLoss:[0.0943]
Train Iter:[24 /51] CauLoss:[0.8271], AdvLoss:[0.1205]
Train Iter:[36 /51] CauLoss:[0.8280], AdvLoss:[0.1323]
Train Iter:[48 /51] CauLoss:[0.8240], AdvLoss:[0.1235]
--------------------------------------------------------------------------------------------------------------------------------------------------------------------------------------------------------
Epoch:[64/100], CauAdvLoss:[0.8326/0.1246] valid:[92.66], test:[72.68]
--------------------------------------------------------------------------------------------------------------------------------------------------------------------------------------------------------
Train Iter:[0  /51] CauLoss:[0.7859], AdvLoss:[0.1070]
Train Iter:[12 /51] CauLoss:[0.8030], AdvLoss:[0.1522]
Train Iter:[24 /51] CauLoss:[0.8390], AdvLoss:[0.1389]
Train Iter:[36 /51] CauLoss:[0.8254], AdvLoss:[0.1317]
Train Iter:[48 /51] CauLoss:[0.8319], AdvLoss:[0.1329]
--------------------------------------------------------------------------------------------------------------------------------------------------------------------------------------------------------
Epoch:[65/100], CauAdvLoss:[0.8265/0.1298] valid:[92.95], test:[72.85]
--------------------------------------------------------------------------------------------------------------------------------------------------------------------------------------------------------
Train Iter:[0  /51] CauLoss:[0.6222], AdvLoss:[0.0292]
Train Iter:[12 /51] CauLoss:[0.8672], AdvLoss:[0.1405]
Train Iter:[24 /51] CauLoss:[0.8417], AdvLoss:[0.1234]
Train Iter:[36 /51] CauLoss:[0.8505], AdvLoss:[0.1293]
Train Iter:[48 /51] CauLoss:[0.8229], AdvLoss:[0.1184]
--------------------------------------------------------------------------------------------------------------------------------------------------------------------------------------------------------
Epoch:[66/100], CauAdvLoss:[0.8337/0.1193] valid:[92.63], test:[72.66]
--------------------------------------------------------------------------------------------------------------------------------------------------------------------------------------------------------
Train Iter:[0  /51] CauLoss:[0.8331], AdvLoss:[0.1269]
Train Iter:[12 /51] CauLoss:[0.9013], AdvLoss:[0.1553]
Train Iter:[24 /51] CauLoss:[0.8398], AdvLoss:[0.1465]
Train Iter:[36 /51] CauLoss:[0.8241], AdvLoss:[0.1348]
Train Iter:[48 /51] CauLoss:[0.8140], AdvLoss:[0.1275]
--------------------------------------------------------------------------------------------------------------------------------------------------------------------------------------------------------
Epoch:[67/100], CauAdvLoss:[0.8143/0.1268] valid:[92.84], test:[72.84]
--------------------------------------------------------------------------------------------------------------------------------------------------------------------------------------------------------
Train Iter:[0  /51] CauLoss:[0.8127], AdvLoss:[0.0870]
Train Iter:[12 /51] CauLoss:[0.8287], AdvLoss:[0.1284]
Train Iter:[24 /51] CauLoss:[0.8394], AdvLoss:[0.1271]
Train Iter:[36 /51] CauLoss:[0.8464], AdvLoss:[0.1353]
Train Iter:[48 /51] CauLoss:[0.8159], AdvLoss:[0.1245]
--------------------------------------------------------------------------------------------------------------------------------------------------------------------------------------------------------
Epoch:[68/100], CauAdvLoss:[0.8197/0.1236] valid:[93.51], test:[72.98]
--------------------------------------------------------------------------------------------------------------------------------------------------------------------------------------------------------
Train Iter:[0  /51] CauLoss:[0.9211], AdvLoss:[0.0751]
Train Iter:[12 /51] CauLoss:[0.7895], AdvLoss:[0.0975]
Train Iter:[24 /51] CauLoss:[0.8230], AdvLoss:[0.1215]
Train Iter:[36 /51] CauLoss:[0.8079], AdvLoss:[0.1138]
Train Iter:[48 /51] CauLoss:[0.8296], AdvLoss:[0.1156]
--------------------------------------------------------------------------------------------------------------------------------------------------------------------------------------------------------
Epoch:[69/100], CauAdvLoss:[0.8269/0.1149] valid:[93.37], test:[72.97]
--------------------------------------------------------------------------------------------------------------------------------------------------------------------------------------------------------
Train Iter:[0  /51] CauLoss:[0.7989], AdvLoss:[0.1059]
Train Iter:[12 /51] CauLoss:[0.8134], AdvLoss:[0.1143]
Train Iter:[24 /51] CauLoss:[0.7673], AdvLoss:[0.0991]
Train Iter:[36 /51] CauLoss:[0.8025], AdvLoss:[0.1088]
Train Iter:[48 /51] CauLoss:[0.8157], AdvLoss:[0.1194]
--------------------------------------------------------------------------------------------------------------------------------------------------------------------------------------------------------
Epoch:[70/100], CauAdvLoss:[0.8181/0.1207] valid:[93.22], test:[72.98]
--------------------------------------------------------------------------------------------------------------------------------------------------------------------------------------------------------
Train Iter:[0  /51] CauLoss:[0.7444], AdvLoss:[0.1221]
Train Iter:[12 /51] CauLoss:[0.7404], AdvLoss:[0.1164]
Train Iter:[24 /51] CauLoss:[0.7761], AdvLoss:[0.1117]
Train Iter:[36 /51] CauLoss:[0.8024], AdvLoss:[0.1334]
Train Iter:[48 /51] CauLoss:[0.8243], AdvLoss:[0.1316]
--------------------------------------------------------------------------------------------------------------------------------------------------------------------------------------------------------
Epoch:[71/100], CauAdvLoss:[0.8185/0.1280] valid:[93.23], test:[72.42]
--------------------------------------------------------------------------------------------------------------------------------------------------------------------------------------------------------
Train Iter:[0  /51] CauLoss:[0.8144], AdvLoss:[0.0964]
Train Iter:[12 /51] CauLoss:[0.7726], AdvLoss:[0.1050]
Train Iter:[24 /51] CauLoss:[0.7939], AdvLoss:[0.1156]
Train Iter:[36 /51] CauLoss:[0.8052], AdvLoss:[0.1224]
Train Iter:[48 /51] CauLoss:[0.8156], AdvLoss:[0.1224]
--------------------------------------------------------------------------------------------------------------------------------------------------------------------------------------------------------
Epoch:[72/100], CauAdvLoss:[0.8139/0.1228] valid:[93.06], test:[72.25]
--------------------------------------------------------------------------------------------------------------------------------------------------------------------------------------------------------
Train Iter:[0  /51] CauLoss:[0.7309], AdvLoss:[0.1253]
Train Iter:[12 /51] CauLoss:[0.7873], AdvLoss:[0.1064]
Train Iter:[24 /51] CauLoss:[0.7998], AdvLoss:[0.0990]
Train Iter:[36 /51] CauLoss:[0.8108], AdvLoss:[0.1077]
Train Iter:[48 /51] CauLoss:[0.8150], AdvLoss:[0.1137]
--------------------------------------------------------------------------------------------------------------------------------------------------------------------------------------------------------
Epoch:[73/100], CauAdvLoss:[0.8169/0.1152] valid:[93.33], test:[72.50]
--------------------------------------------------------------------------------------------------------------------------------------------------------------------------------------------------------
Train Iter:[0  /51] CauLoss:[0.6072], AdvLoss:[0.0351]
Train Iter:[12 /51] CauLoss:[0.8529], AdvLoss:[0.1278]
Train Iter:[24 /51] CauLoss:[0.8171], AdvLoss:[0.1139]
Train Iter:[36 /51] CauLoss:[0.7999], AdvLoss:[0.1118]
Train Iter:[48 /51] CauLoss:[0.8115], AdvLoss:[0.1156]
--------------------------------------------------------------------------------------------------------------------------------------------------------------------------------------------------------
Epoch:[74/100], CauAdvLoss:[0.8112/0.1160] valid:[93.41], test:[72.77]
--------------------------------------------------------------------------------------------------------------------------------------------------------------------------------------------------------
Train Iter:[0  /51] CauLoss:[0.7866], AdvLoss:[0.0620]
Train Iter:[12 /51] CauLoss:[0.8119], AdvLoss:[0.1131]
Train Iter:[24 /51] CauLoss:[0.7655], AdvLoss:[0.0985]
Train Iter:[36 /51] CauLoss:[0.8102], AdvLoss:[0.1183]
Train Iter:[48 /51] CauLoss:[0.8121], AdvLoss:[0.1270]
--------------------------------------------------------------------------------------------------------------------------------------------------------------------------------------------------------
Epoch:[75/100], CauAdvLoss:[0.8076/0.1283] valid:[92.99], test:[72.61]
--------------------------------------------------------------------------------------------------------------------------------------------------------------------------------------------------------
Train Iter:[0  /51] CauLoss:[0.9247], AdvLoss:[0.1261]
Train Iter:[12 /51] CauLoss:[0.7577], AdvLoss:[0.0878]
Train Iter:[24 /51] CauLoss:[0.7914], AdvLoss:[0.1179]
Train Iter:[36 /51] CauLoss:[0.8059], AdvLoss:[0.1226]
Train Iter:[48 /51] CauLoss:[0.8096], AdvLoss:[0.1212]
--------------------------------------------------------------------------------------------------------------------------------------------------------------------------------------------------------
Epoch:[76/100], CauAdvLoss:[0.8091/0.1205] valid:[93.14], test:[72.03]
--------------------------------------------------------------------------------------------------------------------------------------------------------------------------------------------------------
Train Iter:[0  /51] CauLoss:[0.7478], AdvLoss:[0.1283]
Train Iter:[12 /51] CauLoss:[0.8100], AdvLoss:[0.1207]
Train Iter:[24 /51] CauLoss:[0.7872], AdvLoss:[0.1184]
Train Iter:[36 /51] CauLoss:[0.8029], AdvLoss:[0.1202]
Train Iter:[48 /51] CauLoss:[0.7968], AdvLoss:[0.1178]
--------------------------------------------------------------------------------------------------------------------------------------------------------------------------------------------------------
Epoch:[77/100], CauAdvLoss:[0.7907/0.1152] valid:[93.22], test:[72.74]
--------------------------------------------------------------------------------------------------------------------------------------------------------------------------------------------------------
Train Iter:[0  /51] CauLoss:[0.6440], AdvLoss:[0.0311]
Train Iter:[12 /51] CauLoss:[0.7455], AdvLoss:[0.1069]
Train Iter:[24 /51] CauLoss:[0.8186], AdvLoss:[0.1234]
Train Iter:[36 /51] CauLoss:[0.7858], AdvLoss:[0.1064]
Train Iter:[48 /51] CauLoss:[0.8090], AdvLoss:[0.1117]
--------------------------------------------------------------------------------------------------------------------------------------------------------------------------------------------------------
Epoch:[78/100], CauAdvLoss:[0.8079/0.1102] valid:[93.35], test:[72.46]
--------------------------------------------------------------------------------------------------------------------------------------------------------------------------------------------------------
Train Iter:[0  /51] CauLoss:[0.6433], AdvLoss:[0.0383]
Train Iter:[12 /51] CauLoss:[0.7830], AdvLoss:[0.1003]
Train Iter:[24 /51] CauLoss:[0.7775], AdvLoss:[0.1119]
Train Iter:[36 /51] CauLoss:[0.7807], AdvLoss:[0.1176]
Train Iter:[48 /51] CauLoss:[0.7762], AdvLoss:[0.1081]
--------------------------------------------------------------------------------------------------------------------------------------------------------------------------------------------------------
Epoch:[79/100], CauAdvLoss:[0.7825/0.1091] valid:[93.36], test:[72.25]
--------------------------------------------------------------------------------------------------------------------------------------------------------------------------------------------------------
Train Iter:[0  /51] CauLoss:[0.7281], AdvLoss:[0.0739]
Train Iter:[12 /51] CauLoss:[0.7956], AdvLoss:[0.1134]
Train Iter:[24 /51] CauLoss:[0.8331], AdvLoss:[0.1214]
Train Iter:[36 /51] CauLoss:[0.8141], AdvLoss:[0.1125]
Train Iter:[48 /51] CauLoss:[0.8040], AdvLoss:[0.1130]
--------------------------------------------------------------------------------------------------------------------------------------------------------------------------------------------------------
Epoch:[80/100], CauAdvLoss:[0.8010/0.1102] valid:[93.32], test:[72.51]
--------------------------------------------------------------------------------------------------------------------------------------------------------------------------------------------------------
Train Iter:[0  /51] CauLoss:[0.9661], AdvLoss:[0.0987]
Train Iter:[12 /51] CauLoss:[0.8854], AdvLoss:[0.1489]
Train Iter:[24 /51] CauLoss:[0.8201], AdvLoss:[0.1187]
Train Iter:[36 /51] CauLoss:[0.7960], AdvLoss:[0.1169]
Train Iter:[48 /51] CauLoss:[0.7891], AdvLoss:[0.1122]
--------------------------------------------------------------------------------------------------------------------------------------------------------------------------------------------------------
Epoch:[81/100], CauAdvLoss:[0.7864/0.1103] valid:[93.35], test:[72.24]
--------------------------------------------------------------------------------------------------------------------------------------------------------------------------------------------------------
Train Iter:[0  /51] CauLoss:[0.7521], AdvLoss:[0.1198]
Train Iter:[12 /51] CauLoss:[0.7744], AdvLoss:[0.0853]
Train Iter:[24 /51] CauLoss:[0.7989], AdvLoss:[0.0996]
Train Iter:[36 /51] CauLoss:[0.7835], AdvLoss:[0.0983]
Train Iter:[48 /51] CauLoss:[0.7878], AdvLoss:[0.1065]
--------------------------------------------------------------------------------------------------------------------------------------------------------------------------------------------------------
Epoch:[82/100], CauAdvLoss:[0.7897/0.1054] valid:[93.47], test:[72.70]
--------------------------------------------------------------------------------------------------------------------------------------------------------------------------------------------------------
Train Iter:[0  /51] CauLoss:[0.7172], AdvLoss:[0.0466]
Train Iter:[12 /51] CauLoss:[0.7172], AdvLoss:[0.0868]
Train Iter:[24 /51] CauLoss:[0.7178], AdvLoss:[0.0910]
Train Iter:[36 /51] CauLoss:[0.7547], AdvLoss:[0.0964]
Train Iter:[48 /51] CauLoss:[0.7695], AdvLoss:[0.1015]
--------------------------------------------------------------------------------------------------------------------------------------------------------------------------------------------------------
Epoch:[83/100], CauAdvLoss:[0.7857/0.1042] valid:[93.24], test:[73.16]
--------------------------------------------------------------------------------------------------------------------------------------------------------------------------------------------------------
Train Iter:[0  /51] CauLoss:[0.6128], AdvLoss:[0.0345]
Train Iter:[12 /51] CauLoss:[0.8317], AdvLoss:[0.1331]
Train Iter:[24 /51] CauLoss:[0.8190], AdvLoss:[0.1216]
Train Iter:[36 /51] CauLoss:[0.7823], AdvLoss:[0.1035]
Train Iter:[48 /51] CauLoss:[0.7962], AdvLoss:[0.1049]
--------------------------------------------------------------------------------------------------------------------------------------------------------------------------------------------------------
Epoch:[84/100], CauAdvLoss:[0.8020/0.1087] valid:[93.18], test:[72.97]
--------------------------------------------------------------------------------------------------------------------------------------------------------------------------------------------------------
Train Iter:[0  /51] CauLoss:[0.6630], AdvLoss:[0.0335]
Train Iter:[12 /51] CauLoss:[0.8091], AdvLoss:[0.1040]
Train Iter:[24 /51] CauLoss:[0.7957], AdvLoss:[0.1134]
Train Iter:[36 /51] CauLoss:[0.7882], AdvLoss:[0.1094]
Train Iter:[48 /51] CauLoss:[0.7979], AdvLoss:[0.1110]
--------------------------------------------------------------------------------------------------------------------------------------------------------------------------------------------------------
Epoch:[85/100], CauAdvLoss:[0.7939/0.1104] valid:[93.14], test:[72.73]
--------------------------------------------------------------------------------------------------------------------------------------------------------------------------------------------------------
Train Iter:[0  /51] CauLoss:[0.7574], AdvLoss:[0.0862]
Train Iter:[12 /51] CauLoss:[0.7701], AdvLoss:[0.0876]
Train Iter:[24 /51] CauLoss:[0.7993], AdvLoss:[0.1047]
Train Iter:[36 /51] CauLoss:[0.7945], AdvLoss:[0.1091]
Train Iter:[48 /51] CauLoss:[0.7896], AdvLoss:[0.1039]
--------------------------------------------------------------------------------------------------------------------------------------------------------------------------------------------------------
Epoch:[86/100], CauAdvLoss:[0.7896/0.1062] valid:[93.22], test:[72.77]
--------------------------------------------------------------------------------------------------------------------------------------------------------------------------------------------------------
Train Iter:[0  /51] CauLoss:[0.7176], AdvLoss:[0.1037]
Train Iter:[12 /51] CauLoss:[0.7209], AdvLoss:[0.0878]
Train Iter:[24 /51] CauLoss:[0.7478], AdvLoss:[0.0886]
Train Iter:[36 /51] CauLoss:[0.7657], AdvLoss:[0.0970]
Train Iter:[48 /51] CauLoss:[0.7777], AdvLoss:[0.1052]
--------------------------------------------------------------------------------------------------------------------------------------------------------------------------------------------------------
Epoch:[87/100], CauAdvLoss:[0.7769/0.1042] valid:[93.44], test:[72.93]
--------------------------------------------------------------------------------------------------------------------------------------------------------------------------------------------------------
Train Iter:[0  /51] CauLoss:[0.8792], AdvLoss:[0.0693]
Train Iter:[12 /51] CauLoss:[0.8928], AdvLoss:[0.1528]
Train Iter:[24 /51] CauLoss:[0.8298], AdvLoss:[0.1154]
Train Iter:[36 /51] CauLoss:[0.7970], AdvLoss:[0.1087]
Train Iter:[48 /51] CauLoss:[0.7837], AdvLoss:[0.1032]
--------------------------------------------------------------------------------------------------------------------------------------------------------------------------------------------------------
Epoch:[88/100], CauAdvLoss:[0.7841/0.1036] valid:[93.29], test:[72.65]
--------------------------------------------------------------------------------------------------------------------------------------------------------------------------------------------------------
Train Iter:[0  /51] CauLoss:[1.1201], AdvLoss:[0.0693]
Train Iter:[12 /51] CauLoss:[0.7911], AdvLoss:[0.0911]
Train Iter:[24 /51] CauLoss:[0.7710], AdvLoss:[0.0963]
Train Iter:[36 /51] CauLoss:[0.7989], AdvLoss:[0.1096]
Train Iter:[48 /51] CauLoss:[0.7902], AdvLoss:[0.1097]
--------------------------------------------------------------------------------------------------------------------------------------------------------------------------------------------------------
Epoch:[89/100], CauAdvLoss:[0.7910/0.1085] valid:[93.34], test:[72.80]
--------------------------------------------------------------------------------------------------------------------------------------------------------------------------------------------------------
Train Iter:[0  /51] CauLoss:[0.8285], AdvLoss:[0.1200]
Train Iter:[12 /51] CauLoss:[0.8141], AdvLoss:[0.1050]
Train Iter:[24 /51] CauLoss:[0.7924], AdvLoss:[0.0948]
Train Iter:[36 /51] CauLoss:[0.7944], AdvLoss:[0.0975]
Train Iter:[48 /51] CauLoss:[0.7841], AdvLoss:[0.0993]
--------------------------------------------------------------------------------------------------------------------------------------------------------------------------------------------------------
Epoch:[90/100], CauAdvLoss:[0.7898/0.1029] valid:[93.40], test:[72.68]
--------------------------------------------------------------------------------------------------------------------------------------------------------------------------------------------------------
Train Iter:[0  /51] CauLoss:[0.7931], AdvLoss:[0.1024]
Train Iter:[12 /51] CauLoss:[0.8361], AdvLoss:[0.1250]
Train Iter:[24 /51] CauLoss:[0.8076], AdvLoss:[0.1051]
Train Iter:[36 /51] CauLoss:[0.7875], AdvLoss:[0.0954]
Train Iter:[48 /51] CauLoss:[0.7857], AdvLoss:[0.1036]
--------------------------------------------------------------------------------------------------------------------------------------------------------------------------------------------------------
Epoch:[91/100], CauAdvLoss:[0.7890/0.1047] valid:[93.34], test:[72.94]
--------------------------------------------------------------------------------------------------------------------------------------------------------------------------------------------------------
Train Iter:[0  /51] CauLoss:[0.7193], AdvLoss:[0.0559]
Train Iter:[12 /51] CauLoss:[0.8419], AdvLoss:[0.1165]
Train Iter:[24 /51] CauLoss:[0.7965], AdvLoss:[0.1085]
Train Iter:[36 /51] CauLoss:[0.8048], AdvLoss:[0.1111]
Train Iter:[48 /51] CauLoss:[0.7815], AdvLoss:[0.1060]
--------------------------------------------------------------------------------------------------------------------------------------------------------------------------------------------------------
Epoch:[92/100], CauAdvLoss:[0.7766/0.1032] valid:[93.36], test:[72.85]
--------------------------------------------------------------------------------------------------------------------------------------------------------------------------------------------------------
Train Iter:[0  /51] CauLoss:[0.6550], AdvLoss:[0.0883]
Train Iter:[12 /51] CauLoss:[0.7738], AdvLoss:[0.1105]
Train Iter:[24 /51] CauLoss:[0.8082], AdvLoss:[0.1062]
Train Iter:[36 /51] CauLoss:[0.8177], AdvLoss:[0.1067]
Train Iter:[48 /51] CauLoss:[0.7952], AdvLoss:[0.1028]
--------------------------------------------------------------------------------------------------------------------------------------------------------------------------------------------------------
Epoch:[93/100], CauAdvLoss:[0.7933/0.1020] valid:[93.32], test:[72.79]
--------------------------------------------------------------------------------------------------------------------------------------------------------------------------------------------------------
Train Iter:[0  /51] CauLoss:[0.6541], AdvLoss:[0.0989]
Train Iter:[12 /51] CauLoss:[0.7553], AdvLoss:[0.0814]
Train Iter:[24 /51] CauLoss:[0.7731], AdvLoss:[0.0921]
Train Iter:[36 /51] CauLoss:[0.7860], AdvLoss:[0.1023]
Train Iter:[48 /51] CauLoss:[0.7909], AdvLoss:[0.1051]
--------------------------------------------------------------------------------------------------------------------------------------------------------------------------------------------------------
Epoch:[94/100], CauAdvLoss:[0.7882/0.1040] valid:[93.36], test:[72.72]
--------------------------------------------------------------------------------------------------------------------------------------------------------------------------------------------------------
Train Iter:[0  /51] CauLoss:[0.9962], AdvLoss:[0.1732]
Train Iter:[12 /51] CauLoss:[0.7913], AdvLoss:[0.1018]
Train Iter:[24 /51] CauLoss:[0.7826], AdvLoss:[0.1068]
Train Iter:[36 /51] CauLoss:[0.7770], AdvLoss:[0.0972]
Train Iter:[48 /51] CauLoss:[0.7898], AdvLoss:[0.0999]
--------------------------------------------------------------------------------------------------------------------------------------------------------------------------------------------------------
Epoch:[95/100], CauAdvLoss:[0.7896/0.1012] valid:[93.35], test:[73.04]
--------------------------------------------------------------------------------------------------------------------------------------------------------------------------------------------------------
Train Iter:[0  /51] CauLoss:[0.6408], AdvLoss:[0.0485]
Train Iter:[12 /51] CauLoss:[0.7722], AdvLoss:[0.1006]
Train Iter:[24 /51] CauLoss:[0.7722], AdvLoss:[0.1000]
Train Iter:[36 /51] CauLoss:[0.7684], AdvLoss:[0.1027]
Train Iter:[48 /51] CauLoss:[0.7795], AdvLoss:[0.1018]
--------------------------------------------------------------------------------------------------------------------------------------------------------------------------------------------------------
Epoch:[96/100], CauAdvLoss:[0.7792/0.1016] valid:[93.33], test:[72.63]
--------------------------------------------------------------------------------------------------------------------------------------------------------------------------------------------------------
Train Iter:[0  /51] CauLoss:[0.6461], AdvLoss:[0.0419]
Train Iter:[12 /51] CauLoss:[0.7511], AdvLoss:[0.1018]
Train Iter:[24 /51] CauLoss:[0.7518], AdvLoss:[0.0934]
Train Iter:[36 /51] CauLoss:[0.7837], AdvLoss:[0.1052]
Train Iter:[48 /51] CauLoss:[0.8003], AdvLoss:[0.1068]
--------------------------------------------------------------------------------------------------------------------------------------------------------------------------------------------------------
Epoch:[97/100], CauAdvLoss:[0.7959/0.1048] valid:[93.37], test:[72.78]
--------------------------------------------------------------------------------------------------------------------------------------------------------------------------------------------------------
Train Iter:[0  /51] CauLoss:[0.8740], AdvLoss:[0.1112]
Train Iter:[12 /51] CauLoss:[0.8186], AdvLoss:[0.0961]
Train Iter:[24 /51] CauLoss:[0.8195], AdvLoss:[0.1007]
Train Iter:[36 /51] CauLoss:[0.8202], AdvLoss:[0.1044]
Train Iter:[48 /51] CauLoss:[0.8171], AdvLoss:[0.1035]
--------------------------------------------------------------------------------------------------------------------------------------------------------------------------------------------------------
Epoch:[98/100], CauAdvLoss:[0.8157/0.1022] valid:[93.35], test:[72.73]
--------------------------------------------------------------------------------------------------------------------------------------------------------------------------------------------------------
Train Iter:[0  /51] CauLoss:[0.7319], AdvLoss:[0.1312]
Train Iter:[12 /51] CauLoss:[0.7624], AdvLoss:[0.0836]
Train Iter:[24 /51] CauLoss:[0.7793], AdvLoss:[0.1027]
Train Iter:[36 /51] CauLoss:[0.7786], AdvLoss:[0.1010]
Train Iter:[48 /51] CauLoss:[0.7725], AdvLoss:[0.0993]
--------------------------------------------------------------------------------------------------------------------------------------------------------------------------------------------------------
Epoch:[99/100], CauAdvLoss:[0.7832/0.1026] valid:[93.30], test:[72.69]
--------------------------------------------------------------------------------------------------------------------------------------------------------------------------------------------------------
Train Iter:[0  /51] CauLoss:[0.8625], AdvLoss:[0.1768]
Train Iter:[12 /51] CauLoss:[0.7632], AdvLoss:[0.1019]
Train Iter:[24 /51] CauLoss:[0.7683], AdvLoss:[0.0991]
Train Iter:[36 /51] CauLoss:[0.7731], AdvLoss:[0.1001]
Train Iter:[48 /51] CauLoss:[0.7875], AdvLoss:[0.1014]
--------------------------------------------------------------------------------------------------------------------------------------------------------------------------------------------------------
Epoch:[100/100], CauAdvLoss:[0.7895/0.1024] valid:[93.29], test:[72.86]
--------------------------------------------------------------------------------------------------------------------------------------------------------------------------------------------------------
Update test:[71.67] at epoch:[51] | Total time:00:03:58
initialize network with kaiming
Train Iter:[0  /51] CauLoss:[4.7641], AdvLoss:[-339.1187]
Train Iter:[12 /51] CauLoss:[2.6166], AdvLoss:[-38.0026]
Train Iter:[24 /51] CauLoss:[2.0433], AdvLoss:[-20.1186]
Train Iter:[36 /51] CauLoss:[1.8699], AdvLoss:[-13.8248]
Train Iter:[48 /51] CauLoss:[1.7628], AdvLoss:[-10.6550]
--------------------------------------------------------------------------------------------------------------------------------------------------------------------------------------------------------
Epoch:[1/100], CauAdvLoss:[1.7390/-10.2793] valid:[93.81], test:[57.96]
--------------------------------------------------------------------------------------------------------------------------------------------------------------------------------------------------------
Train Iter:[0  /51] CauLoss:[1.5733], AdvLoss:[-0.6461]
Train Iter:[12 /51] CauLoss:[1.3112], AdvLoss:[-0.8424]
Train Iter:[24 /51] CauLoss:[1.3412], AdvLoss:[-0.7685]
Train Iter:[36 /51] CauLoss:[1.3692], AdvLoss:[-0.7098]
Train Iter:[48 /51] CauLoss:[1.3399], AdvLoss:[-0.6662]
--------------------------------------------------------------------------------------------------------------------------------------------------------------------------------------------------------
Epoch:[2/100], CauAdvLoss:[1.3371/-0.6661] valid:[91.89], test:[59.79]
--------------------------------------------------------------------------------------------------------------------------------------------------------------------------------------------------------
Train Iter:[0  /51] CauLoss:[1.3738], AdvLoss:[-0.9205]
Train Iter:[12 /51] CauLoss:[1.2433], AdvLoss:[-0.4839]
Train Iter:[24 /51] CauLoss:[1.2739], AdvLoss:[-0.4504]
Train Iter:[36 /51] CauLoss:[1.2851], AdvLoss:[-0.4182]
Train Iter:[48 /51] CauLoss:[1.2811], AdvLoss:[-0.4016]
--------------------------------------------------------------------------------------------------------------------------------------------------------------------------------------------------------
Epoch:[3/100], CauAdvLoss:[1.2752/-0.4046] valid:[92.16], test:[61.26]
--------------------------------------------------------------------------------------------------------------------------------------------------------------------------------------------------------
Train Iter:[0  /51] CauLoss:[1.2664], AdvLoss:[-0.5063]
Train Iter:[12 /51] CauLoss:[1.1975], AdvLoss:[-0.3812]
Train Iter:[24 /51] CauLoss:[1.2484], AdvLoss:[-0.3098]
Train Iter:[36 /51] CauLoss:[1.2466], AdvLoss:[-0.2643]
Train Iter:[48 /51] CauLoss:[1.2353], AdvLoss:[-0.2497]
--------------------------------------------------------------------------------------------------------------------------------------------------------------------------------------------------------
Epoch:[4/100], CauAdvLoss:[1.2232/-0.2560] valid:[92.77], test:[58.90]
--------------------------------------------------------------------------------------------------------------------------------------------------------------------------------------------------------
Train Iter:[0  /51] CauLoss:[1.4084], AdvLoss:[0.0462]
Train Iter:[12 /51] CauLoss:[1.2481], AdvLoss:[-0.0973]
Train Iter:[24 /51] CauLoss:[1.2004], AdvLoss:[-0.1064]
Train Iter:[36 /51] CauLoss:[1.1797], AdvLoss:[-0.1402]
Train Iter:[48 /51] CauLoss:[1.1724], AdvLoss:[-0.1385]
--------------------------------------------------------------------------------------------------------------------------------------------------------------------------------------------------------
Epoch:[5/100], CauAdvLoss:[1.1782/-0.1333] valid:[92.92], test:[59.54]
--------------------------------------------------------------------------------------------------------------------------------------------------------------------------------------------------------
Train Iter:[0  /51] CauLoss:[1.0400], AdvLoss:[-0.2873]
Train Iter:[12 /51] CauLoss:[1.1225], AdvLoss:[-0.0784]
Train Iter:[24 /51] CauLoss:[1.1379], AdvLoss:[-0.0763]
Train Iter:[36 /51] CauLoss:[1.1599], AdvLoss:[-0.0686]
Train Iter:[48 /51] CauLoss:[1.1593], AdvLoss:[-0.0703]
--------------------------------------------------------------------------------------------------------------------------------------------------------------------------------------------------------
Epoch:[6/100], CauAdvLoss:[1.1507/-0.0753] valid:[93.30], test:[64.41]
--------------------------------------------------------------------------------------------------------------------------------------------------------------------------------------------------------
Train Iter:[0  /51] CauLoss:[1.1095], AdvLoss:[-0.0136]
Train Iter:[12 /51] CauLoss:[1.0868], AdvLoss:[-0.0958]
Train Iter:[24 /51] CauLoss:[1.1119], AdvLoss:[-0.0469]
Train Iter:[36 /51] CauLoss:[1.1058], AdvLoss:[-0.0063]
Train Iter:[48 /51] CauLoss:[1.1124], AdvLoss:[0.0237]
--------------------------------------------------------------------------------------------------------------------------------------------------------------------------------------------------------
Epoch:[7/100], CauAdvLoss:[1.1141/0.0231] valid:[91.35], test:[60.69]
--------------------------------------------------------------------------------------------------------------------------------------------------------------------------------------------------------
Train Iter:[0  /51] CauLoss:[1.2663], AdvLoss:[0.0650]
Train Iter:[12 /51] CauLoss:[1.1802], AdvLoss:[-0.0067]
Train Iter:[24 /51] CauLoss:[1.2171], AdvLoss:[0.0398]
Train Iter:[36 /51] CauLoss:[1.1645], AdvLoss:[0.0295]
Train Iter:[48 /51] CauLoss:[1.1278], AdvLoss:[0.0319]
--------------------------------------------------------------------------------------------------------------------------------------------------------------------------------------------------------
Epoch:[8/100], CauAdvLoss:[1.1218/0.0324] valid:[92.74], test:[63.55]
--------------------------------------------------------------------------------------------------------------------------------------------------------------------------------------------------------
Train Iter:[0  /51] CauLoss:[1.3248], AdvLoss:[0.3584]
Train Iter:[12 /51] CauLoss:[1.0788], AdvLoss:[0.1704]
Train Iter:[24 /51] CauLoss:[1.0798], AdvLoss:[0.1465]
Train Iter:[36 /51] CauLoss:[1.0878], AdvLoss:[0.1543]
Train Iter:[48 /51] CauLoss:[1.0796], AdvLoss:[0.1235]
--------------------------------------------------------------------------------------------------------------------------------------------------------------------------------------------------------
Epoch:[9/100], CauAdvLoss:[1.0899/0.1251] valid:[92.89], test:[62.46]
--------------------------------------------------------------------------------------------------------------------------------------------------------------------------------------------------------
Train Iter:[0  /51] CauLoss:[1.0785], AdvLoss:[-0.0741]
Train Iter:[12 /51] CauLoss:[1.1048], AdvLoss:[0.0970]
Train Iter:[24 /51] CauLoss:[1.0545], AdvLoss:[0.0517]
Train Iter:[36 /51] CauLoss:[1.0817], AdvLoss:[0.1043]
Train Iter:[48 /51] CauLoss:[1.0848], AdvLoss:[0.1119]
--------------------------------------------------------------------------------------------------------------------------------------------------------------------------------------------------------
Epoch:[10/100], CauAdvLoss:[1.0756/0.1108] valid:[93.47], test:[62.40]
--------------------------------------------------------------------------------------------------------------------------------------------------------------------------------------------------------
Train Iter:[0  /51] CauLoss:[1.1838], AdvLoss:[0.2789]
Train Iter:[12 /51] CauLoss:[1.0864], AdvLoss:[0.1430]
Train Iter:[24 /51] CauLoss:[1.0775], AdvLoss:[0.1514]
Train Iter:[36 /51] CauLoss:[1.0533], AdvLoss:[0.1452]
Train Iter:[48 /51] CauLoss:[1.0451], AdvLoss:[0.1457]
--------------------------------------------------------------------------------------------------------------------------------------------------------------------------------------------------------
Epoch:[11/100], CauAdvLoss:[1.0429/0.1460] valid:[93.68], test:[63.13]
--------------------------------------------------------------------------------------------------------------------------------------------------------------------------------------------------------
Train Iter:[0  /51] CauLoss:[1.2673], AdvLoss:[0.1422]
Train Iter:[12 /51] CauLoss:[1.0085], AdvLoss:[0.0347]
Train Iter:[24 /51] CauLoss:[0.9687], AdvLoss:[0.0500]
Train Iter:[36 /51] CauLoss:[1.0075], AdvLoss:[0.1238]
Train Iter:[48 /51] CauLoss:[1.0560], AdvLoss:[0.1955]
--------------------------------------------------------------------------------------------------------------------------------------------------------------------------------------------------------
Epoch:[12/100], CauAdvLoss:[1.0490/0.1977] valid:[92.04], test:[65.61]
--------------------------------------------------------------------------------------------------------------------------------------------------------------------------------------------------------
Train Iter:[0  /51] CauLoss:[0.9515], AdvLoss:[0.2338]
Train Iter:[12 /51] CauLoss:[1.0834], AdvLoss:[0.3663]
Train Iter:[24 /51] CauLoss:[1.1201], AdvLoss:[0.2814]
Train Iter:[36 /51] CauLoss:[1.0700], AdvLoss:[0.2433]
Train Iter:[48 /51] CauLoss:[1.0507], AdvLoss:[0.2194]
--------------------------------------------------------------------------------------------------------------------------------------------------------------------------------------------------------
Epoch:[13/100], CauAdvLoss:[1.0548/0.2119] valid:[93.31], test:[64.46]
--------------------------------------------------------------------------------------------------------------------------------------------------------------------------------------------------------
Train Iter:[0  /51] CauLoss:[0.8820], AdvLoss:[0.2801]
Train Iter:[12 /51] CauLoss:[1.0741], AdvLoss:[0.1828]
Train Iter:[24 /51] CauLoss:[1.0757], AdvLoss:[0.2357]
Train Iter:[36 /51] CauLoss:[1.0403], AdvLoss:[0.2448]
Train Iter:[48 /51] CauLoss:[1.0360], AdvLoss:[0.2537]
--------------------------------------------------------------------------------------------------------------------------------------------------------------------------------------------------------
Epoch:[14/100], CauAdvLoss:[1.0381/0.2540] valid:[94.09], test:[66.17]
--------------------------------------------------------------------------------------------------------------------------------------------------------------------------------------------------------
Train Iter:[0  /51] CauLoss:[1.2206], AdvLoss:[0.4637]
Train Iter:[12 /51] CauLoss:[0.9865], AdvLoss:[0.3197]
Train Iter:[24 /51] CauLoss:[0.9979], AdvLoss:[0.2761]
Train Iter:[36 /51] CauLoss:[1.0133], AdvLoss:[0.2744]
Train Iter:[48 /51] CauLoss:[1.0016], AdvLoss:[0.2564]
--------------------------------------------------------------------------------------------------------------------------------------------------------------------------------------------------------
Epoch:[15/100], CauAdvLoss:[1.0116/0.2548] valid:[93.36], test:[62.87]
--------------------------------------------------------------------------------------------------------------------------------------------------------------------------------------------------------
Train Iter:[0  /51] CauLoss:[1.0324], AdvLoss:[0.2083]
Train Iter:[12 /51] CauLoss:[0.9457], AdvLoss:[0.1812]
Train Iter:[24 /51] CauLoss:[1.0193], AdvLoss:[0.2294]
Train Iter:[36 /51] CauLoss:[0.9946], AdvLoss:[0.2327]
Train Iter:[48 /51] CauLoss:[1.0165], AdvLoss:[0.2936]
--------------------------------------------------------------------------------------------------------------------------------------------------------------------------------------------------------
Epoch:[16/100], CauAdvLoss:[1.0098/0.2975] valid:[93.63], test:[64.02]
--------------------------------------------------------------------------------------------------------------------------------------------------------------------------------------------------------
Train Iter:[0  /51] CauLoss:[0.9288], AdvLoss:[0.0976]
Train Iter:[12 /51] CauLoss:[1.0411], AdvLoss:[0.2852]
Train Iter:[24 /51] CauLoss:[1.0329], AdvLoss:[0.2446]
Train Iter:[36 /51] CauLoss:[1.0364], AdvLoss:[0.2591]
Train Iter:[48 /51] CauLoss:[1.0333], AdvLoss:[0.2422]
--------------------------------------------------------------------------------------------------------------------------------------------------------------------------------------------------------
Epoch:[17/100], CauAdvLoss:[1.0271/0.2401] valid:[93.42], test:[63.64]
--------------------------------------------------------------------------------------------------------------------------------------------------------------------------------------------------------
Train Iter:[0  /51] CauLoss:[0.9019], AdvLoss:[0.1165]
Train Iter:[12 /51] CauLoss:[1.0061], AdvLoss:[0.2383]
Train Iter:[24 /51] CauLoss:[1.0309], AdvLoss:[0.2947]
Train Iter:[36 /51] CauLoss:[1.0219], AdvLoss:[0.2821]
Train Iter:[48 /51] CauLoss:[1.0043], AdvLoss:[0.2685]
--------------------------------------------------------------------------------------------------------------------------------------------------------------------------------------------------------
Epoch:[18/100], CauAdvLoss:[1.0009/0.2677] valid:[93.53], test:[64.68]
--------------------------------------------------------------------------------------------------------------------------------------------------------------------------------------------------------
Train Iter:[0  /51] CauLoss:[0.7670], AdvLoss:[0.2361]
Train Iter:[12 /51] CauLoss:[1.0411], AdvLoss:[0.2049]
Train Iter:[24 /51] CauLoss:[0.9887], AdvLoss:[0.2785]
Train Iter:[36 /51] CauLoss:[1.0179], AdvLoss:[0.3473]
Train Iter:[48 /51] CauLoss:[0.9968], AdvLoss:[0.3294]
--------------------------------------------------------------------------------------------------------------------------------------------------------------------------------------------------------
Epoch:[19/100], CauAdvLoss:[0.9977/0.3250] valid:[92.61], test:[64.54]
--------------------------------------------------------------------------------------------------------------------------------------------------------------------------------------------------------
Train Iter:[0  /51] CauLoss:[1.0540], AdvLoss:[-0.0647]
Train Iter:[12 /51] CauLoss:[1.0666], AdvLoss:[0.2301]
Train Iter:[24 /51] CauLoss:[1.0307], AdvLoss:[0.2550]
Train Iter:[36 /51] CauLoss:[1.0163], AdvLoss:[0.2574]
Train Iter:[48 /51] CauLoss:[1.0112], AdvLoss:[0.2511]
--------------------------------------------------------------------------------------------------------------------------------------------------------------------------------------------------------
Epoch:[20/100], CauAdvLoss:[1.0098/0.2569] valid:[93.84], test:[65.42]
--------------------------------------------------------------------------------------------------------------------------------------------------------------------------------------------------------
Train Iter:[0  /51] CauLoss:[1.0366], AdvLoss:[0.4055]
Train Iter:[12 /51] CauLoss:[0.9237], AdvLoss:[0.2616]
Train Iter:[24 /51] CauLoss:[0.9327], AdvLoss:[0.2350]
Train Iter:[36 /51] CauLoss:[0.9800], AdvLoss:[0.2452]
Train Iter:[48 /51] CauLoss:[0.9889], AdvLoss:[0.2329]
--------------------------------------------------------------------------------------------------------------------------------------------------------------------------------------------------------
Epoch:[21/100], CauAdvLoss:[0.9912/0.2386] valid:[93.45], test:[64.35]
--------------------------------------------------------------------------------------------------------------------------------------------------------------------------------------------------------
Train Iter:[0  /51] CauLoss:[1.0592], AdvLoss:[0.3703]
Train Iter:[12 /51] CauLoss:[0.8917], AdvLoss:[0.3238]
Train Iter:[24 /51] CauLoss:[0.9645], AdvLoss:[0.3472]
Train Iter:[36 /51] CauLoss:[0.9806], AdvLoss:[0.3393]
Train Iter:[48 /51] CauLoss:[0.9617], AdvLoss:[0.3127]
--------------------------------------------------------------------------------------------------------------------------------------------------------------------------------------------------------
Epoch:[22/100], CauAdvLoss:[0.9614/0.3181] valid:[93.65], test:[67.12]
--------------------------------------------------------------------------------------------------------------------------------------------------------------------------------------------------------
Train Iter:[0  /51] CauLoss:[0.9413], AdvLoss:[0.3057]
Train Iter:[12 /51] CauLoss:[0.9299], AdvLoss:[0.2572]
Train Iter:[24 /51] CauLoss:[0.9598], AdvLoss:[0.2297]
Train Iter:[36 /51] CauLoss:[0.9883], AdvLoss:[0.2703]
Train Iter:[48 /51] CauLoss:[0.9659], AdvLoss:[0.2877]
--------------------------------------------------------------------------------------------------------------------------------------------------------------------------------------------------------
Epoch:[23/100], CauAdvLoss:[0.9814/0.3002] valid:[94.63], test:[67.83]
--------------------------------------------------------------------------------------------------------------------------------------------------------------------------------------------------------
Train Iter:[0  /51] CauLoss:[0.7992], AdvLoss:[0.0740]
Train Iter:[12 /51] CauLoss:[0.8654], AdvLoss:[0.1237]
Train Iter:[24 /51] CauLoss:[0.9264], AdvLoss:[0.1952]
Train Iter:[36 /51] CauLoss:[0.9611], AdvLoss:[0.2237]
Train Iter:[48 /51] CauLoss:[0.9658], AdvLoss:[0.2520]
--------------------------------------------------------------------------------------------------------------------------------------------------------------------------------------------------------
Epoch:[24/100], CauAdvLoss:[0.9690/0.2512] valid:[93.83], test:[66.84]
--------------------------------------------------------------------------------------------------------------------------------------------------------------------------------------------------------
Train Iter:[0  /51] CauLoss:[0.7404], AdvLoss:[0.0328]
Train Iter:[12 /51] CauLoss:[0.8880], AdvLoss:[0.2469]
Train Iter:[24 /51] CauLoss:[0.9223], AdvLoss:[0.2822]
Train Iter:[36 /51] CauLoss:[0.9223], AdvLoss:[0.2884]
Train Iter:[48 /51] CauLoss:[0.9530], AdvLoss:[0.3061]
--------------------------------------------------------------------------------------------------------------------------------------------------------------------------------------------------------
Epoch:[25/100], CauAdvLoss:[0.9560/0.2981] valid:[94.23], test:[68.73]
--------------------------------------------------------------------------------------------------------------------------------------------------------------------------------------------------------
Train Iter:[0  /51] CauLoss:[0.8227], AdvLoss:[0.1042]
Train Iter:[12 /51] CauLoss:[0.9868], AdvLoss:[0.2228]
Train Iter:[24 /51] CauLoss:[0.9733], AdvLoss:[0.2311]
Train Iter:[36 /51] CauLoss:[0.9422], AdvLoss:[0.2187]
Train Iter:[48 /51] CauLoss:[0.9513], AdvLoss:[0.2302]
--------------------------------------------------------------------------------------------------------------------------------------------------------------------------------------------------------
Epoch:[26/100], CauAdvLoss:[0.9453/0.2262] valid:[93.87], test:[67.84]
--------------------------------------------------------------------------------------------------------------------------------------------------------------------------------------------------------
Train Iter:[0  /51] CauLoss:[0.8230], AdvLoss:[0.1305]
Train Iter:[12 /51] CauLoss:[0.9209], AdvLoss:[0.2211]
Train Iter:[24 /51] CauLoss:[0.9686], AdvLoss:[0.2796]
Train Iter:[36 /51] CauLoss:[0.9518], AdvLoss:[0.2739]
Train Iter:[48 /51] CauLoss:[0.9490], AdvLoss:[0.2850]
--------------------------------------------------------------------------------------------------------------------------------------------------------------------------------------------------------
Epoch:[27/100], CauAdvLoss:[0.9435/0.2829] valid:[93.68], test:[66.30]
--------------------------------------------------------------------------------------------------------------------------------------------------------------------------------------------------------
Train Iter:[0  /51] CauLoss:[0.9432], AdvLoss:[-0.0307]
Train Iter:[12 /51] CauLoss:[0.8662], AdvLoss:[0.2577]
Train Iter:[24 /51] CauLoss:[0.9083], AdvLoss:[0.2764]
Train Iter:[36 /51] CauLoss:[0.9198], AdvLoss:[0.2728]
Train Iter:[48 /51] CauLoss:[0.9457], AdvLoss:[0.2698]
--------------------------------------------------------------------------------------------------------------------------------------------------------------------------------------------------------
Epoch:[28/100], CauAdvLoss:[0.9399/0.2606] valid:[93.34], test:[64.35]
--------------------------------------------------------------------------------------------------------------------------------------------------------------------------------------------------------
Train Iter:[0  /51] CauLoss:[0.7468], AdvLoss:[0.1808]
Train Iter:[12 /51] CauLoss:[0.9387], AdvLoss:[0.3852]
Train Iter:[24 /51] CauLoss:[0.9636], AdvLoss:[0.3802]
Train Iter:[36 /51] CauLoss:[0.9471], AdvLoss:[0.3529]
Train Iter:[48 /51] CauLoss:[0.9559], AdvLoss:[0.3246]
--------------------------------------------------------------------------------------------------------------------------------------------------------------------------------------------------------
Epoch:[29/100], CauAdvLoss:[0.9574/0.3204] valid:[93.46], test:[67.51]
--------------------------------------------------------------------------------------------------------------------------------------------------------------------------------------------------------
Train Iter:[0  /51] CauLoss:[0.9381], AdvLoss:[0.2846]
Train Iter:[12 /51] CauLoss:[0.8823], AdvLoss:[0.2111]
Train Iter:[24 /51] CauLoss:[0.9093], AdvLoss:[0.2489]
Train Iter:[36 /51] CauLoss:[0.9431], AdvLoss:[0.2927]
Train Iter:[48 /51] CauLoss:[0.9388], AdvLoss:[0.2777]
--------------------------------------------------------------------------------------------------------------------------------------------------------------------------------------------------------
Epoch:[30/100], CauAdvLoss:[0.9335/0.2750] valid:[93.75], test:[68.25]
--------------------------------------------------------------------------------------------------------------------------------------------------------------------------------------------------------
Train Iter:[0  /51] CauLoss:[0.7702], AdvLoss:[0.1088]
Train Iter:[12 /51] CauLoss:[0.9407], AdvLoss:[0.1841]
Train Iter:[24 /51] CauLoss:[0.9209], AdvLoss:[0.2322]
Train Iter:[36 /51] CauLoss:[0.9301], AdvLoss:[0.2317]
Train Iter:[48 /51] CauLoss:[0.9415], AdvLoss:[0.2492]
--------------------------------------------------------------------------------------------------------------------------------------------------------------------------------------------------------
Epoch:[31/100], CauAdvLoss:[0.9417/0.2566] valid:[93.21], test:[68.48]
--------------------------------------------------------------------------------------------------------------------------------------------------------------------------------------------------------
Train Iter:[0  /51] CauLoss:[1.1218], AdvLoss:[0.1158]
Train Iter:[12 /51] CauLoss:[0.9713], AdvLoss:[0.2639]
Train Iter:[24 /51] CauLoss:[0.9210], AdvLoss:[0.2643]
Train Iter:[36 /51] CauLoss:[0.9321], AdvLoss:[0.2782]
Train Iter:[48 /51] CauLoss:[0.9469], AdvLoss:[0.2707]
--------------------------------------------------------------------------------------------------------------------------------------------------------------------------------------------------------
Epoch:[32/100], CauAdvLoss:[0.9516/0.2780] valid:[94.20], test:[66.46]
--------------------------------------------------------------------------------------------------------------------------------------------------------------------------------------------------------
Train Iter:[0  /51] CauLoss:[0.7753], AdvLoss:[0.2785]
Train Iter:[12 /51] CauLoss:[0.9196], AdvLoss:[0.2108]
Train Iter:[24 /51] CauLoss:[0.8963], AdvLoss:[0.1965]
Train Iter:[36 /51] CauLoss:[0.8910], AdvLoss:[0.2160]
Train Iter:[48 /51] CauLoss:[0.9038], AdvLoss:[0.2455]
--------------------------------------------------------------------------------------------------------------------------------------------------------------------------------------------------------
Epoch:[33/100], CauAdvLoss:[0.9016/0.2530] valid:[94.22], test:[66.56]
--------------------------------------------------------------------------------------------------------------------------------------------------------------------------------------------------------
Train Iter:[0  /51] CauLoss:[1.1899], AdvLoss:[0.8847]
Train Iter:[12 /51] CauLoss:[0.8885], AdvLoss:[0.3520]
Train Iter:[24 /51] CauLoss:[0.8693], AdvLoss:[0.2798]
Train Iter:[36 /51] CauLoss:[0.9027], AdvLoss:[0.3466]
Train Iter:[48 /51] CauLoss:[0.8990], AdvLoss:[0.3419]
--------------------------------------------------------------------------------------------------------------------------------------------------------------------------------------------------------
Epoch:[34/100], CauAdvLoss:[0.9072/0.3427] valid:[94.40], test:[68.04]
--------------------------------------------------------------------------------------------------------------------------------------------------------------------------------------------------------
Train Iter:[0  /51] CauLoss:[0.7857], AdvLoss:[0.3097]
Train Iter:[12 /51] CauLoss:[0.8550], AdvLoss:[0.2262]
Train Iter:[24 /51] CauLoss:[0.8469], AdvLoss:[0.2526]
Train Iter:[36 /51] CauLoss:[0.8748], AdvLoss:[0.2715]
Train Iter:[48 /51] CauLoss:[0.8939], AdvLoss:[0.2882]
--------------------------------------------------------------------------------------------------------------------------------------------------------------------------------------------------------
Epoch:[35/100], CauAdvLoss:[0.8945/0.2868] valid:[92.71], test:[64.79]
--------------------------------------------------------------------------------------------------------------------------------------------------------------------------------------------------------
Train Iter:[0  /51] CauLoss:[1.1707], AdvLoss:[0.3710]
Train Iter:[12 /51] CauLoss:[0.9070], AdvLoss:[0.3330]
Train Iter:[24 /51] CauLoss:[0.8890], AdvLoss:[0.3151]
Train Iter:[36 /51] CauLoss:[0.9093], AdvLoss:[0.3431]
Train Iter:[48 /51] CauLoss:[0.8809], AdvLoss:[0.3308]
--------------------------------------------------------------------------------------------------------------------------------------------------------------------------------------------------------
Epoch:[36/100], CauAdvLoss:[0.8833/0.3383] valid:[93.36], test:[64.11]
--------------------------------------------------------------------------------------------------------------------------------------------------------------------------------------------------------
Train Iter:[0  /51] CauLoss:[0.7524], AdvLoss:[-0.1162]
Train Iter:[12 /51] CauLoss:[0.7915], AdvLoss:[0.2644]
Train Iter:[24 /51] CauLoss:[0.8716], AdvLoss:[0.3124]
Train Iter:[36 /51] CauLoss:[0.8865], AdvLoss:[0.3084]
Train Iter:[48 /51] CauLoss:[0.8950], AdvLoss:[0.3465]
--------------------------------------------------------------------------------------------------------------------------------------------------------------------------------------------------------
Epoch:[37/100], CauAdvLoss:[0.8987/0.3537] valid:[93.66], test:[68.19]
--------------------------------------------------------------------------------------------------------------------------------------------------------------------------------------------------------
Train Iter:[0  /51] CauLoss:[0.9178], AdvLoss:[0.5563]
Train Iter:[12 /51] CauLoss:[1.0030], AdvLoss:[0.3619]
Train Iter:[24 /51] CauLoss:[0.9594], AdvLoss:[0.3168]
Train Iter:[36 /51] CauLoss:[0.9323], AdvLoss:[0.2856]
Train Iter:[48 /51] CauLoss:[0.9239], AdvLoss:[0.2700]
--------------------------------------------------------------------------------------------------------------------------------------------------------------------------------------------------------
Epoch:[38/100], CauAdvLoss:[0.9185/0.2681] valid:[94.19], test:[66.16]
--------------------------------------------------------------------------------------------------------------------------------------------------------------------------------------------------------
Train Iter:[0  /51] CauLoss:[0.7406], AdvLoss:[0.3454]
Train Iter:[12 /51] CauLoss:[0.8751], AdvLoss:[0.3093]
Train Iter:[24 /51] CauLoss:[0.8774], AdvLoss:[0.2792]
Train Iter:[36 /51] CauLoss:[0.8700], AdvLoss:[0.3015]
Train Iter:[48 /51] CauLoss:[0.9042], AdvLoss:[0.2942]
--------------------------------------------------------------------------------------------------------------------------------------------------------------------------------------------------------
Epoch:[39/100], CauAdvLoss:[0.9084/0.2918] valid:[93.88], test:[65.41]
--------------------------------------------------------------------------------------------------------------------------------------------------------------------------------------------------------
Train Iter:[0  /51] CauLoss:[0.9175], AdvLoss:[0.5133]
Train Iter:[12 /51] CauLoss:[0.8310], AdvLoss:[0.1922]
Train Iter:[24 /51] CauLoss:[0.8690], AdvLoss:[0.2253]
Train Iter:[36 /51] CauLoss:[0.8734], AdvLoss:[0.2360]
Train Iter:[48 /51] CauLoss:[0.8942], AdvLoss:[0.2702]
--------------------------------------------------------------------------------------------------------------------------------------------------------------------------------------------------------
Epoch:[40/100], CauAdvLoss:[0.8925/0.2718] valid:[94.70], test:[68.50]
--------------------------------------------------------------------------------------------------------------------------------------------------------------------------------------------------------
Train Iter:[0  /51] CauLoss:[1.0444], AdvLoss:[0.1471]
Train Iter:[12 /51] CauLoss:[0.8625], AdvLoss:[0.2214]
Train Iter:[24 /51] CauLoss:[0.8383], AdvLoss:[0.2433]
Train Iter:[36 /51] CauLoss:[0.8546], AdvLoss:[0.3018]
Train Iter:[48 /51] CauLoss:[0.8877], AdvLoss:[0.2943]
--------------------------------------------------------------------------------------------------------------------------------------------------------------------------------------------------------
Epoch:[41/100], CauAdvLoss:[0.8951/0.3027] valid:[94.43], test:[67.69]
--------------------------------------------------------------------------------------------------------------------------------------------------------------------------------------------------------
Train Iter:[0  /51] CauLoss:[0.9609], AdvLoss:[0.3298]
Train Iter:[12 /51] CauLoss:[0.9848], AdvLoss:[0.3174]
Train Iter:[24 /51] CauLoss:[0.9477], AdvLoss:[0.2865]
Train Iter:[36 /51] CauLoss:[0.9112], AdvLoss:[0.2600]
Train Iter:[48 /51] CauLoss:[0.9020], AdvLoss:[0.2617]
--------------------------------------------------------------------------------------------------------------------------------------------------------------------------------------------------------
Epoch:[42/100], CauAdvLoss:[0.8968/0.2583] valid:[94.52], test:[66.28]
--------------------------------------------------------------------------------------------------------------------------------------------------------------------------------------------------------
Train Iter:[0  /51] CauLoss:[0.8614], AdvLoss:[0.4748]
Train Iter:[12 /51] CauLoss:[0.8736], AdvLoss:[0.3143]
Train Iter:[24 /51] CauLoss:[0.8752], AdvLoss:[0.2857]
Train Iter:[36 /51] CauLoss:[0.8760], AdvLoss:[0.2491]
Train Iter:[48 /51] CauLoss:[0.8827], AdvLoss:[0.2762]
--------------------------------------------------------------------------------------------------------------------------------------------------------------------------------------------------------
Epoch:[43/100], CauAdvLoss:[0.8737/0.2744] valid:[93.61], test:[68.25]
--------------------------------------------------------------------------------------------------------------------------------------------------------------------------------------------------------
Train Iter:[0  /51] CauLoss:[1.7578], AdvLoss:[0.8100]
Train Iter:[12 /51] CauLoss:[0.9678], AdvLoss:[0.4554]
Train Iter:[24 /51] CauLoss:[0.9198], AdvLoss:[0.3500]
Train Iter:[36 /51] CauLoss:[0.9087], AdvLoss:[0.2974]
Train Iter:[48 /51] CauLoss:[0.8933], AdvLoss:[0.2814]
--------------------------------------------------------------------------------------------------------------------------------------------------------------------------------------------------------
Epoch:[44/100], CauAdvLoss:[0.8891/0.2701] valid:[94.31], test:[67.00]
--------------------------------------------------------------------------------------------------------------------------------------------------------------------------------------------------------
Train Iter:[0  /51] CauLoss:[0.9558], AdvLoss:[0.1115]
Train Iter:[12 /51] CauLoss:[0.9016], AdvLoss:[0.2845]
Train Iter:[24 /51] CauLoss:[0.8797], AdvLoss:[0.2961]
Train Iter:[36 /51] CauLoss:[0.8747], AdvLoss:[0.2930]
Train Iter:[48 /51] CauLoss:[0.8818], AdvLoss:[0.2915]
--------------------------------------------------------------------------------------------------------------------------------------------------------------------------------------------------------
Epoch:[45/100], CauAdvLoss:[0.8755/0.2922] valid:[93.50], test:[66.83]
--------------------------------------------------------------------------------------------------------------------------------------------------------------------------------------------------------
Train Iter:[0  /51] CauLoss:[1.1515], AdvLoss:[0.4360]
Train Iter:[12 /51] CauLoss:[0.8568], AdvLoss:[0.2357]
Train Iter:[24 /51] CauLoss:[0.8565], AdvLoss:[0.2260]
Train Iter:[36 /51] CauLoss:[0.8821], AdvLoss:[0.2412]
Train Iter:[48 /51] CauLoss:[0.8697], AdvLoss:[0.2364]
--------------------------------------------------------------------------------------------------------------------------------------------------------------------------------------------------------
Epoch:[46/100], CauAdvLoss:[0.8798/0.2491] valid:[93.47], test:[69.54]
--------------------------------------------------------------------------------------------------------------------------------------------------------------------------------------------------------
Train Iter:[0  /51] CauLoss:[0.7274], AdvLoss:[0.3628]
Train Iter:[12 /51] CauLoss:[0.8379], AdvLoss:[0.2737]
Train Iter:[24 /51] CauLoss:[0.8663], AdvLoss:[0.2207]
Train Iter:[36 /51] CauLoss:[0.8947], AdvLoss:[0.2803]
Train Iter:[48 /51] CauLoss:[0.8813], AdvLoss:[0.2990]
--------------------------------------------------------------------------------------------------------------------------------------------------------------------------------------------------------
Epoch:[47/100], CauAdvLoss:[0.8811/0.3010] valid:[93.92], test:[68.61]
--------------------------------------------------------------------------------------------------------------------------------------------------------------------------------------------------------
Train Iter:[0  /51] CauLoss:[0.6546], AdvLoss:[0.2862]
Train Iter:[12 /51] CauLoss:[0.8714], AdvLoss:[0.5233]
Train Iter:[24 /51] CauLoss:[0.8565], AdvLoss:[0.4128]
Train Iter:[36 /51] CauLoss:[0.8682], AdvLoss:[0.3410]
Train Iter:[48 /51] CauLoss:[0.8631], AdvLoss:[0.3232]
--------------------------------------------------------------------------------------------------------------------------------------------------------------------------------------------------------
Epoch:[48/100], CauAdvLoss:[0.8832/0.3355] valid:[93.70], test:[69.24]
--------------------------------------------------------------------------------------------------------------------------------------------------------------------------------------------------------
Train Iter:[0  /51] CauLoss:[0.8429], AdvLoss:[0.1172]
Train Iter:[12 /51] CauLoss:[0.8512], AdvLoss:[0.2820]
Train Iter:[24 /51] CauLoss:[0.8871], AdvLoss:[0.3544]
Train Iter:[36 /51] CauLoss:[0.8922], AdvLoss:[0.3455]
Train Iter:[48 /51] CauLoss:[0.8603], AdvLoss:[0.2967]
--------------------------------------------------------------------------------------------------------------------------------------------------------------------------------------------------------
Epoch:[49/100], CauAdvLoss:[0.8631/0.2892] valid:[93.64], test:[66.16]
--------------------------------------------------------------------------------------------------------------------------------------------------------------------------------------------------------
Train Iter:[0  /51] CauLoss:[0.6718], AdvLoss:[0.0320]
Train Iter:[12 /51] CauLoss:[0.7868], AdvLoss:[0.2294]
Train Iter:[24 /51] CauLoss:[0.8455], AdvLoss:[0.2963]
Train Iter:[36 /51] CauLoss:[0.8542], AdvLoss:[0.3149]
Train Iter:[48 /51] CauLoss:[0.8712], AdvLoss:[0.3207]
--------------------------------------------------------------------------------------------------------------------------------------------------------------------------------------------------------
Epoch:[50/100], CauAdvLoss:[0.8631/0.3152] valid:[94.03], test:[66.80]
--------------------------------------------------------------------------------------------------------------------------------------------------------------------------------------------------------
Train Iter:[0  /51] CauLoss:[0.9239], AdvLoss:[0.4599]
Train Iter:[12 /51] CauLoss:[0.8625], AdvLoss:[0.3892]
Train Iter:[24 /51] CauLoss:[0.8568], AdvLoss:[0.3522]
Train Iter:[36 /51] CauLoss:[0.8702], AdvLoss:[0.3393]
Train Iter:[48 /51] CauLoss:[0.8784], AdvLoss:[0.3352]
--------------------------------------------------------------------------------------------------------------------------------------------------------------------------------------------------------
Epoch:[51/100], CauAdvLoss:[0.8732/0.3326] valid:[93.98], test:[68.31]
--------------------------------------------------------------------------------------------------------------------------------------------------------------------------------------------------------
Train Iter:[0  /51] CauLoss:[0.9090], AdvLoss:[0.3758]
Train Iter:[12 /51] CauLoss:[0.8689], AdvLoss:[0.3298]
Train Iter:[24 /51] CauLoss:[0.8525], AdvLoss:[0.2799]
Train Iter:[36 /51] CauLoss:[0.8814], AdvLoss:[0.2925]
Train Iter:[48 /51] CauLoss:[0.8679], AdvLoss:[0.3127]
--------------------------------------------------------------------------------------------------------------------------------------------------------------------------------------------------------
Epoch:[52/100], CauAdvLoss:[0.8671/0.3136] valid:[93.65], test:[67.57]
--------------------------------------------------------------------------------------------------------------------------------------------------------------------------------------------------------
Train Iter:[0  /51] CauLoss:[0.7076], AdvLoss:[0.2337]
Train Iter:[12 /51] CauLoss:[0.8332], AdvLoss:[0.2655]
Train Iter:[24 /51] CauLoss:[0.8188], AdvLoss:[0.2597]
Train Iter:[36 /51] CauLoss:[0.8193], AdvLoss:[0.2655]
Train Iter:[48 /51] CauLoss:[0.8268], AdvLoss:[0.2920]
--------------------------------------------------------------------------------------------------------------------------------------------------------------------------------------------------------
Epoch:[53/100], CauAdvLoss:[0.8277/0.2925] valid:[93.72], test:[66.88]
--------------------------------------------------------------------------------------------------------------------------------------------------------------------------------------------------------
Train Iter:[0  /51] CauLoss:[0.8257], AdvLoss:[0.3189]
Train Iter:[12 /51] CauLoss:[0.8157], AdvLoss:[0.2657]
Train Iter:[24 /51] CauLoss:[0.8444], AdvLoss:[0.3136]
Train Iter:[36 /51] CauLoss:[0.8407], AdvLoss:[0.3268]
Train Iter:[48 /51] CauLoss:[0.8443], AdvLoss:[0.3212]
--------------------------------------------------------------------------------------------------------------------------------------------------------------------------------------------------------
Epoch:[54/100], CauAdvLoss:[0.8498/0.3181] valid:[94.27], test:[68.61]
--------------------------------------------------------------------------------------------------------------------------------------------------------------------------------------------------------
Train Iter:[0  /51] CauLoss:[0.8344], AdvLoss:[0.3844]
Train Iter:[12 /51] CauLoss:[0.8741], AdvLoss:[0.3189]
Train Iter:[24 /51] CauLoss:[0.8613], AdvLoss:[0.3349]
Train Iter:[36 /51] CauLoss:[0.8510], AdvLoss:[0.2949]
Train Iter:[48 /51] CauLoss:[0.8411], AdvLoss:[0.2777]
--------------------------------------------------------------------------------------------------------------------------------------------------------------------------------------------------------
Epoch:[55/100], CauAdvLoss:[0.8456/0.2844] valid:[93.71], test:[68.01]
--------------------------------------------------------------------------------------------------------------------------------------------------------------------------------------------------------
Train Iter:[0  /51] CauLoss:[0.9134], AdvLoss:[0.3897]
Train Iter:[12 /51] CauLoss:[0.7927], AdvLoss:[0.2423]
Train Iter:[24 /51] CauLoss:[0.8542], AdvLoss:[0.2556]
Train Iter:[36 /51] CauLoss:[0.8395], AdvLoss:[0.2831]
Train Iter:[48 /51] CauLoss:[0.8334], AdvLoss:[0.2798]
--------------------------------------------------------------------------------------------------------------------------------------------------------------------------------------------------------
Epoch:[56/100], CauAdvLoss:[0.8400/0.2867] valid:[93.69], test:[66.92]
--------------------------------------------------------------------------------------------------------------------------------------------------------------------------------------------------------
Train Iter:[0  /51] CauLoss:[0.7618], AdvLoss:[0.2896]
Train Iter:[12 /51] CauLoss:[0.7754], AdvLoss:[0.2482]
Train Iter:[24 /51] CauLoss:[0.8004], AdvLoss:[0.2740]
Train Iter:[36 /51] CauLoss:[0.8012], AdvLoss:[0.3052]
Train Iter:[48 /51] CauLoss:[0.8217], AdvLoss:[0.3011]
--------------------------------------------------------------------------------------------------------------------------------------------------------------------------------------------------------
Epoch:[57/100], CauAdvLoss:[0.8260/0.3016] valid:[93.62], test:[67.58]
--------------------------------------------------------------------------------------------------------------------------------------------------------------------------------------------------------
Train Iter:[0  /51] CauLoss:[0.8586], AdvLoss:[0.2289]
Train Iter:[12 /51] CauLoss:[0.8101], AdvLoss:[0.3648]
Train Iter:[24 /51] CauLoss:[0.7989], AdvLoss:[0.3259]
Train Iter:[36 /51] CauLoss:[0.7984], AdvLoss:[0.3375]
Train Iter:[48 /51] CauLoss:[0.8098], AdvLoss:[0.3380]
--------------------------------------------------------------------------------------------------------------------------------------------------------------------------------------------------------
Epoch:[58/100], CauAdvLoss:[0.8132/0.3333] valid:[93.10], test:[67.97]
--------------------------------------------------------------------------------------------------------------------------------------------------------------------------------------------------------
Train Iter:[0  /51] CauLoss:[0.9398], AdvLoss:[0.0860]
Train Iter:[12 /51] CauLoss:[0.7952], AdvLoss:[0.2911]
Train Iter:[24 /51] CauLoss:[0.8046], AdvLoss:[0.2971]
Train Iter:[36 /51] CauLoss:[0.8352], AdvLoss:[0.3249]
Train Iter:[48 /51] CauLoss:[0.8210], AdvLoss:[0.3455]
--------------------------------------------------------------------------------------------------------------------------------------------------------------------------------------------------------
Epoch:[59/100], CauAdvLoss:[0.8202/0.3543] valid:[94.10], test:[69.40]
--------------------------------------------------------------------------------------------------------------------------------------------------------------------------------------------------------
Train Iter:[0  /51] CauLoss:[0.9413], AdvLoss:[0.7050]
Train Iter:[12 /51] CauLoss:[0.7747], AdvLoss:[0.4799]
Train Iter:[24 /51] CauLoss:[0.8169], AdvLoss:[0.3905]
Train Iter:[36 /51] CauLoss:[0.8038], AdvLoss:[0.3491]
Train Iter:[48 /51] CauLoss:[0.7971], AdvLoss:[0.3552]
--------------------------------------------------------------------------------------------------------------------------------------------------------------------------------------------------------
Epoch:[60/100], CauAdvLoss:[0.8040/0.3646] valid:[93.70], test:[68.89]
--------------------------------------------------------------------------------------------------------------------------------------------------------------------------------------------------------
Train Iter:[0  /51] CauLoss:[0.5492], AdvLoss:[0.1617]
Train Iter:[12 /51] CauLoss:[0.7590], AdvLoss:[0.2627]
Train Iter:[24 /51] CauLoss:[0.8047], AdvLoss:[0.3202]
Train Iter:[36 /51] CauLoss:[0.8179], AdvLoss:[0.3606]
Train Iter:[48 /51] CauLoss:[0.8259], AdvLoss:[0.3824]
--------------------------------------------------------------------------------------------------------------------------------------------------------------------------------------------------------
Epoch:[61/100], CauAdvLoss:[0.8213/0.3840] valid:[94.39], test:[68.41]
--------------------------------------------------------------------------------------------------------------------------------------------------------------------------------------------------------
Train Iter:[0  /51] CauLoss:[1.2146], AdvLoss:[0.0469]
Train Iter:[12 /51] CauLoss:[0.8306], AdvLoss:[0.4138]
Train Iter:[24 /51] CauLoss:[0.8286], AdvLoss:[0.3923]
Train Iter:[36 /51] CauLoss:[0.8016], AdvLoss:[0.3408]
Train Iter:[48 /51] CauLoss:[0.8166], AdvLoss:[0.3327]
--------------------------------------------------------------------------------------------------------------------------------------------------------------------------------------------------------
Epoch:[62/100], CauAdvLoss:[0.8231/0.3407] valid:[94.44], test:[68.91]
--------------------------------------------------------------------------------------------------------------------------------------------------------------------------------------------------------
Train Iter:[0  /51] CauLoss:[0.6670], AdvLoss:[-0.1228]
Train Iter:[12 /51] CauLoss:[0.8413], AdvLoss:[0.2750]
Train Iter:[24 /51] CauLoss:[0.8288], AdvLoss:[0.3415]
Train Iter:[36 /51] CauLoss:[0.8156], AdvLoss:[0.3409]
Train Iter:[48 /51] CauLoss:[0.8018], AdvLoss:[0.3558]
--------------------------------------------------------------------------------------------------------------------------------------------------------------------------------------------------------
Epoch:[63/100], CauAdvLoss:[0.7999/0.3513] valid:[94.12], test:[67.72]
--------------------------------------------------------------------------------------------------------------------------------------------------------------------------------------------------------
Train Iter:[0  /51] CauLoss:[0.6539], AdvLoss:[0.0703]
Train Iter:[12 /51] CauLoss:[0.7916], AdvLoss:[0.3605]
Train Iter:[24 /51] CauLoss:[0.7884], AdvLoss:[0.3597]
Train Iter:[36 /51] CauLoss:[0.8233], AdvLoss:[0.3729]
Train Iter:[48 /51] CauLoss:[0.8116], AdvLoss:[0.3473]
--------------------------------------------------------------------------------------------------------------------------------------------------------------------------------------------------------
Epoch:[64/100], CauAdvLoss:[0.8071/0.3424] valid:[94.11], test:[67.55]
--------------------------------------------------------------------------------------------------------------------------------------------------------------------------------------------------------
Train Iter:[0  /51] CauLoss:[0.7071], AdvLoss:[0.2578]
Train Iter:[12 /51] CauLoss:[0.7249], AdvLoss:[0.3723]
Train Iter:[24 /51] CauLoss:[0.7803], AdvLoss:[0.3784]
Train Iter:[36 /51] CauLoss:[0.8145], AdvLoss:[0.4007]
Train Iter:[48 /51] CauLoss:[0.8192], AdvLoss:[0.3800]
--------------------------------------------------------------------------------------------------------------------------------------------------------------------------------------------------------
Epoch:[65/100], CauAdvLoss:[0.8199/0.3680] valid:[93.41], test:[67.09]
--------------------------------------------------------------------------------------------------------------------------------------------------------------------------------------------------------
Train Iter:[0  /51] CauLoss:[0.9055], AdvLoss:[0.3915]
Train Iter:[12 /51] CauLoss:[0.8194], AdvLoss:[0.3573]
Train Iter:[24 /51] CauLoss:[0.8054], AdvLoss:[0.4038]
Train Iter:[36 /51] CauLoss:[0.8252], AdvLoss:[0.3888]
Train Iter:[48 /51] CauLoss:[0.8102], AdvLoss:[0.3768]
--------------------------------------------------------------------------------------------------------------------------------------------------------------------------------------------------------
Epoch:[66/100], CauAdvLoss:[0.8104/0.3722] valid:[93.97], test:[68.25]
--------------------------------------------------------------------------------------------------------------------------------------------------------------------------------------------------------
Train Iter:[0  /51] CauLoss:[0.5961], AdvLoss:[0.5066]
Train Iter:[12 /51] CauLoss:[0.7289], AdvLoss:[0.3049]
Train Iter:[24 /51] CauLoss:[0.7681], AdvLoss:[0.3271]
Train Iter:[36 /51] CauLoss:[0.8203], AdvLoss:[0.3235]
Train Iter:[48 /51] CauLoss:[0.8015], AdvLoss:[0.3088]
--------------------------------------------------------------------------------------------------------------------------------------------------------------------------------------------------------
Epoch:[67/100], CauAdvLoss:[0.8087/0.3190] valid:[93.69], test:[66.90]
--------------------------------------------------------------------------------------------------------------------------------------------------------------------------------------------------------
Train Iter:[0  /51] CauLoss:[1.0540], AdvLoss:[0.5995]
Train Iter:[12 /51] CauLoss:[0.8269], AdvLoss:[0.4499]
Train Iter:[24 /51] CauLoss:[0.8438], AdvLoss:[0.4852]
Train Iter:[36 /51] CauLoss:[0.8153], AdvLoss:[0.4071]
Train Iter:[48 /51] CauLoss:[0.8068], AdvLoss:[0.3795]
--------------------------------------------------------------------------------------------------------------------------------------------------------------------------------------------------------
Epoch:[68/100], CauAdvLoss:[0.8122/0.3891] valid:[94.29], test:[67.59]
--------------------------------------------------------------------------------------------------------------------------------------------------------------------------------------------------------
Train Iter:[0  /51] CauLoss:[0.6525], AdvLoss:[0.3006]
Train Iter:[12 /51] CauLoss:[0.7673], AdvLoss:[0.2615]
Train Iter:[24 /51] CauLoss:[0.7956], AdvLoss:[0.3053]
Train Iter:[36 /51] CauLoss:[0.8226], AdvLoss:[0.3464]
Train Iter:[48 /51] CauLoss:[0.8220], AdvLoss:[0.3325]
--------------------------------------------------------------------------------------------------------------------------------------------------------------------------------------------------------
Epoch:[69/100], CauAdvLoss:[0.8167/0.3364] valid:[93.54], test:[68.06]
--------------------------------------------------------------------------------------------------------------------------------------------------------------------------------------------------------
Train Iter:[0  /51] CauLoss:[0.7885], AdvLoss:[0.1347]
Train Iter:[12 /51] CauLoss:[0.7575], AdvLoss:[0.2837]
Train Iter:[24 /51] CauLoss:[0.7900], AdvLoss:[0.2998]
Train Iter:[36 /51] CauLoss:[0.7874], AdvLoss:[0.3223]
Train Iter:[48 /51] CauLoss:[0.7884], AdvLoss:[0.3220]
--------------------------------------------------------------------------------------------------------------------------------------------------------------------------------------------------------
Epoch:[70/100], CauAdvLoss:[0.7906/0.3249] valid:[93.63], test:[65.77]
--------------------------------------------------------------------------------------------------------------------------------------------------------------------------------------------------------
Train Iter:[0  /51] CauLoss:[0.8469], AdvLoss:[-0.0685]
Train Iter:[12 /51] CauLoss:[0.8706], AdvLoss:[0.3470]
Train Iter:[24 /51] CauLoss:[0.8217], AdvLoss:[0.3190]
Train Iter:[36 /51] CauLoss:[0.7857], AdvLoss:[0.3051]
Train Iter:[48 /51] CauLoss:[0.7951], AdvLoss:[0.3030]
--------------------------------------------------------------------------------------------------------------------------------------------------------------------------------------------------------
Epoch:[71/100], CauAdvLoss:[0.7950/0.3068] valid:[93.79], test:[66.17]
--------------------------------------------------------------------------------------------------------------------------------------------------------------------------------------------------------
Train Iter:[0  /51] CauLoss:[0.7184], AdvLoss:[0.2431]
Train Iter:[12 /51] CauLoss:[0.7899], AdvLoss:[0.3756]
Train Iter:[24 /51] CauLoss:[0.7850], AdvLoss:[0.3665]
Train Iter:[36 /51] CauLoss:[0.7943], AdvLoss:[0.3459]
Train Iter:[48 /51] CauLoss:[0.8096], AdvLoss:[0.3415]
--------------------------------------------------------------------------------------------------------------------------------------------------------------------------------------------------------
Epoch:[72/100], CauAdvLoss:[0.8105/0.3442] valid:[93.71], test:[67.36]
--------------------------------------------------------------------------------------------------------------------------------------------------------------------------------------------------------
Train Iter:[0  /51] CauLoss:[0.8621], AdvLoss:[0.8233]
Train Iter:[12 /51] CauLoss:[0.7939], AdvLoss:[0.3848]
Train Iter:[24 /51] CauLoss:[0.7890], AdvLoss:[0.3750]
Train Iter:[36 /51] CauLoss:[0.7935], AdvLoss:[0.3258]
Train Iter:[48 /51] CauLoss:[0.7798], AdvLoss:[0.3237]
--------------------------------------------------------------------------------------------------------------------------------------------------------------------------------------------------------
Epoch:[73/100], CauAdvLoss:[0.7926/0.3280] valid:[93.96], test:[67.79]
--------------------------------------------------------------------------------------------------------------------------------------------------------------------------------------------------------
Train Iter:[0  /51] CauLoss:[0.7117], AdvLoss:[0.5483]
Train Iter:[12 /51] CauLoss:[0.7774], AdvLoss:[0.3183]
Train Iter:[24 /51] CauLoss:[0.8036], AdvLoss:[0.3888]
Train Iter:[36 /51] CauLoss:[0.8212], AdvLoss:[0.3633]
Train Iter:[48 /51] CauLoss:[0.8095], AdvLoss:[0.3491]
--------------------------------------------------------------------------------------------------------------------------------------------------------------------------------------------------------
Epoch:[74/100], CauAdvLoss:[0.8048/0.3445] valid:[93.89], test:[67.84]
--------------------------------------------------------------------------------------------------------------------------------------------------------------------------------------------------------
Train Iter:[0  /51] CauLoss:[0.6051], AdvLoss:[0.5351]
Train Iter:[12 /51] CauLoss:[0.8213], AdvLoss:[0.4591]
Train Iter:[24 /51] CauLoss:[0.7954], AdvLoss:[0.4097]
Train Iter:[36 /51] CauLoss:[0.7902], AdvLoss:[0.3742]
Train Iter:[48 /51] CauLoss:[0.7884], AdvLoss:[0.3503]
--------------------------------------------------------------------------------------------------------------------------------------------------------------------------------------------------------
Epoch:[75/100], CauAdvLoss:[0.7851/0.3440] valid:[93.94], test:[67.07]
--------------------------------------------------------------------------------------------------------------------------------------------------------------------------------------------------------
Train Iter:[0  /51] CauLoss:[0.6710], AdvLoss:[-0.0300]
Train Iter:[12 /51] CauLoss:[0.7845], AdvLoss:[0.3565]
Train Iter:[24 /51] CauLoss:[0.7680], AdvLoss:[0.3529]
Train Iter:[36 /51] CauLoss:[0.7914], AdvLoss:[0.3788]
Train Iter:[48 /51] CauLoss:[0.8017], AdvLoss:[0.3808]
--------------------------------------------------------------------------------------------------------------------------------------------------------------------------------------------------------
Epoch:[76/100], CauAdvLoss:[0.8002/0.3712] valid:[94.12], test:[67.59]
--------------------------------------------------------------------------------------------------------------------------------------------------------------------------------------------------------
Train Iter:[0  /51] CauLoss:[0.6794], AdvLoss:[0.4098]
Train Iter:[12 /51] CauLoss:[0.7365], AdvLoss:[0.3610]
Train Iter:[24 /51] CauLoss:[0.7635], AdvLoss:[0.3817]
Train Iter:[36 /51] CauLoss:[0.7596], AdvLoss:[0.3577]
Train Iter:[48 /51] CauLoss:[0.7707], AdvLoss:[0.3657]
--------------------------------------------------------------------------------------------------------------------------------------------------------------------------------------------------------
Epoch:[77/100], CauAdvLoss:[0.7692/0.3504] valid:[94.10], test:[67.75]
--------------------------------------------------------------------------------------------------------------------------------------------------------------------------------------------------------
Train Iter:[0  /51] CauLoss:[0.7034], AdvLoss:[0.3365]
Train Iter:[12 /51] CauLoss:[0.7741], AdvLoss:[0.3424]
Train Iter:[24 /51] CauLoss:[0.7802], AdvLoss:[0.3401]
Train Iter:[36 /51] CauLoss:[0.7887], AdvLoss:[0.3491]
Train Iter:[48 /51] CauLoss:[0.7807], AdvLoss:[0.3536]
--------------------------------------------------------------------------------------------------------------------------------------------------------------------------------------------------------
Epoch:[78/100], CauAdvLoss:[0.7862/0.3554] valid:[94.00], test:[67.75]
--------------------------------------------------------------------------------------------------------------------------------------------------------------------------------------------------------
Train Iter:[0  /51] CauLoss:[0.7441], AdvLoss:[0.0553]
Train Iter:[12 /51] CauLoss:[0.7641], AdvLoss:[0.3223]
Train Iter:[24 /51] CauLoss:[0.7786], AdvLoss:[0.3747]
Train Iter:[36 /51] CauLoss:[0.7989], AdvLoss:[0.3931]
Train Iter:[48 /51] CauLoss:[0.7928], AdvLoss:[0.3535]
--------------------------------------------------------------------------------------------------------------------------------------------------------------------------------------------------------
Epoch:[79/100], CauAdvLoss:[0.7976/0.3551] valid:[94.27], test:[67.11]
--------------------------------------------------------------------------------------------------------------------------------------------------------------------------------------------------------
Train Iter:[0  /51] CauLoss:[0.8186], AdvLoss:[0.0909]
Train Iter:[12 /51] CauLoss:[0.7405], AdvLoss:[0.2946]
Train Iter:[24 /51] CauLoss:[0.7531], AdvLoss:[0.2868]
Train Iter:[36 /51] CauLoss:[0.7846], AdvLoss:[0.3393]
Train Iter:[48 /51] CauLoss:[0.7909], AdvLoss:[0.3531]
--------------------------------------------------------------------------------------------------------------------------------------------------------------------------------------------------------
Epoch:[80/100], CauAdvLoss:[0.7913/0.3447] valid:[94.17], test:[67.49]
--------------------------------------------------------------------------------------------------------------------------------------------------------------------------------------------------------
Train Iter:[0  /51] CauLoss:[0.6738], AdvLoss:[0.4384]
Train Iter:[12 /51] CauLoss:[0.7797], AdvLoss:[0.2938]
Train Iter:[24 /51] CauLoss:[0.7718], AdvLoss:[0.3395]
Train Iter:[36 /51] CauLoss:[0.7979], AdvLoss:[0.3549]
Train Iter:[48 /51] CauLoss:[0.7870], AdvLoss:[0.3509]
--------------------------------------------------------------------------------------------------------------------------------------------------------------------------------------------------------
Epoch:[81/100], CauAdvLoss:[0.7926/0.3567] valid:[93.98], test:[68.08]
--------------------------------------------------------------------------------------------------------------------------------------------------------------------------------------------------------
Train Iter:[0  /51] CauLoss:[0.5827], AdvLoss:[0.3771]
Train Iter:[12 /51] CauLoss:[0.7764], AdvLoss:[0.3850]
Train Iter:[24 /51] CauLoss:[0.7795], AdvLoss:[0.3383]
Train Iter:[36 /51] CauLoss:[0.7695], AdvLoss:[0.3296]
Train Iter:[48 /51] CauLoss:[0.7861], AdvLoss:[0.3542]
--------------------------------------------------------------------------------------------------------------------------------------------------------------------------------------------------------
Epoch:[82/100], CauAdvLoss:[0.7821/0.3525] valid:[94.06], test:[67.82]
--------------------------------------------------------------------------------------------------------------------------------------------------------------------------------------------------------
Train Iter:[0  /51] CauLoss:[0.9378], AdvLoss:[0.5560]
Train Iter:[12 /51] CauLoss:[0.8267], AdvLoss:[0.3431]
Train Iter:[24 /51] CauLoss:[0.7841], AdvLoss:[0.3241]
Train Iter:[36 /51] CauLoss:[0.7643], AdvLoss:[0.3395]
Train Iter:[48 /51] CauLoss:[0.7879], AdvLoss:[0.3519]
--------------------------------------------------------------------------------------------------------------------------------------------------------------------------------------------------------
Epoch:[83/100], CauAdvLoss:[0.7875/0.3469] valid:[94.10], test:[66.71]
--------------------------------------------------------------------------------------------------------------------------------------------------------------------------------------------------------
Train Iter:[0  /51] CauLoss:[0.8959], AdvLoss:[0.0897]
Train Iter:[12 /51] CauLoss:[0.8161], AdvLoss:[0.3377]
Train Iter:[24 /51] CauLoss:[0.7883], AdvLoss:[0.3376]
Train Iter:[36 /51] CauLoss:[0.7836], AdvLoss:[0.3744]
Train Iter:[48 /51] CauLoss:[0.7897], AdvLoss:[0.3754]
--------------------------------------------------------------------------------------------------------------------------------------------------------------------------------------------------------
Epoch:[84/100], CauAdvLoss:[0.7855/0.3736] valid:[93.84], test:[67.27]
--------------------------------------------------------------------------------------------------------------------------------------------------------------------------------------------------------
Train Iter:[0  /51] CauLoss:[0.9083], AdvLoss:[0.7908]
Train Iter:[12 /51] CauLoss:[0.8331], AdvLoss:[0.4558]
Train Iter:[24 /51] CauLoss:[0.8040], AdvLoss:[0.3886]
Train Iter:[36 /51] CauLoss:[0.7855], AdvLoss:[0.3808]
Train Iter:[48 /51] CauLoss:[0.7813], AdvLoss:[0.3603]
--------------------------------------------------------------------------------------------------------------------------------------------------------------------------------------------------------
Epoch:[85/100], CauAdvLoss:[0.7810/0.3524] valid:[93.77], test:[67.66]
--------------------------------------------------------------------------------------------------------------------------------------------------------------------------------------------------------
Train Iter:[0  /51] CauLoss:[0.8068], AdvLoss:[0.5419]
Train Iter:[12 /51] CauLoss:[0.8192], AdvLoss:[0.3728]
Train Iter:[24 /51] CauLoss:[0.8050], AdvLoss:[0.3888]
Train Iter:[36 /51] CauLoss:[0.8002], AdvLoss:[0.3819]
Train Iter:[48 /51] CauLoss:[0.7833], AdvLoss:[0.3566]
--------------------------------------------------------------------------------------------------------------------------------------------------------------------------------------------------------
Epoch:[86/100], CauAdvLoss:[0.7774/0.3500] valid:[93.85], test:[66.91]
--------------------------------------------------------------------------------------------------------------------------------------------------------------------------------------------------------
Train Iter:[0  /51] CauLoss:[0.7912], AdvLoss:[0.2839]
Train Iter:[12 /51] CauLoss:[0.7752], AdvLoss:[0.2885]
Train Iter:[24 /51] CauLoss:[0.7625], AdvLoss:[0.3300]
Train Iter:[36 /51] CauLoss:[0.7935], AdvLoss:[0.3880]
Train Iter:[48 /51] CauLoss:[0.7718], AdvLoss:[0.3518]
--------------------------------------------------------------------------------------------------------------------------------------------------------------------------------------------------------
Epoch:[87/100], CauAdvLoss:[0.7711/0.3538] valid:[93.91], test:[67.12]
--------------------------------------------------------------------------------------------------------------------------------------------------------------------------------------------------------
Train Iter:[0  /51] CauLoss:[0.7215], AdvLoss:[0.5653]
Train Iter:[12 /51] CauLoss:[0.7295], AdvLoss:[0.2748]
Train Iter:[24 /51] CauLoss:[0.7698], AdvLoss:[0.3093]
Train Iter:[36 /51] CauLoss:[0.7856], AdvLoss:[0.3817]
Train Iter:[48 /51] CauLoss:[0.7821], AdvLoss:[0.3555]
--------------------------------------------------------------------------------------------------------------------------------------------------------------------------------------------------------
Epoch:[88/100], CauAdvLoss:[0.7866/0.3583] valid:[93.91], test:[67.00]
--------------------------------------------------------------------------------------------------------------------------------------------------------------------------------------------------------
Train Iter:[0  /51] CauLoss:[0.6566], AdvLoss:[0.2432]
Train Iter:[12 /51] CauLoss:[0.7988], AdvLoss:[0.3204]
Train Iter:[24 /51] CauLoss:[0.7803], AdvLoss:[0.3391]
Train Iter:[36 /51] CauLoss:[0.7752], AdvLoss:[0.3400]
Train Iter:[48 /51] CauLoss:[0.7589], AdvLoss:[0.3448]
--------------------------------------------------------------------------------------------------------------------------------------------------------------------------------------------------------
Epoch:[89/100], CauAdvLoss:[0.7602/0.3533] valid:[93.93], test:[66.99]
--------------------------------------------------------------------------------------------------------------------------------------------------------------------------------------------------------
Train Iter:[0  /51] CauLoss:[0.8688], AdvLoss:[0.7131]
Train Iter:[12 /51] CauLoss:[0.7637], AdvLoss:[0.3296]
Train Iter:[24 /51] CauLoss:[0.7702], AdvLoss:[0.3309]
Train Iter:[36 /51] CauLoss:[0.7511], AdvLoss:[0.3300]
Train Iter:[48 /51] CauLoss:[0.7638], AdvLoss:[0.3461]
--------------------------------------------------------------------------------------------------------------------------------------------------------------------------------------------------------
Epoch:[90/100], CauAdvLoss:[0.7649/0.3446] valid:[93.81], test:[67.54]
--------------------------------------------------------------------------------------------------------------------------------------------------------------------------------------------------------
Train Iter:[0  /51] CauLoss:[0.7148], AdvLoss:[0.0314]
Train Iter:[12 /51] CauLoss:[0.8520], AdvLoss:[0.3814]
Train Iter:[24 /51] CauLoss:[0.7991], AdvLoss:[0.3552]
Train Iter:[36 /51] CauLoss:[0.7936], AdvLoss:[0.3576]
Train Iter:[48 /51] CauLoss:[0.7727], AdvLoss:[0.3248]
--------------------------------------------------------------------------------------------------------------------------------------------------------------------------------------------------------
Epoch:[91/100], CauAdvLoss:[0.7741/0.3428] valid:[93.84], test:[67.45]
--------------------------------------------------------------------------------------------------------------------------------------------------------------------------------------------------------
Train Iter:[0  /51] CauLoss:[0.6954], AdvLoss:[0.8799]
Train Iter:[12 /51] CauLoss:[0.7866], AdvLoss:[0.4700]
Train Iter:[24 /51] CauLoss:[0.7741], AdvLoss:[0.3969]
Train Iter:[36 /51] CauLoss:[0.7600], AdvLoss:[0.3736]
Train Iter:[48 /51] CauLoss:[0.7721], AdvLoss:[0.3598]
--------------------------------------------------------------------------------------------------------------------------------------------------------------------------------------------------------
Epoch:[92/100], CauAdvLoss:[0.7697/0.3609] valid:[93.83], test:[67.38]
--------------------------------------------------------------------------------------------------------------------------------------------------------------------------------------------------------
Train Iter:[0  /51] CauLoss:[0.8261], AdvLoss:[0.5508]
Train Iter:[12 /51] CauLoss:[0.7755], AdvLoss:[0.4696]
Train Iter:[24 /51] CauLoss:[0.7691], AdvLoss:[0.3888]
Train Iter:[36 /51] CauLoss:[0.7767], AdvLoss:[0.3599]
Train Iter:[48 /51] CauLoss:[0.7619], AdvLoss:[0.3464]
--------------------------------------------------------------------------------------------------------------------------------------------------------------------------------------------------------
Epoch:[93/100], CauAdvLoss:[0.7593/0.3534] valid:[93.91], test:[67.29]
--------------------------------------------------------------------------------------------------------------------------------------------------------------------------------------------------------
Train Iter:[0  /51] CauLoss:[0.9062], AdvLoss:[0.3039]
Train Iter:[12 /51] CauLoss:[0.7568], AdvLoss:[0.3397]
Train Iter:[24 /51] CauLoss:[0.7905], AdvLoss:[0.3859]
Train Iter:[36 /51] CauLoss:[0.7677], AdvLoss:[0.3588]
Train Iter:[48 /51] CauLoss:[0.7656], AdvLoss:[0.3617]
--------------------------------------------------------------------------------------------------------------------------------------------------------------------------------------------------------
Epoch:[94/100], CauAdvLoss:[0.7593/0.3587] valid:[93.93], test:[67.37]
--------------------------------------------------------------------------------------------------------------------------------------------------------------------------------------------------------
Train Iter:[0  /51] CauLoss:[0.6221], AdvLoss:[0.4608]
Train Iter:[12 /51] CauLoss:[0.7529], AdvLoss:[0.2469]
Train Iter:[24 /51] CauLoss:[0.7339], AdvLoss:[0.2397]
Train Iter:[36 /51] CauLoss:[0.7476], AdvLoss:[0.2983]
Train Iter:[48 /51] CauLoss:[0.7599], AdvLoss:[0.3383]
--------------------------------------------------------------------------------------------------------------------------------------------------------------------------------------------------------
Epoch:[95/100], CauAdvLoss:[0.7640/0.3460] valid:[93.88], test:[67.28]
--------------------------------------------------------------------------------------------------------------------------------------------------------------------------------------------------------
Train Iter:[0  /51] CauLoss:[0.6110], AdvLoss:[0.0416]
Train Iter:[12 /51] CauLoss:[0.7397], AdvLoss:[0.3669]
Train Iter:[24 /51] CauLoss:[0.7645], AdvLoss:[0.3180]
Train Iter:[36 /51] CauLoss:[0.7822], AdvLoss:[0.3655]
Train Iter:[48 /51] CauLoss:[0.7779], AdvLoss:[0.3771]
--------------------------------------------------------------------------------------------------------------------------------------------------------------------------------------------------------
Epoch:[96/100], CauAdvLoss:[0.7781/0.3661] valid:[93.99], test:[67.24]
--------------------------------------------------------------------------------------------------------------------------------------------------------------------------------------------------------
Train Iter:[0  /51] CauLoss:[0.6209], AdvLoss:[0.1958]
Train Iter:[12 /51] CauLoss:[0.7631], AdvLoss:[0.4251]
Train Iter:[24 /51] CauLoss:[0.7362], AdvLoss:[0.3598]
Train Iter:[36 /51] CauLoss:[0.7381], AdvLoss:[0.3692]
Train Iter:[48 /51] CauLoss:[0.7531], AdvLoss:[0.3513]
--------------------------------------------------------------------------------------------------------------------------------------------------------------------------------------------------------
Epoch:[97/100], CauAdvLoss:[0.7600/0.3482] valid:[93.90], test:[67.25]
--------------------------------------------------------------------------------------------------------------------------------------------------------------------------------------------------------
Train Iter:[0  /51] CauLoss:[1.4223], AdvLoss:[1.1507]
Train Iter:[12 /51] CauLoss:[0.8037], AdvLoss:[0.3365]
Train Iter:[24 /51] CauLoss:[0.7767], AdvLoss:[0.2900]
Train Iter:[36 /51] CauLoss:[0.7827], AdvLoss:[0.3209]
Train Iter:[48 /51] CauLoss:[0.7843], AdvLoss:[0.3384]
--------------------------------------------------------------------------------------------------------------------------------------------------------------------------------------------------------
Epoch:[98/100], CauAdvLoss:[0.7881/0.3446] valid:[93.91], test:[67.31]
--------------------------------------------------------------------------------------------------------------------------------------------------------------------------------------------------------
Train Iter:[0  /51] CauLoss:[0.7356], AdvLoss:[0.4290]
Train Iter:[12 /51] CauLoss:[0.7535], AdvLoss:[0.3659]
Train Iter:[24 /51] CauLoss:[0.7800], AdvLoss:[0.3786]
Train Iter:[36 /51] CauLoss:[0.7783], AdvLoss:[0.3493]
Train Iter:[48 /51] CauLoss:[0.7740], AdvLoss:[0.3417]
--------------------------------------------------------------------------------------------------------------------------------------------------------------------------------------------------------
Epoch:[99/100], CauAdvLoss:[0.7745/0.3461] valid:[93.86], test:[67.38]
--------------------------------------------------------------------------------------------------------------------------------------------------------------------------------------------------------
Train Iter:[0  /51] CauLoss:[1.0764], AdvLoss:[0.2632]
Train Iter:[12 /51] CauLoss:[0.7683], AdvLoss:[0.3348]
Train Iter:[24 /51] CauLoss:[0.7715], AdvLoss:[0.3799]
Train Iter:[36 /51] CauLoss:[0.7451], AdvLoss:[0.3510]
Train Iter:[48 /51] CauLoss:[0.7505], AdvLoss:[0.3637]
--------------------------------------------------------------------------------------------------------------------------------------------------------------------------------------------------------
Epoch:[100/100], CauAdvLoss:[0.7541/0.3609] valid:[93.96], test:[67.03]
--------------------------------------------------------------------------------------------------------------------------------------------------------------------------------------------------------
Update test:[68.50] at epoch:[40] | Total time:00:03:51
initialize network with kaiming
Train Iter:[0  /51] CauLoss:[2.8679], AdvLoss:[-9.2452]
Train Iter:[12 /51] CauLoss:[1.9958], AdvLoss:[-0.2658]
Train Iter:[24 /51] CauLoss:[1.7078], AdvLoss:[-0.0040]
Train Iter:[36 /51] CauLoss:[1.6256], AdvLoss:[0.1160]
Train Iter:[48 /51] CauLoss:[1.5445], AdvLoss:[0.1666]
--------------------------------------------------------------------------------------------------------------------------------------------------------------------------------------------------------
Epoch:[1/100], CauAdvLoss:[1.5294/0.1676] valid:[85.01], test:[59.65]
--------------------------------------------------------------------------------------------------------------------------------------------------------------------------------------------------------
Train Iter:[0  /51] CauLoss:[0.9592], AdvLoss:[0.1358]
Train Iter:[12 /51] CauLoss:[1.3308], AdvLoss:[0.2767]
Train Iter:[24 /51] CauLoss:[1.3087], AdvLoss:[0.3012]
Train Iter:[36 /51] CauLoss:[1.2876], AdvLoss:[0.2897]
Train Iter:[48 /51] CauLoss:[1.2814], AdvLoss:[0.2877]
--------------------------------------------------------------------------------------------------------------------------------------------------------------------------------------------------------
Epoch:[2/100], CauAdvLoss:[1.2799/0.2864] valid:[92.20], test:[60.25]
--------------------------------------------------------------------------------------------------------------------------------------------------------------------------------------------------------
Train Iter:[0  /51] CauLoss:[1.2711], AdvLoss:[0.2983]
Train Iter:[12 /51] CauLoss:[1.2195], AdvLoss:[0.2948]
Train Iter:[24 /51] CauLoss:[1.2510], AdvLoss:[0.2928]
Train Iter:[36 /51] CauLoss:[1.2066], AdvLoss:[0.2851]
Train Iter:[48 /51] CauLoss:[1.2023], AdvLoss:[0.2883]
--------------------------------------------------------------------------------------------------------------------------------------------------------------------------------------------------------
Epoch:[3/100], CauAdvLoss:[1.2063/0.2901] valid:[92.68], test:[62.08]
--------------------------------------------------------------------------------------------------------------------------------------------------------------------------------------------------------
Train Iter:[0  /51] CauLoss:[1.1910], AdvLoss:[0.4151]
Train Iter:[12 /51] CauLoss:[1.2365], AdvLoss:[0.3079]
Train Iter:[24 /51] CauLoss:[1.1800], AdvLoss:[0.2657]
Train Iter:[36 /51] CauLoss:[1.1998], AdvLoss:[0.2652]
Train Iter:[48 /51] CauLoss:[1.1770], AdvLoss:[0.2548]
--------------------------------------------------------------------------------------------------------------------------------------------------------------------------------------------------------
Epoch:[4/100], CauAdvLoss:[1.1664/0.2526] valid:[91.88], test:[61.56]
--------------------------------------------------------------------------------------------------------------------------------------------------------------------------------------------------------
Train Iter:[0  /51] CauLoss:[1.3030], AdvLoss:[0.2551]
Train Iter:[12 /51] CauLoss:[1.1940], AdvLoss:[0.2757]
Train Iter:[24 /51] CauLoss:[1.1893], AdvLoss:[0.2714]
Train Iter:[36 /51] CauLoss:[1.1529], AdvLoss:[0.2557]
Train Iter:[48 /51] CauLoss:[1.1429], AdvLoss:[0.2533]
--------------------------------------------------------------------------------------------------------------------------------------------------------------------------------------------------------
Epoch:[5/100], CauAdvLoss:[1.1413/0.2518] valid:[92.95], test:[63.75]
--------------------------------------------------------------------------------------------------------------------------------------------------------------------------------------------------------
Train Iter:[0  /51] CauLoss:[1.1607], AdvLoss:[0.2472]
Train Iter:[12 /51] CauLoss:[1.1325], AdvLoss:[0.2201]
Train Iter:[24 /51] CauLoss:[1.1232], AdvLoss:[0.2237]
Train Iter:[36 /51] CauLoss:[1.1053], AdvLoss:[0.2437]
Train Iter:[48 /51] CauLoss:[1.1213], AdvLoss:[0.2582]
--------------------------------------------------------------------------------------------------------------------------------------------------------------------------------------------------------
Epoch:[6/100], CauAdvLoss:[1.1161/0.2543] valid:[91.71], test:[66.17]
--------------------------------------------------------------------------------------------------------------------------------------------------------------------------------------------------------
Train Iter:[0  /51] CauLoss:[0.9832], AdvLoss:[0.1446]
Train Iter:[12 /51] CauLoss:[1.0488], AdvLoss:[0.2054]
Train Iter:[24 /51] CauLoss:[1.0682], AdvLoss:[0.2243]
Train Iter:[36 /51] CauLoss:[1.1221], AdvLoss:[0.2372]
Train Iter:[48 /51] CauLoss:[1.1145], AdvLoss:[0.2332]
--------------------------------------------------------------------------------------------------------------------------------------------------------------------------------------------------------
Epoch:[7/100], CauAdvLoss:[1.1202/0.2350] valid:[92.15], test:[63.61]
--------------------------------------------------------------------------------------------------------------------------------------------------------------------------------------------------------
Train Iter:[0  /51] CauLoss:[1.2382], AdvLoss:[0.1577]
Train Iter:[12 /51] CauLoss:[1.0894], AdvLoss:[0.2323]
Train Iter:[24 /51] CauLoss:[1.1104], AdvLoss:[0.2523]
Train Iter:[36 /51] CauLoss:[1.1067], AdvLoss:[0.2473]
Train Iter:[48 /51] CauLoss:[1.0929], AdvLoss:[0.2383]
--------------------------------------------------------------------------------------------------------------------------------------------------------------------------------------------------------
Epoch:[8/100], CauAdvLoss:[1.0874/0.2380] valid:[92.55], test:[65.88]
--------------------------------------------------------------------------------------------------------------------------------------------------------------------------------------------------------
Train Iter:[0  /51] CauLoss:[1.1867], AdvLoss:[0.3794]
Train Iter:[12 /51] CauLoss:[1.1223], AdvLoss:[0.2921]
Train Iter:[24 /51] CauLoss:[1.0733], AdvLoss:[0.2538]
Train Iter:[36 /51] CauLoss:[1.0809], AdvLoss:[0.2379]
Train Iter:[48 /51] CauLoss:[1.0804], AdvLoss:[0.2291]
--------------------------------------------------------------------------------------------------------------------------------------------------------------------------------------------------------
Epoch:[9/100], CauAdvLoss:[1.0839/0.2307] valid:[91.87], test:[65.48]
--------------------------------------------------------------------------------------------------------------------------------------------------------------------------------------------------------
Train Iter:[0  /51] CauLoss:[0.7792], AdvLoss:[0.0788]
Train Iter:[12 /51] CauLoss:[1.0734], AdvLoss:[0.2193]
Train Iter:[24 /51] CauLoss:[1.0548], AdvLoss:[0.2445]
Train Iter:[36 /51] CauLoss:[1.0360], AdvLoss:[0.2513]
Train Iter:[48 /51] CauLoss:[1.0332], AdvLoss:[0.2375]
--------------------------------------------------------------------------------------------------------------------------------------------------------------------------------------------------------
Epoch:[10/100], CauAdvLoss:[1.0416/0.2444] valid:[92.58], test:[66.76]
--------------------------------------------------------------------------------------------------------------------------------------------------------------------------------------------------------
Train Iter:[0  /51] CauLoss:[1.1687], AdvLoss:[0.2504]
Train Iter:[12 /51] CauLoss:[0.9575], AdvLoss:[0.1904]
Train Iter:[24 /51] CauLoss:[1.0935], AdvLoss:[0.2431]
Train Iter:[36 /51] CauLoss:[1.0862], AdvLoss:[0.2542]
Train Iter:[48 /51] CauLoss:[1.0674], AdvLoss:[0.2437]
--------------------------------------------------------------------------------------------------------------------------------------------------------------------------------------------------------
Epoch:[11/100], CauAdvLoss:[1.0646/0.2403] valid:[91.31], test:[66.81]
--------------------------------------------------------------------------------------------------------------------------------------------------------------------------------------------------------
Train Iter:[0  /51] CauLoss:[0.9641], AdvLoss:[0.1839]
Train Iter:[12 /51] CauLoss:[1.0659], AdvLoss:[0.2239]
Train Iter:[24 /51] CauLoss:[1.0237], AdvLoss:[0.2095]
Train Iter:[36 /51] CauLoss:[1.0526], AdvLoss:[0.2271]
Train Iter:[48 /51] CauLoss:[1.0435], AdvLoss:[0.2210]
--------------------------------------------------------------------------------------------------------------------------------------------------------------------------------------------------------
Epoch:[12/100], CauAdvLoss:[1.0443/0.2210] valid:[92.62], test:[66.47]
--------------------------------------------------------------------------------------------------------------------------------------------------------------------------------------------------------
Train Iter:[0  /51] CauLoss:[1.0782], AdvLoss:[0.1919]
Train Iter:[12 /51] CauLoss:[1.0144], AdvLoss:[0.1840]
Train Iter:[24 /51] CauLoss:[1.0551], AdvLoss:[0.2057]
Train Iter:[36 /51] CauLoss:[1.0476], AdvLoss:[0.2084]
Train Iter:[48 /51] CauLoss:[1.0380], AdvLoss:[0.2101]
--------------------------------------------------------------------------------------------------------------------------------------------------------------------------------------------------------
Epoch:[13/100], CauAdvLoss:[1.0427/0.2104] valid:[92.81], test:[67.29]
--------------------------------------------------------------------------------------------------------------------------------------------------------------------------------------------------------
Train Iter:[0  /51] CauLoss:[0.8649], AdvLoss:[0.1493]
Train Iter:[12 /51] CauLoss:[1.1320], AdvLoss:[0.2652]
Train Iter:[24 /51] CauLoss:[1.0648], AdvLoss:[0.2476]
Train Iter:[36 /51] CauLoss:[1.0503], AdvLoss:[0.2319]
Train Iter:[48 /51] CauLoss:[1.0238], AdvLoss:[0.2098]
--------------------------------------------------------------------------------------------------------------------------------------------------------------------------------------------------------
Epoch:[14/100], CauAdvLoss:[1.0387/0.2167] valid:[91.79], test:[64.21]
--------------------------------------------------------------------------------------------------------------------------------------------------------------------------------------------------------
Train Iter:[0  /51] CauLoss:[1.0483], AdvLoss:[0.3144]
Train Iter:[12 /51] CauLoss:[0.9913], AdvLoss:[0.2182]
Train Iter:[24 /51] CauLoss:[0.9776], AdvLoss:[0.1953]
Train Iter:[36 /51] CauLoss:[1.0150], AdvLoss:[0.2137]
Train Iter:[48 /51] CauLoss:[1.0081], AdvLoss:[0.2077]
--------------------------------------------------------------------------------------------------------------------------------------------------------------------------------------------------------
Epoch:[15/100], CauAdvLoss:[1.0128/0.2063] valid:[92.17], test:[67.90]
--------------------------------------------------------------------------------------------------------------------------------------------------------------------------------------------------------
Train Iter:[0  /51] CauLoss:[0.9165], AdvLoss:[0.2377]
Train Iter:[12 /51] CauLoss:[1.0312], AdvLoss:[0.2119]
Train Iter:[24 /51] CauLoss:[1.0074], AdvLoss:[0.1919]
Train Iter:[36 /51] CauLoss:[1.0036], AdvLoss:[0.1952]
Train Iter:[48 /51] CauLoss:[1.0121], AdvLoss:[0.1960]
--------------------------------------------------------------------------------------------------------------------------------------------------------------------------------------------------------
Epoch:[16/100], CauAdvLoss:[1.0143/0.1945] valid:[92.51], test:[67.97]
--------------------------------------------------------------------------------------------------------------------------------------------------------------------------------------------------------
Train Iter:[0  /51] CauLoss:[1.0880], AdvLoss:[0.1516]
Train Iter:[12 /51] CauLoss:[0.9732], AdvLoss:[0.1849]
Train Iter:[24 /51] CauLoss:[1.0030], AdvLoss:[0.2079]
Train Iter:[36 /51] CauLoss:[1.0262], AdvLoss:[0.2137]
Train Iter:[48 /51] CauLoss:[0.9949], AdvLoss:[0.2122]
--------------------------------------------------------------------------------------------------------------------------------------------------------------------------------------------------------
Epoch:[17/100], CauAdvLoss:[0.9884/0.2181] valid:[92.96], test:[64.62]
--------------------------------------------------------------------------------------------------------------------------------------------------------------------------------------------------------
Train Iter:[0  /51] CauLoss:[1.0073], AdvLoss:[0.4174]
Train Iter:[12 /51] CauLoss:[0.9219], AdvLoss:[0.2474]
Train Iter:[24 /51] CauLoss:[0.9623], AdvLoss:[0.2157]
Train Iter:[36 /51] CauLoss:[0.9855], AdvLoss:[0.2237]
Train Iter:[48 /51] CauLoss:[0.9957], AdvLoss:[0.2226]
--------------------------------------------------------------------------------------------------------------------------------------------------------------------------------------------------------
Epoch:[18/100], CauAdvLoss:[0.9941/0.2217] valid:[86.87], test:[66.56]
--------------------------------------------------------------------------------------------------------------------------------------------------------------------------------------------------------
Train Iter:[0  /51] CauLoss:[0.7900], AdvLoss:[0.0626]
Train Iter:[12 /51] CauLoss:[1.0092], AdvLoss:[0.1884]
Train Iter:[24 /51] CauLoss:[0.9994], AdvLoss:[0.2049]
Train Iter:[36 /51] CauLoss:[0.9927], AdvLoss:[0.2031]
Train Iter:[48 /51] CauLoss:[1.0110], AdvLoss:[0.2058]
--------------------------------------------------------------------------------------------------------------------------------------------------------------------------------------------------------
Epoch:[19/100], CauAdvLoss:[1.0052/0.2046] valid:[93.30], test:[68.96]
--------------------------------------------------------------------------------------------------------------------------------------------------------------------------------------------------------
Train Iter:[0  /51] CauLoss:[1.1714], AdvLoss:[0.2688]
Train Iter:[12 /51] CauLoss:[1.0262], AdvLoss:[0.2083]
Train Iter:[24 /51] CauLoss:[1.0065], AdvLoss:[0.1936]
Train Iter:[36 /51] CauLoss:[0.9760], AdvLoss:[0.1932]
Train Iter:[48 /51] CauLoss:[0.9802], AdvLoss:[0.2016]
--------------------------------------------------------------------------------------------------------------------------------------------------------------------------------------------------------
Epoch:[20/100], CauAdvLoss:[0.9852/0.2030] valid:[91.96], test:[66.73]
--------------------------------------------------------------------------------------------------------------------------------------------------------------------------------------------------------
Train Iter:[0  /51] CauLoss:[1.2863], AdvLoss:[0.3093]
Train Iter:[12 /51] CauLoss:[0.9469], AdvLoss:[0.1847]
Train Iter:[24 /51] CauLoss:[0.9486], AdvLoss:[0.1846]
Train Iter:[36 /51] CauLoss:[0.9738], AdvLoss:[0.1972]
Train Iter:[48 /51] CauLoss:[0.9852], AdvLoss:[0.1949]
--------------------------------------------------------------------------------------------------------------------------------------------------------------------------------------------------------
Epoch:[21/100], CauAdvLoss:[0.9832/0.1934] valid:[92.58], test:[68.85]
--------------------------------------------------------------------------------------------------------------------------------------------------------------------------------------------------------
Train Iter:[0  /51] CauLoss:[0.8969], AdvLoss:[0.1198]
Train Iter:[12 /51] CauLoss:[0.9964], AdvLoss:[0.2012]
Train Iter:[24 /51] CauLoss:[0.9696], AdvLoss:[0.1916]
Train Iter:[36 /51] CauLoss:[0.9845], AdvLoss:[0.2081]
Train Iter:[48 /51] CauLoss:[0.9801], AdvLoss:[0.2010]
--------------------------------------------------------------------------------------------------------------------------------------------------------------------------------------------------------
Epoch:[22/100], CauAdvLoss:[0.9831/0.1995] valid:[93.76], test:[68.10]
--------------------------------------------------------------------------------------------------------------------------------------------------------------------------------------------------------
Train Iter:[0  /51] CauLoss:[0.9601], AdvLoss:[0.2384]
Train Iter:[12 /51] CauLoss:[0.9098], AdvLoss:[0.1760]
Train Iter:[24 /51] CauLoss:[0.9616], AdvLoss:[0.1925]
Train Iter:[36 /51] CauLoss:[0.9826], AdvLoss:[0.1960]
Train Iter:[48 /51] CauLoss:[0.9743], AdvLoss:[0.2063]
--------------------------------------------------------------------------------------------------------------------------------------------------------------------------------------------------------
Epoch:[23/100], CauAdvLoss:[0.9726/0.2057] valid:[92.90], test:[68.40]
--------------------------------------------------------------------------------------------------------------------------------------------------------------------------------------------------------
Train Iter:[0  /51] CauLoss:[0.8310], AdvLoss:[0.0947]
Train Iter:[12 /51] CauLoss:[0.9240], AdvLoss:[0.2754]
Train Iter:[24 /51] CauLoss:[0.9344], AdvLoss:[0.2415]
Train Iter:[36 /51] CauLoss:[0.9279], AdvLoss:[0.2099]
Train Iter:[48 /51] CauLoss:[0.9506], AdvLoss:[0.2125]
--------------------------------------------------------------------------------------------------------------------------------------------------------------------------------------------------------
Epoch:[24/100], CauAdvLoss:[0.9614/0.2162] valid:[93.69], test:[69.43]
--------------------------------------------------------------------------------------------------------------------------------------------------------------------------------------------------------
Train Iter:[0  /51] CauLoss:[1.2811], AdvLoss:[0.3930]
Train Iter:[12 /51] CauLoss:[1.0195], AdvLoss:[0.1979]
Train Iter:[24 /51] CauLoss:[0.9547], AdvLoss:[0.1668]
Train Iter:[36 /51] CauLoss:[0.9467], AdvLoss:[0.1641]
Train Iter:[48 /51] CauLoss:[0.9699], AdvLoss:[0.1843]
--------------------------------------------------------------------------------------------------------------------------------------------------------------------------------------------------------
Epoch:[25/100], CauAdvLoss:[0.9653/0.1823] valid:[92.17], test:[65.74]
--------------------------------------------------------------------------------------------------------------------------------------------------------------------------------------------------------
Train Iter:[0  /51] CauLoss:[0.9431], AdvLoss:[0.2019]
Train Iter:[12 /51] CauLoss:[1.0089], AdvLoss:[0.2228]
Train Iter:[24 /51] CauLoss:[0.9898], AdvLoss:[0.2050]
Train Iter:[36 /51] CauLoss:[0.9947], AdvLoss:[0.1992]
Train Iter:[48 /51] CauLoss:[0.9933], AdvLoss:[0.1930]
--------------------------------------------------------------------------------------------------------------------------------------------------------------------------------------------------------
Epoch:[26/100], CauAdvLoss:[0.9897/0.1890] valid:[93.04], test:[67.38]
--------------------------------------------------------------------------------------------------------------------------------------------------------------------------------------------------------
Train Iter:[0  /51] CauLoss:[0.8759], AdvLoss:[0.1203]
Train Iter:[12 /51] CauLoss:[0.9117], AdvLoss:[0.1720]
Train Iter:[24 /51] CauLoss:[0.9486], AdvLoss:[0.1797]
Train Iter:[36 /51] CauLoss:[0.9453], AdvLoss:[0.1775]
Train Iter:[48 /51] CauLoss:[0.9404], AdvLoss:[0.1937]
--------------------------------------------------------------------------------------------------------------------------------------------------------------------------------------------------------
Epoch:[27/100], CauAdvLoss:[0.9388/0.1959] valid:[93.81], test:[67.59]
--------------------------------------------------------------------------------------------------------------------------------------------------------------------------------------------------------
Train Iter:[0  /51] CauLoss:[0.8834], AdvLoss:[0.2492]
Train Iter:[12 /51] CauLoss:[0.9487], AdvLoss:[0.2169]
Train Iter:[24 /51] CauLoss:[0.9383], AdvLoss:[0.1865]
Train Iter:[36 /51] CauLoss:[0.9329], AdvLoss:[0.1717]
Train Iter:[48 /51] CauLoss:[0.9246], AdvLoss:[0.1699]
--------------------------------------------------------------------------------------------------------------------------------------------------------------------------------------------------------
Epoch:[28/100], CauAdvLoss:[0.9273/0.1726] valid:[93.04], test:[67.48]
--------------------------------------------------------------------------------------------------------------------------------------------------------------------------------------------------------
Train Iter:[0  /51] CauLoss:[0.9650], AdvLoss:[0.1890]
Train Iter:[12 /51] CauLoss:[0.8893], AdvLoss:[0.1853]
Train Iter:[24 /51] CauLoss:[0.9208], AdvLoss:[0.1832]
Train Iter:[36 /51] CauLoss:[0.9232], AdvLoss:[0.1836]
Train Iter:[48 /51] CauLoss:[0.9405], AdvLoss:[0.2061]
--------------------------------------------------------------------------------------------------------------------------------------------------------------------------------------------------------
Epoch:[29/100], CauAdvLoss:[0.9382/0.2023] valid:[93.56], test:[70.35]
--------------------------------------------------------------------------------------------------------------------------------------------------------------------------------------------------------
Train Iter:[0  /51] CauLoss:[1.2151], AdvLoss:[0.3450]
Train Iter:[12 /51] CauLoss:[0.8752], AdvLoss:[0.1431]
Train Iter:[24 /51] CauLoss:[0.8883], AdvLoss:[0.1450]
Train Iter:[36 /51] CauLoss:[0.9294], AdvLoss:[0.1713]
Train Iter:[48 /51] CauLoss:[0.9390], AdvLoss:[0.1701]
--------------------------------------------------------------------------------------------------------------------------------------------------------------------------------------------------------
Epoch:[30/100], CauAdvLoss:[0.9523/0.1727] valid:[92.66], test:[69.82]
--------------------------------------------------------------------------------------------------------------------------------------------------------------------------------------------------------
Train Iter:[0  /51] CauLoss:[0.7180], AdvLoss:[0.0793]
Train Iter:[12 /51] CauLoss:[0.9209], AdvLoss:[0.1829]
Train Iter:[24 /51] CauLoss:[0.9127], AdvLoss:[0.1723]
Train Iter:[36 /51] CauLoss:[0.9273], AdvLoss:[0.1799]
Train Iter:[48 /51] CauLoss:[0.9385], AdvLoss:[0.1842]
--------------------------------------------------------------------------------------------------------------------------------------------------------------------------------------------------------
Epoch:[31/100], CauAdvLoss:[0.9310/0.1821] valid:[93.59], test:[69.35]
--------------------------------------------------------------------------------------------------------------------------------------------------------------------------------------------------------
Train Iter:[0  /51] CauLoss:[0.9357], AdvLoss:[0.1497]
Train Iter:[12 /51] CauLoss:[0.8951], AdvLoss:[0.1590]
Train Iter:[24 /51] CauLoss:[0.9036], AdvLoss:[0.1604]
Train Iter:[36 /51] CauLoss:[0.9248], AdvLoss:[0.1648]
Train Iter:[48 /51] CauLoss:[0.9279], AdvLoss:[0.1707]
--------------------------------------------------------------------------------------------------------------------------------------------------------------------------------------------------------
Epoch:[32/100], CauAdvLoss:[0.9268/0.1696] valid:[92.81], test:[69.31]
--------------------------------------------------------------------------------------------------------------------------------------------------------------------------------------------------------
Train Iter:[0  /51] CauLoss:[0.9560], AdvLoss:[0.1338]
Train Iter:[12 /51] CauLoss:[0.9315], AdvLoss:[0.1729]
Train Iter:[24 /51] CauLoss:[0.8858], AdvLoss:[0.1527]
Train Iter:[36 /51] CauLoss:[0.9112], AdvLoss:[0.1650]
Train Iter:[48 /51] CauLoss:[0.9113], AdvLoss:[0.1653]
--------------------------------------------------------------------------------------------------------------------------------------------------------------------------------------------------------
Epoch:[33/100], CauAdvLoss:[0.9098/0.1648] valid:[93.20], test:[69.28]
--------------------------------------------------------------------------------------------------------------------------------------------------------------------------------------------------------
Train Iter:[0  /51] CauLoss:[0.8873], AdvLoss:[0.1325]
Train Iter:[12 /51] CauLoss:[0.9655], AdvLoss:[0.2002]
Train Iter:[24 /51] CauLoss:[0.9443], AdvLoss:[0.1946]
Train Iter:[36 /51] CauLoss:[0.9349], AdvLoss:[0.1768]
Train Iter:[48 /51] CauLoss:[0.9142], AdvLoss:[0.1833]
--------------------------------------------------------------------------------------------------------------------------------------------------------------------------------------------------------
Epoch:[34/100], CauAdvLoss:[0.9092/0.1827] valid:[93.03], test:[67.40]
--------------------------------------------------------------------------------------------------------------------------------------------------------------------------------------------------------
Train Iter:[0  /51] CauLoss:[0.7144], AdvLoss:[0.0743]
Train Iter:[12 /51] CauLoss:[0.9115], AdvLoss:[0.1710]
Train Iter:[24 /51] CauLoss:[0.8954], AdvLoss:[0.1898]
Train Iter:[36 /51] CauLoss:[0.9145], AdvLoss:[0.1901]
Train Iter:[48 /51] CauLoss:[0.9159], AdvLoss:[0.1769]
--------------------------------------------------------------------------------------------------------------------------------------------------------------------------------------------------------
Epoch:[35/100], CauAdvLoss:[0.9190/0.1772] valid:[91.31], test:[69.61]
--------------------------------------------------------------------------------------------------------------------------------------------------------------------------------------------------------
Train Iter:[0  /51] CauLoss:[0.7056], AdvLoss:[0.1683]
Train Iter:[12 /51] CauLoss:[0.8634], AdvLoss:[0.1429]
Train Iter:[24 /51] CauLoss:[0.9044], AdvLoss:[0.1702]
Train Iter:[36 /51] CauLoss:[0.8929], AdvLoss:[0.1783]
Train Iter:[48 /51] CauLoss:[0.8930], AdvLoss:[0.1754]
--------------------------------------------------------------------------------------------------------------------------------------------------------------------------------------------------------
Epoch:[36/100], CauAdvLoss:[0.8912/0.1741] valid:[93.16], test:[69.45]
--------------------------------------------------------------------------------------------------------------------------------------------------------------------------------------------------------
Train Iter:[0  /51] CauLoss:[0.7486], AdvLoss:[0.0715]
Train Iter:[12 /51] CauLoss:[0.8896], AdvLoss:[0.1965]
Train Iter:[24 /51] CauLoss:[0.8978], AdvLoss:[0.1821]
Train Iter:[36 /51] CauLoss:[0.8994], AdvLoss:[0.1729]
Train Iter:[48 /51] CauLoss:[0.9237], AdvLoss:[0.1784]
--------------------------------------------------------------------------------------------------------------------------------------------------------------------------------------------------------
Epoch:[37/100], CauAdvLoss:[0.9208/0.1757] valid:[92.47], test:[67.56]
--------------------------------------------------------------------------------------------------------------------------------------------------------------------------------------------------------
Train Iter:[0  /51] CauLoss:[0.9901], AdvLoss:[0.1731]
Train Iter:[12 /51] CauLoss:[0.9130], AdvLoss:[0.1794]
Train Iter:[24 /51] CauLoss:[0.8744], AdvLoss:[0.1503]
Train Iter:[36 /51] CauLoss:[0.9064], AdvLoss:[0.1670]
Train Iter:[48 /51] CauLoss:[0.9109], AdvLoss:[0.1687]
--------------------------------------------------------------------------------------------------------------------------------------------------------------------------------------------------------
Epoch:[38/100], CauAdvLoss:[0.9193/0.1721] valid:[93.68], test:[68.82]
--------------------------------------------------------------------------------------------------------------------------------------------------------------------------------------------------------
Train Iter:[0  /51] CauLoss:[0.9000], AdvLoss:[0.2730]
Train Iter:[12 /51] CauLoss:[0.8840], AdvLoss:[0.1714]
Train Iter:[24 /51] CauLoss:[0.8671], AdvLoss:[0.1599]
Train Iter:[36 /51] CauLoss:[0.8591], AdvLoss:[0.1474]
Train Iter:[48 /51] CauLoss:[0.9041], AdvLoss:[0.1663]
--------------------------------------------------------------------------------------------------------------------------------------------------------------------------------------------------------
Epoch:[39/100], CauAdvLoss:[0.9016/0.1644] valid:[92.78], test:[69.69]
--------------------------------------------------------------------------------------------------------------------------------------------------------------------------------------------------------
Train Iter:[0  /51] CauLoss:[1.0965], AdvLoss:[0.2475]
Train Iter:[12 /51] CauLoss:[0.9367], AdvLoss:[0.1677]
Train Iter:[24 /51] CauLoss:[0.8968], AdvLoss:[0.1458]
Train Iter:[36 /51] CauLoss:[0.9016], AdvLoss:[0.1426]
Train Iter:[48 /51] CauLoss:[0.9021], AdvLoss:[0.1515]
--------------------------------------------------------------------------------------------------------------------------------------------------------------------------------------------------------
Epoch:[40/100], CauAdvLoss:[0.9041/0.1515] valid:[93.18], test:[68.79]
--------------------------------------------------------------------------------------------------------------------------------------------------------------------------------------------------------
Train Iter:[0  /51] CauLoss:[0.8884], AdvLoss:[0.1195]
Train Iter:[12 /51] CauLoss:[0.8370], AdvLoss:[0.1484]
Train Iter:[24 /51] CauLoss:[0.8631], AdvLoss:[0.1369]
Train Iter:[36 /51] CauLoss:[0.8744], AdvLoss:[0.1415]
Train Iter:[48 /51] CauLoss:[0.8919], AdvLoss:[0.1566]
--------------------------------------------------------------------------------------------------------------------------------------------------------------------------------------------------------
Epoch:[41/100], CauAdvLoss:[0.8932/0.1559] valid:[92.27], test:[66.77]
--------------------------------------------------------------------------------------------------------------------------------------------------------------------------------------------------------
Train Iter:[0  /51] CauLoss:[0.9166], AdvLoss:[0.2694]
Train Iter:[12 /51] CauLoss:[0.8459], AdvLoss:[0.1707]
Train Iter:[24 /51] CauLoss:[0.8904], AdvLoss:[0.1727]
Train Iter:[36 /51] CauLoss:[0.8684], AdvLoss:[0.1561]
Train Iter:[48 /51] CauLoss:[0.8795], AdvLoss:[0.1608]
--------------------------------------------------------------------------------------------------------------------------------------------------------------------------------------------------------
Epoch:[42/100], CauAdvLoss:[0.8775/0.1594] valid:[93.22], test:[69.76]
--------------------------------------------------------------------------------------------------------------------------------------------------------------------------------------------------------
Train Iter:[0  /51] CauLoss:[1.0434], AdvLoss:[0.2679]
Train Iter:[12 /51] CauLoss:[0.8361], AdvLoss:[0.1467]
Train Iter:[24 /51] CauLoss:[0.8525], AdvLoss:[0.1418]
Train Iter:[36 /51] CauLoss:[0.8947], AdvLoss:[0.1459]
Train Iter:[48 /51] CauLoss:[0.8888], AdvLoss:[0.1474]
--------------------------------------------------------------------------------------------------------------------------------------------------------------------------------------------------------
Epoch:[43/100], CauAdvLoss:[0.8868/0.1462] valid:[93.69], test:[70.28]
--------------------------------------------------------------------------------------------------------------------------------------------------------------------------------------------------------
Train Iter:[0  /51] CauLoss:[0.8273], AdvLoss:[0.2650]
Train Iter:[12 /51] CauLoss:[0.8757], AdvLoss:[0.1529]
Train Iter:[24 /51] CauLoss:[0.8895], AdvLoss:[0.1535]
Train Iter:[36 /51] CauLoss:[0.8942], AdvLoss:[0.1605]
Train Iter:[48 /51] CauLoss:[0.8845], AdvLoss:[0.1479]
--------------------------------------------------------------------------------------------------------------------------------------------------------------------------------------------------------
Epoch:[44/100], CauAdvLoss:[0.8861/0.1488] valid:[93.22], test:[70.51]
--------------------------------------------------------------------------------------------------------------------------------------------------------------------------------------------------------
Train Iter:[0  /51] CauLoss:[1.1632], AdvLoss:[0.1733]
Train Iter:[12 /51] CauLoss:[0.9089], AdvLoss:[0.1608]
Train Iter:[24 /51] CauLoss:[0.9102], AdvLoss:[0.1586]
Train Iter:[36 /51] CauLoss:[0.8773], AdvLoss:[0.1482]
Train Iter:[48 /51] CauLoss:[0.8921], AdvLoss:[0.1502]
--------------------------------------------------------------------------------------------------------------------------------------------------------------------------------------------------------
Epoch:[45/100], CauAdvLoss:[0.8889/0.1498] valid:[93.36], test:[69.33]
--------------------------------------------------------------------------------------------------------------------------------------------------------------------------------------------------------
Train Iter:[0  /51] CauLoss:[0.8740], AdvLoss:[0.1508]
Train Iter:[12 /51] CauLoss:[0.8719], AdvLoss:[0.1289]
Train Iter:[24 /51] CauLoss:[0.8103], AdvLoss:[0.1156]
Train Iter:[36 /51] CauLoss:[0.8548], AdvLoss:[0.1392]
Train Iter:[48 /51] CauLoss:[0.8673], AdvLoss:[0.1429]
--------------------------------------------------------------------------------------------------------------------------------------------------------------------------------------------------------
Epoch:[46/100], CauAdvLoss:[0.8810/0.1503] valid:[93.66], test:[68.12]
--------------------------------------------------------------------------------------------------------------------------------------------------------------------------------------------------------
Train Iter:[0  /51] CauLoss:[0.8722], AdvLoss:[0.0785]
Train Iter:[12 /51] CauLoss:[0.8642], AdvLoss:[0.1410]
Train Iter:[24 /51] CauLoss:[0.8423], AdvLoss:[0.1303]
Train Iter:[36 /51] CauLoss:[0.8769], AdvLoss:[0.1584]
Train Iter:[48 /51] CauLoss:[0.8698], AdvLoss:[0.1600]
--------------------------------------------------------------------------------------------------------------------------------------------------------------------------------------------------------
Epoch:[47/100], CauAdvLoss:[0.8718/0.1614] valid:[93.24], test:[69.73]
--------------------------------------------------------------------------------------------------------------------------------------------------------------------------------------------------------
Train Iter:[0  /51] CauLoss:[0.8113], AdvLoss:[0.0593]
Train Iter:[12 /51] CauLoss:[0.9171], AdvLoss:[0.1348]
Train Iter:[24 /51] CauLoss:[0.8995], AdvLoss:[0.1479]
Train Iter:[36 /51] CauLoss:[0.8650], AdvLoss:[0.1480]
Train Iter:[48 /51] CauLoss:[0.8631], AdvLoss:[0.1582]
--------------------------------------------------------------------------------------------------------------------------------------------------------------------------------------------------------
Epoch:[48/100], CauAdvLoss:[0.8607/0.1548] valid:[93.53], test:[69.90]
--------------------------------------------------------------------------------------------------------------------------------------------------------------------------------------------------------
Train Iter:[0  /51] CauLoss:[1.3269], AdvLoss:[0.3930]
Train Iter:[12 /51] CauLoss:[0.8410], AdvLoss:[0.1254]
Train Iter:[24 /51] CauLoss:[0.8872], AdvLoss:[0.1428]
Train Iter:[36 /51] CauLoss:[0.8773], AdvLoss:[0.1409]
Train Iter:[48 /51] CauLoss:[0.8681], AdvLoss:[0.1432]
--------------------------------------------------------------------------------------------------------------------------------------------------------------------------------------------------------
Epoch:[49/100], CauAdvLoss:[0.8689/0.1437] valid:[93.23], test:[69.39]
--------------------------------------------------------------------------------------------------------------------------------------------------------------------------------------------------------
Train Iter:[0  /51] CauLoss:[0.6378], AdvLoss:[0.0198]
Train Iter:[12 /51] CauLoss:[0.8227], AdvLoss:[0.1325]
Train Iter:[24 /51] CauLoss:[0.8336], AdvLoss:[0.1331]
Train Iter:[36 /51] CauLoss:[0.8448], AdvLoss:[0.1341]
Train Iter:[48 /51] CauLoss:[0.8505], AdvLoss:[0.1354]
--------------------------------------------------------------------------------------------------------------------------------------------------------------------------------------------------------
Epoch:[50/100], CauAdvLoss:[0.8575/0.1397] valid:[93.21], test:[67.81]
--------------------------------------------------------------------------------------------------------------------------------------------------------------------------------------------------------
Train Iter:[0  /51] CauLoss:[0.8801], AdvLoss:[0.1732]
Train Iter:[12 /51] CauLoss:[0.8440], AdvLoss:[0.1075]
Train Iter:[24 /51] CauLoss:[0.8606], AdvLoss:[0.1171]
Train Iter:[36 /51] CauLoss:[0.8788], AdvLoss:[0.1377]
Train Iter:[48 /51] CauLoss:[0.8691], AdvLoss:[0.1399]
--------------------------------------------------------------------------------------------------------------------------------------------------------------------------------------------------------
Epoch:[51/100], CauAdvLoss:[0.8781/0.1462] valid:[93.38], test:[68.83]
--------------------------------------------------------------------------------------------------------------------------------------------------------------------------------------------------------
Train Iter:[0  /51] CauLoss:[1.1109], AdvLoss:[0.1165]
Train Iter:[12 /51] CauLoss:[0.7732], AdvLoss:[0.0896]
Train Iter:[24 /51] CauLoss:[0.8247], AdvLoss:[0.1041]
Train Iter:[36 /51] CauLoss:[0.8743], AdvLoss:[0.1298]
Train Iter:[48 /51] CauLoss:[0.8540], AdvLoss:[0.1285]
--------------------------------------------------------------------------------------------------------------------------------------------------------------------------------------------------------
Epoch:[52/100], CauAdvLoss:[0.8646/0.1381] valid:[93.56], test:[70.13]
--------------------------------------------------------------------------------------------------------------------------------------------------------------------------------------------------------
Train Iter:[0  /51] CauLoss:[0.8472], AdvLoss:[0.2132]
Train Iter:[12 /51] CauLoss:[0.7597], AdvLoss:[0.1304]
Train Iter:[24 /51] CauLoss:[0.8072], AdvLoss:[0.1399]
Train Iter:[36 /51] CauLoss:[0.8389], AdvLoss:[0.1486]
Train Iter:[48 /51] CauLoss:[0.8377], AdvLoss:[0.1382]
--------------------------------------------------------------------------------------------------------------------------------------------------------------------------------------------------------
Epoch:[53/100], CauAdvLoss:[0.8429/0.1413] valid:[92.66], test:[70.35]
--------------------------------------------------------------------------------------------------------------------------------------------------------------------------------------------------------
Train Iter:[0  /51] CauLoss:[0.8515], AdvLoss:[0.0829]
Train Iter:[12 /51] CauLoss:[0.8594], AdvLoss:[0.1214]
Train Iter:[24 /51] CauLoss:[0.8427], AdvLoss:[0.1165]
Train Iter:[36 /51] CauLoss:[0.8574], AdvLoss:[0.1243]
Train Iter:[48 /51] CauLoss:[0.8646], AdvLoss:[0.1287]
--------------------------------------------------------------------------------------------------------------------------------------------------------------------------------------------------------
Epoch:[54/100], CauAdvLoss:[0.8624/0.1270] valid:[93.48], test:[69.44]
--------------------------------------------------------------------------------------------------------------------------------------------------------------------------------------------------------
Train Iter:[0  /51] CauLoss:[0.9809], AdvLoss:[0.2816]
Train Iter:[12 /51] CauLoss:[0.8215], AdvLoss:[0.1289]
Train Iter:[24 /51] CauLoss:[0.7867], AdvLoss:[0.1248]
Train Iter:[36 /51] CauLoss:[0.8138], AdvLoss:[0.1367]
Train Iter:[48 /51] CauLoss:[0.8255], AdvLoss:[0.1382]
--------------------------------------------------------------------------------------------------------------------------------------------------------------------------------------------------------
Epoch:[55/100], CauAdvLoss:[0.8277/0.1389] valid:[93.39], test:[70.23]
--------------------------------------------------------------------------------------------------------------------------------------------------------------------------------------------------------
Train Iter:[0  /51] CauLoss:[1.0546], AdvLoss:[0.2597]
Train Iter:[12 /51] CauLoss:[0.9481], AdvLoss:[0.2022]
Train Iter:[24 /51] CauLoss:[0.8875], AdvLoss:[0.1646]
Train Iter:[36 /51] CauLoss:[0.8661], AdvLoss:[0.1558]
Train Iter:[48 /51] CauLoss:[0.8542], AdvLoss:[0.1396]
--------------------------------------------------------------------------------------------------------------------------------------------------------------------------------------------------------
Epoch:[56/100], CauAdvLoss:[0.8455/0.1355] valid:[93.73], test:[70.40]
--------------------------------------------------------------------------------------------------------------------------------------------------------------------------------------------------------
Train Iter:[0  /51] CauLoss:[0.7318], AdvLoss:[0.1465]
Train Iter:[12 /51] CauLoss:[0.9102], AdvLoss:[0.1513]
Train Iter:[24 /51] CauLoss:[0.8821], AdvLoss:[0.1454]
Train Iter:[36 /51] CauLoss:[0.8712], AdvLoss:[0.1404]
Train Iter:[48 /51] CauLoss:[0.8620], AdvLoss:[0.1342]
--------------------------------------------------------------------------------------------------------------------------------------------------------------------------------------------------------
Epoch:[57/100], CauAdvLoss:[0.8609/0.1353] valid:[93.18], test:[69.59]
--------------------------------------------------------------------------------------------------------------------------------------------------------------------------------------------------------
Train Iter:[0  /51] CauLoss:[0.7358], AdvLoss:[0.1632]
Train Iter:[12 /51] CauLoss:[0.7913], AdvLoss:[0.1600]
Train Iter:[24 /51] CauLoss:[0.8063], AdvLoss:[0.1539]
Train Iter:[36 /51] CauLoss:[0.8200], AdvLoss:[0.1423]
Train Iter:[48 /51] CauLoss:[0.8297], AdvLoss:[0.1369]
--------------------------------------------------------------------------------------------------------------------------------------------------------------------------------------------------------
Epoch:[58/100], CauAdvLoss:[0.8295/0.1373] valid:[92.66], test:[68.69]
--------------------------------------------------------------------------------------------------------------------------------------------------------------------------------------------------------
Train Iter:[0  /51] CauLoss:[1.0972], AdvLoss:[0.2332]
Train Iter:[12 /51] CauLoss:[0.8511], AdvLoss:[0.1420]
Train Iter:[24 /51] CauLoss:[0.8521], AdvLoss:[0.1285]
Train Iter:[36 /51] CauLoss:[0.8150], AdvLoss:[0.1188]
Train Iter:[48 /51] CauLoss:[0.8386], AdvLoss:[0.1299]
--------------------------------------------------------------------------------------------------------------------------------------------------------------------------------------------------------
Epoch:[59/100], CauAdvLoss:[0.8366/0.1294] valid:[93.39], test:[68.06]
--------------------------------------------------------------------------------------------------------------------------------------------------------------------------------------------------------
Train Iter:[0  /51] CauLoss:[1.0221], AdvLoss:[0.2814]
Train Iter:[12 /51] CauLoss:[0.8493], AdvLoss:[0.1207]
Train Iter:[24 /51] CauLoss:[0.8342], AdvLoss:[0.1410]
Train Iter:[36 /51] CauLoss:[0.8755], AdvLoss:[0.1459]
Train Iter:[48 /51] CauLoss:[0.8531], AdvLoss:[0.1361]
--------------------------------------------------------------------------------------------------------------------------------------------------------------------------------------------------------
Epoch:[60/100], CauAdvLoss:[0.8587/0.1442] valid:[93.32], test:[67.46]
--------------------------------------------------------------------------------------------------------------------------------------------------------------------------------------------------------
Train Iter:[0  /51] CauLoss:[0.8475], AdvLoss:[0.1452]
Train Iter:[12 /51] CauLoss:[0.8426], AdvLoss:[0.1369]
Train Iter:[24 /51] CauLoss:[0.8604], AdvLoss:[0.1392]
Train Iter:[36 /51] CauLoss:[0.8671], AdvLoss:[0.1359]
Train Iter:[48 /51] CauLoss:[0.8568], AdvLoss:[0.1303]
--------------------------------------------------------------------------------------------------------------------------------------------------------------------------------------------------------
Epoch:[61/100], CauAdvLoss:[0.8565/0.1288] valid:[93.40], test:[70.13]
--------------------------------------------------------------------------------------------------------------------------------------------------------------------------------------------------------
Train Iter:[0  /51] CauLoss:[0.7164], AdvLoss:[0.0821]
Train Iter:[12 /51] CauLoss:[0.7996], AdvLoss:[0.1253]
Train Iter:[24 /51] CauLoss:[0.8308], AdvLoss:[0.1418]
Train Iter:[36 /51] CauLoss:[0.8212], AdvLoss:[0.1331]
Train Iter:[48 /51] CauLoss:[0.8207], AdvLoss:[0.1332]
--------------------------------------------------------------------------------------------------------------------------------------------------------------------------------------------------------
Epoch:[62/100], CauAdvLoss:[0.8193/0.1313] valid:[93.71], test:[69.81]
--------------------------------------------------------------------------------------------------------------------------------------------------------------------------------------------------------
Train Iter:[0  /51] CauLoss:[1.5115], AdvLoss:[0.2068]
Train Iter:[12 /51] CauLoss:[0.8830], AdvLoss:[0.1347]
Train Iter:[24 /51] CauLoss:[0.8256], AdvLoss:[0.1205]
Train Iter:[36 /51] CauLoss:[0.8304], AdvLoss:[0.1292]
Train Iter:[48 /51] CauLoss:[0.8205], AdvLoss:[0.1248]
--------------------------------------------------------------------------------------------------------------------------------------------------------------------------------------------------------
Epoch:[63/100], CauAdvLoss:[0.8154/0.1220] valid:[92.94], test:[68.31]
--------------------------------------------------------------------------------------------------------------------------------------------------------------------------------------------------------
Train Iter:[0  /51] CauLoss:[1.0952], AdvLoss:[0.2625]
Train Iter:[12 /51] CauLoss:[0.8717], AdvLoss:[0.1497]
Train Iter:[24 /51] CauLoss:[0.8869], AdvLoss:[0.1412]
Train Iter:[36 /51] CauLoss:[0.8605], AdvLoss:[0.1221]
Train Iter:[48 /51] CauLoss:[0.8541], AdvLoss:[0.1234]
--------------------------------------------------------------------------------------------------------------------------------------------------------------------------------------------------------
Epoch:[64/100], CauAdvLoss:[0.8453/0.1203] valid:[93.07], test:[70.45]
--------------------------------------------------------------------------------------------------------------------------------------------------------------------------------------------------------
Train Iter:[0  /51] CauLoss:[0.6371], AdvLoss:[0.0709]
Train Iter:[12 /51] CauLoss:[0.7930], AdvLoss:[0.0920]
Train Iter:[24 /51] CauLoss:[0.8027], AdvLoss:[0.0991]
Train Iter:[36 /51] CauLoss:[0.8354], AdvLoss:[0.1220]
Train Iter:[48 /51] CauLoss:[0.8251], AdvLoss:[0.1254]
--------------------------------------------------------------------------------------------------------------------------------------------------------------------------------------------------------
Epoch:[65/100], CauAdvLoss:[0.8189/0.1238] valid:[93.16], test:[69.44]
--------------------------------------------------------------------------------------------------------------------------------------------------------------------------------------------------------
Train Iter:[0  /51] CauLoss:[0.7228], AdvLoss:[0.1425]
Train Iter:[12 /51] CauLoss:[0.8507], AdvLoss:[0.1491]
Train Iter:[24 /51] CauLoss:[0.8291], AdvLoss:[0.1248]
Train Iter:[36 /51] CauLoss:[0.8627], AdvLoss:[0.1285]
Train Iter:[48 /51] CauLoss:[0.8500], AdvLoss:[0.1278]
--------------------------------------------------------------------------------------------------------------------------------------------------------------------------------------------------------
Epoch:[66/100], CauAdvLoss:[0.8458/0.1274] valid:[93.24], test:[69.87]
--------------------------------------------------------------------------------------------------------------------------------------------------------------------------------------------------------
Train Iter:[0  /51] CauLoss:[0.6493], AdvLoss:[0.0368]
Train Iter:[12 /51] CauLoss:[0.8139], AdvLoss:[0.1037]
Train Iter:[24 /51] CauLoss:[0.8213], AdvLoss:[0.1202]
Train Iter:[36 /51] CauLoss:[0.8196], AdvLoss:[0.1202]
Train Iter:[48 /51] CauLoss:[0.8081], AdvLoss:[0.1155]
--------------------------------------------------------------------------------------------------------------------------------------------------------------------------------------------------------
Epoch:[67/100], CauAdvLoss:[0.8118/0.1187] valid:[93.51], test:[70.38]
--------------------------------------------------------------------------------------------------------------------------------------------------------------------------------------------------------
Train Iter:[0  /51] CauLoss:[0.6094], AdvLoss:[0.0392]
Train Iter:[12 /51] CauLoss:[0.7885], AdvLoss:[0.0949]
Train Iter:[24 /51] CauLoss:[0.8239], AdvLoss:[0.1124]
Train Iter:[36 /51] CauLoss:[0.8054], AdvLoss:[0.1161]
Train Iter:[48 /51] CauLoss:[0.8004], AdvLoss:[0.1137]
--------------------------------------------------------------------------------------------------------------------------------------------------------------------------------------------------------
Epoch:[68/100], CauAdvLoss:[0.7985/0.1131] valid:[93.62], test:[69.82]
--------------------------------------------------------------------------------------------------------------------------------------------------------------------------------------------------------
Train Iter:[0  /51] CauLoss:[0.8610], AdvLoss:[0.2135]
Train Iter:[12 /51] CauLoss:[0.7910], AdvLoss:[0.1231]
Train Iter:[24 /51] CauLoss:[0.7838], AdvLoss:[0.1052]
Train Iter:[36 /51] CauLoss:[0.8049], AdvLoss:[0.1088]
Train Iter:[48 /51] CauLoss:[0.8091], AdvLoss:[0.1246]
--------------------------------------------------------------------------------------------------------------------------------------------------------------------------------------------------------
Epoch:[69/100], CauAdvLoss:[0.8085/0.1229] valid:[93.63], test:[69.43]
--------------------------------------------------------------------------------------------------------------------------------------------------------------------------------------------------------
Train Iter:[0  /51] CauLoss:[0.7837], AdvLoss:[0.0435]
Train Iter:[12 /51] CauLoss:[0.8460], AdvLoss:[0.1231]
Train Iter:[24 /51] CauLoss:[0.7801], AdvLoss:[0.1002]
Train Iter:[36 /51] CauLoss:[0.8093], AdvLoss:[0.1129]
Train Iter:[48 /51] CauLoss:[0.8089], AdvLoss:[0.1130]
--------------------------------------------------------------------------------------------------------------------------------------------------------------------------------------------------------
Epoch:[70/100], CauAdvLoss:[0.8119/0.1137] valid:[93.63], test:[69.72]
--------------------------------------------------------------------------------------------------------------------------------------------------------------------------------------------------------
Train Iter:[0  /51] CauLoss:[0.6751], AdvLoss:[0.1304]
Train Iter:[12 /51] CauLoss:[0.7835], AdvLoss:[0.1018]
Train Iter:[24 /51] CauLoss:[0.8237], AdvLoss:[0.1085]
Train Iter:[36 /51] CauLoss:[0.8301], AdvLoss:[0.1153]
Train Iter:[48 /51] CauLoss:[0.8093], AdvLoss:[0.1132]
--------------------------------------------------------------------------------------------------------------------------------------------------------------------------------------------------------
Epoch:[71/100], CauAdvLoss:[0.8115/0.1146] valid:[93.51], test:[69.34]
--------------------------------------------------------------------------------------------------------------------------------------------------------------------------------------------------------
Train Iter:[0  /51] CauLoss:[0.9788], AdvLoss:[0.1967]
Train Iter:[12 /51] CauLoss:[0.8519], AdvLoss:[0.1217]
Train Iter:[24 /51] CauLoss:[0.8576], AdvLoss:[0.1340]
Train Iter:[36 /51] CauLoss:[0.8249], AdvLoss:[0.1221]
Train Iter:[48 /51] CauLoss:[0.8145], AdvLoss:[0.1164]
--------------------------------------------------------------------------------------------------------------------------------------------------------------------------------------------------------
Epoch:[72/100], CauAdvLoss:[0.8083/0.1162] valid:[93.48], test:[69.16]
--------------------------------------------------------------------------------------------------------------------------------------------------------------------------------------------------------
Train Iter:[0  /51] CauLoss:[0.8627], AdvLoss:[0.1869]
Train Iter:[12 /51] CauLoss:[0.8212], AdvLoss:[0.1389]
Train Iter:[24 /51] CauLoss:[0.8009], AdvLoss:[0.1157]
Train Iter:[36 /51] CauLoss:[0.7957], AdvLoss:[0.1122]
Train Iter:[48 /51] CauLoss:[0.8063], AdvLoss:[0.1107]
--------------------------------------------------------------------------------------------------------------------------------------------------------------------------------------------------------
Epoch:[73/100], CauAdvLoss:[0.8056/0.1109] valid:[93.71], test:[69.27]
--------------------------------------------------------------------------------------------------------------------------------------------------------------------------------------------------------
Train Iter:[0  /51] CauLoss:[0.6027], AdvLoss:[0.0313]
Train Iter:[12 /51] CauLoss:[0.7696], AdvLoss:[0.1155]
Train Iter:[24 /51] CauLoss:[0.7646], AdvLoss:[0.1055]
Train Iter:[36 /51] CauLoss:[0.7956], AdvLoss:[0.1136]
Train Iter:[48 /51] CauLoss:[0.7964], AdvLoss:[0.1164]
--------------------------------------------------------------------------------------------------------------------------------------------------------------------------------------------------------
Epoch:[74/100], CauAdvLoss:[0.7941/0.1159] valid:[93.43], test:[68.36]
--------------------------------------------------------------------------------------------------------------------------------------------------------------------------------------------------------
Train Iter:[0  /51] CauLoss:[0.7487], AdvLoss:[0.1162]
Train Iter:[12 /51] CauLoss:[0.8517], AdvLoss:[0.1236]
Train Iter:[24 /51] CauLoss:[0.8058], AdvLoss:[0.1225]
Train Iter:[36 /51] CauLoss:[0.8119], AdvLoss:[0.1240]
Train Iter:[48 /51] CauLoss:[0.7882], AdvLoss:[0.1119]
--------------------------------------------------------------------------------------------------------------------------------------------------------------------------------------------------------
Epoch:[75/100], CauAdvLoss:[0.7964/0.1167] valid:[93.40], test:[69.76]
--------------------------------------------------------------------------------------------------------------------------------------------------------------------------------------------------------
Train Iter:[0  /51] CauLoss:[0.8120], AdvLoss:[0.0697]
Train Iter:[12 /51] CauLoss:[0.7713], AdvLoss:[0.0956]
Train Iter:[24 /51] CauLoss:[0.7868], AdvLoss:[0.1075]
Train Iter:[36 /51] CauLoss:[0.8055], AdvLoss:[0.1153]
Train Iter:[48 /51] CauLoss:[0.7962], AdvLoss:[0.1134]
--------------------------------------------------------------------------------------------------------------------------------------------------------------------------------------------------------
Epoch:[76/100], CauAdvLoss:[0.7893/0.1100] valid:[93.66], test:[69.75]
--------------------------------------------------------------------------------------------------------------------------------------------------------------------------------------------------------
Train Iter:[0  /51] CauLoss:[0.9003], AdvLoss:[0.1604]
Train Iter:[12 /51] CauLoss:[0.8069], AdvLoss:[0.0945]
Train Iter:[24 /51] CauLoss:[0.7823], AdvLoss:[0.1069]
Train Iter:[36 /51] CauLoss:[0.7835], AdvLoss:[0.1064]
Train Iter:[48 /51] CauLoss:[0.7889], AdvLoss:[0.1136]
--------------------------------------------------------------------------------------------------------------------------------------------------------------------------------------------------------
Epoch:[77/100], CauAdvLoss:[0.7924/0.1186] valid:[93.45], test:[70.18]
--------------------------------------------------------------------------------------------------------------------------------------------------------------------------------------------------------
Train Iter:[0  /51] CauLoss:[0.8390], AdvLoss:[0.1150]
Train Iter:[12 /51] CauLoss:[0.7517], AdvLoss:[0.1063]
Train Iter:[24 /51] CauLoss:[0.7605], AdvLoss:[0.1045]
Train Iter:[36 /51] CauLoss:[0.7903], AdvLoss:[0.1114]
Train Iter:[48 /51] CauLoss:[0.7948], AdvLoss:[0.1097]
--------------------------------------------------------------------------------------------------------------------------------------------------------------------------------------------------------
Epoch:[78/100], CauAdvLoss:[0.7920/0.1088] valid:[93.42], test:[69.15]
--------------------------------------------------------------------------------------------------------------------------------------------------------------------------------------------------------
Train Iter:[0  /51] CauLoss:[0.7606], AdvLoss:[0.0841]
Train Iter:[12 /51] CauLoss:[0.7713], AdvLoss:[0.1114]
Train Iter:[24 /51] CauLoss:[0.7652], AdvLoss:[0.1035]
Train Iter:[36 /51] CauLoss:[0.7721], AdvLoss:[0.1134]
Train Iter:[48 /51] CauLoss:[0.7726], AdvLoss:[0.1074]
--------------------------------------------------------------------------------------------------------------------------------------------------------------------------------------------------------
Epoch:[79/100], CauAdvLoss:[0.7732/0.1074] valid:[93.36], test:[69.52]
--------------------------------------------------------------------------------------------------------------------------------------------------------------------------------------------------------
Train Iter:[0  /51] CauLoss:[0.8414], AdvLoss:[0.1604]
Train Iter:[12 /51] CauLoss:[0.7331], AdvLoss:[0.0997]
Train Iter:[24 /51] CauLoss:[0.7867], AdvLoss:[0.1049]
Train Iter:[36 /51] CauLoss:[0.7978], AdvLoss:[0.1167]
Train Iter:[48 /51] CauLoss:[0.7942], AdvLoss:[0.1126]
--------------------------------------------------------------------------------------------------------------------------------------------------------------------------------------------------------
Epoch:[80/100], CauAdvLoss:[0.7898/0.1113] valid:[93.35], test:[69.43]
--------------------------------------------------------------------------------------------------------------------------------------------------------------------------------------------------------
Train Iter:[0  /51] CauLoss:[0.7428], AdvLoss:[0.0847]
Train Iter:[12 /51] CauLoss:[0.8301], AdvLoss:[0.1110]
Train Iter:[24 /51] CauLoss:[0.8016], AdvLoss:[0.1013]
Train Iter:[36 /51] CauLoss:[0.8077], AdvLoss:[0.1168]
Train Iter:[48 /51] CauLoss:[0.8063], AdvLoss:[0.1099]
--------------------------------------------------------------------------------------------------------------------------------------------------------------------------------------------------------
Epoch:[81/100], CauAdvLoss:[0.8029/0.1101] valid:[93.35], test:[70.08]
--------------------------------------------------------------------------------------------------------------------------------------------------------------------------------------------------------
Train Iter:[0  /51] CauLoss:[0.5996], AdvLoss:[0.0429]
Train Iter:[12 /51] CauLoss:[0.7221], AdvLoss:[0.0851]
Train Iter:[24 /51] CauLoss:[0.7569], AdvLoss:[0.0934]
Train Iter:[36 /51] CauLoss:[0.7901], AdvLoss:[0.1125]
Train Iter:[48 /51] CauLoss:[0.7798], AdvLoss:[0.1046]
--------------------------------------------------------------------------------------------------------------------------------------------------------------------------------------------------------
Epoch:[82/100], CauAdvLoss:[0.7895/0.1060] valid:[93.44], test:[70.04]
--------------------------------------------------------------------------------------------------------------------------------------------------------------------------------------------------------
Train Iter:[0  /51] CauLoss:[0.8095], AdvLoss:[0.1281]
Train Iter:[12 /51] CauLoss:[0.7681], AdvLoss:[0.1108]
Train Iter:[24 /51] CauLoss:[0.7769], AdvLoss:[0.1067]
Train Iter:[36 /51] CauLoss:[0.7671], AdvLoss:[0.1026]
Train Iter:[48 /51] CauLoss:[0.7583], AdvLoss:[0.1037]
--------------------------------------------------------------------------------------------------------------------------------------------------------------------------------------------------------
Epoch:[83/100], CauAdvLoss:[0.7587/0.1046] valid:[93.44], test:[70.07]
--------------------------------------------------------------------------------------------------------------------------------------------------------------------------------------------------------
Train Iter:[0  /51] CauLoss:[0.7678], AdvLoss:[0.1453]
Train Iter:[12 /51] CauLoss:[0.8038], AdvLoss:[0.1188]
Train Iter:[24 /51] CauLoss:[0.8057], AdvLoss:[0.1215]
Train Iter:[36 /51] CauLoss:[0.7944], AdvLoss:[0.1014]
Train Iter:[48 /51] CauLoss:[0.7989], AdvLoss:[0.1068]
--------------------------------------------------------------------------------------------------------------------------------------------------------------------------------------------------------
Epoch:[84/100], CauAdvLoss:[0.7962/0.1052] valid:[93.47], test:[69.90]
--------------------------------------------------------------------------------------------------------------------------------------------------------------------------------------------------------
Train Iter:[0  /51] CauLoss:[0.6612], AdvLoss:[0.0295]
Train Iter:[12 /51] CauLoss:[0.7901], AdvLoss:[0.1242]
Train Iter:[24 /51] CauLoss:[0.7739], AdvLoss:[0.0962]
Train Iter:[36 /51] CauLoss:[0.7699], AdvLoss:[0.0977]
Train Iter:[48 /51] CauLoss:[0.7712], AdvLoss:[0.1027]
--------------------------------------------------------------------------------------------------------------------------------------------------------------------------------------------------------
Epoch:[85/100], CauAdvLoss:[0.7669/0.1011] valid:[93.43], test:[69.98]
--------------------------------------------------------------------------------------------------------------------------------------------------------------------------------------------------------
Train Iter:[0  /51] CauLoss:[0.8249], AdvLoss:[0.1201]
Train Iter:[12 /51] CauLoss:[0.8025], AdvLoss:[0.1124]
Train Iter:[24 /51] CauLoss:[0.8126], AdvLoss:[0.1230]
Train Iter:[36 /51] CauLoss:[0.7889], AdvLoss:[0.1118]
Train Iter:[48 /51] CauLoss:[0.7826], AdvLoss:[0.1034]
--------------------------------------------------------------------------------------------------------------------------------------------------------------------------------------------------------
Epoch:[86/100], CauAdvLoss:[0.7921/0.1019] valid:[93.33], test:[70.07]
--------------------------------------------------------------------------------------------------------------------------------------------------------------------------------------------------------
Train Iter:[0  /51] CauLoss:[0.9059], AdvLoss:[0.2038]
Train Iter:[12 /51] CauLoss:[0.8406], AdvLoss:[0.1225]
Train Iter:[24 /51] CauLoss:[0.7672], AdvLoss:[0.1065]
Train Iter:[36 /51] CauLoss:[0.7680], AdvLoss:[0.1045]
Train Iter:[48 /51] CauLoss:[0.7724], AdvLoss:[0.1061]
--------------------------------------------------------------------------------------------------------------------------------------------------------------------------------------------------------
Epoch:[87/100], CauAdvLoss:[0.7723/0.1058] valid:[93.51], test:[70.11]
--------------------------------------------------------------------------------------------------------------------------------------------------------------------------------------------------------
Train Iter:[0  /51] CauLoss:[1.0117], AdvLoss:[0.2544]
Train Iter:[12 /51] CauLoss:[0.8505], AdvLoss:[0.1251]
Train Iter:[24 /51] CauLoss:[0.7933], AdvLoss:[0.1073]
Train Iter:[36 /51] CauLoss:[0.7781], AdvLoss:[0.1043]
Train Iter:[48 /51] CauLoss:[0.7670], AdvLoss:[0.0986]
--------------------------------------------------------------------------------------------------------------------------------------------------------------------------------------------------------
Epoch:[88/100], CauAdvLoss:[0.7753/0.1034] valid:[93.42], test:[70.01]
--------------------------------------------------------------------------------------------------------------------------------------------------------------------------------------------------------
Train Iter:[0  /51] CauLoss:[1.2131], AdvLoss:[0.2421]
Train Iter:[12 /51] CauLoss:[0.7582], AdvLoss:[0.0868]
Train Iter:[24 /51] CauLoss:[0.7566], AdvLoss:[0.0879]
Train Iter:[36 /51] CauLoss:[0.7620], AdvLoss:[0.0997]
Train Iter:[48 /51] CauLoss:[0.7576], AdvLoss:[0.0969]
--------------------------------------------------------------------------------------------------------------------------------------------------------------------------------------------------------
Epoch:[89/100], CauAdvLoss:[0.7632/0.1013] valid:[93.45], test:[69.83]
--------------------------------------------------------------------------------------------------------------------------------------------------------------------------------------------------------
Train Iter:[0  /51] CauLoss:[0.6184], AdvLoss:[0.0344]
Train Iter:[12 /51] CauLoss:[0.7221], AdvLoss:[0.0757]
Train Iter:[24 /51] CauLoss:[0.7363], AdvLoss:[0.0923]
Train Iter:[36 /51] CauLoss:[0.7671], AdvLoss:[0.0952]
Train Iter:[48 /51] CauLoss:[0.7727], AdvLoss:[0.1029]
--------------------------------------------------------------------------------------------------------------------------------------------------------------------------------------------------------
Epoch:[90/100], CauAdvLoss:[0.7730/0.1033] valid:[93.56], test:[69.83]
--------------------------------------------------------------------------------------------------------------------------------------------------------------------------------------------------------
Train Iter:[0  /51] CauLoss:[0.6896], AdvLoss:[0.0623]
Train Iter:[12 /51] CauLoss:[0.7782], AdvLoss:[0.0991]
Train Iter:[24 /51] CauLoss:[0.7599], AdvLoss:[0.0945]
Train Iter:[36 /51] CauLoss:[0.7586], AdvLoss:[0.0963]
Train Iter:[48 /51] CauLoss:[0.7809], AdvLoss:[0.1060]
--------------------------------------------------------------------------------------------------------------------------------------------------------------------------------------------------------
Epoch:[91/100], CauAdvLoss:[0.7784/0.1034] valid:[93.46], test:[69.80]
--------------------------------------------------------------------------------------------------------------------------------------------------------------------------------------------------------
Train Iter:[0  /51] CauLoss:[0.8739], AdvLoss:[0.0685]
Train Iter:[12 /51] CauLoss:[0.8233], AdvLoss:[0.1136]
Train Iter:[24 /51] CauLoss:[0.7792], AdvLoss:[0.0970]
Train Iter:[36 /51] CauLoss:[0.7853], AdvLoss:[0.1027]
Train Iter:[48 /51] CauLoss:[0.7857], AdvLoss:[0.0998]
--------------------------------------------------------------------------------------------------------------------------------------------------------------------------------------------------------
Epoch:[92/100], CauAdvLoss:[0.7839/0.1000] valid:[93.48], test:[69.73]
--------------------------------------------------------------------------------------------------------------------------------------------------------------------------------------------------------
Train Iter:[0  /51] CauLoss:[0.7348], AdvLoss:[0.1467]
Train Iter:[12 /51] CauLoss:[0.7970], AdvLoss:[0.1114]
Train Iter:[24 /51] CauLoss:[0.7909], AdvLoss:[0.1108]
Train Iter:[36 /51] CauLoss:[0.7742], AdvLoss:[0.1039]
Train Iter:[48 /51] CauLoss:[0.7852], AdvLoss:[0.0978]
--------------------------------------------------------------------------------------------------------------------------------------------------------------------------------------------------------
Epoch:[93/100], CauAdvLoss:[0.7886/0.1010] valid:[93.45], test:[69.92]
--------------------------------------------------------------------------------------------------------------------------------------------------------------------------------------------------------
Train Iter:[0  /51] CauLoss:[0.7132], AdvLoss:[0.0926]
Train Iter:[12 /51] CauLoss:[0.7919], AdvLoss:[0.1271]
Train Iter:[24 /51] CauLoss:[0.7930], AdvLoss:[0.1149]
Train Iter:[36 /51] CauLoss:[0.7632], AdvLoss:[0.1036]
Train Iter:[48 /51] CauLoss:[0.7663], AdvLoss:[0.1039]
--------------------------------------------------------------------------------------------------------------------------------------------------------------------------------------------------------
Epoch:[94/100], CauAdvLoss:[0.7684/0.1035] valid:[93.51], test:[69.37]
--------------------------------------------------------------------------------------------------------------------------------------------------------------------------------------------------------
Train Iter:[0  /51] CauLoss:[1.2292], AdvLoss:[0.2728]
Train Iter:[12 /51] CauLoss:[0.7537], AdvLoss:[0.0921]
Train Iter:[24 /51] CauLoss:[0.7698], AdvLoss:[0.0954]
Train Iter:[36 /51] CauLoss:[0.7762], AdvLoss:[0.1029]
Train Iter:[48 /51] CauLoss:[0.8005], AdvLoss:[0.1045]
--------------------------------------------------------------------------------------------------------------------------------------------------------------------------------------------------------
Epoch:[95/100], CauAdvLoss:[0.7953/0.1027] valid:[93.49], test:[69.73]
--------------------------------------------------------------------------------------------------------------------------------------------------------------------------------------------------------
Train Iter:[0  /51] CauLoss:[0.8310], AdvLoss:[0.0830]
Train Iter:[12 /51] CauLoss:[0.7801], AdvLoss:[0.0924]
Train Iter:[24 /51] CauLoss:[0.7709], AdvLoss:[0.1045]
Train Iter:[36 /51] CauLoss:[0.7708], AdvLoss:[0.1017]
Train Iter:[48 /51] CauLoss:[0.7658], AdvLoss:[0.1012]
--------------------------------------------------------------------------------------------------------------------------------------------------------------------------------------------------------
Epoch:[96/100], CauAdvLoss:[0.7685/0.1020] valid:[93.60], test:[69.47]
--------------------------------------------------------------------------------------------------------------------------------------------------------------------------------------------------------
Train Iter:[0  /51] CauLoss:[0.6529], AdvLoss:[0.0334]
Train Iter:[12 /51] CauLoss:[0.8180], AdvLoss:[0.1074]
Train Iter:[24 /51] CauLoss:[0.7795], AdvLoss:[0.1010]
Train Iter:[36 /51] CauLoss:[0.7859], AdvLoss:[0.1068]
Train Iter:[48 /51] CauLoss:[0.7863], AdvLoss:[0.1048]
--------------------------------------------------------------------------------------------------------------------------------------------------------------------------------------------------------
Epoch:[97/100], CauAdvLoss:[0.7808/0.1021] valid:[93.50], test:[69.65]
--------------------------------------------------------------------------------------------------------------------------------------------------------------------------------------------------------
Train Iter:[0  /51] CauLoss:[0.6951], AdvLoss:[0.1234]
Train Iter:[12 /51] CauLoss:[0.8325], AdvLoss:[0.1282]
Train Iter:[24 /51] CauLoss:[0.7808], AdvLoss:[0.1093]
Train Iter:[36 /51] CauLoss:[0.7823], AdvLoss:[0.1073]
Train Iter:[48 /51] CauLoss:[0.7723], AdvLoss:[0.1004]
--------------------------------------------------------------------------------------------------------------------------------------------------------------------------------------------------------
Epoch:[98/100], CauAdvLoss:[0.7698/0.1021] valid:[93.44], test:[69.75]
--------------------------------------------------------------------------------------------------------------------------------------------------------------------------------------------------------
Train Iter:[0  /51] CauLoss:[0.7014], AdvLoss:[0.0321]
Train Iter:[12 /51] CauLoss:[0.7399], AdvLoss:[0.1150]
Train Iter:[24 /51] CauLoss:[0.7473], AdvLoss:[0.0984]
Train Iter:[36 /51] CauLoss:[0.7543], AdvLoss:[0.0948]
Train Iter:[48 /51] CauLoss:[0.7541], AdvLoss:[0.1019]
--------------------------------------------------------------------------------------------------------------------------------------------------------------------------------------------------------
Epoch:[99/100], CauAdvLoss:[0.7611/0.1024] valid:[93.49], test:[69.70]
--------------------------------------------------------------------------------------------------------------------------------------------------------------------------------------------------------
Train Iter:[0  /51] CauLoss:[0.6292], AdvLoss:[0.0231]
Train Iter:[12 /51] CauLoss:[0.7526], AdvLoss:[0.0852]
Train Iter:[24 /51] CauLoss:[0.7484], AdvLoss:[0.0870]
Train Iter:[36 /51] CauLoss:[0.7579], AdvLoss:[0.0945]
Train Iter:[48 /51] CauLoss:[0.7641], AdvLoss:[0.1014]
--------------------------------------------------------------------------------------------------------------------------------------------------------------------------------------------------------
Epoch:[100/100], CauAdvLoss:[0.7685/0.1006] valid:[93.52], test:[69.70]
--------------------------------------------------------------------------------------------------------------------------------------------------------------------------------------------------------
Update test:[67.59] at epoch:[27] | Total time:00:03:55
initialize network with kaiming
Train Iter:[0  /51] CauLoss:[2.1835], AdvLoss:[-31.8939]
Train Iter:[12 /51] CauLoss:[1.5550], AdvLoss:[-3.3830]
Train Iter:[24 /51] CauLoss:[1.4628], AdvLoss:[-1.7810]
Train Iter:[36 /51] CauLoss:[1.4340], AdvLoss:[-1.2387]
Train Iter:[48 /51] CauLoss:[1.4240], AdvLoss:[-0.9603]
--------------------------------------------------------------------------------------------------------------------------------------------------------------------------------------------------------
Epoch:[1/100], CauAdvLoss:[1.4172/-0.9318] valid:[91.30], test:[64.16]
--------------------------------------------------------------------------------------------------------------------------------------------------------------------------------------------------------
Train Iter:[0  /51] CauLoss:[1.0521], AdvLoss:[-0.3487]
Train Iter:[12 /51] CauLoss:[1.2099], AdvLoss:[-0.1387]
Train Iter:[24 /51] CauLoss:[1.1859], AdvLoss:[-0.1530]
Train Iter:[36 /51] CauLoss:[1.2028], AdvLoss:[-0.1320]
Train Iter:[48 /51] CauLoss:[1.2245], AdvLoss:[-0.1133]
--------------------------------------------------------------------------------------------------------------------------------------------------------------------------------------------------------
Epoch:[2/100], CauAdvLoss:[1.2247/-0.1073] valid:[91.62], test:[65.46]
--------------------------------------------------------------------------------------------------------------------------------------------------------------------------------------------------------
Train Iter:[0  /51] CauLoss:[1.2849], AdvLoss:[0.0192]
Train Iter:[12 /51] CauLoss:[1.1819], AdvLoss:[-0.0890]
Train Iter:[24 /51] CauLoss:[1.2264], AdvLoss:[-0.0666]
Train Iter:[36 /51] CauLoss:[1.2158], AdvLoss:[-0.0583]
Train Iter:[48 /51] CauLoss:[1.2009], AdvLoss:[-0.0655]
--------------------------------------------------------------------------------------------------------------------------------------------------------------------------------------------------------
Epoch:[3/100], CauAdvLoss:[1.1945/-0.0663] valid:[91.07], test:[66.08]
--------------------------------------------------------------------------------------------------------------------------------------------------------------------------------------------------------
Train Iter:[0  /51] CauLoss:[1.1619], AdvLoss:[-0.0809]
Train Iter:[12 /51] CauLoss:[1.0849], AdvLoss:[-0.0590]
Train Iter:[24 /51] CauLoss:[1.1313], AdvLoss:[-0.0393]
Train Iter:[36 /51] CauLoss:[1.1240], AdvLoss:[-0.0213]
Train Iter:[48 /51] CauLoss:[1.1286], AdvLoss:[-0.0327]
--------------------------------------------------------------------------------------------------------------------------------------------------------------------------------------------------------
Epoch:[4/100], CauAdvLoss:[1.1231/-0.0366] valid:[91.52], test:[65.90]
--------------------------------------------------------------------------------------------------------------------------------------------------------------------------------------------------------
Train Iter:[0  /51] CauLoss:[0.9708], AdvLoss:[-0.0859]
Train Iter:[12 /51] CauLoss:[1.1253], AdvLoss:[-0.0140]
Train Iter:[24 /51] CauLoss:[1.1521], AdvLoss:[-0.0016]
Train Iter:[36 /51] CauLoss:[1.1285], AdvLoss:[0.0072]
Train Iter:[48 /51] CauLoss:[1.1479], AdvLoss:[0.0358]
--------------------------------------------------------------------------------------------------------------------------------------------------------------------------------------------------------
Epoch:[5/100], CauAdvLoss:[1.1455/0.0391] valid:[90.67], test:[66.52]
--------------------------------------------------------------------------------------------------------------------------------------------------------------------------------------------------------
Train Iter:[0  /51] CauLoss:[1.2670], AdvLoss:[0.0615]
Train Iter:[12 /51] CauLoss:[1.0273], AdvLoss:[0.0275]
Train Iter:[24 /51] CauLoss:[1.1142], AdvLoss:[0.0796]
Train Iter:[36 /51] CauLoss:[1.0896], AdvLoss:[0.1182]
Train Iter:[48 /51] CauLoss:[1.1172], AdvLoss:[0.1259]
--------------------------------------------------------------------------------------------------------------------------------------------------------------------------------------------------------
Epoch:[6/100], CauAdvLoss:[1.1169/0.1237] valid:[91.51], test:[64.88]
--------------------------------------------------------------------------------------------------------------------------------------------------------------------------------------------------------
Train Iter:[0  /51] CauLoss:[1.0327], AdvLoss:[0.1028]
Train Iter:[12 /51] CauLoss:[1.0970], AdvLoss:[0.1115]
Train Iter:[24 /51] CauLoss:[1.1076], AdvLoss:[0.1156]
Train Iter:[36 /51] CauLoss:[1.1280], AdvLoss:[0.1369]
Train Iter:[48 /51] CauLoss:[1.0953], AdvLoss:[0.1288]
--------------------------------------------------------------------------------------------------------------------------------------------------------------------------------------------------------
Epoch:[7/100], CauAdvLoss:[1.0995/0.1301] valid:[90.93], test:[65.64]
--------------------------------------------------------------------------------------------------------------------------------------------------------------------------------------------------------
Train Iter:[0  /51] CauLoss:[1.2523], AdvLoss:[0.2305]
Train Iter:[12 /51] CauLoss:[1.0902], AdvLoss:[0.1518]
Train Iter:[24 /51] CauLoss:[1.0408], AdvLoss:[0.1491]
Train Iter:[36 /51] CauLoss:[1.0381], AdvLoss:[0.1465]
Train Iter:[48 /51] CauLoss:[1.0629], AdvLoss:[0.1618]
--------------------------------------------------------------------------------------------------------------------------------------------------------------------------------------------------------
Epoch:[8/100], CauAdvLoss:[1.0760/0.1646] valid:[90.78], test:[64.42]
--------------------------------------------------------------------------------------------------------------------------------------------------------------------------------------------------------
Train Iter:[0  /51] CauLoss:[1.4171], AdvLoss:[0.3232]
Train Iter:[12 /51] CauLoss:[1.1309], AdvLoss:[0.1613]
Train Iter:[24 /51] CauLoss:[1.0903], AdvLoss:[0.1531]
Train Iter:[36 /51] CauLoss:[1.0997], AdvLoss:[0.1774]
Train Iter:[48 /51] CauLoss:[1.0847], AdvLoss:[0.1787]
--------------------------------------------------------------------------------------------------------------------------------------------------------------------------------------------------------
Epoch:[9/100], CauAdvLoss:[1.0869/0.1783] valid:[92.55], test:[68.91]
--------------------------------------------------------------------------------------------------------------------------------------------------------------------------------------------------------
Train Iter:[0  /51] CauLoss:[1.0867], AdvLoss:[0.3006]
Train Iter:[12 /51] CauLoss:[1.0557], AdvLoss:[0.1501]
Train Iter:[24 /51] CauLoss:[1.0511], AdvLoss:[0.1530]
Train Iter:[36 /51] CauLoss:[1.0769], AdvLoss:[0.1577]
Train Iter:[48 /51] CauLoss:[1.0844], AdvLoss:[0.1641]
--------------------------------------------------------------------------------------------------------------------------------------------------------------------------------------------------------
Epoch:[10/100], CauAdvLoss:[1.0779/0.1636] valid:[90.56], test:[68.40]
--------------------------------------------------------------------------------------------------------------------------------------------------------------------------------------------------------
Train Iter:[0  /51] CauLoss:[1.0010], AdvLoss:[0.2406]
Train Iter:[12 /51] CauLoss:[1.0307], AdvLoss:[0.1969]
Train Iter:[24 /51] CauLoss:[1.0421], AdvLoss:[0.1870]
Train Iter:[36 /51] CauLoss:[1.0106], AdvLoss:[0.1717]
Train Iter:[48 /51] CauLoss:[1.0475], AdvLoss:[0.1772]
--------------------------------------------------------------------------------------------------------------------------------------------------------------------------------------------------------
Epoch:[11/100], CauAdvLoss:[1.0509/0.1811] valid:[91.68], test:[67.95]
--------------------------------------------------------------------------------------------------------------------------------------------------------------------------------------------------------
Train Iter:[0  /51] CauLoss:[0.9929], AdvLoss:[0.1435]
Train Iter:[12 /51] CauLoss:[0.9443], AdvLoss:[0.1531]
Train Iter:[24 /51] CauLoss:[0.9741], AdvLoss:[0.1465]
Train Iter:[36 /51] CauLoss:[1.0349], AdvLoss:[0.1770]
Train Iter:[48 /51] CauLoss:[1.0660], AdvLoss:[0.1889]
--------------------------------------------------------------------------------------------------------------------------------------------------------------------------------------------------------
Epoch:[12/100], CauAdvLoss:[1.0573/0.1842] valid:[91.10], test:[65.57]
--------------------------------------------------------------------------------------------------------------------------------------------------------------------------------------------------------
Train Iter:[0  /51] CauLoss:[1.1524], AdvLoss:[0.1885]
Train Iter:[12 /51] CauLoss:[1.0464], AdvLoss:[0.1826]
Train Iter:[24 /51] CauLoss:[0.9994], AdvLoss:[0.1615]
Train Iter:[36 /51] CauLoss:[1.0210], AdvLoss:[0.1716]
Train Iter:[48 /51] CauLoss:[1.0255], AdvLoss:[0.1742]
--------------------------------------------------------------------------------------------------------------------------------------------------------------------------------------------------------
Epoch:[13/100], CauAdvLoss:[1.0301/0.1766] valid:[91.55], test:[64.19]
--------------------------------------------------------------------------------------------------------------------------------------------------------------------------------------------------------
Train Iter:[0  /51] CauLoss:[0.9698], AdvLoss:[0.2935]
Train Iter:[12 /51] CauLoss:[0.9879], AdvLoss:[0.2247]
Train Iter:[24 /51] CauLoss:[0.9669], AdvLoss:[0.1727]
Train Iter:[36 /51] CauLoss:[1.0261], AdvLoss:[0.1761]
Train Iter:[48 /51] CauLoss:[1.0271], AdvLoss:[0.1712]
--------------------------------------------------------------------------------------------------------------------------------------------------------------------------------------------------------
Epoch:[14/100], CauAdvLoss:[1.0321/0.1753] valid:[90.89], test:[68.23]
--------------------------------------------------------------------------------------------------------------------------------------------------------------------------------------------------------
Train Iter:[0  /51] CauLoss:[0.9488], AdvLoss:[0.2298]
Train Iter:[12 /51] CauLoss:[1.1296], AdvLoss:[0.2132]
Train Iter:[24 /51] CauLoss:[1.0839], AdvLoss:[0.1928]
Train Iter:[36 /51] CauLoss:[1.0459], AdvLoss:[0.1799]
Train Iter:[48 /51] CauLoss:[1.0342], AdvLoss:[0.1828]
--------------------------------------------------------------------------------------------------------------------------------------------------------------------------------------------------------
Epoch:[15/100], CauAdvLoss:[1.0242/0.1763] valid:[91.85], test:[65.40]
--------------------------------------------------------------------------------------------------------------------------------------------------------------------------------------------------------
Train Iter:[0  /51] CauLoss:[0.9530], AdvLoss:[0.0955]
Train Iter:[12 /51] CauLoss:[0.9436], AdvLoss:[0.1173]
Train Iter:[24 /51] CauLoss:[1.0120], AdvLoss:[0.1706]
Train Iter:[36 /51] CauLoss:[1.0228], AdvLoss:[0.1928]
Train Iter:[48 /51] CauLoss:[1.0101], AdvLoss:[0.1895]
--------------------------------------------------------------------------------------------------------------------------------------------------------------------------------------------------------
Epoch:[16/100], CauAdvLoss:[1.0105/0.1887] valid:[92.46], test:[68.52]
--------------------------------------------------------------------------------------------------------------------------------------------------------------------------------------------------------
Train Iter:[0  /51] CauLoss:[0.8521], AdvLoss:[0.1380]
Train Iter:[12 /51] CauLoss:[0.9266], AdvLoss:[0.1707]
Train Iter:[24 /51] CauLoss:[0.9705], AdvLoss:[0.1942]
Train Iter:[36 /51] CauLoss:[0.9888], AdvLoss:[0.2222]
Train Iter:[48 /51] CauLoss:[1.0066], AdvLoss:[0.2305]
--------------------------------------------------------------------------------------------------------------------------------------------------------------------------------------------------------
Epoch:[17/100], CauAdvLoss:[1.0031/0.2275] valid:[92.02], test:[70.52]
--------------------------------------------------------------------------------------------------------------------------------------------------------------------------------------------------------
Train Iter:[0  /51] CauLoss:[0.7786], AdvLoss:[0.1760]
Train Iter:[12 /51] CauLoss:[0.9415], AdvLoss:[0.1798]
Train Iter:[24 /51] CauLoss:[0.9631], AdvLoss:[0.1856]
Train Iter:[36 /51] CauLoss:[0.9964], AdvLoss:[0.2072]
Train Iter:[48 /51] CauLoss:[0.9907], AdvLoss:[0.1975]
--------------------------------------------------------------------------------------------------------------------------------------------------------------------------------------------------------
Epoch:[18/100], CauAdvLoss:[0.9890/0.1966] valid:[89.53], test:[69.63]
--------------------------------------------------------------------------------------------------------------------------------------------------------------------------------------------------------
Train Iter:[0  /51] CauLoss:[0.9025], AdvLoss:[0.0861]
Train Iter:[12 /51] CauLoss:[0.9505], AdvLoss:[0.1625]
Train Iter:[24 /51] CauLoss:[0.9801], AdvLoss:[0.2041]
Train Iter:[36 /51] CauLoss:[0.9699], AdvLoss:[0.1996]
Train Iter:[48 /51] CauLoss:[0.9803], AdvLoss:[0.2423]
--------------------------------------------------------------------------------------------------------------------------------------------------------------------------------------------------------
Epoch:[19/100], CauAdvLoss:[0.9769/0.2444] valid:[91.86], test:[70.24]
--------------------------------------------------------------------------------------------------------------------------------------------------------------------------------------------------------
Train Iter:[0  /51] CauLoss:[0.8015], AdvLoss:[0.1236]
Train Iter:[12 /51] CauLoss:[0.9658], AdvLoss:[0.1779]
Train Iter:[24 /51] CauLoss:[0.9484], AdvLoss:[0.1717]
Train Iter:[36 /51] CauLoss:[0.9391], AdvLoss:[0.1846]
Train Iter:[48 /51] CauLoss:[0.9767], AdvLoss:[0.2063]
--------------------------------------------------------------------------------------------------------------------------------------------------------------------------------------------------------
Epoch:[20/100], CauAdvLoss:[0.9853/0.2091] valid:[93.26], test:[69.93]
--------------------------------------------------------------------------------------------------------------------------------------------------------------------------------------------------------
Train Iter:[0  /51] CauLoss:[1.3318], AdvLoss:[0.3703]
Train Iter:[12 /51] CauLoss:[1.0883], AdvLoss:[0.2747]
Train Iter:[24 /51] CauLoss:[0.9998], AdvLoss:[0.2106]
Train Iter:[36 /51] CauLoss:[1.0050], AdvLoss:[0.2087]
Train Iter:[48 /51] CauLoss:[0.9816], AdvLoss:[0.1992]
--------------------------------------------------------------------------------------------------------------------------------------------------------------------------------------------------------
Epoch:[21/100], CauAdvLoss:[0.9862/0.2000] valid:[93.12], test:[70.25]
--------------------------------------------------------------------------------------------------------------------------------------------------------------------------------------------------------
Train Iter:[0  /51] CauLoss:[0.9789], AdvLoss:[0.2704]
Train Iter:[12 /51] CauLoss:[1.0037], AdvLoss:[0.2162]
Train Iter:[24 /51] CauLoss:[0.9722], AdvLoss:[0.2141]
Train Iter:[36 /51] CauLoss:[0.9663], AdvLoss:[0.1986]
Train Iter:[48 /51] CauLoss:[0.9734], AdvLoss:[0.1942]
--------------------------------------------------------------------------------------------------------------------------------------------------------------------------------------------------------
Epoch:[22/100], CauAdvLoss:[0.9735/0.1935] valid:[91.75], test:[69.85]
--------------------------------------------------------------------------------------------------------------------------------------------------------------------------------------------------------
Train Iter:[0  /51] CauLoss:[0.9854], AdvLoss:[0.1653]
Train Iter:[12 /51] CauLoss:[0.9690], AdvLoss:[0.1954]
Train Iter:[24 /51] CauLoss:[0.9469], AdvLoss:[0.1800]
Train Iter:[36 /51] CauLoss:[0.9529], AdvLoss:[0.2053]
Train Iter:[48 /51] CauLoss:[0.9603], AdvLoss:[0.2009]
--------------------------------------------------------------------------------------------------------------------------------------------------------------------------------------------------------
Epoch:[23/100], CauAdvLoss:[0.9612/0.2008] valid:[92.61], test:[69.23]
--------------------------------------------------------------------------------------------------------------------------------------------------------------------------------------------------------
Train Iter:[0  /51] CauLoss:[1.1177], AdvLoss:[0.3127]
Train Iter:[12 /51] CauLoss:[0.9685], AdvLoss:[0.1854]
Train Iter:[24 /51] CauLoss:[0.9571], AdvLoss:[0.1819]
Train Iter:[36 /51] CauLoss:[0.9528], AdvLoss:[0.2015]
Train Iter:[48 /51] CauLoss:[0.9752], AdvLoss:[0.2131]
--------------------------------------------------------------------------------------------------------------------------------------------------------------------------------------------------------
Epoch:[24/100], CauAdvLoss:[0.9760/0.2117] valid:[91.98], test:[68.08]
--------------------------------------------------------------------------------------------------------------------------------------------------------------------------------------------------------
Train Iter:[0  /51] CauLoss:[1.1252], AdvLoss:[0.2412]
Train Iter:[12 /51] CauLoss:[0.8799], AdvLoss:[0.1685]
Train Iter:[24 /51] CauLoss:[0.8638], AdvLoss:[0.1488]
Train Iter:[36 /51] CauLoss:[0.8860], AdvLoss:[0.1511]
Train Iter:[48 /51] CauLoss:[0.9188], AdvLoss:[0.1708]
--------------------------------------------------------------------------------------------------------------------------------------------------------------------------------------------------------
Epoch:[25/100], CauAdvLoss:[0.9231/0.1736] valid:[89.65], test:[69.94]
--------------------------------------------------------------------------------------------------------------------------------------------------------------------------------------------------------
Train Iter:[0  /51] CauLoss:[0.9896], AdvLoss:[0.2462]
Train Iter:[12 /51] CauLoss:[0.9442], AdvLoss:[0.1510]
Train Iter:[24 /51] CauLoss:[0.9374], AdvLoss:[0.1588]
Train Iter:[36 /51] CauLoss:[0.9545], AdvLoss:[0.1665]
Train Iter:[48 /51] CauLoss:[0.9673], AdvLoss:[0.1828]
--------------------------------------------------------------------------------------------------------------------------------------------------------------------------------------------------------
Epoch:[26/100], CauAdvLoss:[0.9723/0.1876] valid:[92.27], test:[68.49]
--------------------------------------------------------------------------------------------------------------------------------------------------------------------------------------------------------
Train Iter:[0  /51] CauLoss:[0.8990], AdvLoss:[0.1868]
Train Iter:[12 /51] CauLoss:[0.9396], AdvLoss:[0.2619]
Train Iter:[24 /51] CauLoss:[0.9869], AdvLoss:[0.2984]
Train Iter:[36 /51] CauLoss:[0.9678], AdvLoss:[0.2580]
Train Iter:[48 /51] CauLoss:[0.9606], AdvLoss:[0.2408]
--------------------------------------------------------------------------------------------------------------------------------------------------------------------------------------------------------
Epoch:[27/100], CauAdvLoss:[0.9603/0.2396] valid:[93.39], test:[70.29]
--------------------------------------------------------------------------------------------------------------------------------------------------------------------------------------------------------
Train Iter:[0  /51] CauLoss:[0.8487], AdvLoss:[0.0973]
Train Iter:[12 /51] CauLoss:[0.9243], AdvLoss:[0.1515]
Train Iter:[24 /51] CauLoss:[0.9149], AdvLoss:[0.1650]
Train Iter:[36 /51] CauLoss:[0.9328], AdvLoss:[0.1987]
Train Iter:[48 /51] CauLoss:[0.9292], AdvLoss:[0.1932]
--------------------------------------------------------------------------------------------------------------------------------------------------------------------------------------------------------
Epoch:[28/100], CauAdvLoss:[0.9272/0.1933] valid:[91.78], test:[70.46]
--------------------------------------------------------------------------------------------------------------------------------------------------------------------------------------------------------
Train Iter:[0  /51] CauLoss:[1.0563], AdvLoss:[0.3107]
Train Iter:[12 /51] CauLoss:[0.8264], AdvLoss:[0.1311]
Train Iter:[24 /51] CauLoss:[0.8478], AdvLoss:[0.1325]
Train Iter:[36 /51] CauLoss:[0.8791], AdvLoss:[0.1565]
Train Iter:[48 /51] CauLoss:[0.8992], AdvLoss:[0.1783]
--------------------------------------------------------------------------------------------------------------------------------------------------------------------------------------------------------
Epoch:[29/100], CauAdvLoss:[0.9138/0.1879] valid:[91.94], test:[65.60]
--------------------------------------------------------------------------------------------------------------------------------------------------------------------------------------------------------
Train Iter:[0  /51] CauLoss:[0.9744], AdvLoss:[0.1134]
Train Iter:[12 /51] CauLoss:[0.9412], AdvLoss:[0.1781]
Train Iter:[24 /51] CauLoss:[0.9231], AdvLoss:[0.1841]
Train Iter:[36 /51] CauLoss:[0.8947], AdvLoss:[0.1730]
Train Iter:[48 /51] CauLoss:[0.9382], AdvLoss:[0.1837]
--------------------------------------------------------------------------------------------------------------------------------------------------------------------------------------------------------
Epoch:[30/100], CauAdvLoss:[0.9371/0.1848] valid:[92.54], test:[68.89]
--------------------------------------------------------------------------------------------------------------------------------------------------------------------------------------------------------
Train Iter:[0  /51] CauLoss:[0.8726], AdvLoss:[0.1360]
Train Iter:[12 /51] CauLoss:[0.8691], AdvLoss:[0.1634]
Train Iter:[24 /51] CauLoss:[0.9203], AdvLoss:[0.1825]
Train Iter:[36 /51] CauLoss:[0.9600], AdvLoss:[0.1866]
Train Iter:[48 /51] CauLoss:[0.9294], AdvLoss:[0.1768]
--------------------------------------------------------------------------------------------------------------------------------------------------------------------------------------------------------
Epoch:[31/100], CauAdvLoss:[0.9247/0.1760] valid:[93.01], test:[68.53]
--------------------------------------------------------------------------------------------------------------------------------------------------------------------------------------------------------
Train Iter:[0  /51] CauLoss:[0.7594], AdvLoss:[0.1628]
Train Iter:[12 /51] CauLoss:[0.8794], AdvLoss:[0.1559]
Train Iter:[24 /51] CauLoss:[0.8751], AdvLoss:[0.1522]
Train Iter:[36 /51] CauLoss:[0.8938], AdvLoss:[0.1614]
Train Iter:[48 /51] CauLoss:[0.9051], AdvLoss:[0.1806]
--------------------------------------------------------------------------------------------------------------------------------------------------------------------------------------------------------
Epoch:[32/100], CauAdvLoss:[0.9103/0.1840] valid:[91.06], test:[68.42]
--------------------------------------------------------------------------------------------------------------------------------------------------------------------------------------------------------
Train Iter:[0  /51] CauLoss:[1.0281], AdvLoss:[0.4550]
Train Iter:[12 /51] CauLoss:[0.8860], AdvLoss:[0.1717]
Train Iter:[24 /51] CauLoss:[0.9240], AdvLoss:[0.1749]
Train Iter:[36 /51] CauLoss:[0.9058], AdvLoss:[0.1671]
Train Iter:[48 /51] CauLoss:[0.9191], AdvLoss:[0.1700]
--------------------------------------------------------------------------------------------------------------------------------------------------------------------------------------------------------
Epoch:[33/100], CauAdvLoss:[0.9233/0.1743] valid:[92.54], test:[70.80]
--------------------------------------------------------------------------------------------------------------------------------------------------------------------------------------------------------
Train Iter:[0  /51] CauLoss:[0.6986], AdvLoss:[0.1295]
Train Iter:[12 /51] CauLoss:[0.9192], AdvLoss:[0.1826]
Train Iter:[24 /51] CauLoss:[0.9140], AdvLoss:[0.1848]
Train Iter:[36 /51] CauLoss:[0.8997], AdvLoss:[0.1702]
Train Iter:[48 /51] CauLoss:[0.8945], AdvLoss:[0.1601]
--------------------------------------------------------------------------------------------------------------------------------------------------------------------------------------------------------
Epoch:[34/100], CauAdvLoss:[0.9009/0.1640] valid:[92.95], test:[71.13]
--------------------------------------------------------------------------------------------------------------------------------------------------------------------------------------------------------
Train Iter:[0  /51] CauLoss:[0.9753], AdvLoss:[0.2088]
Train Iter:[12 /51] CauLoss:[0.9386], AdvLoss:[0.1614]
Train Iter:[24 /51] CauLoss:[0.9429], AdvLoss:[0.1625]
Train Iter:[36 /51] CauLoss:[0.9378], AdvLoss:[0.2174]
Train Iter:[48 /51] CauLoss:[0.9383], AdvLoss:[0.2298]
--------------------------------------------------------------------------------------------------------------------------------------------------------------------------------------------------------
Epoch:[35/100], CauAdvLoss:[0.9361/0.2293] valid:[92.66], test:[67.70]
--------------------------------------------------------------------------------------------------------------------------------------------------------------------------------------------------------
Train Iter:[0  /51] CauLoss:[0.6681], AdvLoss:[0.1429]
Train Iter:[12 /51] CauLoss:[0.8381], AdvLoss:[0.1460]
Train Iter:[24 /51] CauLoss:[0.8435], AdvLoss:[0.1401]
Train Iter:[36 /51] CauLoss:[0.8999], AdvLoss:[0.1828]
Train Iter:[48 /51] CauLoss:[0.8994], AdvLoss:[0.1770]
--------------------------------------------------------------------------------------------------------------------------------------------------------------------------------------------------------
Epoch:[36/100], CauAdvLoss:[0.9054/0.1792] valid:[92.51], test:[69.10]
--------------------------------------------------------------------------------------------------------------------------------------------------------------------------------------------------------
Train Iter:[0  /51] CauLoss:[0.8587], AdvLoss:[0.1320]
Train Iter:[12 /51] CauLoss:[0.9111], AdvLoss:[0.1537]
Train Iter:[24 /51] CauLoss:[0.9466], AdvLoss:[0.1671]
Train Iter:[36 /51] CauLoss:[0.9096], AdvLoss:[0.1576]
Train Iter:[48 /51] CauLoss:[0.9012], AdvLoss:[0.1674]
--------------------------------------------------------------------------------------------------------------------------------------------------------------------------------------------------------
Epoch:[37/100], CauAdvLoss:[0.9000/0.1675] valid:[92.28], test:[70.31]
--------------------------------------------------------------------------------------------------------------------------------------------------------------------------------------------------------
Train Iter:[0  /51] CauLoss:[0.8999], AdvLoss:[0.1884]
Train Iter:[12 /51] CauLoss:[0.8658], AdvLoss:[0.1616]
Train Iter:[24 /51] CauLoss:[0.8734], AdvLoss:[0.1494]
Train Iter:[36 /51] CauLoss:[0.8905], AdvLoss:[0.1534]
Train Iter:[48 /51] CauLoss:[0.8976], AdvLoss:[0.1604]
--------------------------------------------------------------------------------------------------------------------------------------------------------------------------------------------------------
Epoch:[38/100], CauAdvLoss:[0.9013/0.1625] valid:[91.78], test:[70.03]
--------------------------------------------------------------------------------------------------------------------------------------------------------------------------------------------------------
Train Iter:[0  /51] CauLoss:[0.7395], AdvLoss:[0.0921]
Train Iter:[12 /51] CauLoss:[0.9149], AdvLoss:[0.1928]
Train Iter:[24 /51] CauLoss:[0.9327], AdvLoss:[0.1781]
Train Iter:[36 /51] CauLoss:[0.9337], AdvLoss:[0.1776]
Train Iter:[48 /51] CauLoss:[0.9127], AdvLoss:[0.1591]
--------------------------------------------------------------------------------------------------------------------------------------------------------------------------------------------------------
Epoch:[39/100], CauAdvLoss:[0.9100/0.1584] valid:[90.99], test:[67.26]
--------------------------------------------------------------------------------------------------------------------------------------------------------------------------------------------------------
Train Iter:[0  /51] CauLoss:[0.6532], AdvLoss:[0.0135]
Train Iter:[12 /51] CauLoss:[0.9050], AdvLoss:[0.1669]
Train Iter:[24 /51] CauLoss:[0.8826], AdvLoss:[0.1614]
Train Iter:[36 /51] CauLoss:[0.9070], AdvLoss:[0.1732]
Train Iter:[48 /51] CauLoss:[0.9174], AdvLoss:[0.1824]
--------------------------------------------------------------------------------------------------------------------------------------------------------------------------------------------------------
Epoch:[40/100], CauAdvLoss:[0.9129/0.1815] valid:[92.34], test:[67.86]
--------------------------------------------------------------------------------------------------------------------------------------------------------------------------------------------------------
Train Iter:[0  /51] CauLoss:[0.7887], AdvLoss:[0.1518]
Train Iter:[12 /51] CauLoss:[0.8631], AdvLoss:[0.1691]
Train Iter:[24 /51] CauLoss:[0.8733], AdvLoss:[0.1624]
Train Iter:[36 /51] CauLoss:[0.8888], AdvLoss:[0.1590]
Train Iter:[48 /51] CauLoss:[0.8813], AdvLoss:[0.1564]
--------------------------------------------------------------------------------------------------------------------------------------------------------------------------------------------------------
Epoch:[41/100], CauAdvLoss:[0.8781/0.1548] valid:[92.38], test:[68.68]
--------------------------------------------------------------------------------------------------------------------------------------------------------------------------------------------------------
Train Iter:[0  /51] CauLoss:[0.9236], AdvLoss:[0.1036]
Train Iter:[12 /51] CauLoss:[0.8261], AdvLoss:[0.1251]
Train Iter:[24 /51] CauLoss:[0.8612], AdvLoss:[0.1680]
Train Iter:[36 /51] CauLoss:[0.8746], AdvLoss:[0.1526]
Train Iter:[48 /51] CauLoss:[0.8743], AdvLoss:[0.1536]
--------------------------------------------------------------------------------------------------------------------------------------------------------------------------------------------------------
Epoch:[42/100], CauAdvLoss:[0.8815/0.1596] valid:[92.62], test:[69.49]
--------------------------------------------------------------------------------------------------------------------------------------------------------------------------------------------------------
Train Iter:[0  /51] CauLoss:[0.7937], AdvLoss:[0.0582]
Train Iter:[12 /51] CauLoss:[0.9549], AdvLoss:[0.1749]
Train Iter:[24 /51] CauLoss:[0.9013], AdvLoss:[0.1852]
Train Iter:[36 /51] CauLoss:[0.8836], AdvLoss:[0.1783]
Train Iter:[48 /51] CauLoss:[0.8961], AdvLoss:[0.1728]
--------------------------------------------------------------------------------------------------------------------------------------------------------------------------------------------------------
Epoch:[43/100], CauAdvLoss:[0.8993/0.1752] valid:[93.13], test:[70.49]
--------------------------------------------------------------------------------------------------------------------------------------------------------------------------------------------------------
Train Iter:[0  /51] CauLoss:[0.7263], AdvLoss:[0.0349]
Train Iter:[12 /51] CauLoss:[0.8538], AdvLoss:[0.1441]
Train Iter:[24 /51] CauLoss:[0.8655], AdvLoss:[0.1390]
Train Iter:[36 /51] CauLoss:[0.8725], AdvLoss:[0.1445]
Train Iter:[48 /51] CauLoss:[0.8884], AdvLoss:[0.1551]
--------------------------------------------------------------------------------------------------------------------------------------------------------------------------------------------------------
Epoch:[44/100], CauAdvLoss:[0.8860/0.1551] valid:[92.46], test:[68.34]
--------------------------------------------------------------------------------------------------------------------------------------------------------------------------------------------------------
Train Iter:[0  /51] CauLoss:[0.7679], AdvLoss:[0.0964]
Train Iter:[12 /51] CauLoss:[0.8492], AdvLoss:[0.1317]
Train Iter:[24 /51] CauLoss:[0.8362], AdvLoss:[0.1330]
Train Iter:[36 /51] CauLoss:[0.8837], AdvLoss:[0.1513]
Train Iter:[48 /51] CauLoss:[0.8801], AdvLoss:[0.1627]
--------------------------------------------------------------------------------------------------------------------------------------------------------------------------------------------------------
Epoch:[45/100], CauAdvLoss:[0.8793/0.1632] valid:[92.50], test:[68.49]
--------------------------------------------------------------------------------------------------------------------------------------------------------------------------------------------------------
Train Iter:[0  /51] CauLoss:[0.8666], AdvLoss:[0.0671]
Train Iter:[12 /51] CauLoss:[0.8176], AdvLoss:[0.1342]
Train Iter:[24 /51] CauLoss:[0.8675], AdvLoss:[0.1398]
Train Iter:[36 /51] CauLoss:[0.8791], AdvLoss:[0.1473]
Train Iter:[48 /51] CauLoss:[0.8758], AdvLoss:[0.1543]
--------------------------------------------------------------------------------------------------------------------------------------------------------------------------------------------------------
Epoch:[46/100], CauAdvLoss:[0.8700/0.1515] valid:[92.50], test:[67.86]
--------------------------------------------------------------------------------------------------------------------------------------------------------------------------------------------------------
Train Iter:[0  /51] CauLoss:[1.2730], AdvLoss:[0.2454]
Train Iter:[12 /51] CauLoss:[0.8951], AdvLoss:[0.1395]
Train Iter:[24 /51] CauLoss:[0.8991], AdvLoss:[0.1323]
Train Iter:[36 /51] CauLoss:[0.8835], AdvLoss:[0.1411]
Train Iter:[48 /51] CauLoss:[0.8669], AdvLoss:[0.1367]
--------------------------------------------------------------------------------------------------------------------------------------------------------------------------------------------------------
Epoch:[47/100], CauAdvLoss:[0.8612/0.1351] valid:[92.80], test:[70.61]
--------------------------------------------------------------------------------------------------------------------------------------------------------------------------------------------------------
Train Iter:[0  /51] CauLoss:[0.7941], AdvLoss:[0.0426]
Train Iter:[12 /51] CauLoss:[0.8186], AdvLoss:[0.1219]
Train Iter:[24 /51] CauLoss:[0.8333], AdvLoss:[0.1281]
Train Iter:[36 /51] CauLoss:[0.8397], AdvLoss:[0.1430]
Train Iter:[48 /51] CauLoss:[0.8413], AdvLoss:[0.1547]
--------------------------------------------------------------------------------------------------------------------------------------------------------------------------------------------------------
Epoch:[48/100], CauAdvLoss:[0.8414/0.1560] valid:[93.01], test:[70.03]
--------------------------------------------------------------------------------------------------------------------------------------------------------------------------------------------------------
Train Iter:[0  /51] CauLoss:[0.6831], AdvLoss:[0.1858]
Train Iter:[12 /51] CauLoss:[0.8062], AdvLoss:[0.2024]
Train Iter:[24 /51] CauLoss:[0.8280], AdvLoss:[0.1754]
Train Iter:[36 /51] CauLoss:[0.8441], AdvLoss:[0.1630]
Train Iter:[48 /51] CauLoss:[0.8478], AdvLoss:[0.1598]
--------------------------------------------------------------------------------------------------------------------------------------------------------------------------------------------------------
Epoch:[49/100], CauAdvLoss:[0.8469/0.1583] valid:[92.43], test:[70.55]
--------------------------------------------------------------------------------------------------------------------------------------------------------------------------------------------------------
Train Iter:[0  /51] CauLoss:[0.7125], AdvLoss:[0.0367]
Train Iter:[12 /51] CauLoss:[0.8197], AdvLoss:[0.1178]
Train Iter:[24 /51] CauLoss:[0.8301], AdvLoss:[0.1287]
Train Iter:[36 /51] CauLoss:[0.8324], AdvLoss:[0.1249]
Train Iter:[48 /51] CauLoss:[0.8658], AdvLoss:[0.1393]
--------------------------------------------------------------------------------------------------------------------------------------------------------------------------------------------------------
Epoch:[50/100], CauAdvLoss:[0.8676/0.1420] valid:[93.05], test:[69.66]
--------------------------------------------------------------------------------------------------------------------------------------------------------------------------------------------------------
Train Iter:[0  /51] CauLoss:[0.7092], AdvLoss:[0.0249]
Train Iter:[12 /51] CauLoss:[0.8158], AdvLoss:[0.1619]
Train Iter:[24 /51] CauLoss:[0.8197], AdvLoss:[0.1619]
Train Iter:[36 /51] CauLoss:[0.8403], AdvLoss:[0.1601]
Train Iter:[48 /51] CauLoss:[0.8330], AdvLoss:[0.1471]
--------------------------------------------------------------------------------------------------------------------------------------------------------------------------------------------------------
Epoch:[51/100], CauAdvLoss:[0.8422/0.1550] valid:[92.95], test:[68.80]
--------------------------------------------------------------------------------------------------------------------------------------------------------------------------------------------------------
Train Iter:[0  /51] CauLoss:[1.2497], AdvLoss:[0.3617]
Train Iter:[12 /51] CauLoss:[0.8653], AdvLoss:[0.1487]
Train Iter:[24 /51] CauLoss:[0.8614], AdvLoss:[0.1379]
Train Iter:[36 /51] CauLoss:[0.8654], AdvLoss:[0.1480]
Train Iter:[48 /51] CauLoss:[0.8492], AdvLoss:[0.1509]
--------------------------------------------------------------------------------------------------------------------------------------------------------------------------------------------------------
Epoch:[52/100], CauAdvLoss:[0.8593/0.1549] valid:[93.44], test:[70.82]
--------------------------------------------------------------------------------------------------------------------------------------------------------------------------------------------------------
Train Iter:[0  /51] CauLoss:[1.3077], AdvLoss:[0.4514]
Train Iter:[12 /51] CauLoss:[0.8153], AdvLoss:[0.1716]
Train Iter:[24 /51] CauLoss:[0.8642], AdvLoss:[0.1760]
Train Iter:[36 /51] CauLoss:[0.8607], AdvLoss:[0.1769]
Train Iter:[48 /51] CauLoss:[0.8502], AdvLoss:[0.1601]
--------------------------------------------------------------------------------------------------------------------------------------------------------------------------------------------------------
Epoch:[53/100], CauAdvLoss:[0.8554/0.1612] valid:[92.61], test:[71.68]
--------------------------------------------------------------------------------------------------------------------------------------------------------------------------------------------------------
Train Iter:[0  /51] CauLoss:[0.8435], AdvLoss:[0.0285]
Train Iter:[12 /51] CauLoss:[0.8129], AdvLoss:[0.1049]
Train Iter:[24 /51] CauLoss:[0.8379], AdvLoss:[0.1167]
Train Iter:[36 /51] CauLoss:[0.8582], AdvLoss:[0.1489]
Train Iter:[48 /51] CauLoss:[0.8684], AdvLoss:[0.1593]
--------------------------------------------------------------------------------------------------------------------------------------------------------------------------------------------------------
Epoch:[54/100], CauAdvLoss:[0.8737/0.1590] valid:[92.18], test:[66.65]
--------------------------------------------------------------------------------------------------------------------------------------------------------------------------------------------------------
Train Iter:[0  /51] CauLoss:[0.8603], AdvLoss:[0.0668]
Train Iter:[12 /51] CauLoss:[0.8275], AdvLoss:[0.1263]
Train Iter:[24 /51] CauLoss:[0.8259], AdvLoss:[0.1272]
Train Iter:[36 /51] CauLoss:[0.8476], AdvLoss:[0.1384]
Train Iter:[48 /51] CauLoss:[0.8535], AdvLoss:[0.1398]
--------------------------------------------------------------------------------------------------------------------------------------------------------------------------------------------------------
Epoch:[55/100], CauAdvLoss:[0.8542/0.1393] valid:[93.15], test:[69.34]
--------------------------------------------------------------------------------------------------------------------------------------------------------------------------------------------------------
Train Iter:[0  /51] CauLoss:[1.0504], AdvLoss:[0.1570]
Train Iter:[12 /51] CauLoss:[0.8243], AdvLoss:[0.1484]
Train Iter:[24 /51] CauLoss:[0.8035], AdvLoss:[0.1400]
Train Iter:[36 /51] CauLoss:[0.8316], AdvLoss:[0.1370]
Train Iter:[48 /51] CauLoss:[0.8451], AdvLoss:[0.1370]
--------------------------------------------------------------------------------------------------------------------------------------------------------------------------------------------------------
Epoch:[56/100], CauAdvLoss:[0.8416/0.1342] valid:[92.78], test:[69.74]
--------------------------------------------------------------------------------------------------------------------------------------------------------------------------------------------------------
Train Iter:[0  /51] CauLoss:[1.0212], AdvLoss:[0.2850]
Train Iter:[12 /51] CauLoss:[0.8160], AdvLoss:[0.1496]
Train Iter:[24 /51] CauLoss:[0.8448], AdvLoss:[0.1495]
Train Iter:[36 /51] CauLoss:[0.8122], AdvLoss:[0.1393]
Train Iter:[48 /51] CauLoss:[0.8323], AdvLoss:[0.1445]
--------------------------------------------------------------------------------------------------------------------------------------------------------------------------------------------------------
Epoch:[57/100], CauAdvLoss:[0.8285/0.1414] valid:[93.13], test:[70.38]
--------------------------------------------------------------------------------------------------------------------------------------------------------------------------------------------------------
Train Iter:[0  /51] CauLoss:[0.9747], AdvLoss:[0.2244]
Train Iter:[12 /51] CauLoss:[0.9088], AdvLoss:[0.1864]
Train Iter:[24 /51] CauLoss:[0.8638], AdvLoss:[0.1597]
Train Iter:[36 /51] CauLoss:[0.8727], AdvLoss:[0.1600]
Train Iter:[48 /51] CauLoss:[0.8635], AdvLoss:[0.1609]
--------------------------------------------------------------------------------------------------------------------------------------------------------------------------------------------------------
Epoch:[58/100], CauAdvLoss:[0.8553/0.1579] valid:[92.87], test:[68.95]
--------------------------------------------------------------------------------------------------------------------------------------------------------------------------------------------------------
Train Iter:[0  /51] CauLoss:[1.2983], AdvLoss:[0.3510]
Train Iter:[12 /51] CauLoss:[0.8352], AdvLoss:[0.1469]
Train Iter:[24 /51] CauLoss:[0.8276], AdvLoss:[0.1408]
Train Iter:[36 /51] CauLoss:[0.8526], AdvLoss:[0.1498]
Train Iter:[48 /51] CauLoss:[0.8406], AdvLoss:[0.1457]
--------------------------------------------------------------------------------------------------------------------------------------------------------------------------------------------------------
Epoch:[59/100], CauAdvLoss:[0.8377/0.1420] valid:[92.65], test:[68.97]
--------------------------------------------------------------------------------------------------------------------------------------------------------------------------------------------------------
Train Iter:[0  /51] CauLoss:[0.7209], AdvLoss:[0.0888]
Train Iter:[12 /51] CauLoss:[0.8589], AdvLoss:[0.1288]
Train Iter:[24 /51] CauLoss:[0.8404], AdvLoss:[0.1246]
Train Iter:[36 /51] CauLoss:[0.8439], AdvLoss:[0.1420]
Train Iter:[48 /51] CauLoss:[0.8519], AdvLoss:[0.1350]
--------------------------------------------------------------------------------------------------------------------------------------------------------------------------------------------------------
Epoch:[60/100], CauAdvLoss:[0.8522/0.1382] valid:[92.61], test:[68.59]
--------------------------------------------------------------------------------------------------------------------------------------------------------------------------------------------------------
Train Iter:[0  /51] CauLoss:[0.6721], AdvLoss:[0.0594]
Train Iter:[12 /51] CauLoss:[0.7824], AdvLoss:[0.1295]
Train Iter:[24 /51] CauLoss:[0.8526], AdvLoss:[0.1372]
Train Iter:[36 /51] CauLoss:[0.8360], AdvLoss:[0.1362]
Train Iter:[48 /51] CauLoss:[0.8400], AdvLoss:[0.1427]
--------------------------------------------------------------------------------------------------------------------------------------------------------------------------------------------------------
Epoch:[61/100], CauAdvLoss:[0.8380/0.1444] valid:[92.98], test:[68.99]
--------------------------------------------------------------------------------------------------------------------------------------------------------------------------------------------------------
Train Iter:[0  /51] CauLoss:[0.6493], AdvLoss:[0.0236]
Train Iter:[12 /51] CauLoss:[0.8453], AdvLoss:[0.1335]
Train Iter:[24 /51] CauLoss:[0.8071], AdvLoss:[0.1083]
Train Iter:[36 /51] CauLoss:[0.8456], AdvLoss:[0.1224]
Train Iter:[48 /51] CauLoss:[0.8515], AdvLoss:[0.1316]
--------------------------------------------------------------------------------------------------------------------------------------------------------------------------------------------------------
Epoch:[62/100], CauAdvLoss:[0.8448/0.1287] valid:[92.44], test:[67.23]
--------------------------------------------------------------------------------------------------------------------------------------------------------------------------------------------------------
Train Iter:[0  /51] CauLoss:[0.6501], AdvLoss:[0.0709]
Train Iter:[12 /51] CauLoss:[0.7617], AdvLoss:[0.1153]
Train Iter:[24 /51] CauLoss:[0.8225], AdvLoss:[0.1289]
Train Iter:[36 /51] CauLoss:[0.8231], AdvLoss:[0.1293]
Train Iter:[48 /51] CauLoss:[0.8573], AdvLoss:[0.1451]
--------------------------------------------------------------------------------------------------------------------------------------------------------------------------------------------------------
Epoch:[63/100], CauAdvLoss:[0.8596/0.1474] valid:[92.60], test:[68.80]
--------------------------------------------------------------------------------------------------------------------------------------------------------------------------------------------------------
Train Iter:[0  /51] CauLoss:[0.7851], AdvLoss:[0.0886]
Train Iter:[12 /51] CauLoss:[0.8035], AdvLoss:[0.1123]
Train Iter:[24 /51] CauLoss:[0.8166], AdvLoss:[0.1082]
Train Iter:[36 /51] CauLoss:[0.7996], AdvLoss:[0.1122]
Train Iter:[48 /51] CauLoss:[0.8102], AdvLoss:[0.1281]
--------------------------------------------------------------------------------------------------------------------------------------------------------------------------------------------------------
Epoch:[64/100], CauAdvLoss:[0.8110/0.1291] valid:[92.36], test:[67.80]
--------------------------------------------------------------------------------------------------------------------------------------------------------------------------------------------------------
Train Iter:[0  /51] CauLoss:[0.7941], AdvLoss:[0.0425]
Train Iter:[12 /51] CauLoss:[0.8362], AdvLoss:[0.1559]
Train Iter:[24 /51] CauLoss:[0.8146], AdvLoss:[0.1303]
Train Iter:[36 /51] CauLoss:[0.8146], AdvLoss:[0.1242]
Train Iter:[48 /51] CauLoss:[0.8206], AdvLoss:[0.1307]
--------------------------------------------------------------------------------------------------------------------------------------------------------------------------------------------------------
Epoch:[65/100], CauAdvLoss:[0.8180/0.1291] valid:[92.56], test:[68.87]
--------------------------------------------------------------------------------------------------------------------------------------------------------------------------------------------------------
Train Iter:[0  /51] CauLoss:[0.8208], AdvLoss:[0.1241]
Train Iter:[12 /51] CauLoss:[0.7621], AdvLoss:[0.1180]
Train Iter:[24 /51] CauLoss:[0.7651], AdvLoss:[0.0971]
Train Iter:[36 /51] CauLoss:[0.7804], AdvLoss:[0.1112]
Train Iter:[48 /51] CauLoss:[0.8090], AdvLoss:[0.1177]
--------------------------------------------------------------------------------------------------------------------------------------------------------------------------------------------------------
Epoch:[66/100], CauAdvLoss:[0.8160/0.1228] valid:[93.10], test:[69.40]
--------------------------------------------------------------------------------------------------------------------------------------------------------------------------------------------------------
Train Iter:[0  /51] CauLoss:[1.1274], AdvLoss:[0.4477]
Train Iter:[12 /51] CauLoss:[0.8142], AdvLoss:[0.1451]
Train Iter:[24 /51] CauLoss:[0.8156], AdvLoss:[0.1394]
Train Iter:[36 /51] CauLoss:[0.8069], AdvLoss:[0.1352]
Train Iter:[48 /51] CauLoss:[0.8161], AdvLoss:[0.1402]
--------------------------------------------------------------------------------------------------------------------------------------------------------------------------------------------------------
Epoch:[67/100], CauAdvLoss:[0.8169/0.1382] valid:[92.88], test:[68.95]
--------------------------------------------------------------------------------------------------------------------------------------------------------------------------------------------------------
Train Iter:[0  /51] CauLoss:[0.6210], AdvLoss:[0.0496]
Train Iter:[12 /51] CauLoss:[0.8076], AdvLoss:[0.1154]
Train Iter:[24 /51] CauLoss:[0.7860], AdvLoss:[0.1135]
Train Iter:[36 /51] CauLoss:[0.7767], AdvLoss:[0.1148]
Train Iter:[48 /51] CauLoss:[0.7964], AdvLoss:[0.1227]
--------------------------------------------------------------------------------------------------------------------------------------------------------------------------------------------------------
Epoch:[68/100], CauAdvLoss:[0.7952/0.1210] valid:[92.48], test:[67.53]
--------------------------------------------------------------------------------------------------------------------------------------------------------------------------------------------------------
Train Iter:[0  /51] CauLoss:[0.6669], AdvLoss:[0.0742]
Train Iter:[12 /51] CauLoss:[0.7695], AdvLoss:[0.1369]
Train Iter:[24 /51] CauLoss:[0.7917], AdvLoss:[0.1415]
Train Iter:[36 /51] CauLoss:[0.8034], AdvLoss:[0.1477]
Train Iter:[48 /51] CauLoss:[0.8095], AdvLoss:[0.1417]
--------------------------------------------------------------------------------------------------------------------------------------------------------------------------------------------------------
Epoch:[69/100], CauAdvLoss:[0.8055/0.1391] valid:[92.85], test:[70.07]
--------------------------------------------------------------------------------------------------------------------------------------------------------------------------------------------------------
Train Iter:[0  /51] CauLoss:[0.7875], AdvLoss:[0.0345]
Train Iter:[12 /51] CauLoss:[0.7619], AdvLoss:[0.1014]
Train Iter:[24 /51] CauLoss:[0.8039], AdvLoss:[0.1177]
Train Iter:[36 /51] CauLoss:[0.7863], AdvLoss:[0.1056]
Train Iter:[48 /51] CauLoss:[0.8099], AdvLoss:[0.1152]
--------------------------------------------------------------------------------------------------------------------------------------------------------------------------------------------------------
Epoch:[70/100], CauAdvLoss:[0.8151/0.1232] valid:[92.95], test:[68.02]
--------------------------------------------------------------------------------------------------------------------------------------------------------------------------------------------------------
Train Iter:[0  /51] CauLoss:[1.1821], AdvLoss:[0.2680]
Train Iter:[12 /51] CauLoss:[0.8137], AdvLoss:[0.1084]
Train Iter:[24 /51] CauLoss:[0.8161], AdvLoss:[0.1181]
Train Iter:[36 /51] CauLoss:[0.8136], AdvLoss:[0.1241]
Train Iter:[48 /51] CauLoss:[0.7939], AdvLoss:[0.1238]
--------------------------------------------------------------------------------------------------------------------------------------------------------------------------------------------------------
Epoch:[71/100], CauAdvLoss:[0.7929/0.1243] valid:[92.87], test:[67.76]
--------------------------------------------------------------------------------------------------------------------------------------------------------------------------------------------------------
Train Iter:[0  /51] CauLoss:[0.6396], AdvLoss:[0.0508]
Train Iter:[12 /51] CauLoss:[0.7496], AdvLoss:[0.1047]
Train Iter:[24 /51] CauLoss:[0.7658], AdvLoss:[0.1171]
Train Iter:[36 /51] CauLoss:[0.7754], AdvLoss:[0.1183]
Train Iter:[48 /51] CauLoss:[0.7937], AdvLoss:[0.1204]
--------------------------------------------------------------------------------------------------------------------------------------------------------------------------------------------------------
Epoch:[72/100], CauAdvLoss:[0.7948/0.1199] valid:[93.27], test:[70.34]
--------------------------------------------------------------------------------------------------------------------------------------------------------------------------------------------------------
Train Iter:[0  /51] CauLoss:[1.0110], AdvLoss:[0.3084]
Train Iter:[12 /51] CauLoss:[0.7701], AdvLoss:[0.1062]
Train Iter:[24 /51] CauLoss:[0.7888], AdvLoss:[0.1122]
Train Iter:[36 /51] CauLoss:[0.8160], AdvLoss:[0.1243]
Train Iter:[48 /51] CauLoss:[0.7975], AdvLoss:[0.1158]
--------------------------------------------------------------------------------------------------------------------------------------------------------------------------------------------------------
Epoch:[73/100], CauAdvLoss:[0.7953/0.1168] valid:[92.89], test:[67.14]
--------------------------------------------------------------------------------------------------------------------------------------------------------------------------------------------------------
Train Iter:[0  /51] CauLoss:[0.6183], AdvLoss:[0.0308]
Train Iter:[12 /51] CauLoss:[0.8067], AdvLoss:[0.1127]
Train Iter:[24 /51] CauLoss:[0.7899], AdvLoss:[0.1025]
Train Iter:[36 /51] CauLoss:[0.7926], AdvLoss:[0.1058]
Train Iter:[48 /51] CauLoss:[0.7948], AdvLoss:[0.1160]
--------------------------------------------------------------------------------------------------------------------------------------------------------------------------------------------------------
Epoch:[74/100], CauAdvLoss:[0.7906/0.1143] valid:[92.87], test:[67.48]
--------------------------------------------------------------------------------------------------------------------------------------------------------------------------------------------------------
Train Iter:[0  /51] CauLoss:[0.8377], AdvLoss:[0.0665]
Train Iter:[12 /51] CauLoss:[0.7788], AdvLoss:[0.0900]
Train Iter:[24 /51] CauLoss:[0.7753], AdvLoss:[0.0800]
Train Iter:[36 /51] CauLoss:[0.7960], AdvLoss:[0.1050]
Train Iter:[48 /51] CauLoss:[0.7900], AdvLoss:[0.1179]
--------------------------------------------------------------------------------------------------------------------------------------------------------------------------------------------------------
Epoch:[75/100], CauAdvLoss:[0.7881/0.1178] valid:[92.89], test:[68.32]
--------------------------------------------------------------------------------------------------------------------------------------------------------------------------------------------------------
Train Iter:[0  /51] CauLoss:[0.8802], AdvLoss:[0.1831]
Train Iter:[12 /51] CauLoss:[0.8483], AdvLoss:[0.1410]
Train Iter:[24 /51] CauLoss:[0.7981], AdvLoss:[0.1106]
Train Iter:[36 /51] CauLoss:[0.7953], AdvLoss:[0.1151]
Train Iter:[48 /51] CauLoss:[0.7838], AdvLoss:[0.1145]
--------------------------------------------------------------------------------------------------------------------------------------------------------------------------------------------------------
Epoch:[76/100], CauAdvLoss:[0.7872/0.1199] valid:[92.98], test:[68.46]
--------------------------------------------------------------------------------------------------------------------------------------------------------------------------------------------------------
Train Iter:[0  /51] CauLoss:[0.7297], AdvLoss:[0.0679]
Train Iter:[12 /51] CauLoss:[0.8082], AdvLoss:[0.1170]
Train Iter:[24 /51] CauLoss:[0.7676], AdvLoss:[0.0970]
Train Iter:[36 /51] CauLoss:[0.7895], AdvLoss:[0.1127]
Train Iter:[48 /51] CauLoss:[0.7923], AdvLoss:[0.1156]
--------------------------------------------------------------------------------------------------------------------------------------------------------------------------------------------------------
Epoch:[77/100], CauAdvLoss:[0.7900/0.1148] valid:[92.63], test:[69.58]
--------------------------------------------------------------------------------------------------------------------------------------------------------------------------------------------------------
Train Iter:[0  /51] CauLoss:[0.7600], AdvLoss:[0.1356]
Train Iter:[12 /51] CauLoss:[0.8242], AdvLoss:[0.1363]
Train Iter:[24 /51] CauLoss:[0.7861], AdvLoss:[0.1279]
Train Iter:[36 /51] CauLoss:[0.7595], AdvLoss:[0.1162]
Train Iter:[48 /51] CauLoss:[0.7750], AdvLoss:[0.1149]
--------------------------------------------------------------------------------------------------------------------------------------------------------------------------------------------------------
Epoch:[78/100], CauAdvLoss:[0.7697/0.1121] valid:[92.67], test:[69.51]
--------------------------------------------------------------------------------------------------------------------------------------------------------------------------------------------------------
Train Iter:[0  /51] CauLoss:[0.6536], AdvLoss:[0.0382]
Train Iter:[12 /51] CauLoss:[0.7988], AdvLoss:[0.1146]
Train Iter:[24 /51] CauLoss:[0.8167], AdvLoss:[0.1299]
Train Iter:[36 /51] CauLoss:[0.8048], AdvLoss:[0.1139]
Train Iter:[48 /51] CauLoss:[0.7839], AdvLoss:[0.1102]
--------------------------------------------------------------------------------------------------------------------------------------------------------------------------------------------------------
Epoch:[79/100], CauAdvLoss:[0.7851/0.1090] valid:[92.50], test:[68.58]
--------------------------------------------------------------------------------------------------------------------------------------------------------------------------------------------------------
Train Iter:[0  /51] CauLoss:[0.8382], AdvLoss:[0.2592]
Train Iter:[12 /51] CauLoss:[0.7548], AdvLoss:[0.0976]
Train Iter:[24 /51] CauLoss:[0.7572], AdvLoss:[0.1145]
Train Iter:[36 /51] CauLoss:[0.7685], AdvLoss:[0.1144]
Train Iter:[48 /51] CauLoss:[0.7712], AdvLoss:[0.1112]
--------------------------------------------------------------------------------------------------------------------------------------------------------------------------------------------------------
Epoch:[80/100], CauAdvLoss:[0.7768/0.1133] valid:[92.50], test:[69.32]
--------------------------------------------------------------------------------------------------------------------------------------------------------------------------------------------------------
Train Iter:[0  /51] CauLoss:[0.7116], AdvLoss:[0.0613]
Train Iter:[12 /51] CauLoss:[0.7946], AdvLoss:[0.0897]
Train Iter:[24 /51] CauLoss:[0.7959], AdvLoss:[0.1232]
Train Iter:[36 /51] CauLoss:[0.7876], AdvLoss:[0.1152]
Train Iter:[48 /51] CauLoss:[0.7766], AdvLoss:[0.1091]
--------------------------------------------------------------------------------------------------------------------------------------------------------------------------------------------------------
Epoch:[81/100], CauAdvLoss:[0.7749/0.1086] valid:[92.51], test:[68.91]
--------------------------------------------------------------------------------------------------------------------------------------------------------------------------------------------------------
Train Iter:[0  /51] CauLoss:[0.6242], AdvLoss:[0.0252]
Train Iter:[12 /51] CauLoss:[0.7157], AdvLoss:[0.0841]
Train Iter:[24 /51] CauLoss:[0.7637], AdvLoss:[0.1056]
Train Iter:[36 /51] CauLoss:[0.7637], AdvLoss:[0.1008]
Train Iter:[48 /51] CauLoss:[0.7927], AdvLoss:[0.1079]
--------------------------------------------------------------------------------------------------------------------------------------------------------------------------------------------------------
Epoch:[82/100], CauAdvLoss:[0.7931/0.1092] valid:[93.04], test:[69.63]
--------------------------------------------------------------------------------------------------------------------------------------------------------------------------------------------------------
Train Iter:[0  /51] CauLoss:[1.0615], AdvLoss:[0.0593]
Train Iter:[12 /51] CauLoss:[0.7960], AdvLoss:[0.1241]
Train Iter:[24 /51] CauLoss:[0.7779], AdvLoss:[0.1163]
Train Iter:[36 /51] CauLoss:[0.7665], AdvLoss:[0.1021]
Train Iter:[48 /51] CauLoss:[0.7592], AdvLoss:[0.1059]
--------------------------------------------------------------------------------------------------------------------------------------------------------------------------------------------------------
Epoch:[83/100], CauAdvLoss:[0.7685/0.1088] valid:[92.67], test:[68.68]
--------------------------------------------------------------------------------------------------------------------------------------------------------------------------------------------------------
Train Iter:[0  /51] CauLoss:[0.9201], AdvLoss:[0.1320]
Train Iter:[12 /51] CauLoss:[0.8163], AdvLoss:[0.1222]
Train Iter:[24 /51] CauLoss:[0.7729], AdvLoss:[0.1024]
Train Iter:[36 /51] CauLoss:[0.7672], AdvLoss:[0.1008]
Train Iter:[48 /51] CauLoss:[0.7871], AdvLoss:[0.1052]
--------------------------------------------------------------------------------------------------------------------------------------------------------------------------------------------------------
Epoch:[84/100], CauAdvLoss:[0.7862/0.1051] valid:[92.76], test:[68.44]
--------------------------------------------------------------------------------------------------------------------------------------------------------------------------------------------------------
Train Iter:[0  /51] CauLoss:[0.7985], AdvLoss:[0.2140]
Train Iter:[12 /51] CauLoss:[0.7488], AdvLoss:[0.0948]
Train Iter:[24 /51] CauLoss:[0.7569], AdvLoss:[0.0974]
Train Iter:[36 /51] CauLoss:[0.7792], AdvLoss:[0.1046]
Train Iter:[48 /51] CauLoss:[0.7662], AdvLoss:[0.0985]
--------------------------------------------------------------------------------------------------------------------------------------------------------------------------------------------------------
Epoch:[85/100], CauAdvLoss:[0.7801/0.1065] valid:[92.87], test:[68.90]
--------------------------------------------------------------------------------------------------------------------------------------------------------------------------------------------------------
Train Iter:[0  /51] CauLoss:[0.7654], AdvLoss:[0.0448]
Train Iter:[12 /51] CauLoss:[0.7777], AdvLoss:[0.0816]
Train Iter:[24 /51] CauLoss:[0.7980], AdvLoss:[0.1022]
Train Iter:[36 /51] CauLoss:[0.8083], AdvLoss:[0.1151]
Train Iter:[48 /51] CauLoss:[0.8000], AdvLoss:[0.1096]
--------------------------------------------------------------------------------------------------------------------------------------------------------------------------------------------------------
Epoch:[86/100], CauAdvLoss:[0.7959/0.1083] valid:[92.68], test:[68.84]
--------------------------------------------------------------------------------------------------------------------------------------------------------------------------------------------------------
Train Iter:[0  /51] CauLoss:[0.6576], AdvLoss:[0.0585]
Train Iter:[12 /51] CauLoss:[0.7117], AdvLoss:[0.0710]
Train Iter:[24 /51] CauLoss:[0.7591], AdvLoss:[0.0968]
Train Iter:[36 /51] CauLoss:[0.7764], AdvLoss:[0.0980]
Train Iter:[48 /51] CauLoss:[0.7903], AdvLoss:[0.1025]
--------------------------------------------------------------------------------------------------------------------------------------------------------------------------------------------------------
Epoch:[87/100], CauAdvLoss:[0.7945/0.1072] valid:[92.80], test:[68.63]
--------------------------------------------------------------------------------------------------------------------------------------------------------------------------------------------------------
Train Iter:[0  /51] CauLoss:[0.8761], AdvLoss:[0.1615]
Train Iter:[12 /51] CauLoss:[0.8177], AdvLoss:[0.1200]
Train Iter:[24 /51] CauLoss:[0.7868], AdvLoss:[0.1112]
Train Iter:[36 /51] CauLoss:[0.7961], AdvLoss:[0.1156]
Train Iter:[48 /51] CauLoss:[0.7806], AdvLoss:[0.1043]
--------------------------------------------------------------------------------------------------------------------------------------------------------------------------------------------------------
Epoch:[88/100], CauAdvLoss:[0.7796/0.1065] valid:[92.66], test:[68.83]
--------------------------------------------------------------------------------------------------------------------------------------------------------------------------------------------------------
Train Iter:[0  /51] CauLoss:[0.6709], AdvLoss:[0.0561]
Train Iter:[12 /51] CauLoss:[0.7323], AdvLoss:[0.0905]
Train Iter:[24 /51] CauLoss:[0.7925], AdvLoss:[0.1113]
Train Iter:[36 /51] CauLoss:[0.7818], AdvLoss:[0.1105]
Train Iter:[48 /51] CauLoss:[0.7635], AdvLoss:[0.1088]
--------------------------------------------------------------------------------------------------------------------------------------------------------------------------------------------------------
Epoch:[89/100], CauAdvLoss:[0.7599/0.1072] valid:[92.71], test:[69.10]
--------------------------------------------------------------------------------------------------------------------------------------------------------------------------------------------------------
Train Iter:[0  /51] CauLoss:[0.6420], AdvLoss:[0.0570]
Train Iter:[12 /51] CauLoss:[0.7463], AdvLoss:[0.0950]
Train Iter:[24 /51] CauLoss:[0.7269], AdvLoss:[0.0940]
Train Iter:[36 /51] CauLoss:[0.7672], AdvLoss:[0.1018]
Train Iter:[48 /51] CauLoss:[0.7958], AdvLoss:[0.1087]
--------------------------------------------------------------------------------------------------------------------------------------------------------------------------------------------------------
Epoch:[90/100], CauAdvLoss:[0.7905/0.1063] valid:[92.61], test:[68.89]
--------------------------------------------------------------------------------------------------------------------------------------------------------------------------------------------------------
Train Iter:[0  /51] CauLoss:[0.6613], AdvLoss:[0.0266]
Train Iter:[12 /51] CauLoss:[0.7314], AdvLoss:[0.0883]
Train Iter:[24 /51] CauLoss:[0.7417], AdvLoss:[0.0895]
Train Iter:[36 /51] CauLoss:[0.7567], AdvLoss:[0.0913]
Train Iter:[48 /51] CauLoss:[0.7686], AdvLoss:[0.1063]
--------------------------------------------------------------------------------------------------------------------------------------------------------------------------------------------------------
Epoch:[91/100], CauAdvLoss:[0.7661/0.1037] valid:[92.54], test:[69.25]
--------------------------------------------------------------------------------------------------------------------------------------------------------------------------------------------------------
Train Iter:[0  /51] CauLoss:[0.6408], AdvLoss:[0.0714]
Train Iter:[12 /51] CauLoss:[0.7573], AdvLoss:[0.1033]
Train Iter:[24 /51] CauLoss:[0.7522], AdvLoss:[0.0937]
Train Iter:[36 /51] CauLoss:[0.7575], AdvLoss:[0.0924]
Train Iter:[48 /51] CauLoss:[0.7875], AdvLoss:[0.1070]
--------------------------------------------------------------------------------------------------------------------------------------------------------------------------------------------------------
Epoch:[92/100], CauAdvLoss:[0.7847/0.1062] valid:[92.76], test:[68.96]
--------------------------------------------------------------------------------------------------------------------------------------------------------------------------------------------------------
Train Iter:[0  /51] CauLoss:[0.6799], AdvLoss:[0.0799]
Train Iter:[12 /51] CauLoss:[0.7862], AdvLoss:[0.1118]
Train Iter:[24 /51] CauLoss:[0.7920], AdvLoss:[0.1074]
Train Iter:[36 /51] CauLoss:[0.7909], AdvLoss:[0.1085]
Train Iter:[48 /51] CauLoss:[0.7857], AdvLoss:[0.1063]
--------------------------------------------------------------------------------------------------------------------------------------------------------------------------------------------------------
Epoch:[93/100], CauAdvLoss:[0.7808/0.1045] valid:[92.66], test:[68.88]
--------------------------------------------------------------------------------------------------------------------------------------------------------------------------------------------------------
Train Iter:[0  /51] CauLoss:[0.6144], AdvLoss:[0.0184]
Train Iter:[12 /51] CauLoss:[0.7813], AdvLoss:[0.1003]
Train Iter:[24 /51] CauLoss:[0.7882], AdvLoss:[0.1232]
Train Iter:[36 /51] CauLoss:[0.7608], AdvLoss:[0.1085]
Train Iter:[48 /51] CauLoss:[0.7692], AdvLoss:[0.1076]
--------------------------------------------------------------------------------------------------------------------------------------------------------------------------------------------------------
Epoch:[94/100], CauAdvLoss:[0.7644/0.1043] valid:[92.75], test:[68.99]
--------------------------------------------------------------------------------------------------------------------------------------------------------------------------------------------------------
Train Iter:[0  /51] CauLoss:[1.3248], AdvLoss:[0.4102]
Train Iter:[12 /51] CauLoss:[0.7878], AdvLoss:[0.0871]
Train Iter:[24 /51] CauLoss:[0.7793], AdvLoss:[0.1003]
Train Iter:[36 /51] CauLoss:[0.7622], AdvLoss:[0.1000]
Train Iter:[48 /51] CauLoss:[0.7764], AdvLoss:[0.1054]
--------------------------------------------------------------------------------------------------------------------------------------------------------------------------------------------------------
Epoch:[95/100], CauAdvLoss:[0.7766/0.1034] valid:[92.76], test:[69.03]
--------------------------------------------------------------------------------------------------------------------------------------------------------------------------------------------------------
Train Iter:[0  /51] CauLoss:[1.0367], AdvLoss:[0.0471]
Train Iter:[12 /51] CauLoss:[0.7971], AdvLoss:[0.1017]
Train Iter:[24 /51] CauLoss:[0.7788], AdvLoss:[0.1101]
Train Iter:[36 /51] CauLoss:[0.7907], AdvLoss:[0.1111]
Train Iter:[48 /51] CauLoss:[0.7773], AdvLoss:[0.1043]
--------------------------------------------------------------------------------------------------------------------------------------------------------------------------------------------------------
Epoch:[96/100], CauAdvLoss:[0.7798/0.1034] valid:[92.71], test:[68.77]
--------------------------------------------------------------------------------------------------------------------------------------------------------------------------------------------------------
Train Iter:[0  /51] CauLoss:[0.6202], AdvLoss:[0.0135]
Train Iter:[12 /51] CauLoss:[0.8559], AdvLoss:[0.1380]
Train Iter:[24 /51] CauLoss:[0.7812], AdvLoss:[0.1108]
Train Iter:[36 /51] CauLoss:[0.7699], AdvLoss:[0.1064]
Train Iter:[48 /51] CauLoss:[0.7566], AdvLoss:[0.1065]
--------------------------------------------------------------------------------------------------------------------------------------------------------------------------------------------------------
Epoch:[97/100], CauAdvLoss:[0.7539/0.1039] valid:[92.70], test:[69.03]
--------------------------------------------------------------------------------------------------------------------------------------------------------------------------------------------------------
Train Iter:[0  /51] CauLoss:[0.8949], AdvLoss:[0.1282]
Train Iter:[12 /51] CauLoss:[0.7591], AdvLoss:[0.1133]
Train Iter:[24 /51] CauLoss:[0.7519], AdvLoss:[0.1129]
Train Iter:[36 /51] CauLoss:[0.7619], AdvLoss:[0.1073]
Train Iter:[48 /51] CauLoss:[0.7650], AdvLoss:[0.1038]
--------------------------------------------------------------------------------------------------------------------------------------------------------------------------------------------------------
Epoch:[98/100], CauAdvLoss:[0.7611/0.1027] valid:[92.75], test:[68.61]
--------------------------------------------------------------------------------------------------------------------------------------------------------------------------------------------------------
Train Iter:[0  /51] CauLoss:[0.8067], AdvLoss:[0.1560]
Train Iter:[12 /51] CauLoss:[0.7182], AdvLoss:[0.1008]
Train Iter:[24 /51] CauLoss:[0.7403], AdvLoss:[0.1010]
Train Iter:[36 /51] CauLoss:[0.7301], AdvLoss:[0.0933]
Train Iter:[48 /51] CauLoss:[0.7378], AdvLoss:[0.1048]
--------------------------------------------------------------------------------------------------------------------------------------------------------------------------------------------------------
Epoch:[99/100], CauAdvLoss:[0.7367/0.1026] valid:[92.78], test:[68.97]
--------------------------------------------------------------------------------------------------------------------------------------------------------------------------------------------------------
Train Iter:[0  /51] CauLoss:[0.6840], AdvLoss:[0.0672]
Train Iter:[12 /51] CauLoss:[0.7099], AdvLoss:[0.0666]
Train Iter:[24 /51] CauLoss:[0.7432], AdvLoss:[0.0845]
Train Iter:[36 /51] CauLoss:[0.7677], AdvLoss:[0.0915]
Train Iter:[48 /51] CauLoss:[0.7809], AdvLoss:[0.1042]
--------------------------------------------------------------------------------------------------------------------------------------------------------------------------------------------------------
Epoch:[100/100], CauAdvLoss:[0.7788/0.1020] valid:[92.72], test:[68.77]
--------------------------------------------------------------------------------------------------------------------------------------------------------------------------------------------------------
Update test:[70.82] at epoch:[52] | Total time:00:03:50
initialize network with kaiming
Train Iter:[0  /51] CauLoss:[1.6483], AdvLoss:[-83.4260]
Train Iter:[12 /51] CauLoss:[1.6623], AdvLoss:[-8.5729]
Train Iter:[24 /51] CauLoss:[1.5302], AdvLoss:[-4.4617]
Train Iter:[36 /51] CauLoss:[1.4749], AdvLoss:[-3.0324]
Train Iter:[48 /51] CauLoss:[1.4225], AdvLoss:[-2.3111]
--------------------------------------------------------------------------------------------------------------------------------------------------------------------------------------------------------
Epoch:[1/100], CauAdvLoss:[1.4258/-2.2184] valid:[91.57], test:[59.85]
--------------------------------------------------------------------------------------------------------------------------------------------------------------------------------------------------------
Train Iter:[0  /51] CauLoss:[1.1473], AdvLoss:[-0.0812]
Train Iter:[12 /51] CauLoss:[1.3564], AdvLoss:[-0.0679]
Train Iter:[24 /51] CauLoss:[1.3105], AdvLoss:[-0.0680]
Train Iter:[36 /51] CauLoss:[1.3001], AdvLoss:[-0.0733]
Train Iter:[48 /51] CauLoss:[1.2790], AdvLoss:[-0.0722]
--------------------------------------------------------------------------------------------------------------------------------------------------------------------------------------------------------
Epoch:[2/100], CauAdvLoss:[1.2649/-0.0788] valid:[91.77], test:[60.89]
--------------------------------------------------------------------------------------------------------------------------------------------------------------------------------------------------------
Train Iter:[0  /51] CauLoss:[1.0417], AdvLoss:[-0.1552]
Train Iter:[12 /51] CauLoss:[1.1326], AdvLoss:[-0.1099]
Train Iter:[24 /51] CauLoss:[1.1637], AdvLoss:[-0.0633]
Train Iter:[36 /51] CauLoss:[1.2166], AdvLoss:[-0.0152]
Train Iter:[48 /51] CauLoss:[1.2171], AdvLoss:[-0.0107]
--------------------------------------------------------------------------------------------------------------------------------------------------------------------------------------------------------
Epoch:[3/100], CauAdvLoss:[1.2204/-0.0088] valid:[92.23], test:[62.05]
--------------------------------------------------------------------------------------------------------------------------------------------------------------------------------------------------------
Train Iter:[0  /51] CauLoss:[0.8604], AdvLoss:[-0.1136]
Train Iter:[12 /51] CauLoss:[1.1184], AdvLoss:[0.0057]
Train Iter:[24 /51] CauLoss:[1.1627], AdvLoss:[0.0329]
Train Iter:[36 /51] CauLoss:[1.1899], AdvLoss:[0.0668]
Train Iter:[48 /51] CauLoss:[1.1655], AdvLoss:[0.0572]
--------------------------------------------------------------------------------------------------------------------------------------------------------------------------------------------------------
Epoch:[4/100], CauAdvLoss:[1.1558/0.0505] valid:[91.08], test:[60.80]
--------------------------------------------------------------------------------------------------------------------------------------------------------------------------------------------------------
Train Iter:[0  /51] CauLoss:[1.3146], AdvLoss:[0.0450]
Train Iter:[12 /51] CauLoss:[1.1746], AdvLoss:[0.0693]
Train Iter:[24 /51] CauLoss:[1.1331], AdvLoss:[0.0510]
Train Iter:[36 /51] CauLoss:[1.1195], AdvLoss:[0.0501]
Train Iter:[48 /51] CauLoss:[1.1336], AdvLoss:[0.0587]
--------------------------------------------------------------------------------------------------------------------------------------------------------------------------------------------------------
Epoch:[5/100], CauAdvLoss:[1.1357/0.0590] valid:[92.91], test:[62.48]
--------------------------------------------------------------------------------------------------------------------------------------------------------------------------------------------------------
Train Iter:[0  /51] CauLoss:[1.0866], AdvLoss:[0.0775]
Train Iter:[12 /51] CauLoss:[1.1224], AdvLoss:[0.0466]
Train Iter:[24 /51] CauLoss:[1.1169], AdvLoss:[0.0655]
Train Iter:[36 /51] CauLoss:[1.1139], AdvLoss:[0.0548]
Train Iter:[48 /51] CauLoss:[1.1268], AdvLoss:[0.0634]
--------------------------------------------------------------------------------------------------------------------------------------------------------------------------------------------------------
Epoch:[6/100], CauAdvLoss:[1.1239/0.0638] valid:[92.46], test:[62.91]
--------------------------------------------------------------------------------------------------------------------------------------------------------------------------------------------------------
Train Iter:[0  /51] CauLoss:[0.9601], AdvLoss:[0.0621]
Train Iter:[12 /51] CauLoss:[1.1345], AdvLoss:[0.0858]
Train Iter:[24 /51] CauLoss:[1.1569], AdvLoss:[0.1167]
Train Iter:[36 /51] CauLoss:[1.1393], AdvLoss:[0.1035]
Train Iter:[48 /51] CauLoss:[1.1289], AdvLoss:[0.0975]
--------------------------------------------------------------------------------------------------------------------------------------------------------------------------------------------------------
Epoch:[7/100], CauAdvLoss:[1.1217/0.0972] valid:[92.39], test:[64.35]
--------------------------------------------------------------------------------------------------------------------------------------------------------------------------------------------------------
Train Iter:[0  /51] CauLoss:[0.8658], AdvLoss:[-0.0214]
Train Iter:[12 /51] CauLoss:[1.0155], AdvLoss:[0.0736]
Train Iter:[24 /51] CauLoss:[1.0581], AdvLoss:[0.1251]
Train Iter:[36 /51] CauLoss:[1.0604], AdvLoss:[0.1447]
Train Iter:[48 /51] CauLoss:[1.0558], AdvLoss:[0.1671]
--------------------------------------------------------------------------------------------------------------------------------------------------------------------------------------------------------
Epoch:[8/100], CauAdvLoss:[1.0744/0.1731] valid:[91.21], test:[63.99]
--------------------------------------------------------------------------------------------------------------------------------------------------------------------------------------------------------
Train Iter:[0  /51] CauLoss:[1.5621], AdvLoss:[0.3380]
Train Iter:[12 /51] CauLoss:[1.0435], AdvLoss:[0.2264]
Train Iter:[24 /51] CauLoss:[1.0370], AdvLoss:[0.2557]
Train Iter:[36 /51] CauLoss:[1.0673], AdvLoss:[0.2448]
Train Iter:[48 /51] CauLoss:[1.0685], AdvLoss:[0.2426]
--------------------------------------------------------------------------------------------------------------------------------------------------------------------------------------------------------
Epoch:[9/100], CauAdvLoss:[1.0685/0.2439] valid:[90.57], test:[61.33]
--------------------------------------------------------------------------------------------------------------------------------------------------------------------------------------------------------
Train Iter:[0  /51] CauLoss:[1.2404], AdvLoss:[0.3563]
Train Iter:[12 /51] CauLoss:[1.0820], AdvLoss:[0.3186]
Train Iter:[24 /51] CauLoss:[1.0461], AdvLoss:[0.2482]
Train Iter:[36 /51] CauLoss:[1.0506], AdvLoss:[0.2367]
Train Iter:[48 /51] CauLoss:[1.0427], AdvLoss:[0.2381]
--------------------------------------------------------------------------------------------------------------------------------------------------------------------------------------------------------
Epoch:[10/100], CauAdvLoss:[1.0458/0.2375] valid:[93.29], test:[64.54]
--------------------------------------------------------------------------------------------------------------------------------------------------------------------------------------------------------
Train Iter:[0  /51] CauLoss:[0.6845], AdvLoss:[0.0676]
Train Iter:[12 /51] CauLoss:[1.0010], AdvLoss:[0.2006]
Train Iter:[24 /51] CauLoss:[1.0506], AdvLoss:[0.2208]
Train Iter:[36 /51] CauLoss:[1.0297], AdvLoss:[0.2025]
Train Iter:[48 /51] CauLoss:[1.0436], AdvLoss:[0.2060]
--------------------------------------------------------------------------------------------------------------------------------------------------------------------------------------------------------
Epoch:[11/100], CauAdvLoss:[1.0383/0.2084] valid:[92.23], test:[63.87]
--------------------------------------------------------------------------------------------------------------------------------------------------------------------------------------------------------
Train Iter:[0  /51] CauLoss:[1.2178], AdvLoss:[0.4079]
Train Iter:[12 /51] CauLoss:[0.9856], AdvLoss:[0.5983]
Train Iter:[24 /51] CauLoss:[0.9999], AdvLoss:[0.4906]
Train Iter:[36 /51] CauLoss:[1.0291], AdvLoss:[0.4262]
Train Iter:[48 /51] CauLoss:[1.0135], AdvLoss:[0.3665]
--------------------------------------------------------------------------------------------------------------------------------------------------------------------------------------------------------
Epoch:[12/100], CauAdvLoss:[1.0097/0.3573] valid:[91.61], test:[64.13]
--------------------------------------------------------------------------------------------------------------------------------------------------------------------------------------------------------
Train Iter:[0  /51] CauLoss:[0.9134], AdvLoss:[0.1520]
Train Iter:[12 /51] CauLoss:[0.9927], AdvLoss:[0.2088]
Train Iter:[24 /51] CauLoss:[0.9561], AdvLoss:[0.1883]
Train Iter:[36 /51] CauLoss:[0.9482], AdvLoss:[0.1829]
Train Iter:[48 /51] CauLoss:[1.0147], AdvLoss:[0.2310]
--------------------------------------------------------------------------------------------------------------------------------------------------------------------------------------------------------
Epoch:[13/100], CauAdvLoss:[1.0229/0.2359] valid:[91.83], test:[66.51]
--------------------------------------------------------------------------------------------------------------------------------------------------------------------------------------------------------
Train Iter:[0  /51] CauLoss:[0.9767], AdvLoss:[0.2492]
Train Iter:[12 /51] CauLoss:[0.9052], AdvLoss:[0.1975]
Train Iter:[24 /51] CauLoss:[0.9790], AdvLoss:[0.2111]
Train Iter:[36 /51] CauLoss:[1.0175], AdvLoss:[0.2279]
Train Iter:[48 /51] CauLoss:[1.0225], AdvLoss:[0.2418]
--------------------------------------------------------------------------------------------------------------------------------------------------------------------------------------------------------
Epoch:[14/100], CauAdvLoss:[1.0161/0.2374] valid:[92.60], test:[66.17]
--------------------------------------------------------------------------------------------------------------------------------------------------------------------------------------------------------
Train Iter:[0  /51] CauLoss:[1.1376], AdvLoss:[0.3381]
Train Iter:[12 /51] CauLoss:[0.9931], AdvLoss:[0.2081]
Train Iter:[24 /51] CauLoss:[1.0289], AdvLoss:[0.2167]
Train Iter:[36 /51] CauLoss:[1.0078], AdvLoss:[0.2129]
Train Iter:[48 /51] CauLoss:[1.0126], AdvLoss:[0.2152]
--------------------------------------------------------------------------------------------------------------------------------------------------------------------------------------------------------
Epoch:[15/100], CauAdvLoss:[1.0131/0.2129] valid:[94.01], test:[68.60]
--------------------------------------------------------------------------------------------------------------------------------------------------------------------------------------------------------
Train Iter:[0  /51] CauLoss:[0.8472], AdvLoss:[0.1199]
Train Iter:[12 /51] CauLoss:[1.0044], AdvLoss:[0.1951]
Train Iter:[24 /51] CauLoss:[0.9910], AdvLoss:[0.2246]
Train Iter:[36 /51] CauLoss:[1.0058], AdvLoss:[0.2454]
Train Iter:[48 /51] CauLoss:[1.0075], AdvLoss:[0.2405]
--------------------------------------------------------------------------------------------------------------------------------------------------------------------------------------------------------
Epoch:[16/100], CauAdvLoss:[0.9979/0.2362] valid:[93.15], test:[69.23]
--------------------------------------------------------------------------------------------------------------------------------------------------------------------------------------------------------
Train Iter:[0  /51] CauLoss:[0.8247], AdvLoss:[0.1515]
Train Iter:[12 /51] CauLoss:[0.9737], AdvLoss:[0.2464]
Train Iter:[24 /51] CauLoss:[0.9863], AdvLoss:[0.2538]
Train Iter:[36 /51] CauLoss:[1.0020], AdvLoss:[0.2375]
Train Iter:[48 /51] CauLoss:[1.0041], AdvLoss:[0.2271]
--------------------------------------------------------------------------------------------------------------------------------------------------------------------------------------------------------
Epoch:[17/100], CauAdvLoss:[1.0116/0.2334] valid:[93.14], test:[67.51]
--------------------------------------------------------------------------------------------------------------------------------------------------------------------------------------------------------
Train Iter:[0  /51] CauLoss:[1.0458], AdvLoss:[0.3762]
Train Iter:[12 /51] CauLoss:[0.9688], AdvLoss:[0.3365]
Train Iter:[24 /51] CauLoss:[0.9275], AdvLoss:[0.3326]
Train Iter:[36 /51] CauLoss:[0.9384], AdvLoss:[0.2879]
Train Iter:[48 /51] CauLoss:[0.9719], AdvLoss:[0.2792]
--------------------------------------------------------------------------------------------------------------------------------------------------------------------------------------------------------
Epoch:[18/100], CauAdvLoss:[0.9798/0.2769] valid:[93.33], test:[70.40]
--------------------------------------------------------------------------------------------------------------------------------------------------------------------------------------------------------
Train Iter:[0  /51] CauLoss:[0.9137], AdvLoss:[0.2012]
Train Iter:[12 /51] CauLoss:[0.9530], AdvLoss:[0.2978]
Train Iter:[24 /51] CauLoss:[0.9736], AdvLoss:[0.2925]
Train Iter:[36 /51] CauLoss:[0.9837], AdvLoss:[0.2785]
Train Iter:[48 /51] CauLoss:[0.9785], AdvLoss:[0.2608]
--------------------------------------------------------------------------------------------------------------------------------------------------------------------------------------------------------
Epoch:[19/100], CauAdvLoss:[0.9764/0.2572] valid:[92.99], test:[67.44]
--------------------------------------------------------------------------------------------------------------------------------------------------------------------------------------------------------
Train Iter:[0  /51] CauLoss:[0.7966], AdvLoss:[0.1022]
Train Iter:[12 /51] CauLoss:[0.9668], AdvLoss:[0.2058]
Train Iter:[24 /51] CauLoss:[0.9858], AdvLoss:[0.2009]
Train Iter:[36 /51] CauLoss:[0.9504], AdvLoss:[0.1877]
Train Iter:[48 /51] CauLoss:[0.9647], AdvLoss:[0.1941]
--------------------------------------------------------------------------------------------------------------------------------------------------------------------------------------------------------
Epoch:[20/100], CauAdvLoss:[0.9639/0.1945] valid:[92.68], test:[67.69]
--------------------------------------------------------------------------------------------------------------------------------------------------------------------------------------------------------
Train Iter:[0  /51] CauLoss:[1.0138], AdvLoss:[0.2704]
Train Iter:[12 /51] CauLoss:[0.9033], AdvLoss:[0.2335]
Train Iter:[24 /51] CauLoss:[0.9087], AdvLoss:[0.2116]
Train Iter:[36 /51] CauLoss:[0.9550], AdvLoss:[0.2339]
Train Iter:[48 /51] CauLoss:[0.9462], AdvLoss:[0.2387]
--------------------------------------------------------------------------------------------------------------------------------------------------------------------------------------------------------
Epoch:[21/100], CauAdvLoss:[0.9542/0.2385] valid:[92.09], test:[66.24]
--------------------------------------------------------------------------------------------------------------------------------------------------------------------------------------------------------
Train Iter:[0  /51] CauLoss:[0.9308], AdvLoss:[0.1942]
Train Iter:[12 /51] CauLoss:[0.8835], AdvLoss:[0.1754]
Train Iter:[24 /51] CauLoss:[0.9506], AdvLoss:[0.2240]
Train Iter:[36 /51] CauLoss:[0.9443], AdvLoss:[0.2427]
Train Iter:[48 /51] CauLoss:[0.9581], AdvLoss:[0.2436]
--------------------------------------------------------------------------------------------------------------------------------------------------------------------------------------------------------
Epoch:[22/100], CauAdvLoss:[0.9503/0.2385] valid:[92.02], test:[67.13]
--------------------------------------------------------------------------------------------------------------------------------------------------------------------------------------------------------
Train Iter:[0  /51] CauLoss:[1.2824], AdvLoss:[0.2073]
Train Iter:[12 /51] CauLoss:[1.0132], AdvLoss:[0.2185]
Train Iter:[24 /51] CauLoss:[0.9656], AdvLoss:[0.2011]
Train Iter:[36 /51] CauLoss:[0.9442], AdvLoss:[0.2048]
Train Iter:[48 /51] CauLoss:[0.9605], AdvLoss:[0.2188]
--------------------------------------------------------------------------------------------------------------------------------------------------------------------------------------------------------
Epoch:[23/100], CauAdvLoss:[0.9687/0.2215] valid:[93.94], test:[70.19]
--------------------------------------------------------------------------------------------------------------------------------------------------------------------------------------------------------
Train Iter:[0  /51] CauLoss:[0.7167], AdvLoss:[0.2127]
Train Iter:[12 /51] CauLoss:[0.9602], AdvLoss:[0.3304]
Train Iter:[24 /51] CauLoss:[0.9616], AdvLoss:[0.3457]
Train Iter:[36 /51] CauLoss:[0.9337], AdvLoss:[0.3178]
Train Iter:[48 /51] CauLoss:[0.9593], AdvLoss:[0.2981]
--------------------------------------------------------------------------------------------------------------------------------------------------------------------------------------------------------
Epoch:[24/100], CauAdvLoss:[0.9637/0.2987] valid:[93.93], test:[69.38]
--------------------------------------------------------------------------------------------------------------------------------------------------------------------------------------------------------
Train Iter:[0  /51] CauLoss:[0.9946], AdvLoss:[0.1512]
Train Iter:[12 /51] CauLoss:[0.8732], AdvLoss:[0.2075]
Train Iter:[24 /51] CauLoss:[0.9008], AdvLoss:[0.2470]
Train Iter:[36 /51] CauLoss:[0.9049], AdvLoss:[0.2290]
Train Iter:[48 /51] CauLoss:[0.9316], AdvLoss:[0.2185]
--------------------------------------------------------------------------------------------------------------------------------------------------------------------------------------------------------
Epoch:[25/100], CauAdvLoss:[0.9364/0.2189] valid:[92.20], test:[67.70]
--------------------------------------------------------------------------------------------------------------------------------------------------------------------------------------------------------
Train Iter:[0  /51] CauLoss:[0.9840], AdvLoss:[0.2942]
Train Iter:[12 /51] CauLoss:[0.9718], AdvLoss:[0.2289]
Train Iter:[24 /51] CauLoss:[1.0270], AdvLoss:[0.2302]
Train Iter:[36 /51] CauLoss:[0.9889], AdvLoss:[0.2310]
Train Iter:[48 /51] CauLoss:[0.9697], AdvLoss:[0.2378]
--------------------------------------------------------------------------------------------------------------------------------------------------------------------------------------------------------
Epoch:[26/100], CauAdvLoss:[0.9695/0.2364] valid:[92.01], test:[66.13]
--------------------------------------------------------------------------------------------------------------------------------------------------------------------------------------------------------
Train Iter:[0  /51] CauLoss:[0.6589], AdvLoss:[0.1657]
Train Iter:[12 /51] CauLoss:[0.9720], AdvLoss:[0.2037]
Train Iter:[24 /51] CauLoss:[0.9310], AdvLoss:[0.1814]
Train Iter:[36 /51] CauLoss:[0.9105], AdvLoss:[0.1946]
Train Iter:[48 /51] CauLoss:[0.9109], AdvLoss:[0.2090]
--------------------------------------------------------------------------------------------------------------------------------------------------------------------------------------------------------
Epoch:[27/100], CauAdvLoss:[0.9123/0.2180] valid:[93.00], test:[68.15]
--------------------------------------------------------------------------------------------------------------------------------------------------------------------------------------------------------
Train Iter:[0  /51] CauLoss:[0.9136], AdvLoss:[0.1539]
Train Iter:[12 /51] CauLoss:[0.9010], AdvLoss:[0.2706]
Train Iter:[24 /51] CauLoss:[0.9666], AdvLoss:[0.2603]
Train Iter:[36 /51] CauLoss:[0.9395], AdvLoss:[0.2199]
Train Iter:[48 /51] CauLoss:[0.9345], AdvLoss:[0.2059]
--------------------------------------------------------------------------------------------------------------------------------------------------------------------------------------------------------
Epoch:[28/100], CauAdvLoss:[0.9355/0.2051] valid:[92.26], test:[69.96]
--------------------------------------------------------------------------------------------------------------------------------------------------------------------------------------------------------
Train Iter:[0  /51] CauLoss:[1.0585], AdvLoss:[0.3005]
Train Iter:[12 /51] CauLoss:[0.9907], AdvLoss:[0.2352]
Train Iter:[24 /51] CauLoss:[0.9295], AdvLoss:[0.2310]
Train Iter:[36 /51] CauLoss:[0.9534], AdvLoss:[0.2473]
Train Iter:[48 /51] CauLoss:[0.9312], AdvLoss:[0.2482]
--------------------------------------------------------------------------------------------------------------------------------------------------------------------------------------------------------
Epoch:[29/100], CauAdvLoss:[0.9267/0.2455] valid:[92.67], test:[67.24]
--------------------------------------------------------------------------------------------------------------------------------------------------------------------------------------------------------
Train Iter:[0  /51] CauLoss:[0.7922], AdvLoss:[0.1510]
Train Iter:[12 /51] CauLoss:[0.9525], AdvLoss:[0.1917]
Train Iter:[24 /51] CauLoss:[0.9326], AdvLoss:[0.1859]
Train Iter:[36 /51] CauLoss:[0.9465], AdvLoss:[0.1884]
Train Iter:[48 /51] CauLoss:[0.9335], AdvLoss:[0.1953]
--------------------------------------------------------------------------------------------------------------------------------------------------------------------------------------------------------
Epoch:[30/100], CauAdvLoss:[0.9293/0.1950] valid:[92.19], test:[66.57]
--------------------------------------------------------------------------------------------------------------------------------------------------------------------------------------------------------
Train Iter:[0  /51] CauLoss:[1.0317], AdvLoss:[0.1967]
Train Iter:[12 /51] CauLoss:[0.8619], AdvLoss:[0.2056]
Train Iter:[24 /51] CauLoss:[0.9023], AdvLoss:[0.2224]
Train Iter:[36 /51] CauLoss:[0.9377], AdvLoss:[0.2275]
Train Iter:[48 /51] CauLoss:[0.9297], AdvLoss:[0.2174]
--------------------------------------------------------------------------------------------------------------------------------------------------------------------------------------------------------
Epoch:[31/100], CauAdvLoss:[0.9294/0.2147] valid:[92.66], test:[69.59]
--------------------------------------------------------------------------------------------------------------------------------------------------------------------------------------------------------
Train Iter:[0  /51] CauLoss:[0.8385], AdvLoss:[0.1096]
Train Iter:[12 /51] CauLoss:[0.8480], AdvLoss:[0.1869]
Train Iter:[24 /51] CauLoss:[0.8781], AdvLoss:[0.1805]
Train Iter:[36 /51] CauLoss:[0.9260], AdvLoss:[0.2011]
Train Iter:[48 /51] CauLoss:[0.9165], AdvLoss:[0.2040]
--------------------------------------------------------------------------------------------------------------------------------------------------------------------------------------------------------
Epoch:[32/100], CauAdvLoss:[0.9147/0.2026] valid:[92.20], test:[66.81]
--------------------------------------------------------------------------------------------------------------------------------------------------------------------------------------------------------
Train Iter:[0  /51] CauLoss:[0.9316], AdvLoss:[0.2430]
Train Iter:[12 /51] CauLoss:[0.9199], AdvLoss:[0.1698]
Train Iter:[24 /51] CauLoss:[0.8888], AdvLoss:[0.1952]
Train Iter:[36 /51] CauLoss:[0.8696], AdvLoss:[0.1829]
Train Iter:[48 /51] CauLoss:[0.9100], AdvLoss:[0.1917]
--------------------------------------------------------------------------------------------------------------------------------------------------------------------------------------------------------
Epoch:[33/100], CauAdvLoss:[0.9092/0.1910] valid:[93.28], test:[70.79]
--------------------------------------------------------------------------------------------------------------------------------------------------------------------------------------------------------
Train Iter:[0  /51] CauLoss:[0.9460], AdvLoss:[0.1792]
Train Iter:[12 /51] CauLoss:[0.9129], AdvLoss:[0.2309]
Train Iter:[24 /51] CauLoss:[0.9140], AdvLoss:[0.2198]
Train Iter:[36 /51] CauLoss:[0.9355], AdvLoss:[0.2040]
Train Iter:[48 /51] CauLoss:[0.9252], AdvLoss:[0.2142]
--------------------------------------------------------------------------------------------------------------------------------------------------------------------------------------------------------
Epoch:[34/100], CauAdvLoss:[0.9165/0.2138] valid:[92.38], test:[65.22]
--------------------------------------------------------------------------------------------------------------------------------------------------------------------------------------------------------
Train Iter:[0  /51] CauLoss:[0.9501], AdvLoss:[0.2533]
Train Iter:[12 /51] CauLoss:[0.8580], AdvLoss:[0.2383]
Train Iter:[24 /51] CauLoss:[0.8859], AdvLoss:[0.2221]
Train Iter:[36 /51] CauLoss:[0.9104], AdvLoss:[0.2470]
Train Iter:[48 /51] CauLoss:[0.9168], AdvLoss:[0.2330]
--------------------------------------------------------------------------------------------------------------------------------------------------------------------------------------------------------
Epoch:[35/100], CauAdvLoss:[0.9235/0.2327] valid:[93.06], test:[69.60]
--------------------------------------------------------------------------------------------------------------------------------------------------------------------------------------------------------
Train Iter:[0  /51] CauLoss:[0.8632], AdvLoss:[0.1734]
Train Iter:[12 /51] CauLoss:[0.9351], AdvLoss:[0.1760]
Train Iter:[24 /51] CauLoss:[0.9498], AdvLoss:[0.1780]
Train Iter:[36 /51] CauLoss:[0.9176], AdvLoss:[0.1739]
Train Iter:[48 /51] CauLoss:[0.9273], AdvLoss:[0.1923]
--------------------------------------------------------------------------------------------------------------------------------------------------------------------------------------------------------
Epoch:[36/100], CauAdvLoss:[0.9320/0.1971] valid:[92.87], test:[69.22]
--------------------------------------------------------------------------------------------------------------------------------------------------------------------------------------------------------
Train Iter:[0  /51] CauLoss:[1.0024], AdvLoss:[0.1728]
Train Iter:[12 /51] CauLoss:[0.8798], AdvLoss:[0.2004]
Train Iter:[24 /51] CauLoss:[0.8697], AdvLoss:[0.2274]
Train Iter:[36 /51] CauLoss:[0.8842], AdvLoss:[0.2040]
Train Iter:[48 /51] CauLoss:[0.8945], AdvLoss:[0.1953]
--------------------------------------------------------------------------------------------------------------------------------------------------------------------------------------------------------
Epoch:[37/100], CauAdvLoss:[0.8957/0.1927] valid:[93.98], test:[69.33]
--------------------------------------------------------------------------------------------------------------------------------------------------------------------------------------------------------
Train Iter:[0  /51] CauLoss:[1.2224], AdvLoss:[0.4406]
Train Iter:[12 /51] CauLoss:[0.8905], AdvLoss:[0.1933]
Train Iter:[24 /51] CauLoss:[0.9043], AdvLoss:[0.1998]
Train Iter:[36 /51] CauLoss:[0.9022], AdvLoss:[0.2114]
Train Iter:[48 /51] CauLoss:[0.8848], AdvLoss:[0.2220]
--------------------------------------------------------------------------------------------------------------------------------------------------------------------------------------------------------
Epoch:[38/100], CauAdvLoss:[0.8851/0.2250] valid:[92.74], test:[67.96]
--------------------------------------------------------------------------------------------------------------------------------------------------------------------------------------------------------
Train Iter:[0  /51] CauLoss:[0.7501], AdvLoss:[0.1404]
Train Iter:[12 /51] CauLoss:[0.9234], AdvLoss:[0.1851]
Train Iter:[24 /51] CauLoss:[0.9381], AdvLoss:[0.1988]
Train Iter:[36 /51] CauLoss:[0.9099], AdvLoss:[0.2041]
Train Iter:[48 /51] CauLoss:[0.9054], AdvLoss:[0.1975]
--------------------------------------------------------------------------------------------------------------------------------------------------------------------------------------------------------
Epoch:[39/100], CauAdvLoss:[0.9032/0.1975] valid:[93.43], test:[69.33]
--------------------------------------------------------------------------------------------------------------------------------------------------------------------------------------------------------
Train Iter:[0  /51] CauLoss:[0.7072], AdvLoss:[0.1200]
Train Iter:[12 /51] CauLoss:[0.8445], AdvLoss:[0.1785]
Train Iter:[24 /51] CauLoss:[0.8330], AdvLoss:[0.2058]
Train Iter:[36 /51] CauLoss:[0.8677], AdvLoss:[0.2215]
Train Iter:[48 /51] CauLoss:[0.8894], AdvLoss:[0.2061]
--------------------------------------------------------------------------------------------------------------------------------------------------------------------------------------------------------
Epoch:[40/100], CauAdvLoss:[0.8919/0.2051] valid:[93.39], test:[68.96]
--------------------------------------------------------------------------------------------------------------------------------------------------------------------------------------------------------
Train Iter:[0  /51] CauLoss:[0.9235], AdvLoss:[0.2299]
Train Iter:[12 /51] CauLoss:[0.8582], AdvLoss:[0.1697]
Train Iter:[24 /51] CauLoss:[0.8491], AdvLoss:[0.1496]
Train Iter:[36 /51] CauLoss:[0.8451], AdvLoss:[0.1514]
Train Iter:[48 /51] CauLoss:[0.8658], AdvLoss:[0.1585]
--------------------------------------------------------------------------------------------------------------------------------------------------------------------------------------------------------
Epoch:[41/100], CauAdvLoss:[0.8755/0.1620] valid:[93.77], test:[68.66]
--------------------------------------------------------------------------------------------------------------------------------------------------------------------------------------------------------
Train Iter:[0  /51] CauLoss:[0.9496], AdvLoss:[0.1077]
Train Iter:[12 /51] CauLoss:[0.8746], AdvLoss:[0.1800]
Train Iter:[24 /51] CauLoss:[0.8533], AdvLoss:[0.1831]
Train Iter:[36 /51] CauLoss:[0.8802], AdvLoss:[0.1803]
Train Iter:[48 /51] CauLoss:[0.8952], AdvLoss:[0.2020]
--------------------------------------------------------------------------------------------------------------------------------------------------------------------------------------------------------
Epoch:[42/100], CauAdvLoss:[0.8976/0.1985] valid:[93.35], test:[68.24]
--------------------------------------------------------------------------------------------------------------------------------------------------------------------------------------------------------
Train Iter:[0  /51] CauLoss:[1.0418], AdvLoss:[0.1897]
Train Iter:[12 /51] CauLoss:[0.8734], AdvLoss:[0.1561]
Train Iter:[24 /51] CauLoss:[0.8564], AdvLoss:[0.1743]
Train Iter:[36 /51] CauLoss:[0.8811], AdvLoss:[0.1746]
Train Iter:[48 /51] CauLoss:[0.8734], AdvLoss:[0.1788]
--------------------------------------------------------------------------------------------------------------------------------------------------------------------------------------------------------
Epoch:[43/100], CauAdvLoss:[0.8723/0.1775] valid:[93.76], test:[68.76]
--------------------------------------------------------------------------------------------------------------------------------------------------------------------------------------------------------
Train Iter:[0  /51] CauLoss:[0.6612], AdvLoss:[0.1126]
Train Iter:[12 /51] CauLoss:[0.8032], AdvLoss:[0.1770]
Train Iter:[24 /51] CauLoss:[0.8114], AdvLoss:[0.1688]
Train Iter:[36 /51] CauLoss:[0.8341], AdvLoss:[0.1757]
Train Iter:[48 /51] CauLoss:[0.8559], AdvLoss:[0.1784]
--------------------------------------------------------------------------------------------------------------------------------------------------------------------------------------------------------
Epoch:[44/100], CauAdvLoss:[0.8602/0.1795] valid:[92.99], test:[68.77]
--------------------------------------------------------------------------------------------------------------------------------------------------------------------------------------------------------
Train Iter:[0  /51] CauLoss:[0.9311], AdvLoss:[0.2704]
Train Iter:[12 /51] CauLoss:[0.8650], AdvLoss:[0.2072]
Train Iter:[24 /51] CauLoss:[0.8679], AdvLoss:[0.1954]
Train Iter:[36 /51] CauLoss:[0.8683], AdvLoss:[0.1918]
Train Iter:[48 /51] CauLoss:[0.8643], AdvLoss:[0.2015]
--------------------------------------------------------------------------------------------------------------------------------------------------------------------------------------------------------
Epoch:[45/100], CauAdvLoss:[0.8665/0.1999] valid:[93.94], test:[69.68]
--------------------------------------------------------------------------------------------------------------------------------------------------------------------------------------------------------
Train Iter:[0  /51] CauLoss:[0.9458], AdvLoss:[0.1086]
Train Iter:[12 /51] CauLoss:[0.8854], AdvLoss:[0.1672]
Train Iter:[24 /51] CauLoss:[0.8832], AdvLoss:[0.1588]
Train Iter:[36 /51] CauLoss:[0.8601], AdvLoss:[0.1624]
Train Iter:[48 /51] CauLoss:[0.8699], AdvLoss:[0.1978]
--------------------------------------------------------------------------------------------------------------------------------------------------------------------------------------------------------
Epoch:[46/100], CauAdvLoss:[0.8681/0.2013] valid:[93.55], test:[67.33]
--------------------------------------------------------------------------------------------------------------------------------------------------------------------------------------------------------
Train Iter:[0  /51] CauLoss:[0.9300], AdvLoss:[0.1346]
Train Iter:[12 /51] CauLoss:[0.9880], AdvLoss:[0.2055]
Train Iter:[24 /51] CauLoss:[0.9259], AdvLoss:[0.1827]
Train Iter:[36 /51] CauLoss:[0.9116], AdvLoss:[0.1739]
Train Iter:[48 /51] CauLoss:[0.9062], AdvLoss:[0.1773]
--------------------------------------------------------------------------------------------------------------------------------------------------------------------------------------------------------
Epoch:[47/100], CauAdvLoss:[0.8992/0.1727] valid:[92.55], test:[68.23]
--------------------------------------------------------------------------------------------------------------------------------------------------------------------------------------------------------
Train Iter:[0  /51] CauLoss:[0.7276], AdvLoss:[0.0615]
Train Iter:[12 /51] CauLoss:[0.8003], AdvLoss:[0.1371]
Train Iter:[24 /51] CauLoss:[0.8366], AdvLoss:[0.1461]
Train Iter:[36 /51] CauLoss:[0.8723], AdvLoss:[0.1617]
Train Iter:[48 /51] CauLoss:[0.8854], AdvLoss:[0.1832]
--------------------------------------------------------------------------------------------------------------------------------------------------------------------------------------------------------
Epoch:[48/100], CauAdvLoss:[0.8778/0.1843] valid:[92.77], test:[67.38]
--------------------------------------------------------------------------------------------------------------------------------------------------------------------------------------------------------
Train Iter:[0  /51] CauLoss:[0.9498], AdvLoss:[0.2141]
Train Iter:[12 /51] CauLoss:[0.8920], AdvLoss:[0.2455]
Train Iter:[24 /51] CauLoss:[0.8736], AdvLoss:[0.2067]
Train Iter:[36 /51] CauLoss:[0.8514], AdvLoss:[0.1844]
Train Iter:[48 /51] CauLoss:[0.8454], AdvLoss:[0.1845]
--------------------------------------------------------------------------------------------------------------------------------------------------------------------------------------------------------
Epoch:[49/100], CauAdvLoss:[0.8460/0.1824] valid:[93.86], test:[68.35]
--------------------------------------------------------------------------------------------------------------------------------------------------------------------------------------------------------
Train Iter:[0  /51] CauLoss:[1.1201], AdvLoss:[0.2958]
Train Iter:[12 /51] CauLoss:[0.8478], AdvLoss:[0.1764]
Train Iter:[24 /51] CauLoss:[0.8925], AdvLoss:[0.1919]
Train Iter:[36 /51] CauLoss:[0.8543], AdvLoss:[0.1923]
Train Iter:[48 /51] CauLoss:[0.8569], AdvLoss:[0.2039]
--------------------------------------------------------------------------------------------------------------------------------------------------------------------------------------------------------
Epoch:[50/100], CauAdvLoss:[0.8602/0.2044] valid:[92.89], test:[68.56]
--------------------------------------------------------------------------------------------------------------------------------------------------------------------------------------------------------
Train Iter:[0  /51] CauLoss:[0.8180], AdvLoss:[0.1259]
Train Iter:[12 /51] CauLoss:[0.8564], AdvLoss:[0.1510]
Train Iter:[24 /51] CauLoss:[0.8555], AdvLoss:[0.1444]
Train Iter:[36 /51] CauLoss:[0.8708], AdvLoss:[0.1721]
Train Iter:[48 /51] CauLoss:[0.8677], AdvLoss:[0.1790]
--------------------------------------------------------------------------------------------------------------------------------------------------------------------------------------------------------
Epoch:[51/100], CauAdvLoss:[0.8652/0.1761] valid:[92.98], test:[68.26]
--------------------------------------------------------------------------------------------------------------------------------------------------------------------------------------------------------
Train Iter:[0  /51] CauLoss:[0.8941], AdvLoss:[0.0950]
Train Iter:[12 /51] CauLoss:[0.8370], AdvLoss:[0.1835]
Train Iter:[24 /51] CauLoss:[0.8266], AdvLoss:[0.1451]
Train Iter:[36 /51] CauLoss:[0.8376], AdvLoss:[0.1585]
Train Iter:[48 /51] CauLoss:[0.8531], AdvLoss:[0.1929]
--------------------------------------------------------------------------------------------------------------------------------------------------------------------------------------------------------
Epoch:[52/100], CauAdvLoss:[0.8502/0.1948] valid:[93.49], test:[69.57]
--------------------------------------------------------------------------------------------------------------------------------------------------------------------------------------------------------
Train Iter:[0  /51] CauLoss:[0.8005], AdvLoss:[0.1011]
Train Iter:[12 /51] CauLoss:[0.7844], AdvLoss:[0.1535]
Train Iter:[24 /51] CauLoss:[0.8072], AdvLoss:[0.1774]
Train Iter:[36 /51] CauLoss:[0.8514], AdvLoss:[0.1712]
Train Iter:[48 /51] CauLoss:[0.8556], AdvLoss:[0.1680]
--------------------------------------------------------------------------------------------------------------------------------------------------------------------------------------------------------
Epoch:[53/100], CauAdvLoss:[0.8562/0.1678] valid:[93.19], test:[67.52]
--------------------------------------------------------------------------------------------------------------------------------------------------------------------------------------------------------
Train Iter:[0  /51] CauLoss:[1.2975], AdvLoss:[0.1654]
Train Iter:[12 /51] CauLoss:[0.8638], AdvLoss:[0.1562]
Train Iter:[24 /51] CauLoss:[0.8417], AdvLoss:[0.1604]
Train Iter:[36 /51] CauLoss:[0.8556], AdvLoss:[0.1716]
Train Iter:[48 /51] CauLoss:[0.8492], AdvLoss:[0.1769]
--------------------------------------------------------------------------------------------------------------------------------------------------------------------------------------------------------
Epoch:[54/100], CauAdvLoss:[0.8665/0.1791] valid:[93.40], test:[68.73]
--------------------------------------------------------------------------------------------------------------------------------------------------------------------------------------------------------
Train Iter:[0  /51] CauLoss:[1.3111], AdvLoss:[0.2593]
Train Iter:[12 /51] CauLoss:[0.8507], AdvLoss:[0.1663]
Train Iter:[24 /51] CauLoss:[0.8325], AdvLoss:[0.1869]
Train Iter:[36 /51] CauLoss:[0.8446], AdvLoss:[0.1949]
Train Iter:[48 /51] CauLoss:[0.8296], AdvLoss:[0.1864]
--------------------------------------------------------------------------------------------------------------------------------------------------------------------------------------------------------
Epoch:[55/100], CauAdvLoss:[0.8303/0.1886] valid:[93.77], test:[69.25]
--------------------------------------------------------------------------------------------------------------------------------------------------------------------------------------------------------
Train Iter:[0  /51] CauLoss:[1.0542], AdvLoss:[0.1755]
Train Iter:[12 /51] CauLoss:[0.8163], AdvLoss:[0.1640]
Train Iter:[24 /51] CauLoss:[0.8174], AdvLoss:[0.1547]
Train Iter:[36 /51] CauLoss:[0.8342], AdvLoss:[0.1656]
Train Iter:[48 /51] CauLoss:[0.8344], AdvLoss:[0.1694]
--------------------------------------------------------------------------------------------------------------------------------------------------------------------------------------------------------
Epoch:[56/100], CauAdvLoss:[0.8250/0.1693] valid:[93.26], test:[67.00]
--------------------------------------------------------------------------------------------------------------------------------------------------------------------------------------------------------
Train Iter:[0  /51] CauLoss:[0.6393], AdvLoss:[0.2505]
Train Iter:[12 /51] CauLoss:[0.7889], AdvLoss:[0.1853]
Train Iter:[24 /51] CauLoss:[0.8243], AdvLoss:[0.1842]
Train Iter:[36 /51] CauLoss:[0.8582], AdvLoss:[0.1813]
Train Iter:[48 /51] CauLoss:[0.8565], AdvLoss:[0.1847]
--------------------------------------------------------------------------------------------------------------------------------------------------------------------------------------------------------
Epoch:[57/100], CauAdvLoss:[0.8493/0.1828] valid:[93.51], test:[68.00]
--------------------------------------------------------------------------------------------------------------------------------------------------------------------------------------------------------
Train Iter:[0  /51] CauLoss:[0.9620], AdvLoss:[0.1253]
Train Iter:[12 /51] CauLoss:[0.8648], AdvLoss:[0.1608]
Train Iter:[24 /51] CauLoss:[0.8441], AdvLoss:[0.1540]
Train Iter:[36 /51] CauLoss:[0.8316], AdvLoss:[0.1444]
Train Iter:[48 /51] CauLoss:[0.8352], AdvLoss:[0.1596]
--------------------------------------------------------------------------------------------------------------------------------------------------------------------------------------------------------
Epoch:[58/100], CauAdvLoss:[0.8322/0.1592] valid:[93.67], test:[67.64]
--------------------------------------------------------------------------------------------------------------------------------------------------------------------------------------------------------
Train Iter:[0  /51] CauLoss:[0.6515], AdvLoss:[0.1062]
Train Iter:[12 /51] CauLoss:[0.8620], AdvLoss:[0.2061]
Train Iter:[24 /51] CauLoss:[0.8271], AdvLoss:[0.1642]
Train Iter:[36 /51] CauLoss:[0.8317], AdvLoss:[0.1636]
Train Iter:[48 /51] CauLoss:[0.8386], AdvLoss:[0.1754]
--------------------------------------------------------------------------------------------------------------------------------------------------------------------------------------------------------
Epoch:[59/100], CauAdvLoss:[0.8374/0.1755] valid:[93.35], test:[69.81]
--------------------------------------------------------------------------------------------------------------------------------------------------------------------------------------------------------
Train Iter:[0  /51] CauLoss:[0.7097], AdvLoss:[0.1118]
Train Iter:[12 /51] CauLoss:[0.7957], AdvLoss:[0.1498]
Train Iter:[24 /51] CauLoss:[0.7843], AdvLoss:[0.1664]
Train Iter:[36 /51] CauLoss:[0.8285], AdvLoss:[0.1837]
Train Iter:[48 /51] CauLoss:[0.8424], AdvLoss:[0.1816]
--------------------------------------------------------------------------------------------------------------------------------------------------------------------------------------------------------
Epoch:[60/100], CauAdvLoss:[0.8423/0.1796] valid:[93.57], test:[69.27]
--------------------------------------------------------------------------------------------------------------------------------------------------------------------------------------------------------
Train Iter:[0  /51] CauLoss:[0.7279], AdvLoss:[0.1217]
Train Iter:[12 /51] CauLoss:[0.8049], AdvLoss:[0.1658]
Train Iter:[24 /51] CauLoss:[0.8114], AdvLoss:[0.1761]
Train Iter:[36 /51] CauLoss:[0.8202], AdvLoss:[0.1722]
Train Iter:[48 /51] CauLoss:[0.8113], AdvLoss:[0.1695]
--------------------------------------------------------------------------------------------------------------------------------------------------------------------------------------------------------
Epoch:[61/100], CauAdvLoss:[0.8116/0.1719] valid:[93.38], test:[68.52]
--------------------------------------------------------------------------------------------------------------------------------------------------------------------------------------------------------
Train Iter:[0  /51] CauLoss:[0.6810], AdvLoss:[0.1616]
Train Iter:[12 /51] CauLoss:[0.7888], AdvLoss:[0.1648]
Train Iter:[24 /51] CauLoss:[0.7854], AdvLoss:[0.1452]
Train Iter:[36 /51] CauLoss:[0.8007], AdvLoss:[0.1483]
Train Iter:[48 /51] CauLoss:[0.8017], AdvLoss:[0.1599]
--------------------------------------------------------------------------------------------------------------------------------------------------------------------------------------------------------
Epoch:[62/100], CauAdvLoss:[0.8061/0.1608] valid:[93.43], test:[68.61]
--------------------------------------------------------------------------------------------------------------------------------------------------------------------------------------------------------
Train Iter:[0  /51] CauLoss:[1.1479], AdvLoss:[0.3135]
Train Iter:[12 /51] CauLoss:[0.8080], AdvLoss:[0.1301]
Train Iter:[24 /51] CauLoss:[0.8486], AdvLoss:[0.1602]
Train Iter:[36 /51] CauLoss:[0.8197], AdvLoss:[0.1452]
Train Iter:[48 /51] CauLoss:[0.8232], AdvLoss:[0.1616]
--------------------------------------------------------------------------------------------------------------------------------------------------------------------------------------------------------
Epoch:[63/100], CauAdvLoss:[0.8231/0.1640] valid:[93.33], test:[67.97]
--------------------------------------------------------------------------------------------------------------------------------------------------------------------------------------------------------
Train Iter:[0  /51] CauLoss:[0.8450], AdvLoss:[0.1892]
Train Iter:[12 /51] CauLoss:[0.8113], AdvLoss:[0.1390]
Train Iter:[24 /51] CauLoss:[0.7939], AdvLoss:[0.1464]
Train Iter:[36 /51] CauLoss:[0.8237], AdvLoss:[0.1559]
Train Iter:[48 /51] CauLoss:[0.8327], AdvLoss:[0.1554]
--------------------------------------------------------------------------------------------------------------------------------------------------------------------------------------------------------
Epoch:[64/100], CauAdvLoss:[0.8300/0.1596] valid:[93.16], test:[69.31]
--------------------------------------------------------------------------------------------------------------------------------------------------------------------------------------------------------
Train Iter:[0  /51] CauLoss:[0.7526], AdvLoss:[0.1343]
Train Iter:[12 /51] CauLoss:[0.8273], AdvLoss:[0.2083]
Train Iter:[24 /51] CauLoss:[0.8389], AdvLoss:[0.2067]
Train Iter:[36 /51] CauLoss:[0.8362], AdvLoss:[0.1912]
Train Iter:[48 /51] CauLoss:[0.8310], AdvLoss:[0.1800]
--------------------------------------------------------------------------------------------------------------------------------------------------------------------------------------------------------
Epoch:[65/100], CauAdvLoss:[0.8265/0.1760] valid:[93.54], test:[68.92]
--------------------------------------------------------------------------------------------------------------------------------------------------------------------------------------------------------
Train Iter:[0  /51] CauLoss:[0.9044], AdvLoss:[0.2022]
Train Iter:[12 /51] CauLoss:[0.8169], AdvLoss:[0.1616]
Train Iter:[24 /51] CauLoss:[0.8299], AdvLoss:[0.1610]
Train Iter:[36 /51] CauLoss:[0.8207], AdvLoss:[0.1637]
Train Iter:[48 /51] CauLoss:[0.8075], AdvLoss:[0.1555]
--------------------------------------------------------------------------------------------------------------------------------------------------------------------------------------------------------
Epoch:[66/100], CauAdvLoss:[0.8019/0.1535] valid:[93.07], test:[68.59]
--------------------------------------------------------------------------------------------------------------------------------------------------------------------------------------------------------
Train Iter:[0  /51] CauLoss:[0.6831], AdvLoss:[0.0414]
Train Iter:[12 /51] CauLoss:[0.7823], AdvLoss:[0.1215]
Train Iter:[24 /51] CauLoss:[0.7893], AdvLoss:[0.1293]
Train Iter:[36 /51] CauLoss:[0.8400], AdvLoss:[0.1676]
Train Iter:[48 /51] CauLoss:[0.8263], AdvLoss:[0.1664]
--------------------------------------------------------------------------------------------------------------------------------------------------------------------------------------------------------
Epoch:[67/100], CauAdvLoss:[0.8282/0.1712] valid:[93.39], test:[69.30]
--------------------------------------------------------------------------------------------------------------------------------------------------------------------------------------------------------
Train Iter:[0  /51] CauLoss:[0.7471], AdvLoss:[0.1366]
Train Iter:[12 /51] CauLoss:[0.8304], AdvLoss:[0.1527]
Train Iter:[24 /51] CauLoss:[0.8135], AdvLoss:[0.1699]
Train Iter:[36 /51] CauLoss:[0.8006], AdvLoss:[0.1731]
Train Iter:[48 /51] CauLoss:[0.7912], AdvLoss:[0.1696]
--------------------------------------------------------------------------------------------------------------------------------------------------------------------------------------------------------
Epoch:[68/100], CauAdvLoss:[0.7923/0.1715] valid:[92.71], test:[68.19]
--------------------------------------------------------------------------------------------------------------------------------------------------------------------------------------------------------
Train Iter:[0  /51] CauLoss:[0.9737], AdvLoss:[0.3039]
Train Iter:[12 /51] CauLoss:[0.8256], AdvLoss:[0.1690]
Train Iter:[24 /51] CauLoss:[0.8405], AdvLoss:[0.1774]
Train Iter:[36 /51] CauLoss:[0.8223], AdvLoss:[0.1758]
Train Iter:[48 /51] CauLoss:[0.8141], AdvLoss:[0.1713]
--------------------------------------------------------------------------------------------------------------------------------------------------------------------------------------------------------
Epoch:[69/100], CauAdvLoss:[0.8244/0.1740] valid:[93.58], test:[69.10]
--------------------------------------------------------------------------------------------------------------------------------------------------------------------------------------------------------
Train Iter:[0  /51] CauLoss:[0.8828], AdvLoss:[0.1465]
Train Iter:[12 /51] CauLoss:[0.7273], AdvLoss:[0.1569]
Train Iter:[24 /51] CauLoss:[0.7958], AdvLoss:[0.1553]
Train Iter:[36 /51] CauLoss:[0.7962], AdvLoss:[0.1428]
Train Iter:[48 /51] CauLoss:[0.8001], AdvLoss:[0.1582]
--------------------------------------------------------------------------------------------------------------------------------------------------------------------------------------------------------
Epoch:[70/100], CauAdvLoss:[0.7944/0.1564] valid:[92.97], test:[69.30]
--------------------------------------------------------------------------------------------------------------------------------------------------------------------------------------------------------
Train Iter:[0  /51] CauLoss:[0.8412], AdvLoss:[0.0897]
Train Iter:[12 /51] CauLoss:[0.7360], AdvLoss:[0.1406]
Train Iter:[24 /51] CauLoss:[0.7574], AdvLoss:[0.1513]
Train Iter:[36 /51] CauLoss:[0.7734], AdvLoss:[0.1599]
Train Iter:[48 /51] CauLoss:[0.7680], AdvLoss:[0.1588]
--------------------------------------------------------------------------------------------------------------------------------------------------------------------------------------------------------
Epoch:[71/100], CauAdvLoss:[0.7702/0.1611] valid:[93.05], test:[68.70]
--------------------------------------------------------------------------------------------------------------------------------------------------------------------------------------------------------
Train Iter:[0  /51] CauLoss:[0.6714], AdvLoss:[0.0310]
Train Iter:[12 /51] CauLoss:[0.7627], AdvLoss:[0.1572]
Train Iter:[24 /51] CauLoss:[0.7620], AdvLoss:[0.1561]
Train Iter:[36 /51] CauLoss:[0.7590], AdvLoss:[0.1469]
Train Iter:[48 /51] CauLoss:[0.7949], AdvLoss:[0.1550]
--------------------------------------------------------------------------------------------------------------------------------------------------------------------------------------------------------
Epoch:[72/100], CauAdvLoss:[0.7939/0.1563] valid:[93.23], test:[68.33]
--------------------------------------------------------------------------------------------------------------------------------------------------------------------------------------------------------
Train Iter:[0  /51] CauLoss:[0.7109], AdvLoss:[0.0953]
Train Iter:[12 /51] CauLoss:[0.7695], AdvLoss:[0.1654]
Train Iter:[24 /51] CauLoss:[0.8015], AdvLoss:[0.1570]
Train Iter:[36 /51] CauLoss:[0.7643], AdvLoss:[0.1470]
Train Iter:[48 /51] CauLoss:[0.7783], AdvLoss:[0.1570]
--------------------------------------------------------------------------------------------------------------------------------------------------------------------------------------------------------
Epoch:[73/100], CauAdvLoss:[0.7799/0.1563] valid:[93.25], test:[68.22]
--------------------------------------------------------------------------------------------------------------------------------------------------------------------------------------------------------
Train Iter:[0  /51] CauLoss:[1.1139], AdvLoss:[0.1890]
Train Iter:[12 /51] CauLoss:[0.7846], AdvLoss:[0.1743]
Train Iter:[24 /51] CauLoss:[0.7871], AdvLoss:[0.1796]
Train Iter:[36 /51] CauLoss:[0.8035], AdvLoss:[0.1656]
Train Iter:[48 /51] CauLoss:[0.7915], AdvLoss:[0.1545]
--------------------------------------------------------------------------------------------------------------------------------------------------------------------------------------------------------
Epoch:[74/100], CauAdvLoss:[0.7912/0.1541] valid:[93.23], test:[68.81]
--------------------------------------------------------------------------------------------------------------------------------------------------------------------------------------------------------
Train Iter:[0  /51] CauLoss:[0.6317], AdvLoss:[0.1520]
Train Iter:[12 /51] CauLoss:[0.7661], AdvLoss:[0.1295]
Train Iter:[24 /51] CauLoss:[0.8061], AdvLoss:[0.1534]
Train Iter:[36 /51] CauLoss:[0.7793], AdvLoss:[0.1531]
Train Iter:[48 /51] CauLoss:[0.7940], AdvLoss:[0.1654]
--------------------------------------------------------------------------------------------------------------------------------------------------------------------------------------------------------
Epoch:[75/100], CauAdvLoss:[0.7921/0.1706] valid:[93.34], test:[68.15]
--------------------------------------------------------------------------------------------------------------------------------------------------------------------------------------------------------
Train Iter:[0  /51] CauLoss:[1.1124], AdvLoss:[0.3297]
Train Iter:[12 /51] CauLoss:[0.8499], AdvLoss:[0.1966]
Train Iter:[24 /51] CauLoss:[0.7912], AdvLoss:[0.1619]
Train Iter:[36 /51] CauLoss:[0.7963], AdvLoss:[0.1549]
Train Iter:[48 /51] CauLoss:[0.8052], AdvLoss:[0.1525]
--------------------------------------------------------------------------------------------------------------------------------------------------------------------------------------------------------
Epoch:[76/100], CauAdvLoss:[0.8085/0.1510] valid:[93.29], test:[68.28]
--------------------------------------------------------------------------------------------------------------------------------------------------------------------------------------------------------
Train Iter:[0  /51] CauLoss:[0.6459], AdvLoss:[0.0823]
Train Iter:[12 /51] CauLoss:[0.7701], AdvLoss:[0.1665]
Train Iter:[24 /51] CauLoss:[0.7601], AdvLoss:[0.1464]
Train Iter:[36 /51] CauLoss:[0.7960], AdvLoss:[0.1446]
Train Iter:[48 /51] CauLoss:[0.7981], AdvLoss:[0.1536]
--------------------------------------------------------------------------------------------------------------------------------------------------------------------------------------------------------
Epoch:[77/100], CauAdvLoss:[0.7948/0.1542] valid:[93.20], test:[68.45]
--------------------------------------------------------------------------------------------------------------------------------------------------------------------------------------------------------
Train Iter:[0  /51] CauLoss:[0.8289], AdvLoss:[0.0910]
Train Iter:[12 /51] CauLoss:[0.7381], AdvLoss:[0.1354]
Train Iter:[24 /51] CauLoss:[0.7658], AdvLoss:[0.1512]
Train Iter:[36 /51] CauLoss:[0.7938], AdvLoss:[0.1637]
Train Iter:[48 /51] CauLoss:[0.7747], AdvLoss:[0.1550]
--------------------------------------------------------------------------------------------------------------------------------------------------------------------------------------------------------
Epoch:[78/100], CauAdvLoss:[0.7811/0.1572] valid:[93.14], test:[68.56]
--------------------------------------------------------------------------------------------------------------------------------------------------------------------------------------------------------
Train Iter:[0  /51] CauLoss:[1.0818], AdvLoss:[0.0686]
Train Iter:[12 /51] CauLoss:[0.7429], AdvLoss:[0.1131]
Train Iter:[24 /51] CauLoss:[0.7965], AdvLoss:[0.1471]
Train Iter:[36 /51] CauLoss:[0.7945], AdvLoss:[0.1401]
Train Iter:[48 /51] CauLoss:[0.7843], AdvLoss:[0.1395]
--------------------------------------------------------------------------------------------------------------------------------------------------------------------------------------------------------
Epoch:[79/100], CauAdvLoss:[0.7863/0.1426] valid:[93.39], test:[68.74]
--------------------------------------------------------------------------------------------------------------------------------------------------------------------------------------------------------
Train Iter:[0  /51] CauLoss:[0.6978], AdvLoss:[0.0884]
Train Iter:[12 /51] CauLoss:[0.7299], AdvLoss:[0.1336]
Train Iter:[24 /51] CauLoss:[0.7806], AdvLoss:[0.1469]
Train Iter:[36 /51] CauLoss:[0.7899], AdvLoss:[0.1459]
Train Iter:[48 /51] CauLoss:[0.7774], AdvLoss:[0.1532]
--------------------------------------------------------------------------------------------------------------------------------------------------------------------------------------------------------
Epoch:[80/100], CauAdvLoss:[0.7756/0.1514] valid:[93.43], test:[67.85]
--------------------------------------------------------------------------------------------------------------------------------------------------------------------------------------------------------
Train Iter:[0  /51] CauLoss:[0.8899], AdvLoss:[0.3120]
Train Iter:[12 /51] CauLoss:[0.7745], AdvLoss:[0.1545]
Train Iter:[24 /51] CauLoss:[0.7766], AdvLoss:[0.1500]
Train Iter:[36 /51] CauLoss:[0.7688], AdvLoss:[0.1407]
Train Iter:[48 /51] CauLoss:[0.7773], AdvLoss:[0.1458]
--------------------------------------------------------------------------------------------------------------------------------------------------------------------------------------------------------
Epoch:[81/100], CauAdvLoss:[0.7765/0.1473] valid:[93.45], test:[67.81]
--------------------------------------------------------------------------------------------------------------------------------------------------------------------------------------------------------
Train Iter:[0  /51] CauLoss:[0.7316], AdvLoss:[0.1367]
Train Iter:[12 /51] CauLoss:[0.7498], AdvLoss:[0.1672]
Train Iter:[24 /51] CauLoss:[0.8024], AdvLoss:[0.1645]
Train Iter:[36 /51] CauLoss:[0.8121], AdvLoss:[0.1605]
Train Iter:[48 /51] CauLoss:[0.8100], AdvLoss:[0.1549]
--------------------------------------------------------------------------------------------------------------------------------------------------------------------------------------------------------
Epoch:[82/100], CauAdvLoss:[0.8120/0.1545] valid:[93.26], test:[68.88]
--------------------------------------------------------------------------------------------------------------------------------------------------------------------------------------------------------
Train Iter:[0  /51] CauLoss:[0.7416], AdvLoss:[0.0982]
Train Iter:[12 /51] CauLoss:[0.7475], AdvLoss:[0.1444]
Train Iter:[24 /51] CauLoss:[0.7423], AdvLoss:[0.1526]
Train Iter:[36 /51] CauLoss:[0.7733], AdvLoss:[0.1664]
Train Iter:[48 /51] CauLoss:[0.7764], AdvLoss:[0.1623]
--------------------------------------------------------------------------------------------------------------------------------------------------------------------------------------------------------
Epoch:[83/100], CauAdvLoss:[0.7811/0.1619] valid:[93.33], test:[68.02]
--------------------------------------------------------------------------------------------------------------------------------------------------------------------------------------------------------
Train Iter:[0  /51] CauLoss:[0.9372], AdvLoss:[0.2136]
Train Iter:[12 /51] CauLoss:[0.8019], AdvLoss:[0.1418]
Train Iter:[24 /51] CauLoss:[0.7639], AdvLoss:[0.1304]
Train Iter:[36 /51] CauLoss:[0.7722], AdvLoss:[0.1495]
Train Iter:[48 /51] CauLoss:[0.7611], AdvLoss:[0.1498]
--------------------------------------------------------------------------------------------------------------------------------------------------------------------------------------------------------
Epoch:[84/100], CauAdvLoss:[0.7627/0.1542] valid:[93.31], test:[67.98]
--------------------------------------------------------------------------------------------------------------------------------------------------------------------------------------------------------
Train Iter:[0  /51] CauLoss:[0.9067], AdvLoss:[0.2033]
Train Iter:[12 /51] CauLoss:[0.7688], AdvLoss:[0.1825]
Train Iter:[24 /51] CauLoss:[0.7772], AdvLoss:[0.1678]
Train Iter:[36 /51] CauLoss:[0.7732], AdvLoss:[0.1544]
Train Iter:[48 /51] CauLoss:[0.7701], AdvLoss:[0.1543]
--------------------------------------------------------------------------------------------------------------------------------------------------------------------------------------------------------
Epoch:[85/100], CauAdvLoss:[0.7734/0.1522] valid:[93.38], test:[68.23]
--------------------------------------------------------------------------------------------------------------------------------------------------------------------------------------------------------
Train Iter:[0  /51] CauLoss:[0.6178], AdvLoss:[0.1148]
Train Iter:[12 /51] CauLoss:[0.7992], AdvLoss:[0.1797]
Train Iter:[24 /51] CauLoss:[0.7946], AdvLoss:[0.1672]
Train Iter:[36 /51] CauLoss:[0.7573], AdvLoss:[0.1400]
Train Iter:[48 /51] CauLoss:[0.7806], AdvLoss:[0.1486]
--------------------------------------------------------------------------------------------------------------------------------------------------------------------------------------------------------
Epoch:[86/100], CauAdvLoss:[0.7802/0.1453] valid:[93.31], test:[68.45]
--------------------------------------------------------------------------------------------------------------------------------------------------------------------------------------------------------
Train Iter:[0  /51] CauLoss:[0.8567], AdvLoss:[0.1816]
Train Iter:[12 /51] CauLoss:[0.7032], AdvLoss:[0.1265]
Train Iter:[24 /51] CauLoss:[0.7350], AdvLoss:[0.1372]
Train Iter:[36 /51] CauLoss:[0.7466], AdvLoss:[0.1561]
Train Iter:[48 /51] CauLoss:[0.7468], AdvLoss:[0.1571]
--------------------------------------------------------------------------------------------------------------------------------------------------------------------------------------------------------
Epoch:[87/100], CauAdvLoss:[0.7516/0.1555] valid:[93.47], test:[68.21]
--------------------------------------------------------------------------------------------------------------------------------------------------------------------------------------------------------
Train Iter:[0  /51] CauLoss:[0.6770], AdvLoss:[0.1512]
Train Iter:[12 /51] CauLoss:[0.8354], AdvLoss:[0.2002]
Train Iter:[24 /51] CauLoss:[0.7999], AdvLoss:[0.1736]
Train Iter:[36 /51] CauLoss:[0.7864], AdvLoss:[0.1659]
Train Iter:[48 /51] CauLoss:[0.7770], AdvLoss:[0.1530]
--------------------------------------------------------------------------------------------------------------------------------------------------------------------------------------------------------
Epoch:[88/100], CauAdvLoss:[0.7736/0.1504] valid:[93.37], test:[67.76]
--------------------------------------------------------------------------------------------------------------------------------------------------------------------------------------------------------
Train Iter:[0  /51] CauLoss:[0.6512], AdvLoss:[0.1208]
Train Iter:[12 /51] CauLoss:[0.7497], AdvLoss:[0.1523]
Train Iter:[24 /51] CauLoss:[0.7481], AdvLoss:[0.1604]
Train Iter:[36 /51] CauLoss:[0.7455], AdvLoss:[0.1487]
Train Iter:[48 /51] CauLoss:[0.7633], AdvLoss:[0.1457]
--------------------------------------------------------------------------------------------------------------------------------------------------------------------------------------------------------
Epoch:[89/100], CauAdvLoss:[0.7693/0.1474] valid:[93.36], test:[68.16]
--------------------------------------------------------------------------------------------------------------------------------------------------------------------------------------------------------
Train Iter:[0  /51] CauLoss:[0.6447], AdvLoss:[0.1245]
Train Iter:[12 /51] CauLoss:[0.7636], AdvLoss:[0.1222]
Train Iter:[24 /51] CauLoss:[0.7492], AdvLoss:[0.1338]
Train Iter:[36 /51] CauLoss:[0.7589], AdvLoss:[0.1364]
Train Iter:[48 /51] CauLoss:[0.7630], AdvLoss:[0.1450]
--------------------------------------------------------------------------------------------------------------------------------------------------------------------------------------------------------
Epoch:[90/100], CauAdvLoss:[0.7646/0.1466] valid:[93.29], test:[67.99]
--------------------------------------------------------------------------------------------------------------------------------------------------------------------------------------------------------
Train Iter:[0  /51] CauLoss:[0.6632], AdvLoss:[0.1367]
Train Iter:[12 /51] CauLoss:[0.6995], AdvLoss:[0.1424]
Train Iter:[24 /51] CauLoss:[0.7416], AdvLoss:[0.1425]
Train Iter:[36 /51] CauLoss:[0.7641], AdvLoss:[0.1442]
Train Iter:[48 /51] CauLoss:[0.7717], AdvLoss:[0.1354]
--------------------------------------------------------------------------------------------------------------------------------------------------------------------------------------------------------
Epoch:[91/100], CauAdvLoss:[0.7707/0.1405] valid:[93.36], test:[67.68]
--------------------------------------------------------------------------------------------------------------------------------------------------------------------------------------------------------
Train Iter:[0  /51] CauLoss:[0.8458], AdvLoss:[0.0949]
Train Iter:[12 /51] CauLoss:[0.7443], AdvLoss:[0.1402]
Train Iter:[24 /51] CauLoss:[0.7578], AdvLoss:[0.1439]
Train Iter:[36 /51] CauLoss:[0.7860], AdvLoss:[0.1459]
Train Iter:[48 /51] CauLoss:[0.7773], AdvLoss:[0.1473]
--------------------------------------------------------------------------------------------------------------------------------------------------------------------------------------------------------
Epoch:[92/100], CauAdvLoss:[0.7812/0.1510] valid:[93.42], test:[68.00]
--------------------------------------------------------------------------------------------------------------------------------------------------------------------------------------------------------
Train Iter:[0  /51] CauLoss:[0.7527], AdvLoss:[0.1775]
Train Iter:[12 /51] CauLoss:[0.8224], AdvLoss:[0.1636]
Train Iter:[24 /51] CauLoss:[0.7780], AdvLoss:[0.1322]
Train Iter:[36 /51] CauLoss:[0.7604], AdvLoss:[0.1412]
Train Iter:[48 /51] CauLoss:[0.7910], AdvLoss:[0.1516]
--------------------------------------------------------------------------------------------------------------------------------------------------------------------------------------------------------
Epoch:[93/100], CauAdvLoss:[0.7874/0.1495] valid:[93.42], test:[67.98]
--------------------------------------------------------------------------------------------------------------------------------------------------------------------------------------------------------
Train Iter:[0  /51] CauLoss:[0.6375], AdvLoss:[0.0674]
Train Iter:[12 /51] CauLoss:[0.7019], AdvLoss:[0.1340]
Train Iter:[24 /51] CauLoss:[0.7296], AdvLoss:[0.1273]
Train Iter:[36 /51] CauLoss:[0.7682], AdvLoss:[0.1471]
Train Iter:[48 /51] CauLoss:[0.7646], AdvLoss:[0.1459]
--------------------------------------------------------------------------------------------------------------------------------------------------------------------------------------------------------
Epoch:[94/100], CauAdvLoss:[0.7618/0.1477] valid:[93.27], test:[67.80]
--------------------------------------------------------------------------------------------------------------------------------------------------------------------------------------------------------
Train Iter:[0  /51] CauLoss:[0.8595], AdvLoss:[0.1188]
Train Iter:[12 /51] CauLoss:[0.8126], AdvLoss:[0.1734]
Train Iter:[24 /51] CauLoss:[0.7942], AdvLoss:[0.1546]
Train Iter:[36 /51] CauLoss:[0.7724], AdvLoss:[0.1448]
Train Iter:[48 /51] CauLoss:[0.7673], AdvLoss:[0.1481]
--------------------------------------------------------------------------------------------------------------------------------------------------------------------------------------------------------
Epoch:[95/100], CauAdvLoss:[0.7643/0.1485] valid:[93.37], test:[68.25]
--------------------------------------------------------------------------------------------------------------------------------------------------------------------------------------------------------
Train Iter:[0  /51] CauLoss:[0.7009], AdvLoss:[0.1176]
Train Iter:[12 /51] CauLoss:[0.7754], AdvLoss:[0.1361]
Train Iter:[24 /51] CauLoss:[0.7488], AdvLoss:[0.1437]
Train Iter:[36 /51] CauLoss:[0.7457], AdvLoss:[0.1475]
Train Iter:[48 /51] CauLoss:[0.7623], AdvLoss:[0.1501]
--------------------------------------------------------------------------------------------------------------------------------------------------------------------------------------------------------
Epoch:[96/100], CauAdvLoss:[0.7605/0.1474] valid:[93.37], test:[68.15]
--------------------------------------------------------------------------------------------------------------------------------------------------------------------------------------------------------
Train Iter:[0  /51] CauLoss:[0.6536], AdvLoss:[0.0739]
Train Iter:[12 /51] CauLoss:[0.7865], AdvLoss:[0.1390]
Train Iter:[24 /51] CauLoss:[0.7836], AdvLoss:[0.1562]
Train Iter:[36 /51] CauLoss:[0.7539], AdvLoss:[0.1416]
Train Iter:[48 /51] CauLoss:[0.7611], AdvLoss:[0.1460]
--------------------------------------------------------------------------------------------------------------------------------------------------------------------------------------------------------
Epoch:[97/100], CauAdvLoss:[0.7586/0.1452] valid:[93.38], test:[68.08]
--------------------------------------------------------------------------------------------------------------------------------------------------------------------------------------------------------
Train Iter:[0  /51] CauLoss:[0.7460], AdvLoss:[0.1963]
Train Iter:[12 /51] CauLoss:[0.7672], AdvLoss:[0.1268]
Train Iter:[24 /51] CauLoss:[0.7449], AdvLoss:[0.1233]
Train Iter:[36 /51] CauLoss:[0.7444], AdvLoss:[0.1217]
Train Iter:[48 /51] CauLoss:[0.7705], AdvLoss:[0.1432]
--------------------------------------------------------------------------------------------------------------------------------------------------------------------------------------------------------
Epoch:[98/100], CauAdvLoss:[0.7727/0.1465] valid:[93.36], test:[67.83]
--------------------------------------------------------------------------------------------------------------------------------------------------------------------------------------------------------
Train Iter:[0  /51] CauLoss:[0.9586], AdvLoss:[0.2059]
Train Iter:[12 /51] CauLoss:[0.7960], AdvLoss:[0.2011]
Train Iter:[24 /51] CauLoss:[0.7517], AdvLoss:[0.1663]
Train Iter:[36 /51] CauLoss:[0.7597], AdvLoss:[0.1596]
Train Iter:[48 /51] CauLoss:[0.7683], AdvLoss:[0.1527]
--------------------------------------------------------------------------------------------------------------------------------------------------------------------------------------------------------
Epoch:[99/100], CauAdvLoss:[0.7680/0.1510] valid:[93.28], test:[68.13]
--------------------------------------------------------------------------------------------------------------------------------------------------------------------------------------------------------
Train Iter:[0  /51] CauLoss:[0.8899], AdvLoss:[0.1373]
Train Iter:[12 /51] CauLoss:[0.7703], AdvLoss:[0.1013]
Train Iter:[24 /51] CauLoss:[0.7670], AdvLoss:[0.1190]
Train Iter:[36 /51] CauLoss:[0.7768], AdvLoss:[0.1391]
Train Iter:[48 /51] CauLoss:[0.7619], AdvLoss:[0.1492]
--------------------------------------------------------------------------------------------------------------------------------------------------------------------------------------------------------
Epoch:[100/100], CauAdvLoss:[0.7783/0.1487] valid:[93.35], test:[68.43]
--------------------------------------------------------------------------------------------------------------------------------------------------------------------------------------------------------
Update test:[68.60] at epoch:[15] | Total time:00:04:03
initialize network with kaiming
Train Iter:[0  /51] CauLoss:[2.3933], AdvLoss:[-13.6224]
Train Iter:[12 /51] CauLoss:[1.8801], AdvLoss:[-0.6640]
Train Iter:[24 /51] CauLoss:[1.6966], AdvLoss:[-0.1660]
Train Iter:[36 /51] CauLoss:[1.6001], AdvLoss:[-0.0155]
Train Iter:[48 /51] CauLoss:[1.5516], AdvLoss:[0.0813]
--------------------------------------------------------------------------------------------------------------------------------------------------------------------------------------------------------
Epoch:[1/100], CauAdvLoss:[1.5420/0.0904] valid:[92.00], test:[60.41]
--------------------------------------------------------------------------------------------------------------------------------------------------------------------------------------------------------
Train Iter:[0  /51] CauLoss:[1.1085], AdvLoss:[0.1657]
Train Iter:[12 /51] CauLoss:[1.3396], AdvLoss:[0.3003]
Train Iter:[24 /51] CauLoss:[1.3382], AdvLoss:[0.3080]
Train Iter:[36 /51] CauLoss:[1.2883], AdvLoss:[0.2802]
Train Iter:[48 /51] CauLoss:[1.2786], AdvLoss:[0.2809]
--------------------------------------------------------------------------------------------------------------------------------------------------------------------------------------------------------
Epoch:[2/100], CauAdvLoss:[1.2911/0.2850] valid:[90.70], test:[57.60]
--------------------------------------------------------------------------------------------------------------------------------------------------------------------------------------------------------
Train Iter:[0  /51] CauLoss:[1.0552], AdvLoss:[0.1496]
Train Iter:[12 /51] CauLoss:[1.1041], AdvLoss:[0.2129]
Train Iter:[24 /51] CauLoss:[1.1424], AdvLoss:[0.2453]
Train Iter:[36 /51] CauLoss:[1.1841], AdvLoss:[0.2689]
Train Iter:[48 /51] CauLoss:[1.1874], AdvLoss:[0.2749]
--------------------------------------------------------------------------------------------------------------------------------------------------------------------------------------------------------
Epoch:[3/100], CauAdvLoss:[1.2016/0.2818] valid:[91.54], test:[61.15]
--------------------------------------------------------------------------------------------------------------------------------------------------------------------------------------------------------
Train Iter:[0  /51] CauLoss:[1.3528], AdvLoss:[0.2407]
Train Iter:[12 /51] CauLoss:[1.2163], AdvLoss:[0.2919]
Train Iter:[24 /51] CauLoss:[1.1921], AdvLoss:[0.2829]
Train Iter:[36 /51] CauLoss:[1.1702], AdvLoss:[0.2699]
Train Iter:[48 /51] CauLoss:[1.1973], AdvLoss:[0.2838]
--------------------------------------------------------------------------------------------------------------------------------------------------------------------------------------------------------
Epoch:[4/100], CauAdvLoss:[1.1900/0.2793] valid:[91.41], test:[62.46]
--------------------------------------------------------------------------------------------------------------------------------------------------------------------------------------------------------
Train Iter:[0  /51] CauLoss:[1.6086], AdvLoss:[0.3910]
Train Iter:[12 /51] CauLoss:[1.2902], AdvLoss:[0.2823]
Train Iter:[24 /51] CauLoss:[1.1966], AdvLoss:[0.2717]
Train Iter:[36 /51] CauLoss:[1.1720], AdvLoss:[0.2657]
Train Iter:[48 /51] CauLoss:[1.1410], AdvLoss:[0.2516]
--------------------------------------------------------------------------------------------------------------------------------------------------------------------------------------------------------
Epoch:[5/100], CauAdvLoss:[1.1409/0.2515] valid:[92.30], test:[61.14]
--------------------------------------------------------------------------------------------------------------------------------------------------------------------------------------------------------
Train Iter:[0  /51] CauLoss:[1.1861], AdvLoss:[0.2371]
Train Iter:[12 /51] CauLoss:[1.1695], AdvLoss:[0.2740]
Train Iter:[24 /51] CauLoss:[1.1859], AdvLoss:[0.2926]
Train Iter:[36 /51] CauLoss:[1.1448], AdvLoss:[0.2786]
Train Iter:[48 /51] CauLoss:[1.1340], AdvLoss:[0.2614]
--------------------------------------------------------------------------------------------------------------------------------------------------------------------------------------------------------
Epoch:[6/100], CauAdvLoss:[1.1305/0.2592] valid:[93.63], test:[60.62]
--------------------------------------------------------------------------------------------------------------------------------------------------------------------------------------------------------
Train Iter:[0  /51] CauLoss:[0.8072], AdvLoss:[0.1338]
Train Iter:[12 /51] CauLoss:[1.1346], AdvLoss:[0.2520]
Train Iter:[24 /51] CauLoss:[1.1399], AdvLoss:[0.2472]
Train Iter:[36 /51] CauLoss:[1.1025], AdvLoss:[0.2377]
Train Iter:[48 /51] CauLoss:[1.1127], AdvLoss:[0.2799]
--------------------------------------------------------------------------------------------------------------------------------------------------------------------------------------------------------
Epoch:[7/100], CauAdvLoss:[1.1175/0.2808] valid:[89.78], test:[59.10]
--------------------------------------------------------------------------------------------------------------------------------------------------------------------------------------------------------
Train Iter:[0  /51] CauLoss:[1.0634], AdvLoss:[0.1706]
Train Iter:[12 /51] CauLoss:[1.1360], AdvLoss:[0.3257]
Train Iter:[24 /51] CauLoss:[1.0925], AdvLoss:[0.2799]
Train Iter:[36 /51] CauLoss:[1.1105], AdvLoss:[0.2845]
Train Iter:[48 /51] CauLoss:[1.0958], AdvLoss:[0.3096]
--------------------------------------------------------------------------------------------------------------------------------------------------------------------------------------------------------
Epoch:[8/100], CauAdvLoss:[1.0904/0.3072] valid:[92.81], test:[61.55]
--------------------------------------------------------------------------------------------------------------------------------------------------------------------------------------------------------
Train Iter:[0  /51] CauLoss:[1.0837], AdvLoss:[0.1728]
Train Iter:[12 /51] CauLoss:[0.9576], AdvLoss:[0.1816]
Train Iter:[24 /51] CauLoss:[1.0520], AdvLoss:[0.2397]
Train Iter:[36 /51] CauLoss:[1.0801], AdvLoss:[0.2576]
Train Iter:[48 /51] CauLoss:[1.0781], AdvLoss:[0.2559]
--------------------------------------------------------------------------------------------------------------------------------------------------------------------------------------------------------
Epoch:[9/100], CauAdvLoss:[1.0825/0.2586] valid:[90.55], test:[65.99]
--------------------------------------------------------------------------------------------------------------------------------------------------------------------------------------------------------
Train Iter:[0  /51] CauLoss:[1.0597], AdvLoss:[0.2495]
Train Iter:[12 /51] CauLoss:[1.0798], AdvLoss:[0.2298]
Train Iter:[24 /51] CauLoss:[1.0405], AdvLoss:[0.2149]
Train Iter:[36 /51] CauLoss:[1.0839], AdvLoss:[0.2395]
Train Iter:[48 /51] CauLoss:[1.0959], AdvLoss:[0.2577]
--------------------------------------------------------------------------------------------------------------------------------------------------------------------------------------------------------
Epoch:[10/100], CauAdvLoss:[1.0855/0.2581] valid:[92.35], test:[62.20]
--------------------------------------------------------------------------------------------------------------------------------------------------------------------------------------------------------
Train Iter:[0  /51] CauLoss:[0.9613], AdvLoss:[0.2785]
Train Iter:[12 /51] CauLoss:[1.0929], AdvLoss:[0.2389]
Train Iter:[24 /51] CauLoss:[1.0819], AdvLoss:[0.2552]
Train Iter:[36 /51] CauLoss:[1.0588], AdvLoss:[0.2688]
Train Iter:[48 /51] CauLoss:[1.0526], AdvLoss:[0.2575]
--------------------------------------------------------------------------------------------------------------------------------------------------------------------------------------------------------
Epoch:[11/100], CauAdvLoss:[1.0622/0.2645] valid:[92.99], test:[66.86]
--------------------------------------------------------------------------------------------------------------------------------------------------------------------------------------------------------
Train Iter:[0  /51] CauLoss:[0.9773], AdvLoss:[0.1544]
Train Iter:[12 /51] CauLoss:[1.0501], AdvLoss:[0.2171]
Train Iter:[24 /51] CauLoss:[1.0279], AdvLoss:[0.2032]
Train Iter:[36 /51] CauLoss:[1.0394], AdvLoss:[0.2170]
Train Iter:[48 /51] CauLoss:[1.0535], AdvLoss:[0.2265]
--------------------------------------------------------------------------------------------------------------------------------------------------------------------------------------------------------
Epoch:[12/100], CauAdvLoss:[1.0510/0.2249] valid:[92.12], test:[66.98]
--------------------------------------------------------------------------------------------------------------------------------------------------------------------------------------------------------
Train Iter:[0  /51] CauLoss:[1.3070], AdvLoss:[0.3896]
Train Iter:[12 /51] CauLoss:[1.0632], AdvLoss:[0.2343]
Train Iter:[24 /51] CauLoss:[1.0437], AdvLoss:[0.2575]
Train Iter:[36 /51] CauLoss:[1.0698], AdvLoss:[0.2651]
Train Iter:[48 /51] CauLoss:[1.0617], AdvLoss:[0.2475]
--------------------------------------------------------------------------------------------------------------------------------------------------------------------------------------------------------
Epoch:[13/100], CauAdvLoss:[1.0602/0.2506] valid:[91.11], test:[65.39]
--------------------------------------------------------------------------------------------------------------------------------------------------------------------------------------------------------
Train Iter:[0  /51] CauLoss:[0.7608], AdvLoss:[0.1792]
Train Iter:[12 /51] CauLoss:[1.0466], AdvLoss:[0.3387]
Train Iter:[24 /51] CauLoss:[1.0493], AdvLoss:[0.2884]
Train Iter:[36 /51] CauLoss:[1.0367], AdvLoss:[0.2744]
Train Iter:[48 /51] CauLoss:[1.0257], AdvLoss:[0.2494]
--------------------------------------------------------------------------------------------------------------------------------------------------------------------------------------------------------
Epoch:[14/100], CauAdvLoss:[1.0300/0.2535] valid:[92.02], test:[67.12]
--------------------------------------------------------------------------------------------------------------------------------------------------------------------------------------------------------
Train Iter:[0  /51] CauLoss:[1.2147], AdvLoss:[0.5379]
Train Iter:[12 /51] CauLoss:[1.0519], AdvLoss:[0.2546]
Train Iter:[24 /51] CauLoss:[1.0556], AdvLoss:[0.2606]
Train Iter:[36 /51] CauLoss:[1.0440], AdvLoss:[0.2626]
Train Iter:[48 /51] CauLoss:[1.0224], AdvLoss:[0.2863]
--------------------------------------------------------------------------------------------------------------------------------------------------------------------------------------------------------
Epoch:[15/100], CauAdvLoss:[1.0210/0.2879] valid:[92.48], test:[61.53]
--------------------------------------------------------------------------------------------------------------------------------------------------------------------------------------------------------
Train Iter:[0  /51] CauLoss:[0.7321], AdvLoss:[0.4327]
Train Iter:[12 /51] CauLoss:[0.9963], AdvLoss:[0.2520]
Train Iter:[24 /51] CauLoss:[0.9950], AdvLoss:[0.2512]
Train Iter:[36 /51] CauLoss:[1.0236], AdvLoss:[0.2372]
Train Iter:[48 /51] CauLoss:[1.0371], AdvLoss:[0.2396]
--------------------------------------------------------------------------------------------------------------------------------------------------------------------------------------------------------
Epoch:[16/100], CauAdvLoss:[1.0372/0.2369] valid:[92.94], test:[66.44]
--------------------------------------------------------------------------------------------------------------------------------------------------------------------------------------------------------
Train Iter:[0  /51] CauLoss:[1.1293], AdvLoss:[0.1802]
Train Iter:[12 /51] CauLoss:[1.0227], AdvLoss:[0.2669]
Train Iter:[24 /51] CauLoss:[1.0067], AdvLoss:[0.2708]
Train Iter:[36 /51] CauLoss:[1.0385], AdvLoss:[0.2778]
Train Iter:[48 /51] CauLoss:[1.0284], AdvLoss:[0.2535]
--------------------------------------------------------------------------------------------------------------------------------------------------------------------------------------------------------
Epoch:[17/100], CauAdvLoss:[1.0265/0.2491] valid:[92.21], test:[67.93]
--------------------------------------------------------------------------------------------------------------------------------------------------------------------------------------------------------
Train Iter:[0  /51] CauLoss:[0.9186], AdvLoss:[0.1431]
Train Iter:[12 /51] CauLoss:[0.9561], AdvLoss:[0.3491]
Train Iter:[24 /51] CauLoss:[0.9827], AdvLoss:[0.2937]
Train Iter:[36 /51] CauLoss:[0.9893], AdvLoss:[0.2721]
Train Iter:[48 /51] CauLoss:[1.0098], AdvLoss:[0.2642]
--------------------------------------------------------------------------------------------------------------------------------------------------------------------------------------------------------
Epoch:[18/100], CauAdvLoss:[1.0106/0.2644] valid:[93.67], test:[69.40]
--------------------------------------------------------------------------------------------------------------------------------------------------------------------------------------------------------
Train Iter:[0  /51] CauLoss:[0.7113], AdvLoss:[0.2015]
Train Iter:[12 /51] CauLoss:[0.9312], AdvLoss:[0.2296]
Train Iter:[24 /51] CauLoss:[0.9942], AdvLoss:[0.2534]
Train Iter:[36 /51] CauLoss:[0.9860], AdvLoss:[0.2527]
Train Iter:[48 /51] CauLoss:[0.9690], AdvLoss:[0.2345]
--------------------------------------------------------------------------------------------------------------------------------------------------------------------------------------------------------
Epoch:[19/100], CauAdvLoss:[0.9703/0.2383] valid:[93.25], test:[68.46]
--------------------------------------------------------------------------------------------------------------------------------------------------------------------------------------------------------
Train Iter:[0  /51] CauLoss:[0.8605], AdvLoss:[0.1611]
Train Iter:[12 /51] CauLoss:[1.0252], AdvLoss:[0.2053]
Train Iter:[24 /51] CauLoss:[1.0012], AdvLoss:[0.2112]
Train Iter:[36 /51] CauLoss:[1.0035], AdvLoss:[0.2063]
Train Iter:[48 /51] CauLoss:[1.0136], AdvLoss:[0.2135]
--------------------------------------------------------------------------------------------------------------------------------------------------------------------------------------------------------
Epoch:[20/100], CauAdvLoss:[1.0099/0.2111] valid:[92.27], test:[67.00]
--------------------------------------------------------------------------------------------------------------------------------------------------------------------------------------------------------
Train Iter:[0  /51] CauLoss:[1.1385], AdvLoss:[0.2261]
Train Iter:[12 /51] CauLoss:[0.9501], AdvLoss:[0.3466]
Train Iter:[24 /51] CauLoss:[0.9574], AdvLoss:[0.2762]
Train Iter:[36 /51] CauLoss:[0.9669], AdvLoss:[0.2548]
Train Iter:[48 /51] CauLoss:[0.9829], AdvLoss:[0.2540]
--------------------------------------------------------------------------------------------------------------------------------------------------------------------------------------------------------
Epoch:[21/100], CauAdvLoss:[0.9943/0.2551] valid:[92.00], test:[65.74]
--------------------------------------------------------------------------------------------------------------------------------------------------------------------------------------------------------
Train Iter:[0  /51] CauLoss:[0.8338], AdvLoss:[0.0756]
Train Iter:[12 /51] CauLoss:[0.9334], AdvLoss:[0.1609]
Train Iter:[24 /51] CauLoss:[0.9494], AdvLoss:[0.1889]
Train Iter:[36 /51] CauLoss:[0.9512], AdvLoss:[0.1918]
Train Iter:[48 /51] CauLoss:[0.9771], AdvLoss:[0.2209]
--------------------------------------------------------------------------------------------------------------------------------------------------------------------------------------------------------
Epoch:[22/100], CauAdvLoss:[0.9783/0.2201] valid:[93.76], test:[67.78]
--------------------------------------------------------------------------------------------------------------------------------------------------------------------------------------------------------
Train Iter:[0  /51] CauLoss:[1.3292], AdvLoss:[0.1521]
Train Iter:[12 /51] CauLoss:[0.9482], AdvLoss:[0.1732]
Train Iter:[24 /51] CauLoss:[0.9378], AdvLoss:[0.1710]
Train Iter:[36 /51] CauLoss:[0.9563], AdvLoss:[0.1884]
Train Iter:[48 /51] CauLoss:[0.9693], AdvLoss:[0.2018]
--------------------------------------------------------------------------------------------------------------------------------------------------------------------------------------------------------
Epoch:[23/100], CauAdvLoss:[0.9757/0.2091] valid:[94.00], test:[68.95]
--------------------------------------------------------------------------------------------------------------------------------------------------------------------------------------------------------
Train Iter:[0  /51] CauLoss:[0.9557], AdvLoss:[0.1810]
Train Iter:[12 /51] CauLoss:[1.0030], AdvLoss:[0.3183]
Train Iter:[24 /51] CauLoss:[0.9366], AdvLoss:[0.2445]
Train Iter:[36 /51] CauLoss:[0.9538], AdvLoss:[0.2253]
Train Iter:[48 /51] CauLoss:[0.9663], AdvLoss:[0.2248]
--------------------------------------------------------------------------------------------------------------------------------------------------------------------------------------------------------
Epoch:[24/100], CauAdvLoss:[0.9669/0.2268] valid:[92.91], test:[68.80]
--------------------------------------------------------------------------------------------------------------------------------------------------------------------------------------------------------
Train Iter:[0  /51] CauLoss:[0.8415], AdvLoss:[0.1496]
Train Iter:[12 /51] CauLoss:[0.9505], AdvLoss:[0.2575]
Train Iter:[24 /51] CauLoss:[0.9663], AdvLoss:[0.2738]
Train Iter:[36 /51] CauLoss:[0.9480], AdvLoss:[0.2698]
Train Iter:[48 /51] CauLoss:[0.9556], AdvLoss:[0.2552]
--------------------------------------------------------------------------------------------------------------------------------------------------------------------------------------------------------
Epoch:[25/100], CauAdvLoss:[0.9561/0.2536] valid:[93.62], test:[70.14]
--------------------------------------------------------------------------------------------------------------------------------------------------------------------------------------------------------
Train Iter:[0  /51] CauLoss:[0.7543], AdvLoss:[0.1010]
Train Iter:[12 /51] CauLoss:[0.9962], AdvLoss:[0.2063]
Train Iter:[24 /51] CauLoss:[0.9822], AdvLoss:[0.2101]
Train Iter:[36 /51] CauLoss:[0.9502], AdvLoss:[0.2001]
Train Iter:[48 /51] CauLoss:[0.9591], AdvLoss:[0.1937]
--------------------------------------------------------------------------------------------------------------------------------------------------------------------------------------------------------
Epoch:[26/100], CauAdvLoss:[0.9653/0.1976] valid:[93.22], test:[71.09]
--------------------------------------------------------------------------------------------------------------------------------------------------------------------------------------------------------
Train Iter:[0  /51] CauLoss:[0.8935], AdvLoss:[0.1352]
Train Iter:[12 /51] CauLoss:[0.9457], AdvLoss:[0.1861]
Train Iter:[24 /51] CauLoss:[0.9444], AdvLoss:[0.1950]
Train Iter:[36 /51] CauLoss:[0.9396], AdvLoss:[0.1977]
Train Iter:[48 /51] CauLoss:[0.9582], AdvLoss:[0.2004]
--------------------------------------------------------------------------------------------------------------------------------------------------------------------------------------------------------
Epoch:[27/100], CauAdvLoss:[0.9535/0.1960] valid:[93.33], test:[69.48]
--------------------------------------------------------------------------------------------------------------------------------------------------------------------------------------------------------
Train Iter:[0  /51] CauLoss:[1.1661], AdvLoss:[0.2738]
Train Iter:[12 /51] CauLoss:[0.9642], AdvLoss:[0.2286]
Train Iter:[24 /51] CauLoss:[0.9593], AdvLoss:[0.2600]
Train Iter:[36 /51] CauLoss:[0.9450], AdvLoss:[0.2796]
Train Iter:[48 /51] CauLoss:[0.9628], AdvLoss:[0.2755]
--------------------------------------------------------------------------------------------------------------------------------------------------------------------------------------------------------
Epoch:[28/100], CauAdvLoss:[0.9661/0.2735] valid:[93.62], test:[71.66]
--------------------------------------------------------------------------------------------------------------------------------------------------------------------------------------------------------
Train Iter:[0  /51] CauLoss:[1.2653], AdvLoss:[0.3835]
Train Iter:[12 /51] CauLoss:[0.9163], AdvLoss:[0.1709]
Train Iter:[24 /51] CauLoss:[0.9308], AdvLoss:[0.1857]
Train Iter:[36 /51] CauLoss:[0.9224], AdvLoss:[0.2174]
Train Iter:[48 /51] CauLoss:[0.9466], AdvLoss:[0.2298]
--------------------------------------------------------------------------------------------------------------------------------------------------------------------------------------------------------
Epoch:[29/100], CauAdvLoss:[0.9403/0.2280] valid:[93.69], test:[70.34]
--------------------------------------------------------------------------------------------------------------------------------------------------------------------------------------------------------
Train Iter:[0  /51] CauLoss:[0.8440], AdvLoss:[0.1645]
Train Iter:[12 /51] CauLoss:[0.9036], AdvLoss:[0.1567]
Train Iter:[24 /51] CauLoss:[0.9159], AdvLoss:[0.1793]
Train Iter:[36 /51] CauLoss:[0.9010], AdvLoss:[0.1728]
Train Iter:[48 /51] CauLoss:[0.9312], AdvLoss:[0.1898]
--------------------------------------------------------------------------------------------------------------------------------------------------------------------------------------------------------
Epoch:[30/100], CauAdvLoss:[0.9346/0.1913] valid:[93.56], test:[71.24]
--------------------------------------------------------------------------------------------------------------------------------------------------------------------------------------------------------
Train Iter:[0  /51] CauLoss:[0.7492], AdvLoss:[0.1288]
Train Iter:[12 /51] CauLoss:[0.8771], AdvLoss:[0.1848]
Train Iter:[24 /51] CauLoss:[0.8906], AdvLoss:[0.1973]
Train Iter:[36 /51] CauLoss:[0.9320], AdvLoss:[0.2105]
Train Iter:[48 /51] CauLoss:[0.9460], AdvLoss:[0.2045]
--------------------------------------------------------------------------------------------------------------------------------------------------------------------------------------------------------
Epoch:[31/100], CauAdvLoss:[0.9504/0.2053] valid:[92.37], test:[66.62]
--------------------------------------------------------------------------------------------------------------------------------------------------------------------------------------------------------
Train Iter:[0  /51] CauLoss:[0.9321], AdvLoss:[0.1631]
Train Iter:[12 /51] CauLoss:[0.8938], AdvLoss:[0.2675]
Train Iter:[24 /51] CauLoss:[0.9001], AdvLoss:[0.2394]
Train Iter:[36 /51] CauLoss:[0.9119], AdvLoss:[0.2171]
Train Iter:[48 /51] CauLoss:[0.9418], AdvLoss:[0.2155]
--------------------------------------------------------------------------------------------------------------------------------------------------------------------------------------------------------
Epoch:[32/100], CauAdvLoss:[0.9471/0.2189] valid:[94.09], test:[69.94]
--------------------------------------------------------------------------------------------------------------------------------------------------------------------------------------------------------
Train Iter:[0  /51] CauLoss:[1.2570], AdvLoss:[0.4899]
Train Iter:[12 /51] CauLoss:[0.9139], AdvLoss:[0.2056]
Train Iter:[24 /51] CauLoss:[0.9384], AdvLoss:[0.1984]
Train Iter:[36 /51] CauLoss:[0.9240], AdvLoss:[0.1891]
Train Iter:[48 /51] CauLoss:[0.9093], AdvLoss:[0.1761]
--------------------------------------------------------------------------------------------------------------------------------------------------------------------------------------------------------
Epoch:[33/100], CauAdvLoss:[0.9137/0.1755] valid:[92.23], test:[68.78]
--------------------------------------------------------------------------------------------------------------------------------------------------------------------------------------------------------
Train Iter:[0  /51] CauLoss:[0.7690], AdvLoss:[0.0678]
Train Iter:[12 /51] CauLoss:[0.9495], AdvLoss:[0.1843]
Train Iter:[24 /51] CauLoss:[0.9117], AdvLoss:[0.2124]
Train Iter:[36 /51] CauLoss:[0.9084], AdvLoss:[0.2106]
Train Iter:[48 /51] CauLoss:[0.9309], AdvLoss:[0.2099]
--------------------------------------------------------------------------------------------------------------------------------------------------------------------------------------------------------
Epoch:[34/100], CauAdvLoss:[0.9321/0.2086] valid:[93.08], test:[70.92]
--------------------------------------------------------------------------------------------------------------------------------------------------------------------------------------------------------
Train Iter:[0  /51] CauLoss:[0.9689], AdvLoss:[0.2348]
Train Iter:[12 /51] CauLoss:[0.9146], AdvLoss:[0.2023]
Train Iter:[24 /51] CauLoss:[0.9230], AdvLoss:[0.1872]
Train Iter:[36 /51] CauLoss:[0.9047], AdvLoss:[0.1918]
Train Iter:[48 /51] CauLoss:[0.9390], AdvLoss:[0.1988]
--------------------------------------------------------------------------------------------------------------------------------------------------------------------------------------------------------
Epoch:[35/100], CauAdvLoss:[0.9349/0.1969] valid:[93.22], test:[71.20]
--------------------------------------------------------------------------------------------------------------------------------------------------------------------------------------------------------
Train Iter:[0  /51] CauLoss:[1.1660], AdvLoss:[0.3580]
Train Iter:[12 /51] CauLoss:[0.8963], AdvLoss:[0.1929]
Train Iter:[24 /51] CauLoss:[0.8949], AdvLoss:[0.2053]
Train Iter:[36 /51] CauLoss:[0.9253], AdvLoss:[0.2034]
Train Iter:[48 /51] CauLoss:[0.9149], AdvLoss:[0.2006]
--------------------------------------------------------------------------------------------------------------------------------------------------------------------------------------------------------
Epoch:[36/100], CauAdvLoss:[0.9067/0.1997] valid:[93.30], test:[67.43]
--------------------------------------------------------------------------------------------------------------------------------------------------------------------------------------------------------
Train Iter:[0  /51] CauLoss:[0.8922], AdvLoss:[0.3029]
Train Iter:[12 /51] CauLoss:[0.8604], AdvLoss:[0.1786]
Train Iter:[24 /51] CauLoss:[0.8840], AdvLoss:[0.1677]
Train Iter:[36 /51] CauLoss:[0.9042], AdvLoss:[0.1716]
Train Iter:[48 /51] CauLoss:[0.8945], AdvLoss:[0.1718]
--------------------------------------------------------------------------------------------------------------------------------------------------------------------------------------------------------
Epoch:[37/100], CauAdvLoss:[0.9016/0.1738] valid:[93.93], test:[70.27]
--------------------------------------------------------------------------------------------------------------------------------------------------------------------------------------------------------
Train Iter:[0  /51] CauLoss:[0.7342], AdvLoss:[0.1967]
Train Iter:[12 /51] CauLoss:[0.9118], AdvLoss:[0.2657]
Train Iter:[24 /51] CauLoss:[0.9179], AdvLoss:[0.2879]
Train Iter:[36 /51] CauLoss:[0.9157], AdvLoss:[0.2647]
Train Iter:[48 /51] CauLoss:[0.9087], AdvLoss:[0.2306]
--------------------------------------------------------------------------------------------------------------------------------------------------------------------------------------------------------
Epoch:[38/100], CauAdvLoss:[0.9021/0.2235] valid:[93.19], test:[70.59]
--------------------------------------------------------------------------------------------------------------------------------------------------------------------------------------------------------
Train Iter:[0  /51] CauLoss:[1.0658], AdvLoss:[0.2485]
Train Iter:[12 /51] CauLoss:[0.9281], AdvLoss:[0.2249]
Train Iter:[24 /51] CauLoss:[0.8754], AdvLoss:[0.2163]
Train Iter:[36 /51] CauLoss:[0.8818], AdvLoss:[0.2026]
Train Iter:[48 /51] CauLoss:[0.8944], AdvLoss:[0.2018]
--------------------------------------------------------------------------------------------------------------------------------------------------------------------------------------------------------
Epoch:[39/100], CauAdvLoss:[0.8951/0.2040] valid:[94.52], test:[70.14]
--------------------------------------------------------------------------------------------------------------------------------------------------------------------------------------------------------
Train Iter:[0  /51] CauLoss:[0.7307], AdvLoss:[0.0861]
Train Iter:[12 /51] CauLoss:[0.9139], AdvLoss:[0.2333]
Train Iter:[24 /51] CauLoss:[0.9153], AdvLoss:[0.2028]
Train Iter:[36 /51] CauLoss:[0.9014], AdvLoss:[0.2019]
Train Iter:[48 /51] CauLoss:[0.8968], AdvLoss:[0.1913]
--------------------------------------------------------------------------------------------------------------------------------------------------------------------------------------------------------
Epoch:[40/100], CauAdvLoss:[0.9012/0.1918] valid:[93.82], test:[69.61]
--------------------------------------------------------------------------------------------------------------------------------------------------------------------------------------------------------
Train Iter:[0  /51] CauLoss:[0.6707], AdvLoss:[0.0536]
Train Iter:[12 /51] CauLoss:[0.8873], AdvLoss:[0.1374]
Train Iter:[24 /51] CauLoss:[0.8830], AdvLoss:[0.1942]
Train Iter:[36 /51] CauLoss:[0.9029], AdvLoss:[0.1874]
Train Iter:[48 /51] CauLoss:[0.8998], AdvLoss:[0.1808]
--------------------------------------------------------------------------------------------------------------------------------------------------------------------------------------------------------
Epoch:[41/100], CauAdvLoss:[0.9069/0.1869] valid:[93.07], test:[67.89]
--------------------------------------------------------------------------------------------------------------------------------------------------------------------------------------------------------
Train Iter:[0  /51] CauLoss:[0.9057], AdvLoss:[0.1795]
Train Iter:[12 /51] CauLoss:[0.9762], AdvLoss:[0.1654]
Train Iter:[24 /51] CauLoss:[0.9678], AdvLoss:[0.1936]
Train Iter:[36 /51] CauLoss:[0.9331], AdvLoss:[0.1891]
Train Iter:[48 /51] CauLoss:[0.9143], AdvLoss:[0.1749]
--------------------------------------------------------------------------------------------------------------------------------------------------------------------------------------------------------
Epoch:[42/100], CauAdvLoss:[0.9111/0.1738] valid:[94.40], test:[68.71]
--------------------------------------------------------------------------------------------------------------------------------------------------------------------------------------------------------
Train Iter:[0  /51] CauLoss:[1.3507], AdvLoss:[0.3128]
Train Iter:[12 /51] CauLoss:[0.9251], AdvLoss:[0.1757]
Train Iter:[24 /51] CauLoss:[0.9158], AdvLoss:[0.1669]
Train Iter:[36 /51] CauLoss:[0.9192], AdvLoss:[0.1761]
Train Iter:[48 /51] CauLoss:[0.9070], AdvLoss:[0.1667]
--------------------------------------------------------------------------------------------------------------------------------------------------------------------------------------------------------
Epoch:[43/100], CauAdvLoss:[0.9002/0.1632] valid:[93.70], test:[70.24]
--------------------------------------------------------------------------------------------------------------------------------------------------------------------------------------------------------
Train Iter:[0  /51] CauLoss:[0.8111], AdvLoss:[0.1275]
Train Iter:[12 /51] CauLoss:[0.8422], AdvLoss:[0.1112]
Train Iter:[24 /51] CauLoss:[0.8658], AdvLoss:[0.1394]
Train Iter:[36 /51] CauLoss:[0.8884], AdvLoss:[0.1576]
Train Iter:[48 /51] CauLoss:[0.8937], AdvLoss:[0.1725]
--------------------------------------------------------------------------------------------------------------------------------------------------------------------------------------------------------
Epoch:[44/100], CauAdvLoss:[0.8922/0.1732] valid:[93.66], test:[70.33]
--------------------------------------------------------------------------------------------------------------------------------------------------------------------------------------------------------
Train Iter:[0  /51] CauLoss:[0.8214], AdvLoss:[0.1739]
Train Iter:[12 /51] CauLoss:[0.9028], AdvLoss:[0.1468]
Train Iter:[24 /51] CauLoss:[0.9455], AdvLoss:[0.1766]
Train Iter:[36 /51] CauLoss:[0.9138], AdvLoss:[0.1703]
Train Iter:[48 /51] CauLoss:[0.8950], AdvLoss:[0.1786]
--------------------------------------------------------------------------------------------------------------------------------------------------------------------------------------------------------
Epoch:[45/100], CauAdvLoss:[0.8937/0.1747] valid:[94.30], test:[69.16]
--------------------------------------------------------------------------------------------------------------------------------------------------------------------------------------------------------
Train Iter:[0  /51] CauLoss:[0.8764], AdvLoss:[0.1349]
Train Iter:[12 /51] CauLoss:[0.8938], AdvLoss:[0.1501]
Train Iter:[24 /51] CauLoss:[0.8790], AdvLoss:[0.1609]
Train Iter:[36 /51] CauLoss:[0.8941], AdvLoss:[0.2336]
Train Iter:[48 /51] CauLoss:[0.8944], AdvLoss:[0.2713]
--------------------------------------------------------------------------------------------------------------------------------------------------------------------------------------------------------
Epoch:[46/100], CauAdvLoss:[0.8995/0.2711] valid:[93.56], test:[70.51]
--------------------------------------------------------------------------------------------------------------------------------------------------------------------------------------------------------
Train Iter:[0  /51] CauLoss:[0.8815], AdvLoss:[0.1709]
Train Iter:[12 /51] CauLoss:[0.8328], AdvLoss:[0.1355]
Train Iter:[24 /51] CauLoss:[0.8783], AdvLoss:[0.1693]
Train Iter:[36 /51] CauLoss:[0.8642], AdvLoss:[0.1652]
Train Iter:[48 /51] CauLoss:[0.8639], AdvLoss:[0.1695]
--------------------------------------------------------------------------------------------------------------------------------------------------------------------------------------------------------
Epoch:[47/100], CauAdvLoss:[0.8688/0.1741] valid:[93.57], test:[69.26]
--------------------------------------------------------------------------------------------------------------------------------------------------------------------------------------------------------
Train Iter:[0  /51] CauLoss:[0.7221], AdvLoss:[0.0974]
Train Iter:[12 /51] CauLoss:[0.8766], AdvLoss:[0.1756]
Train Iter:[24 /51] CauLoss:[0.8454], AdvLoss:[0.1546]
Train Iter:[36 /51] CauLoss:[0.8569], AdvLoss:[0.1539]
Train Iter:[48 /51] CauLoss:[0.8811], AdvLoss:[0.1712]
--------------------------------------------------------------------------------------------------------------------------------------------------------------------------------------------------------
Epoch:[48/100], CauAdvLoss:[0.8798/0.1693] valid:[92.99], test:[69.61]
--------------------------------------------------------------------------------------------------------------------------------------------------------------------------------------------------------
Train Iter:[0  /51] CauLoss:[0.8209], AdvLoss:[0.1403]
Train Iter:[12 /51] CauLoss:[0.8604], AdvLoss:[0.1480]
Train Iter:[24 /51] CauLoss:[0.8971], AdvLoss:[0.1671]
Train Iter:[36 /51] CauLoss:[0.8708], AdvLoss:[0.1462]
Train Iter:[48 /51] CauLoss:[0.8841], AdvLoss:[0.1524]
--------------------------------------------------------------------------------------------------------------------------------------------------------------------------------------------------------
Epoch:[49/100], CauAdvLoss:[0.8851/0.1519] valid:[92.99], test:[70.16]
--------------------------------------------------------------------------------------------------------------------------------------------------------------------------------------------------------
Train Iter:[0  /51] CauLoss:[0.9751], AdvLoss:[0.0856]
Train Iter:[12 /51] CauLoss:[0.8701], AdvLoss:[0.1330]
Train Iter:[24 /51] CauLoss:[0.8431], AdvLoss:[0.1226]
Train Iter:[36 /51] CauLoss:[0.8646], AdvLoss:[0.1313]
Train Iter:[48 /51] CauLoss:[0.8746], AdvLoss:[0.1413]
--------------------------------------------------------------------------------------------------------------------------------------------------------------------------------------------------------
Epoch:[50/100], CauAdvLoss:[0.8766/0.1478] valid:[94.23], test:[70.86]
--------------------------------------------------------------------------------------------------------------------------------------------------------------------------------------------------------
Train Iter:[0  /51] CauLoss:[0.8117], AdvLoss:[0.1958]
Train Iter:[12 /51] CauLoss:[0.8089], AdvLoss:[0.2988]
Train Iter:[24 /51] CauLoss:[0.8467], AdvLoss:[0.2471]
Train Iter:[36 /51] CauLoss:[0.8662], AdvLoss:[0.2170]
Train Iter:[48 /51] CauLoss:[0.8753], AdvLoss:[0.2030]
--------------------------------------------------------------------------------------------------------------------------------------------------------------------------------------------------------
Epoch:[51/100], CauAdvLoss:[0.8711/0.1993] valid:[93.64], test:[69.42]
--------------------------------------------------------------------------------------------------------------------------------------------------------------------------------------------------------
Train Iter:[0  /51] CauLoss:[0.8215], AdvLoss:[0.1185]
Train Iter:[12 /51] CauLoss:[0.8982], AdvLoss:[0.1548]
Train Iter:[24 /51] CauLoss:[0.8700], AdvLoss:[0.1524]
Train Iter:[36 /51] CauLoss:[0.8813], AdvLoss:[0.1539]
Train Iter:[48 /51] CauLoss:[0.8666], AdvLoss:[0.1654]
--------------------------------------------------------------------------------------------------------------------------------------------------------------------------------------------------------
Epoch:[52/100], CauAdvLoss:[0.8668/0.1711] valid:[92.98], test:[66.89]
--------------------------------------------------------------------------------------------------------------------------------------------------------------------------------------------------------
Train Iter:[0  /51] CauLoss:[0.6394], AdvLoss:[0.1561]
Train Iter:[12 /51] CauLoss:[0.8745], AdvLoss:[0.2065]
Train Iter:[24 /51] CauLoss:[0.8808], AdvLoss:[0.1843]
Train Iter:[36 /51] CauLoss:[0.8625], AdvLoss:[0.1678]
Train Iter:[48 /51] CauLoss:[0.8687], AdvLoss:[0.1586]
--------------------------------------------------------------------------------------------------------------------------------------------------------------------------------------------------------
Epoch:[53/100], CauAdvLoss:[0.8686/0.1605] valid:[93.98], test:[70.23]
--------------------------------------------------------------------------------------------------------------------------------------------------------------------------------------------------------
Train Iter:[0  /51] CauLoss:[0.8244], AdvLoss:[0.0808]
Train Iter:[12 /51] CauLoss:[0.8186], AdvLoss:[0.1278]
Train Iter:[24 /51] CauLoss:[0.8355], AdvLoss:[0.1266]
Train Iter:[36 /51] CauLoss:[0.8410], AdvLoss:[0.1330]
Train Iter:[48 /51] CauLoss:[0.8394], AdvLoss:[0.1407]
--------------------------------------------------------------------------------------------------------------------------------------------------------------------------------------------------------
Epoch:[54/100], CauAdvLoss:[0.8529/0.1438] valid:[93.96], test:[70.13]
--------------------------------------------------------------------------------------------------------------------------------------------------------------------------------------------------------
Train Iter:[0  /51] CauLoss:[0.7790], AdvLoss:[0.1634]
Train Iter:[12 /51] CauLoss:[0.8494], AdvLoss:[0.1693]
Train Iter:[24 /51] CauLoss:[0.8211], AdvLoss:[0.1457]
Train Iter:[36 /51] CauLoss:[0.8208], AdvLoss:[0.1414]
Train Iter:[48 /51] CauLoss:[0.8330], AdvLoss:[0.1422]
--------------------------------------------------------------------------------------------------------------------------------------------------------------------------------------------------------
Epoch:[55/100], CauAdvLoss:[0.8437/0.1491] valid:[94.10], test:[70.85]
--------------------------------------------------------------------------------------------------------------------------------------------------------------------------------------------------------
Train Iter:[0  /51] CauLoss:[0.7159], AdvLoss:[0.0972]
Train Iter:[12 /51] CauLoss:[0.8380], AdvLoss:[0.1656]
Train Iter:[24 /51] CauLoss:[0.8739], AdvLoss:[0.1742]
Train Iter:[36 /51] CauLoss:[0.8452], AdvLoss:[0.1769]
Train Iter:[48 /51] CauLoss:[0.8316], AdvLoss:[0.1640]
--------------------------------------------------------------------------------------------------------------------------------------------------------------------------------------------------------
Epoch:[56/100], CauAdvLoss:[0.8349/0.1655] valid:[94.21], test:[70.71]
--------------------------------------------------------------------------------------------------------------------------------------------------------------------------------------------------------
Train Iter:[0  /51] CauLoss:[0.6752], AdvLoss:[0.0539]
Train Iter:[12 /51] CauLoss:[0.8059], AdvLoss:[0.1334]
Train Iter:[24 /51] CauLoss:[0.8288], AdvLoss:[0.1526]
Train Iter:[36 /51] CauLoss:[0.8469], AdvLoss:[0.1655]
Train Iter:[48 /51] CauLoss:[0.8550], AdvLoss:[0.1608]
--------------------------------------------------------------------------------------------------------------------------------------------------------------------------------------------------------
Epoch:[57/100], CauAdvLoss:[0.8597/0.1627] valid:[93.71], test:[69.16]
--------------------------------------------------------------------------------------------------------------------------------------------------------------------------------------------------------
Train Iter:[0  /51] CauLoss:[1.1286], AdvLoss:[0.2442]
Train Iter:[12 /51] CauLoss:[0.8440], AdvLoss:[0.1346]
Train Iter:[24 /51] CauLoss:[0.8260], AdvLoss:[0.1258]
Train Iter:[36 /51] CauLoss:[0.8348], AdvLoss:[0.1442]
Train Iter:[48 /51] CauLoss:[0.8518], AdvLoss:[0.1374]
--------------------------------------------------------------------------------------------------------------------------------------------------------------------------------------------------------
Epoch:[58/100], CauAdvLoss:[0.8554/0.1391] valid:[93.54], test:[70.32]
--------------------------------------------------------------------------------------------------------------------------------------------------------------------------------------------------------
Train Iter:[0  /51] CauLoss:[0.6896], AdvLoss:[0.0644]
Train Iter:[12 /51] CauLoss:[0.8394], AdvLoss:[0.1143]
Train Iter:[24 /51] CauLoss:[0.8832], AdvLoss:[0.1372]
Train Iter:[36 /51] CauLoss:[0.8532], AdvLoss:[0.1447]
Train Iter:[48 /51] CauLoss:[0.8544], AdvLoss:[0.1502]
--------------------------------------------------------------------------------------------------------------------------------------------------------------------------------------------------------
Epoch:[59/100], CauAdvLoss:[0.8551/0.1540] valid:[94.01], test:[69.64]
--------------------------------------------------------------------------------------------------------------------------------------------------------------------------------------------------------
Train Iter:[0  /51] CauLoss:[0.6046], AdvLoss:[0.0814]
Train Iter:[12 /51] CauLoss:[0.8776], AdvLoss:[0.1635]
Train Iter:[24 /51] CauLoss:[0.8201], AdvLoss:[0.1360]
Train Iter:[36 /51] CauLoss:[0.8142], AdvLoss:[0.1338]
Train Iter:[48 /51] CauLoss:[0.8385], AdvLoss:[0.1425]
--------------------------------------------------------------------------------------------------------------------------------------------------------------------------------------------------------
Epoch:[60/100], CauAdvLoss:[0.8413/0.1433] valid:[94.01], test:[70.01]
--------------------------------------------------------------------------------------------------------------------------------------------------------------------------------------------------------
Train Iter:[0  /51] CauLoss:[0.7056], AdvLoss:[0.0868]
Train Iter:[12 /51] CauLoss:[0.8433], AdvLoss:[0.1348]
Train Iter:[24 /51] CauLoss:[0.8120], AdvLoss:[0.1426]
Train Iter:[36 /51] CauLoss:[0.8245], AdvLoss:[0.1470]
Train Iter:[48 /51] CauLoss:[0.8229], AdvLoss:[0.1478]
--------------------------------------------------------------------------------------------------------------------------------------------------------------------------------------------------------
Epoch:[61/100], CauAdvLoss:[0.8254/0.1516] valid:[93.39], test:[69.79]
--------------------------------------------------------------------------------------------------------------------------------------------------------------------------------------------------------
Train Iter:[0  /51] CauLoss:[1.1022], AdvLoss:[0.2775]
Train Iter:[12 /51] CauLoss:[0.7945], AdvLoss:[0.1426]
Train Iter:[24 /51] CauLoss:[0.8391], AdvLoss:[0.1321]
Train Iter:[36 /51] CauLoss:[0.8476], AdvLoss:[0.1334]
Train Iter:[48 /51] CauLoss:[0.8553], AdvLoss:[0.1443]
--------------------------------------------------------------------------------------------------------------------------------------------------------------------------------------------------------
Epoch:[62/100], CauAdvLoss:[0.8546/0.1433] valid:[94.08], test:[69.77]
--------------------------------------------------------------------------------------------------------------------------------------------------------------------------------------------------------
Train Iter:[0  /51] CauLoss:[1.0593], AdvLoss:[0.1959]
Train Iter:[12 /51] CauLoss:[0.7740], AdvLoss:[0.1010]
Train Iter:[24 /51] CauLoss:[0.8097], AdvLoss:[0.1224]
Train Iter:[36 /51] CauLoss:[0.8283], AdvLoss:[0.1422]
Train Iter:[48 /51] CauLoss:[0.8130], AdvLoss:[0.1452]
--------------------------------------------------------------------------------------------------------------------------------------------------------------------------------------------------------
Epoch:[63/100], CauAdvLoss:[0.8245/0.1438] valid:[93.99], test:[69.45]
--------------------------------------------------------------------------------------------------------------------------------------------------------------------------------------------------------
Train Iter:[0  /51] CauLoss:[0.8054], AdvLoss:[0.2119]
Train Iter:[12 /51] CauLoss:[0.7964], AdvLoss:[0.1454]
Train Iter:[24 /51] CauLoss:[0.8174], AdvLoss:[0.1372]
Train Iter:[36 /51] CauLoss:[0.8129], AdvLoss:[0.1268]
Train Iter:[48 /51] CauLoss:[0.8200], AdvLoss:[0.1318]
--------------------------------------------------------------------------------------------------------------------------------------------------------------------------------------------------------
Epoch:[64/100], CauAdvLoss:[0.8138/0.1292] valid:[94.10], test:[69.68]
--------------------------------------------------------------------------------------------------------------------------------------------------------------------------------------------------------
Train Iter:[0  /51] CauLoss:[0.8831], AdvLoss:[0.1938]
Train Iter:[12 /51] CauLoss:[0.8280], AdvLoss:[0.1620]
Train Iter:[24 /51] CauLoss:[0.8223], AdvLoss:[0.1640]
Train Iter:[36 /51] CauLoss:[0.8176], AdvLoss:[0.1495]
Train Iter:[48 /51] CauLoss:[0.8032], AdvLoss:[0.1344]
--------------------------------------------------------------------------------------------------------------------------------------------------------------------------------------------------------
Epoch:[65/100], CauAdvLoss:[0.7993/0.1320] valid:[93.70], test:[70.08]
--------------------------------------------------------------------------------------------------------------------------------------------------------------------------------------------------------
Train Iter:[0  /51] CauLoss:[0.7957], AdvLoss:[0.0531]
Train Iter:[12 /51] CauLoss:[0.8854], AdvLoss:[0.1107]
Train Iter:[24 /51] CauLoss:[0.8649], AdvLoss:[0.1218]
Train Iter:[36 /51] CauLoss:[0.8391], AdvLoss:[0.1204]
Train Iter:[48 /51] CauLoss:[0.8270], AdvLoss:[0.1300]
--------------------------------------------------------------------------------------------------------------------------------------------------------------------------------------------------------
Epoch:[66/100], CauAdvLoss:[0.8267/0.1307] valid:[93.81], test:[69.89]
--------------------------------------------------------------------------------------------------------------------------------------------------------------------------------------------------------
Train Iter:[0  /51] CauLoss:[0.9274], AdvLoss:[0.3082]
Train Iter:[12 /51] CauLoss:[0.7392], AdvLoss:[0.1272]
Train Iter:[24 /51] CauLoss:[0.7831], AdvLoss:[0.1410]
Train Iter:[36 /51] CauLoss:[0.8113], AdvLoss:[0.1328]
Train Iter:[48 /51] CauLoss:[0.8123], AdvLoss:[0.1348]
--------------------------------------------------------------------------------------------------------------------------------------------------------------------------------------------------------
Epoch:[67/100], CauAdvLoss:[0.8121/0.1411] valid:[93.95], test:[69.16]
--------------------------------------------------------------------------------------------------------------------------------------------------------------------------------------------------------
Train Iter:[0  /51] CauLoss:[0.5936], AdvLoss:[0.2124]
Train Iter:[12 /51] CauLoss:[0.8159], AdvLoss:[0.2170]
Train Iter:[24 /51] CauLoss:[0.8080], AdvLoss:[0.2035]
Train Iter:[36 /51] CauLoss:[0.8011], AdvLoss:[0.1696]
Train Iter:[48 /51] CauLoss:[0.7924], AdvLoss:[0.1564]
--------------------------------------------------------------------------------------------------------------------------------------------------------------------------------------------------------
Epoch:[68/100], CauAdvLoss:[0.7940/0.1535] valid:[94.49], test:[70.43]
--------------------------------------------------------------------------------------------------------------------------------------------------------------------------------------------------------
Train Iter:[0  /51] CauLoss:[0.6171], AdvLoss:[0.0735]
Train Iter:[12 /51] CauLoss:[0.8292], AdvLoss:[0.1655]
Train Iter:[24 /51] CauLoss:[0.8518], AdvLoss:[0.1459]
Train Iter:[36 /51] CauLoss:[0.8493], AdvLoss:[0.1603]
Train Iter:[48 /51] CauLoss:[0.8315], AdvLoss:[0.1430]
--------------------------------------------------------------------------------------------------------------------------------------------------------------------------------------------------------
Epoch:[69/100], CauAdvLoss:[0.8342/0.1400] valid:[94.37], test:[69.76]
--------------------------------------------------------------------------------------------------------------------------------------------------------------------------------------------------------
Train Iter:[0  /51] CauLoss:[0.7017], AdvLoss:[0.0434]
Train Iter:[12 /51] CauLoss:[0.7443], AdvLoss:[0.1017]
Train Iter:[24 /51] CauLoss:[0.7620], AdvLoss:[0.0979]
Train Iter:[36 /51] CauLoss:[0.7885], AdvLoss:[0.1097]
Train Iter:[48 /51] CauLoss:[0.8011], AdvLoss:[0.1228]
--------------------------------------------------------------------------------------------------------------------------------------------------------------------------------------------------------
Epoch:[70/100], CauAdvLoss:[0.7966/0.1215] valid:[94.19], test:[70.42]
--------------------------------------------------------------------------------------------------------------------------------------------------------------------------------------------------------
Train Iter:[0  /51] CauLoss:[0.6168], AdvLoss:[0.0909]
Train Iter:[12 /51] CauLoss:[0.8167], AdvLoss:[0.1386]
Train Iter:[24 /51] CauLoss:[0.8247], AdvLoss:[0.1407]
Train Iter:[36 /51] CauLoss:[0.8152], AdvLoss:[0.1441]
Train Iter:[48 /51] CauLoss:[0.8128], AdvLoss:[0.1412]
--------------------------------------------------------------------------------------------------------------------------------------------------------------------------------------------------------
Epoch:[71/100], CauAdvLoss:[0.8063/0.1379] valid:[94.07], test:[69.99]
--------------------------------------------------------------------------------------------------------------------------------------------------------------------------------------------------------
Train Iter:[0  /51] CauLoss:[0.6711], AdvLoss:[0.1721]
Train Iter:[12 /51] CauLoss:[0.7651], AdvLoss:[0.1228]
Train Iter:[24 /51] CauLoss:[0.8329], AdvLoss:[0.1295]
Train Iter:[36 /51] CauLoss:[0.8265], AdvLoss:[0.1296]
Train Iter:[48 /51] CauLoss:[0.8182], AdvLoss:[0.1271]
--------------------------------------------------------------------------------------------------------------------------------------------------------------------------------------------------------
Epoch:[72/100], CauAdvLoss:[0.8209/0.1283] valid:[93.71], test:[70.29]
--------------------------------------------------------------------------------------------------------------------------------------------------------------------------------------------------------
Train Iter:[0  /51] CauLoss:[0.9554], AdvLoss:[0.0510]
Train Iter:[12 /51] CauLoss:[0.8109], AdvLoss:[0.1265]
Train Iter:[24 /51] CauLoss:[0.8014], AdvLoss:[0.1333]
Train Iter:[36 /51] CauLoss:[0.8003], AdvLoss:[0.1312]
Train Iter:[48 /51] CauLoss:[0.7923], AdvLoss:[0.1272]
--------------------------------------------------------------------------------------------------------------------------------------------------------------------------------------------------------
Epoch:[73/100], CauAdvLoss:[0.7943/0.1326] valid:[93.86], test:[68.28]
--------------------------------------------------------------------------------------------------------------------------------------------------------------------------------------------------------
Train Iter:[0  /51] CauLoss:[0.7084], AdvLoss:[0.0345]
Train Iter:[12 /51] CauLoss:[0.7855], AdvLoss:[0.1340]
Train Iter:[24 /51] CauLoss:[0.7700], AdvLoss:[0.1233]
Train Iter:[36 /51] CauLoss:[0.7757], AdvLoss:[0.1253]
Train Iter:[48 /51] CauLoss:[0.7757], AdvLoss:[0.1238]
--------------------------------------------------------------------------------------------------------------------------------------------------------------------------------------------------------
Epoch:[74/100], CauAdvLoss:[0.7783/0.1239] valid:[93.93], test:[70.13]
--------------------------------------------------------------------------------------------------------------------------------------------------------------------------------------------------------
Train Iter:[0  /51] CauLoss:[0.6106], AdvLoss:[0.1195]
Train Iter:[12 /51] CauLoss:[0.7718], AdvLoss:[0.1314]
Train Iter:[24 /51] CauLoss:[0.8115], AdvLoss:[0.1471]
Train Iter:[36 /51] CauLoss:[0.7682], AdvLoss:[0.1300]
Train Iter:[48 /51] CauLoss:[0.7790], AdvLoss:[0.1295]
--------------------------------------------------------------------------------------------------------------------------------------------------------------------------------------------------------
Epoch:[75/100], CauAdvLoss:[0.7753/0.1287] valid:[94.17], test:[68.97]
--------------------------------------------------------------------------------------------------------------------------------------------------------------------------------------------------------
Train Iter:[0  /51] CauLoss:[0.7858], AdvLoss:[0.1821]
Train Iter:[12 /51] CauLoss:[0.7679], AdvLoss:[0.1250]
Train Iter:[24 /51] CauLoss:[0.7727], AdvLoss:[0.1141]
Train Iter:[36 /51] CauLoss:[0.8105], AdvLoss:[0.1299]
Train Iter:[48 /51] CauLoss:[0.7881], AdvLoss:[0.1402]
--------------------------------------------------------------------------------------------------------------------------------------------------------------------------------------------------------
Epoch:[76/100], CauAdvLoss:[0.7861/0.1388] valid:[94.20], test:[69.83]
--------------------------------------------------------------------------------------------------------------------------------------------------------------------------------------------------------
Train Iter:[0  /51] CauLoss:[0.8156], AdvLoss:[0.0905]
Train Iter:[12 /51] CauLoss:[0.7464], AdvLoss:[0.1226]
Train Iter:[24 /51] CauLoss:[0.7655], AdvLoss:[0.1138]
Train Iter:[36 /51] CauLoss:[0.7786], AdvLoss:[0.1159]
Train Iter:[48 /51] CauLoss:[0.7986], AdvLoss:[0.1248]
--------------------------------------------------------------------------------------------------------------------------------------------------------------------------------------------------------
Epoch:[77/100], CauAdvLoss:[0.7938/0.1232] valid:[93.95], test:[69.99]
--------------------------------------------------------------------------------------------------------------------------------------------------------------------------------------------------------
Train Iter:[0  /51] CauLoss:[0.8357], AdvLoss:[0.0969]
Train Iter:[12 /51] CauLoss:[0.8166], AdvLoss:[0.1245]
Train Iter:[24 /51] CauLoss:[0.7750], AdvLoss:[0.1210]
Train Iter:[36 /51] CauLoss:[0.7983], AdvLoss:[0.1313]
Train Iter:[48 /51] CauLoss:[0.8000], AdvLoss:[0.1365]
--------------------------------------------------------------------------------------------------------------------------------------------------------------------------------------------------------
Epoch:[78/100], CauAdvLoss:[0.7990/0.1355] valid:[93.76], test:[70.40]
--------------------------------------------------------------------------------------------------------------------------------------------------------------------------------------------------------
Train Iter:[0  /51] CauLoss:[0.7325], AdvLoss:[0.1445]
Train Iter:[12 /51] CauLoss:[0.7773], AdvLoss:[0.1082]
Train Iter:[24 /51] CauLoss:[0.8113], AdvLoss:[0.1300]
Train Iter:[36 /51] CauLoss:[0.8012], AdvLoss:[0.1230]
Train Iter:[48 /51] CauLoss:[0.7777], AdvLoss:[0.1165]
--------------------------------------------------------------------------------------------------------------------------------------------------------------------------------------------------------
Epoch:[79/100], CauAdvLoss:[0.7883/0.1181] valid:[94.10], test:[70.47]
--------------------------------------------------------------------------------------------------------------------------------------------------------------------------------------------------------
Train Iter:[0  /51] CauLoss:[0.6857], AdvLoss:[0.1627]
Train Iter:[12 /51] CauLoss:[0.7924], AdvLoss:[0.1489]
Train Iter:[24 /51] CauLoss:[0.7856], AdvLoss:[0.1424]
Train Iter:[36 /51] CauLoss:[0.7856], AdvLoss:[0.1345]
Train Iter:[48 /51] CauLoss:[0.7799], AdvLoss:[0.1305]
--------------------------------------------------------------------------------------------------------------------------------------------------------------------------------------------------------
Epoch:[80/100], CauAdvLoss:[0.7793/0.1288] valid:[93.88], test:[69.97]
--------------------------------------------------------------------------------------------------------------------------------------------------------------------------------------------------------
Train Iter:[0  /51] CauLoss:[0.6862], AdvLoss:[0.1288]
Train Iter:[12 /51] CauLoss:[0.7485], AdvLoss:[0.1272]
Train Iter:[24 /51] CauLoss:[0.7652], AdvLoss:[0.1148]
Train Iter:[36 /51] CauLoss:[0.7967], AdvLoss:[0.1258]
Train Iter:[48 /51] CauLoss:[0.8007], AdvLoss:[0.1257]
--------------------------------------------------------------------------------------------------------------------------------------------------------------------------------------------------------
Epoch:[81/100], CauAdvLoss:[0.7977/0.1230] valid:[94.05], test:[69.22]
--------------------------------------------------------------------------------------------------------------------------------------------------------------------------------------------------------
Train Iter:[0  /51] CauLoss:[0.7017], AdvLoss:[0.1171]
Train Iter:[12 /51] CauLoss:[0.7411], AdvLoss:[0.0977]
Train Iter:[24 /51] CauLoss:[0.7514], AdvLoss:[0.1193]
Train Iter:[36 /51] CauLoss:[0.7830], AdvLoss:[0.1359]
Train Iter:[48 /51] CauLoss:[0.7767], AdvLoss:[0.1241]
--------------------------------------------------------------------------------------------------------------------------------------------------------------------------------------------------------
Epoch:[82/100], CauAdvLoss:[0.7774/0.1254] valid:[94.16], test:[69.56]
--------------------------------------------------------------------------------------------------------------------------------------------------------------------------------------------------------
Train Iter:[0  /51] CauLoss:[0.5751], AdvLoss:[0.0519]
Train Iter:[12 /51] CauLoss:[0.7571], AdvLoss:[0.1139]
Train Iter:[24 /51] CauLoss:[0.7480], AdvLoss:[0.1122]
Train Iter:[36 /51] CauLoss:[0.7565], AdvLoss:[0.1073]
Train Iter:[48 /51] CauLoss:[0.7823], AdvLoss:[0.1133]
--------------------------------------------------------------------------------------------------------------------------------------------------------------------------------------------------------
Epoch:[83/100], CauAdvLoss:[0.7975/0.1208] valid:[94.35], test:[70.22]
--------------------------------------------------------------------------------------------------------------------------------------------------------------------------------------------------------
Train Iter:[0  /51] CauLoss:[0.8229], AdvLoss:[0.0871]
Train Iter:[12 /51] CauLoss:[0.7286], AdvLoss:[0.0888]
Train Iter:[24 /51] CauLoss:[0.7514], AdvLoss:[0.1084]
Train Iter:[36 /51] CauLoss:[0.7815], AdvLoss:[0.1220]
Train Iter:[48 /51] CauLoss:[0.7903], AdvLoss:[0.1228]
--------------------------------------------------------------------------------------------------------------------------------------------------------------------------------------------------------
Epoch:[84/100], CauAdvLoss:[0.7884/0.1215] valid:[94.26], test:[70.18]
--------------------------------------------------------------------------------------------------------------------------------------------------------------------------------------------------------
Train Iter:[0  /51] CauLoss:[0.9285], AdvLoss:[0.2608]
Train Iter:[12 /51] CauLoss:[0.8537], AdvLoss:[0.1494]
Train Iter:[24 /51] CauLoss:[0.8675], AdvLoss:[0.1468]
Train Iter:[36 /51] CauLoss:[0.8140], AdvLoss:[0.1253]
Train Iter:[48 /51] CauLoss:[0.8006], AdvLoss:[0.1235]
--------------------------------------------------------------------------------------------------------------------------------------------------------------------------------------------------------
Epoch:[85/100], CauAdvLoss:[0.7998/0.1238] valid:[94.23], test:[69.79]
--------------------------------------------------------------------------------------------------------------------------------------------------------------------------------------------------------
Train Iter:[0  /51] CauLoss:[0.8055], AdvLoss:[0.1765]
Train Iter:[12 /51] CauLoss:[0.7950], AdvLoss:[0.1412]
Train Iter:[24 /51] CauLoss:[0.7665], AdvLoss:[0.1123]
Train Iter:[36 /51] CauLoss:[0.7758], AdvLoss:[0.1203]
Train Iter:[48 /51] CauLoss:[0.7752], AdvLoss:[0.1216]
--------------------------------------------------------------------------------------------------------------------------------------------------------------------------------------------------------
Epoch:[86/100], CauAdvLoss:[0.7763/0.1198] valid:[94.13], test:[70.10]
--------------------------------------------------------------------------------------------------------------------------------------------------------------------------------------------------------
Train Iter:[0  /51] CauLoss:[0.8752], AdvLoss:[0.0226]
Train Iter:[12 /51] CauLoss:[0.7962], AdvLoss:[0.1046]
Train Iter:[24 /51] CauLoss:[0.7917], AdvLoss:[0.1197]
Train Iter:[36 /51] CauLoss:[0.8091], AdvLoss:[0.1296]
Train Iter:[48 /51] CauLoss:[0.8011], AdvLoss:[0.1231]
--------------------------------------------------------------------------------------------------------------------------------------------------------------------------------------------------------
Epoch:[87/100], CauAdvLoss:[0.7956/0.1196] valid:[94.08], test:[70.14]
--------------------------------------------------------------------------------------------------------------------------------------------------------------------------------------------------------
Train Iter:[0  /51] CauLoss:[0.6814], AdvLoss:[0.1603]
Train Iter:[12 /51] CauLoss:[0.7293], AdvLoss:[0.0962]
Train Iter:[24 /51] CauLoss:[0.7449], AdvLoss:[0.1068]
Train Iter:[36 /51] CauLoss:[0.7530], AdvLoss:[0.1097]
Train Iter:[48 /51] CauLoss:[0.7745], AdvLoss:[0.1177]
--------------------------------------------------------------------------------------------------------------------------------------------------------------------------------------------------------
Epoch:[88/100], CauAdvLoss:[0.7771/0.1193] valid:[94.16], test:[69.91]
--------------------------------------------------------------------------------------------------------------------------------------------------------------------------------------------------------
Train Iter:[0  /51] CauLoss:[0.6805], AdvLoss:[0.0569]
Train Iter:[12 /51] CauLoss:[0.7565], AdvLoss:[0.0975]
Train Iter:[24 /51] CauLoss:[0.7973], AdvLoss:[0.1082]
Train Iter:[36 /51] CauLoss:[0.7752], AdvLoss:[0.1034]
Train Iter:[48 /51] CauLoss:[0.7707], AdvLoss:[0.1203]
--------------------------------------------------------------------------------------------------------------------------------------------------------------------------------------------------------
Epoch:[89/100], CauAdvLoss:[0.7710/0.1199] valid:[93.98], test:[69.71]
--------------------------------------------------------------------------------------------------------------------------------------------------------------------------------------------------------
Train Iter:[0  /51] CauLoss:[0.7092], AdvLoss:[0.1183]
Train Iter:[12 /51] CauLoss:[0.8483], AdvLoss:[0.1435]
Train Iter:[24 /51] CauLoss:[0.8005], AdvLoss:[0.1305]
Train Iter:[36 /51] CauLoss:[0.7994], AdvLoss:[0.1225]
Train Iter:[48 /51] CauLoss:[0.7960], AdvLoss:[0.1214]
--------------------------------------------------------------------------------------------------------------------------------------------------------------------------------------------------------
Epoch:[90/100], CauAdvLoss:[0.7914/0.1190] valid:[93.84], test:[69.54]
--------------------------------------------------------------------------------------------------------------------------------------------------------------------------------------------------------
Train Iter:[0  /51] CauLoss:[0.6405], AdvLoss:[0.1033]
Train Iter:[12 /51] CauLoss:[0.7417], AdvLoss:[0.0931]
Train Iter:[24 /51] CauLoss:[0.7638], AdvLoss:[0.1238]
Train Iter:[36 /51] CauLoss:[0.7931], AdvLoss:[0.1228]
Train Iter:[48 /51] CauLoss:[0.7737], AdvLoss:[0.1164]
--------------------------------------------------------------------------------------------------------------------------------------------------------------------------------------------------------
Epoch:[91/100], CauAdvLoss:[0.7714/0.1152] valid:[93.84], test:[69.65]
--------------------------------------------------------------------------------------------------------------------------------------------------------------------------------------------------------
Train Iter:[0  /51] CauLoss:[0.8898], AdvLoss:[0.0888]
Train Iter:[12 /51] CauLoss:[0.7806], AdvLoss:[0.1188]
Train Iter:[24 /51] CauLoss:[0.7639], AdvLoss:[0.1138]
Train Iter:[36 /51] CauLoss:[0.7737], AdvLoss:[0.1198]
Train Iter:[48 /51] CauLoss:[0.7924], AdvLoss:[0.1243]
--------------------------------------------------------------------------------------------------------------------------------------------------------------------------------------------------------
Epoch:[92/100], CauAdvLoss:[0.7906/0.1222] valid:[94.02], test:[69.50]
--------------------------------------------------------------------------------------------------------------------------------------------------------------------------------------------------------
Train Iter:[0  /51] CauLoss:[1.1152], AdvLoss:[0.2254]
Train Iter:[12 /51] CauLoss:[0.8228], AdvLoss:[0.1313]
Train Iter:[24 /51] CauLoss:[0.8054], AdvLoss:[0.1231]
Train Iter:[36 /51] CauLoss:[0.7885], AdvLoss:[0.1127]
Train Iter:[48 /51] CauLoss:[0.7675], AdvLoss:[0.1156]
--------------------------------------------------------------------------------------------------------------------------------------------------------------------------------------------------------
Epoch:[93/100], CauAdvLoss:[0.7711/0.1174] valid:[93.96], test:[69.25]
--------------------------------------------------------------------------------------------------------------------------------------------------------------------------------------------------------
Train Iter:[0  /51] CauLoss:[0.5787], AdvLoss:[0.1042]
Train Iter:[12 /51] CauLoss:[0.7822], AdvLoss:[0.1495]
Train Iter:[24 /51] CauLoss:[0.7604], AdvLoss:[0.1231]
Train Iter:[36 /51] CauLoss:[0.7726], AdvLoss:[0.1343]
Train Iter:[48 /51] CauLoss:[0.7596], AdvLoss:[0.1214]
--------------------------------------------------------------------------------------------------------------------------------------------------------------------------------------------------------
Epoch:[94/100], CauAdvLoss:[0.7656/0.1262] valid:[93.93], test:[69.84]
--------------------------------------------------------------------------------------------------------------------------------------------------------------------------------------------------------
Train Iter:[0  /51] CauLoss:[0.9575], AdvLoss:[0.2123]
Train Iter:[12 /51] CauLoss:[0.7850], AdvLoss:[0.1138]
Train Iter:[24 /51] CauLoss:[0.7681], AdvLoss:[0.1055]
Train Iter:[36 /51] CauLoss:[0.7890], AdvLoss:[0.1204]
Train Iter:[48 /51] CauLoss:[0.7906], AdvLoss:[0.1250]
--------------------------------------------------------------------------------------------------------------------------------------------------------------------------------------------------------
Epoch:[95/100], CauAdvLoss:[0.7929/0.1226] valid:[93.99], test:[69.65]
--------------------------------------------------------------------------------------------------------------------------------------------------------------------------------------------------------
Train Iter:[0  /51] CauLoss:[0.6260], AdvLoss:[0.0300]
Train Iter:[12 /51] CauLoss:[0.7755], AdvLoss:[0.1344]
Train Iter:[24 /51] CauLoss:[0.7762], AdvLoss:[0.1289]
Train Iter:[36 /51] CauLoss:[0.7819], AdvLoss:[0.1276]
Train Iter:[48 /51] CauLoss:[0.7795], AdvLoss:[0.1303]
--------------------------------------------------------------------------------------------------------------------------------------------------------------------------------------------------------
Epoch:[96/100], CauAdvLoss:[0.7794/0.1275] valid:[94.11], test:[69.70]
--------------------------------------------------------------------------------------------------------------------------------------------------------------------------------------------------------
Train Iter:[0  /51] CauLoss:[0.8046], AdvLoss:[0.2001]
Train Iter:[12 /51] CauLoss:[0.8049], AdvLoss:[0.1339]
Train Iter:[24 /51] CauLoss:[0.8082], AdvLoss:[0.1427]
Train Iter:[36 /51] CauLoss:[0.7789], AdvLoss:[0.1306]
Train Iter:[48 /51] CauLoss:[0.7855], AdvLoss:[0.1247]
--------------------------------------------------------------------------------------------------------------------------------------------------------------------------------------------------------
Epoch:[97/100], CauAdvLoss:[0.7835/0.1240] valid:[93.91], test:[70.08]
--------------------------------------------------------------------------------------------------------------------------------------------------------------------------------------------------------
Train Iter:[0  /51] CauLoss:[0.5882], AdvLoss:[0.0470]
Train Iter:[12 /51] CauLoss:[0.7049], AdvLoss:[0.1020]
Train Iter:[24 /51] CauLoss:[0.7620], AdvLoss:[0.1240]
Train Iter:[36 /51] CauLoss:[0.7668], AdvLoss:[0.1184]
Train Iter:[48 /51] CauLoss:[0.7736], AdvLoss:[0.1118]
--------------------------------------------------------------------------------------------------------------------------------------------------------------------------------------------------------
Epoch:[98/100], CauAdvLoss:[0.7815/0.1193] valid:[94.05], test:[69.97]
--------------------------------------------------------------------------------------------------------------------------------------------------------------------------------------------------------
Train Iter:[0  /51] CauLoss:[0.8161], AdvLoss:[0.1971]
Train Iter:[12 /51] CauLoss:[0.8005], AdvLoss:[0.1459]
Train Iter:[24 /51] CauLoss:[0.7686], AdvLoss:[0.1248]
Train Iter:[36 /51] CauLoss:[0.7706], AdvLoss:[0.1256]
Train Iter:[48 /51] CauLoss:[0.7711], AdvLoss:[0.1151]
--------------------------------------------------------------------------------------------------------------------------------------------------------------------------------------------------------
Epoch:[99/100], CauAdvLoss:[0.7772/0.1159] valid:[94.02], test:[69.58]
--------------------------------------------------------------------------------------------------------------------------------------------------------------------------------------------------------
Train Iter:[0  /51] CauLoss:[0.8178], AdvLoss:[0.1819]
Train Iter:[12 /51] CauLoss:[0.7445], AdvLoss:[0.1014]
Train Iter:[24 /51] CauLoss:[0.7541], AdvLoss:[0.1017]
Train Iter:[36 /51] CauLoss:[0.7522], AdvLoss:[0.1050]
Train Iter:[48 /51] CauLoss:[0.7908], AdvLoss:[0.1183]
--------------------------------------------------------------------------------------------------------------------------------------------------------------------------------------------------------
Epoch:[100/100], CauAdvLoss:[0.7937/0.1207] valid:[94.01], test:[69.55]
--------------------------------------------------------------------------------------------------------------------------------------------------------------------------------------------------------
Update test:[70.14] at epoch:[39] | Total time:00:03:35
initialize network with kaiming
Train Iter:[0  /51] CauLoss:[1.9536], AdvLoss:[-378.9912]
Train Iter:[12 /51] CauLoss:[1.7451], AdvLoss:[-41.5918]
Train Iter:[24 /51] CauLoss:[1.5610], AdvLoss:[-21.7284]
Train Iter:[36 /51] CauLoss:[1.5632], AdvLoss:[-14.6943]
Train Iter:[48 /51] CauLoss:[1.5168], AdvLoss:[-11.1225]
--------------------------------------------------------------------------------------------------------------------------------------------------------------------------------------------------------
Epoch:[1/100], CauAdvLoss:[1.5114/-10.6914] valid:[86.11], test:[62.57]
--------------------------------------------------------------------------------------------------------------------------------------------------------------------------------------------------------
Train Iter:[0  /51] CauLoss:[1.2376], AdvLoss:[-0.0942]
Train Iter:[12 /51] CauLoss:[1.3015], AdvLoss:[-0.0460]
Train Iter:[24 /51] CauLoss:[1.2965], AdvLoss:[-0.0121]
Train Iter:[36 /51] CauLoss:[1.3014], AdvLoss:[0.0049]
Train Iter:[48 /51] CauLoss:[1.2870], AdvLoss:[0.0035]
--------------------------------------------------------------------------------------------------------------------------------------------------------------------------------------------------------
Epoch:[2/100], CauAdvLoss:[1.2935/0.0069] valid:[92.09], test:[58.66]
--------------------------------------------------------------------------------------------------------------------------------------------------------------------------------------------------------
Train Iter:[0  /51] CauLoss:[1.2516], AdvLoss:[0.0849]
Train Iter:[12 /51] CauLoss:[1.2925], AdvLoss:[0.0976]
Train Iter:[24 /51] CauLoss:[1.2870], AdvLoss:[0.0985]
Train Iter:[36 /51] CauLoss:[1.2270], AdvLoss:[0.0844]
Train Iter:[48 /51] CauLoss:[1.2151], AdvLoss:[0.0798]
--------------------------------------------------------------------------------------------------------------------------------------------------------------------------------------------------------
Epoch:[3/100], CauAdvLoss:[1.2047/0.0755] valid:[91.57], test:[60.26]
--------------------------------------------------------------------------------------------------------------------------------------------------------------------------------------------------------
Train Iter:[0  /51] CauLoss:[1.0677], AdvLoss:[0.0217]
Train Iter:[12 /51] CauLoss:[1.1469], AdvLoss:[0.0813]
Train Iter:[24 /51] CauLoss:[1.1960], AdvLoss:[0.0960]
Train Iter:[36 /51] CauLoss:[1.1959], AdvLoss:[0.1102]
Train Iter:[48 /51] CauLoss:[1.1708], AdvLoss:[0.1066]
--------------------------------------------------------------------------------------------------------------------------------------------------------------------------------------------------------
Epoch:[4/100], CauAdvLoss:[1.1774/0.1118] valid:[93.10], test:[60.49]
--------------------------------------------------------------------------------------------------------------------------------------------------------------------------------------------------------
Train Iter:[0  /51] CauLoss:[1.6369], AdvLoss:[0.4421]
Train Iter:[12 /51] CauLoss:[1.1776], AdvLoss:[0.1480]
Train Iter:[24 /51] CauLoss:[1.1858], AdvLoss:[0.1751]
Train Iter:[36 /51] CauLoss:[1.1769], AdvLoss:[0.1776]
Train Iter:[48 /51] CauLoss:[1.1395], AdvLoss:[0.1608]
--------------------------------------------------------------------------------------------------------------------------------------------------------------------------------------------------------
Epoch:[5/100], CauAdvLoss:[1.1448/0.1619] valid:[92.68], test:[58.89]
--------------------------------------------------------------------------------------------------------------------------------------------------------------------------------------------------------
Train Iter:[0  /51] CauLoss:[1.1761], AdvLoss:[0.1234]
Train Iter:[12 /51] CauLoss:[1.1367], AdvLoss:[0.1424]
Train Iter:[24 /51] CauLoss:[1.1620], AdvLoss:[0.1454]
Train Iter:[36 /51] CauLoss:[1.1448], AdvLoss:[0.1525]
Train Iter:[48 /51] CauLoss:[1.1438], AdvLoss:[0.1550]
--------------------------------------------------------------------------------------------------------------------------------------------------------------------------------------------------------
Epoch:[6/100], CauAdvLoss:[1.1429/0.1545] valid:[91.99], test:[61.15]
--------------------------------------------------------------------------------------------------------------------------------------------------------------------------------------------------------
Train Iter:[0  /51] CauLoss:[0.9537], AdvLoss:[0.1215]
Train Iter:[12 /51] CauLoss:[1.1517], AdvLoss:[0.1654]
Train Iter:[24 /51] CauLoss:[1.1166], AdvLoss:[0.1727]
Train Iter:[36 /51] CauLoss:[1.0955], AdvLoss:[0.1759]
Train Iter:[48 /51] CauLoss:[1.0967], AdvLoss:[0.1816]
--------------------------------------------------------------------------------------------------------------------------------------------------------------------------------------------------------
Epoch:[7/100], CauAdvLoss:[1.1036/0.1858] valid:[90.61], test:[63.87]
--------------------------------------------------------------------------------------------------------------------------------------------------------------------------------------------------------
Train Iter:[0  /51] CauLoss:[1.1709], AdvLoss:[0.1401]
Train Iter:[12 /51] CauLoss:[1.1860], AdvLoss:[0.2126]
Train Iter:[24 /51] CauLoss:[1.1355], AdvLoss:[0.2025]
Train Iter:[36 /51] CauLoss:[1.1256], AdvLoss:[0.2091]
Train Iter:[48 /51] CauLoss:[1.0900], AdvLoss:[0.1894]
--------------------------------------------------------------------------------------------------------------------------------------------------------------------------------------------------------
Epoch:[8/100], CauAdvLoss:[1.1016/0.1937] valid:[91.45], test:[62.36]
--------------------------------------------------------------------------------------------------------------------------------------------------------------------------------------------------------
Train Iter:[0  /51] CauLoss:[1.4606], AdvLoss:[0.2824]
Train Iter:[12 /51] CauLoss:[0.9966], AdvLoss:[0.1549]
Train Iter:[24 /51] CauLoss:[1.0877], AdvLoss:[0.1984]
Train Iter:[36 /51] CauLoss:[1.1149], AdvLoss:[0.1972]
Train Iter:[48 /51] CauLoss:[1.0852], AdvLoss:[0.1907]
--------------------------------------------------------------------------------------------------------------------------------------------------------------------------------------------------------
Epoch:[9/100], CauAdvLoss:[1.0813/0.1881] valid:[91.47], test:[62.59]
--------------------------------------------------------------------------------------------------------------------------------------------------------------------------------------------------------
Train Iter:[0  /51] CauLoss:[1.1046], AdvLoss:[0.1386]
Train Iter:[12 /51] CauLoss:[0.9788], AdvLoss:[0.1492]
Train Iter:[24 /51] CauLoss:[1.0385], AdvLoss:[0.1767]
Train Iter:[36 /51] CauLoss:[1.0316], AdvLoss:[0.1766]
Train Iter:[48 /51] CauLoss:[1.0395], AdvLoss:[0.1846]
--------------------------------------------------------------------------------------------------------------------------------------------------------------------------------------------------------
Epoch:[10/100], CauAdvLoss:[1.0453/0.1883] valid:[90.85], test:[64.44]
--------------------------------------------------------------------------------------------------------------------------------------------------------------------------------------------------------
Train Iter:[0  /51] CauLoss:[0.6937], AdvLoss:[0.0303]
Train Iter:[12 /51] CauLoss:[1.0466], AdvLoss:[0.1919]
Train Iter:[24 /51] CauLoss:[1.0903], AdvLoss:[0.2340]
Train Iter:[36 /51] CauLoss:[1.0666], AdvLoss:[0.2174]
Train Iter:[48 /51] CauLoss:[1.0544], AdvLoss:[0.2186]
--------------------------------------------------------------------------------------------------------------------------------------------------------------------------------------------------------
Epoch:[11/100], CauAdvLoss:[1.0414/0.2127] valid:[92.52], test:[62.68]
--------------------------------------------------------------------------------------------------------------------------------------------------------------------------------------------------------
Train Iter:[0  /51] CauLoss:[1.0061], AdvLoss:[0.2113]
Train Iter:[12 /51] CauLoss:[1.0108], AdvLoss:[0.1853]
Train Iter:[24 /51] CauLoss:[1.0011], AdvLoss:[0.1791]
Train Iter:[36 /51] CauLoss:[1.0257], AdvLoss:[0.2045]
Train Iter:[48 /51] CauLoss:[1.0142], AdvLoss:[0.2110]
--------------------------------------------------------------------------------------------------------------------------------------------------------------------------------------------------------
Epoch:[12/100], CauAdvLoss:[1.0185/0.2098] valid:[93.10], test:[63.61]
--------------------------------------------------------------------------------------------------------------------------------------------------------------------------------------------------------
Train Iter:[0  /51] CauLoss:[0.7708], AdvLoss:[0.2117]
Train Iter:[12 /51] CauLoss:[0.9446], AdvLoss:[0.1913]
Train Iter:[24 /51] CauLoss:[1.0297], AdvLoss:[0.2073]
Train Iter:[36 /51] CauLoss:[1.0217], AdvLoss:[0.2220]
Train Iter:[48 /51] CauLoss:[1.0504], AdvLoss:[0.2306]
--------------------------------------------------------------------------------------------------------------------------------------------------------------------------------------------------------
Epoch:[13/100], CauAdvLoss:[1.0532/0.2320] valid:[92.43], test:[66.98]
--------------------------------------------------------------------------------------------------------------------------------------------------------------------------------------------------------
Train Iter:[0  /51] CauLoss:[0.8416], AdvLoss:[0.0891]
Train Iter:[12 /51] CauLoss:[1.0554], AdvLoss:[0.1933]
Train Iter:[24 /51] CauLoss:[1.0127], AdvLoss:[0.1790]
Train Iter:[36 /51] CauLoss:[1.0187], AdvLoss:[0.1937]
Train Iter:[48 /51] CauLoss:[1.0032], AdvLoss:[0.2077]
--------------------------------------------------------------------------------------------------------------------------------------------------------------------------------------------------------
Epoch:[14/100], CauAdvLoss:[1.0113/0.2255] valid:[91.98], test:[64.30]
--------------------------------------------------------------------------------------------------------------------------------------------------------------------------------------------------------
Train Iter:[0  /51] CauLoss:[1.3199], AdvLoss:[0.4108]
Train Iter:[12 /51] CauLoss:[0.9623], AdvLoss:[0.2486]
Train Iter:[24 /51] CauLoss:[0.9750], AdvLoss:[0.2251]
Train Iter:[36 /51] CauLoss:[0.9996], AdvLoss:[0.2170]
Train Iter:[48 /51] CauLoss:[1.0108], AdvLoss:[0.2182]
--------------------------------------------------------------------------------------------------------------------------------------------------------------------------------------------------------
Epoch:[15/100], CauAdvLoss:[1.0033/0.2149] valid:[91.43], test:[66.49]
--------------------------------------------------------------------------------------------------------------------------------------------------------------------------------------------------------
Train Iter:[0  /51] CauLoss:[1.1316], AdvLoss:[0.2657]
Train Iter:[12 /51] CauLoss:[0.9848], AdvLoss:[0.2660]
Train Iter:[24 /51] CauLoss:[1.0220], AdvLoss:[0.2477]
Train Iter:[36 /51] CauLoss:[1.0187], AdvLoss:[0.2364]
Train Iter:[48 /51] CauLoss:[0.9914], AdvLoss:[0.2328]
--------------------------------------------------------------------------------------------------------------------------------------------------------------------------------------------------------
Epoch:[16/100], CauAdvLoss:[0.9929/0.2322] valid:[92.90], test:[66.77]
--------------------------------------------------------------------------------------------------------------------------------------------------------------------------------------------------------
Train Iter:[0  /51] CauLoss:[0.8960], AdvLoss:[0.1305]
Train Iter:[12 /51] CauLoss:[1.1019], AdvLoss:[0.2285]
Train Iter:[24 /51] CauLoss:[1.0558], AdvLoss:[0.2069]
Train Iter:[36 /51] CauLoss:[1.0309], AdvLoss:[0.1945]
Train Iter:[48 /51] CauLoss:[1.0116], AdvLoss:[0.1924]
--------------------------------------------------------------------------------------------------------------------------------------------------------------------------------------------------------
Epoch:[17/100], CauAdvLoss:[1.0044/0.1960] valid:[92.94], test:[64.48]
--------------------------------------------------------------------------------------------------------------------------------------------------------------------------------------------------------
Train Iter:[0  /51] CauLoss:[1.3103], AdvLoss:[0.5268]
Train Iter:[12 /51] CauLoss:[1.0251], AdvLoss:[0.2479]
Train Iter:[24 /51] CauLoss:[1.0035], AdvLoss:[0.2293]
Train Iter:[36 /51] CauLoss:[0.9908], AdvLoss:[0.2276]
Train Iter:[48 /51] CauLoss:[1.0063], AdvLoss:[0.2298]
--------------------------------------------------------------------------------------------------------------------------------------------------------------------------------------------------------
Epoch:[18/100], CauAdvLoss:[1.0025/0.2260] valid:[91.49], test:[66.55]
--------------------------------------------------------------------------------------------------------------------------------------------------------------------------------------------------------
Train Iter:[0  /51] CauLoss:[0.8492], AdvLoss:[0.0859]
Train Iter:[12 /51] CauLoss:[0.9472], AdvLoss:[0.1748]
Train Iter:[24 /51] CauLoss:[0.9729], AdvLoss:[0.1887]
Train Iter:[36 /51] CauLoss:[0.9730], AdvLoss:[0.1895]
Train Iter:[48 /51] CauLoss:[0.9708], AdvLoss:[0.1819]
--------------------------------------------------------------------------------------------------------------------------------------------------------------------------------------------------------
Epoch:[19/100], CauAdvLoss:[0.9749/0.1845] valid:[93.82], test:[65.58]
--------------------------------------------------------------------------------------------------------------------------------------------------------------------------------------------------------
Train Iter:[0  /51] CauLoss:[1.0467], AdvLoss:[0.2294]
Train Iter:[12 /51] CauLoss:[1.0201], AdvLoss:[0.1934]
Train Iter:[24 /51] CauLoss:[0.9879], AdvLoss:[0.1919]
Train Iter:[36 /51] CauLoss:[0.9740], AdvLoss:[0.1848]
Train Iter:[48 /51] CauLoss:[0.9930], AdvLoss:[0.1913]
--------------------------------------------------------------------------------------------------------------------------------------------------------------------------------------------------------
Epoch:[20/100], CauAdvLoss:[0.9894/0.1896] valid:[92.53], test:[67.94]
--------------------------------------------------------------------------------------------------------------------------------------------------------------------------------------------------------
Train Iter:[0  /51] CauLoss:[0.7855], AdvLoss:[0.1091]
Train Iter:[12 /51] CauLoss:[0.9569], AdvLoss:[0.1710]
Train Iter:[24 /51] CauLoss:[0.9761], AdvLoss:[0.2095]
Train Iter:[36 /51] CauLoss:[0.9709], AdvLoss:[0.1962]
Train Iter:[48 /51] CauLoss:[0.9642], AdvLoss:[0.2021]
--------------------------------------------------------------------------------------------------------------------------------------------------------------------------------------------------------
Epoch:[21/100], CauAdvLoss:[0.9672/0.2016] valid:[92.17], test:[65.72]
--------------------------------------------------------------------------------------------------------------------------------------------------------------------------------------------------------
Train Iter:[0  /51] CauLoss:[0.9031], AdvLoss:[0.2443]
Train Iter:[12 /51] CauLoss:[0.9446], AdvLoss:[0.1829]
Train Iter:[24 /51] CauLoss:[0.9546], AdvLoss:[0.1897]
Train Iter:[36 /51] CauLoss:[0.9059], AdvLoss:[0.1633]
Train Iter:[48 /51] CauLoss:[0.9517], AdvLoss:[0.1828]
--------------------------------------------------------------------------------------------------------------------------------------------------------------------------------------------------------
Epoch:[22/100], CauAdvLoss:[0.9534/0.1802] valid:[91.30], test:[68.47]
--------------------------------------------------------------------------------------------------------------------------------------------------------------------------------------------------------
Train Iter:[0  /51] CauLoss:[1.4017], AdvLoss:[0.3018]
Train Iter:[12 /51] CauLoss:[1.0143], AdvLoss:[0.2182]
Train Iter:[24 /51] CauLoss:[0.9353], AdvLoss:[0.1712]
Train Iter:[36 /51] CauLoss:[0.9175], AdvLoss:[0.1594]
Train Iter:[48 /51] CauLoss:[0.9334], AdvLoss:[0.1673]
--------------------------------------------------------------------------------------------------------------------------------------------------------------------------------------------------------
Epoch:[23/100], CauAdvLoss:[0.9402/0.1741] valid:[91.67], test:[66.92]
--------------------------------------------------------------------------------------------------------------------------------------------------------------------------------------------------------
Train Iter:[0  /51] CauLoss:[1.4318], AdvLoss:[0.3146]
Train Iter:[12 /51] CauLoss:[0.9851], AdvLoss:[0.2304]
Train Iter:[24 /51] CauLoss:[0.9934], AdvLoss:[0.2623]
Train Iter:[36 /51] CauLoss:[0.9580], AdvLoss:[0.2245]
Train Iter:[48 /51] CauLoss:[0.9691], AdvLoss:[0.2100]
--------------------------------------------------------------------------------------------------------------------------------------------------------------------------------------------------------
Epoch:[24/100], CauAdvLoss:[0.9737/0.2126] valid:[93.69], test:[69.05]
--------------------------------------------------------------------------------------------------------------------------------------------------------------------------------------------------------
Train Iter:[0  /51] CauLoss:[0.7839], AdvLoss:[0.1151]
Train Iter:[12 /51] CauLoss:[0.9485], AdvLoss:[0.1685]
Train Iter:[24 /51] CauLoss:[0.9268], AdvLoss:[0.1720]
Train Iter:[36 /51] CauLoss:[0.9442], AdvLoss:[0.1830]
Train Iter:[48 /51] CauLoss:[0.9572], AdvLoss:[0.1900]
--------------------------------------------------------------------------------------------------------------------------------------------------------------------------------------------------------
Epoch:[25/100], CauAdvLoss:[0.9571/0.1922] valid:[92.72], test:[69.16]
--------------------------------------------------------------------------------------------------------------------------------------------------------------------------------------------------------
Train Iter:[0  /51] CauLoss:[1.1412], AdvLoss:[0.2505]
Train Iter:[12 /51] CauLoss:[1.0057], AdvLoss:[0.3012]
Train Iter:[24 /51] CauLoss:[0.9409], AdvLoss:[0.2431]
Train Iter:[36 /51] CauLoss:[0.9582], AdvLoss:[0.2295]
Train Iter:[48 /51] CauLoss:[0.9707], AdvLoss:[0.2214]
--------------------------------------------------------------------------------------------------------------------------------------------------------------------------------------------------------
Epoch:[26/100], CauAdvLoss:[0.9662/0.2192] valid:[93.63], test:[70.81]
--------------------------------------------------------------------------------------------------------------------------------------------------------------------------------------------------------
Train Iter:[0  /51] CauLoss:[1.0873], AdvLoss:[0.2647]
Train Iter:[12 /51] CauLoss:[0.9373], AdvLoss:[0.1829]
Train Iter:[24 /51] CauLoss:[0.9720], AdvLoss:[0.2151]
Train Iter:[36 /51] CauLoss:[0.9593], AdvLoss:[0.1894]
Train Iter:[48 /51] CauLoss:[0.9727], AdvLoss:[0.1894]
--------------------------------------------------------------------------------------------------------------------------------------------------------------------------------------------------------
Epoch:[27/100], CauAdvLoss:[0.9720/0.1856] valid:[93.49], test:[69.25]
--------------------------------------------------------------------------------------------------------------------------------------------------------------------------------------------------------
Train Iter:[0  /51] CauLoss:[1.2126], AdvLoss:[0.3314]
Train Iter:[12 /51] CauLoss:[0.9721], AdvLoss:[0.1832]
Train Iter:[24 /51] CauLoss:[0.9501], AdvLoss:[0.1727]
Train Iter:[36 /51] CauLoss:[0.9459], AdvLoss:[0.1821]
Train Iter:[48 /51] CauLoss:[0.9498], AdvLoss:[0.1836]
--------------------------------------------------------------------------------------------------------------------------------------------------------------------------------------------------------
Epoch:[28/100], CauAdvLoss:[0.9484/0.1844] valid:[93.56], test:[67.54]
--------------------------------------------------------------------------------------------------------------------------------------------------------------------------------------------------------
Train Iter:[0  /51] CauLoss:[1.0216], AdvLoss:[0.2809]
Train Iter:[12 /51] CauLoss:[0.8676], AdvLoss:[0.1303]
Train Iter:[24 /51] CauLoss:[0.9119], AdvLoss:[0.1525]
Train Iter:[36 /51] CauLoss:[0.9094], AdvLoss:[0.1568]
Train Iter:[48 /51] CauLoss:[0.9256], AdvLoss:[0.1615]
--------------------------------------------------------------------------------------------------------------------------------------------------------------------------------------------------------
Epoch:[29/100], CauAdvLoss:[0.9277/0.1605] valid:[92.42], test:[67.92]
--------------------------------------------------------------------------------------------------------------------------------------------------------------------------------------------------------
Train Iter:[0  /51] CauLoss:[0.9095], AdvLoss:[0.1432]
Train Iter:[12 /51] CauLoss:[0.9489], AdvLoss:[0.2284]
Train Iter:[24 /51] CauLoss:[0.9395], AdvLoss:[0.2228]
Train Iter:[36 /51] CauLoss:[0.9523], AdvLoss:[0.2101]
Train Iter:[48 /51] CauLoss:[0.9316], AdvLoss:[0.1912]
--------------------------------------------------------------------------------------------------------------------------------------------------------------------------------------------------------
Epoch:[30/100], CauAdvLoss:[0.9423/0.1913] valid:[93.34], test:[68.53]
--------------------------------------------------------------------------------------------------------------------------------------------------------------------------------------------------------
Train Iter:[0  /51] CauLoss:[0.7610], AdvLoss:[0.0977]
Train Iter:[12 /51] CauLoss:[0.9212], AdvLoss:[0.1474]
Train Iter:[24 /51] CauLoss:[0.9588], AdvLoss:[0.1646]
Train Iter:[36 /51] CauLoss:[0.9600], AdvLoss:[0.1652]
Train Iter:[48 /51] CauLoss:[0.9468], AdvLoss:[0.1597]
--------------------------------------------------------------------------------------------------------------------------------------------------------------------------------------------------------
Epoch:[31/100], CauAdvLoss:[0.9447/0.1599] valid:[92.89], test:[67.88]
--------------------------------------------------------------------------------------------------------------------------------------------------------------------------------------------------------
Train Iter:[0  /51] CauLoss:[0.9693], AdvLoss:[0.1261]
Train Iter:[12 /51] CauLoss:[0.9172], AdvLoss:[0.1487]
Train Iter:[24 /51] CauLoss:[0.9265], AdvLoss:[0.1591]
Train Iter:[36 /51] CauLoss:[0.9163], AdvLoss:[0.1621]
Train Iter:[48 /51] CauLoss:[0.9323], AdvLoss:[0.1682]
--------------------------------------------------------------------------------------------------------------------------------------------------------------------------------------------------------
Epoch:[32/100], CauAdvLoss:[0.9312/0.1694] valid:[92.85], test:[67.74]
--------------------------------------------------------------------------------------------------------------------------------------------------------------------------------------------------------
Train Iter:[0  /51] CauLoss:[0.8677], AdvLoss:[0.1253]
Train Iter:[12 /51] CauLoss:[0.8913], AdvLoss:[0.1483]
Train Iter:[24 /51] CauLoss:[0.8943], AdvLoss:[0.1443]
Train Iter:[36 /51] CauLoss:[0.9203], AdvLoss:[0.1713]
Train Iter:[48 /51] CauLoss:[0.9138], AdvLoss:[0.1658]
--------------------------------------------------------------------------------------------------------------------------------------------------------------------------------------------------------
Epoch:[33/100], CauAdvLoss:[0.9151/0.1712] valid:[92.69], test:[65.95]
--------------------------------------------------------------------------------------------------------------------------------------------------------------------------------------------------------
Train Iter:[0  /51] CauLoss:[0.6682], AdvLoss:[0.2442]
Train Iter:[12 /51] CauLoss:[0.9270], AdvLoss:[0.1550]
Train Iter:[24 /51] CauLoss:[0.8749], AdvLoss:[0.1332]
Train Iter:[36 /51] CauLoss:[0.9069], AdvLoss:[0.1514]
Train Iter:[48 /51] CauLoss:[0.9118], AdvLoss:[0.1591]
--------------------------------------------------------------------------------------------------------------------------------------------------------------------------------------------------------
Epoch:[34/100], CauAdvLoss:[0.9166/0.1638] valid:[93.11], test:[69.70]
--------------------------------------------------------------------------------------------------------------------------------------------------------------------------------------------------------
Train Iter:[0  /51] CauLoss:[0.6789], AdvLoss:[0.1002]
Train Iter:[12 /51] CauLoss:[0.8233], AdvLoss:[0.1284]
Train Iter:[24 /51] CauLoss:[0.8526], AdvLoss:[0.1851]
Train Iter:[36 /51] CauLoss:[0.8666], AdvLoss:[0.1785]
Train Iter:[48 /51] CauLoss:[0.8901], AdvLoss:[0.1781]
--------------------------------------------------------------------------------------------------------------------------------------------------------------------------------------------------------
Epoch:[35/100], CauAdvLoss:[0.8930/0.1795] valid:[93.77], test:[70.65]
--------------------------------------------------------------------------------------------------------------------------------------------------------------------------------------------------------
Train Iter:[0  /51] CauLoss:[1.0032], AdvLoss:[0.2254]
Train Iter:[12 /51] CauLoss:[0.8763], AdvLoss:[0.1642]
Train Iter:[24 /51] CauLoss:[0.8912], AdvLoss:[0.1536]
Train Iter:[36 /51] CauLoss:[0.9108], AdvLoss:[0.1609]
Train Iter:[48 /51] CauLoss:[0.9076], AdvLoss:[0.1596]
--------------------------------------------------------------------------------------------------------------------------------------------------------------------------------------------------------
Epoch:[36/100], CauAdvLoss:[0.9071/0.1597] valid:[92.66], test:[71.06]
--------------------------------------------------------------------------------------------------------------------------------------------------------------------------------------------------------
Train Iter:[0  /51] CauLoss:[0.8381], AdvLoss:[0.0572]
Train Iter:[12 /51] CauLoss:[0.9714], AdvLoss:[0.1930]
Train Iter:[24 /51] CauLoss:[0.8960], AdvLoss:[0.1695]
Train Iter:[36 /51] CauLoss:[0.8927], AdvLoss:[0.1807]
Train Iter:[48 /51] CauLoss:[0.8876], AdvLoss:[0.1744]
--------------------------------------------------------------------------------------------------------------------------------------------------------------------------------------------------------
Epoch:[37/100], CauAdvLoss:[0.8902/0.1737] valid:[93.64], test:[70.72]
--------------------------------------------------------------------------------------------------------------------------------------------------------------------------------------------------------
Train Iter:[0  /51] CauLoss:[0.7911], AdvLoss:[0.1281]
Train Iter:[12 /51] CauLoss:[0.8438], AdvLoss:[0.1488]
Train Iter:[24 /51] CauLoss:[0.8755], AdvLoss:[0.1519]
Train Iter:[36 /51] CauLoss:[0.8905], AdvLoss:[0.1607]
Train Iter:[48 /51] CauLoss:[0.8936], AdvLoss:[0.1622]
--------------------------------------------------------------------------------------------------------------------------------------------------------------------------------------------------------
Epoch:[38/100], CauAdvLoss:[0.8897/0.1622] valid:[92.92], test:[70.27]
--------------------------------------------------------------------------------------------------------------------------------------------------------------------------------------------------------
Train Iter:[0  /51] CauLoss:[0.9703], AdvLoss:[0.1851]
Train Iter:[12 /51] CauLoss:[0.8660], AdvLoss:[0.1611]
Train Iter:[24 /51] CauLoss:[0.8681], AdvLoss:[0.1567]
Train Iter:[36 /51] CauLoss:[0.8678], AdvLoss:[0.1814]
Train Iter:[48 /51] CauLoss:[0.8796], AdvLoss:[0.1942]
--------------------------------------------------------------------------------------------------------------------------------------------------------------------------------------------------------
Epoch:[39/100], CauAdvLoss:[0.8816/0.1917] valid:[93.42], test:[71.16]
--------------------------------------------------------------------------------------------------------------------------------------------------------------------------------------------------------
Train Iter:[0  /51] CauLoss:[0.7526], AdvLoss:[0.0462]
Train Iter:[12 /51] CauLoss:[0.9104], AdvLoss:[0.1303]
Train Iter:[24 /51] CauLoss:[0.8682], AdvLoss:[0.1351]
Train Iter:[36 /51] CauLoss:[0.8866], AdvLoss:[0.1416]
Train Iter:[48 /51] CauLoss:[0.8968], AdvLoss:[0.1472]
--------------------------------------------------------------------------------------------------------------------------------------------------------------------------------------------------------
Epoch:[40/100], CauAdvLoss:[0.8966/0.1500] valid:[93.88], test:[68.92]
--------------------------------------------------------------------------------------------------------------------------------------------------------------------------------------------------------
Train Iter:[0  /51] CauLoss:[0.6823], AdvLoss:[0.0157]
Train Iter:[12 /51] CauLoss:[0.8443], AdvLoss:[0.1125]
Train Iter:[24 /51] CauLoss:[0.8593], AdvLoss:[0.1257]
Train Iter:[36 /51] CauLoss:[0.8738], AdvLoss:[0.1475]
Train Iter:[48 /51] CauLoss:[0.8863], AdvLoss:[0.1600]
--------------------------------------------------------------------------------------------------------------------------------------------------------------------------------------------------------
Epoch:[41/100], CauAdvLoss:[0.8831/0.1607] valid:[92.84], test:[69.67]
--------------------------------------------------------------------------------------------------------------------------------------------------------------------------------------------------------
Train Iter:[0  /51] CauLoss:[0.6550], AdvLoss:[0.0400]
Train Iter:[12 /51] CauLoss:[0.8409], AdvLoss:[0.1249]
Train Iter:[24 /51] CauLoss:[0.8789], AdvLoss:[0.1487]
Train Iter:[36 /51] CauLoss:[0.8776], AdvLoss:[0.1476]
Train Iter:[48 /51] CauLoss:[0.8926], AdvLoss:[0.1478]
--------------------------------------------------------------------------------------------------------------------------------------------------------------------------------------------------------
Epoch:[42/100], CauAdvLoss:[0.8906/0.1467] valid:[93.76], test:[70.01]
--------------------------------------------------------------------------------------------------------------------------------------------------------------------------------------------------------
Train Iter:[0  /51] CauLoss:[1.0198], AdvLoss:[0.3227]
Train Iter:[12 /51] CauLoss:[0.9325], AdvLoss:[0.1595]
Train Iter:[24 /51] CauLoss:[0.9168], AdvLoss:[0.1496]
Train Iter:[36 /51] CauLoss:[0.9084], AdvLoss:[0.1630]
Train Iter:[48 /51] CauLoss:[0.9082], AdvLoss:[0.1658]
--------------------------------------------------------------------------------------------------------------------------------------------------------------------------------------------------------
Epoch:[43/100], CauAdvLoss:[0.9039/0.1661] valid:[93.41], test:[68.78]
--------------------------------------------------------------------------------------------------------------------------------------------------------------------------------------------------------
Train Iter:[0  /51] CauLoss:[1.1127], AdvLoss:[0.1831]
Train Iter:[12 /51] CauLoss:[0.8415], AdvLoss:[0.1467]
Train Iter:[24 /51] CauLoss:[0.8604], AdvLoss:[0.1433]
Train Iter:[36 /51] CauLoss:[0.8594], AdvLoss:[0.1469]
Train Iter:[48 /51] CauLoss:[0.8550], AdvLoss:[0.1460]
--------------------------------------------------------------------------------------------------------------------------------------------------------------------------------------------------------
Epoch:[44/100], CauAdvLoss:[0.8610/0.1471] valid:[92.32], test:[68.96]
--------------------------------------------------------------------------------------------------------------------------------------------------------------------------------------------------------
Train Iter:[0  /51] CauLoss:[0.6497], AdvLoss:[0.0898]
Train Iter:[12 /51] CauLoss:[0.8171], AdvLoss:[0.1101]
Train Iter:[24 /51] CauLoss:[0.8091], AdvLoss:[0.1096]
Train Iter:[36 /51] CauLoss:[0.8457], AdvLoss:[0.1321]
Train Iter:[48 /51] CauLoss:[0.8722], AdvLoss:[0.1495]
--------------------------------------------------------------------------------------------------------------------------------------------------------------------------------------------------------
Epoch:[45/100], CauAdvLoss:[0.8752/0.1518] valid:[92.71], test:[68.54]
--------------------------------------------------------------------------------------------------------------------------------------------------------------------------------------------------------
Train Iter:[0  /51] CauLoss:[0.8835], AdvLoss:[0.1796]
Train Iter:[12 /51] CauLoss:[0.8525], AdvLoss:[0.1258]
Train Iter:[24 /51] CauLoss:[0.8602], AdvLoss:[0.1257]
Train Iter:[36 /51] CauLoss:[0.8889], AdvLoss:[0.1358]
Train Iter:[48 /51] CauLoss:[0.8883], AdvLoss:[0.1412]
--------------------------------------------------------------------------------------------------------------------------------------------------------------------------------------------------------
Epoch:[46/100], CauAdvLoss:[0.8831/0.1407] valid:[93.48], test:[68.52]
--------------------------------------------------------------------------------------------------------------------------------------------------------------------------------------------------------
Train Iter:[0  /51] CauLoss:[0.9407], AdvLoss:[0.2172]
Train Iter:[12 /51] CauLoss:[0.8327], AdvLoss:[0.1335]
Train Iter:[24 /51] CauLoss:[0.8266], AdvLoss:[0.1308]
Train Iter:[36 /51] CauLoss:[0.8245], AdvLoss:[0.1283]
Train Iter:[48 /51] CauLoss:[0.8518], AdvLoss:[0.1379]
--------------------------------------------------------------------------------------------------------------------------------------------------------------------------------------------------------
Epoch:[47/100], CauAdvLoss:[0.8516/0.1370] valid:[93.74], test:[69.31]
--------------------------------------------------------------------------------------------------------------------------------------------------------------------------------------------------------
Train Iter:[0  /51] CauLoss:[0.7230], AdvLoss:[0.0938]
Train Iter:[12 /51] CauLoss:[0.8173], AdvLoss:[0.1329]
Train Iter:[24 /51] CauLoss:[0.8711], AdvLoss:[0.1351]
Train Iter:[36 /51] CauLoss:[0.8714], AdvLoss:[0.1562]
Train Iter:[48 /51] CauLoss:[0.8598], AdvLoss:[0.1547]
--------------------------------------------------------------------------------------------------------------------------------------------------------------------------------------------------------
Epoch:[48/100], CauAdvLoss:[0.8588/0.1558] valid:[93.94], test:[68.26]
--------------------------------------------------------------------------------------------------------------------------------------------------------------------------------------------------------
Train Iter:[0  /51] CauLoss:[0.9961], AdvLoss:[0.1499]
Train Iter:[12 /51] CauLoss:[0.8996], AdvLoss:[0.1457]
Train Iter:[24 /51] CauLoss:[0.8787], AdvLoss:[0.1632]
Train Iter:[36 /51] CauLoss:[0.8594], AdvLoss:[0.1512]
Train Iter:[48 /51] CauLoss:[0.8738], AdvLoss:[0.1460]
--------------------------------------------------------------------------------------------------------------------------------------------------------------------------------------------------------
Epoch:[49/100], CauAdvLoss:[0.8747/0.1462] valid:[93.52], test:[70.11]
--------------------------------------------------------------------------------------------------------------------------------------------------------------------------------------------------------
Train Iter:[0  /51] CauLoss:[0.7822], AdvLoss:[0.0889]
Train Iter:[12 /51] CauLoss:[0.8322], AdvLoss:[0.0953]
Train Iter:[24 /51] CauLoss:[0.8915], AdvLoss:[0.1460]
Train Iter:[36 /51] CauLoss:[0.8780], AdvLoss:[0.1333]
Train Iter:[48 /51] CauLoss:[0.8647], AdvLoss:[0.1436]
--------------------------------------------------------------------------------------------------------------------------------------------------------------------------------------------------------
Epoch:[50/100], CauAdvLoss:[0.8659/0.1465] valid:[94.23], test:[67.72]
--------------------------------------------------------------------------------------------------------------------------------------------------------------------------------------------------------
Train Iter:[0  /51] CauLoss:[0.6066], AdvLoss:[0.1327]
Train Iter:[12 /51] CauLoss:[0.8180], AdvLoss:[0.1356]
Train Iter:[24 /51] CauLoss:[0.8320], AdvLoss:[0.1443]
Train Iter:[36 /51] CauLoss:[0.8235], AdvLoss:[0.1403]
Train Iter:[48 /51] CauLoss:[0.8282], AdvLoss:[0.1377]
--------------------------------------------------------------------------------------------------------------------------------------------------------------------------------------------------------
Epoch:[51/100], CauAdvLoss:[0.8307/0.1389] valid:[94.04], test:[69.87]
--------------------------------------------------------------------------------------------------------------------------------------------------------------------------------------------------------
Train Iter:[0  /51] CauLoss:[0.5797], AdvLoss:[0.0445]
Train Iter:[12 /51] CauLoss:[0.8673], AdvLoss:[0.1831]
Train Iter:[24 /51] CauLoss:[0.8629], AdvLoss:[0.1586]
Train Iter:[36 /51] CauLoss:[0.8444], AdvLoss:[0.1508]
Train Iter:[48 /51] CauLoss:[0.8494], AdvLoss:[0.1583]
--------------------------------------------------------------------------------------------------------------------------------------------------------------------------------------------------------
Epoch:[52/100], CauAdvLoss:[0.8441/0.1561] valid:[93.59], test:[69.64]
--------------------------------------------------------------------------------------------------------------------------------------------------------------------------------------------------------
Train Iter:[0  /51] CauLoss:[0.6991], AdvLoss:[0.1638]
Train Iter:[12 /51] CauLoss:[0.9299], AdvLoss:[0.1672]
Train Iter:[24 /51] CauLoss:[0.8805], AdvLoss:[0.1513]
Train Iter:[36 /51] CauLoss:[0.8591], AdvLoss:[0.1411]
Train Iter:[48 /51] CauLoss:[0.8488], AdvLoss:[0.1349]
--------------------------------------------------------------------------------------------------------------------------------------------------------------------------------------------------------
Epoch:[53/100], CauAdvLoss:[0.8528/0.1336] valid:[93.85], test:[70.16]
--------------------------------------------------------------------------------------------------------------------------------------------------------------------------------------------------------
Train Iter:[0  /51] CauLoss:[0.8289], AdvLoss:[0.0947]
Train Iter:[12 /51] CauLoss:[0.8435], AdvLoss:[0.1165]
Train Iter:[24 /51] CauLoss:[0.8348], AdvLoss:[0.1268]
Train Iter:[36 /51] CauLoss:[0.8104], AdvLoss:[0.1238]
Train Iter:[48 /51] CauLoss:[0.8417], AdvLoss:[0.1357]
--------------------------------------------------------------------------------------------------------------------------------------------------------------------------------------------------------
Epoch:[54/100], CauAdvLoss:[0.8437/0.1349] valid:[93.39], test:[69.41]
--------------------------------------------------------------------------------------------------------------------------------------------------------------------------------------------------------
Train Iter:[0  /51] CauLoss:[0.7555], AdvLoss:[0.0168]
Train Iter:[12 /51] CauLoss:[0.7904], AdvLoss:[0.0916]
Train Iter:[24 /51] CauLoss:[0.8139], AdvLoss:[0.1175]
Train Iter:[36 /51] CauLoss:[0.8067], AdvLoss:[0.1195]
Train Iter:[48 /51] CauLoss:[0.8301], AdvLoss:[0.1310]
--------------------------------------------------------------------------------------------------------------------------------------------------------------------------------------------------------
Epoch:[55/100], CauAdvLoss:[0.8285/0.1279] valid:[92.81], test:[69.90]
--------------------------------------------------------------------------------------------------------------------------------------------------------------------------------------------------------
Train Iter:[0  /51] CauLoss:[0.6498], AdvLoss:[0.0190]
Train Iter:[12 /51] CauLoss:[0.7150], AdvLoss:[0.0662]
Train Iter:[24 /51] CauLoss:[0.7874], AdvLoss:[0.1046]
Train Iter:[36 /51] CauLoss:[0.8152], AdvLoss:[0.1214]
Train Iter:[48 /51] CauLoss:[0.8326], AdvLoss:[0.1311]
--------------------------------------------------------------------------------------------------------------------------------------------------------------------------------------------------------
Epoch:[56/100], CauAdvLoss:[0.8321/0.1318] valid:[93.06], test:[69.80]
--------------------------------------------------------------------------------------------------------------------------------------------------------------------------------------------------------
Train Iter:[0  /51] CauLoss:[0.6374], AdvLoss:[0.1526]
Train Iter:[12 /51] CauLoss:[0.7356], AdvLoss:[0.1239]
Train Iter:[24 /51] CauLoss:[0.7672], AdvLoss:[0.1188]
Train Iter:[36 /51] CauLoss:[0.8019], AdvLoss:[0.1323]
Train Iter:[48 /51] CauLoss:[0.8113], AdvLoss:[0.1389]
--------------------------------------------------------------------------------------------------------------------------------------------------------------------------------------------------------
Epoch:[57/100], CauAdvLoss:[0.8072/0.1368] valid:[93.46], test:[69.14]
--------------------------------------------------------------------------------------------------------------------------------------------------------------------------------------------------------
Train Iter:[0  /51] CauLoss:[0.6786], AdvLoss:[0.0827]
Train Iter:[12 /51] CauLoss:[0.8190], AdvLoss:[0.1260]
Train Iter:[24 /51] CauLoss:[0.8263], AdvLoss:[0.1156]
Train Iter:[36 /51] CauLoss:[0.8334], AdvLoss:[0.1252]
Train Iter:[48 /51] CauLoss:[0.8341], AdvLoss:[0.1296]
--------------------------------------------------------------------------------------------------------------------------------------------------------------------------------------------------------
Epoch:[58/100], CauAdvLoss:[0.8294/0.1300] valid:[93.22], test:[67.93]
--------------------------------------------------------------------------------------------------------------------------------------------------------------------------------------------------------
Train Iter:[0  /51] CauLoss:[0.7329], AdvLoss:[0.1337]
Train Iter:[12 /51] CauLoss:[0.7822], AdvLoss:[0.0938]
Train Iter:[24 /51] CauLoss:[0.8367], AdvLoss:[0.1101]
Train Iter:[36 /51] CauLoss:[0.8446], AdvLoss:[0.1205]
Train Iter:[48 /51] CauLoss:[0.8375], AdvLoss:[0.1258]
--------------------------------------------------------------------------------------------------------------------------------------------------------------------------------------------------------
Epoch:[59/100], CauAdvLoss:[0.8315/0.1243] valid:[93.82], test:[69.09]
--------------------------------------------------------------------------------------------------------------------------------------------------------------------------------------------------------
Train Iter:[0  /51] CauLoss:[0.6718], AdvLoss:[0.0484]
Train Iter:[12 /51] CauLoss:[0.7588], AdvLoss:[0.1282]
Train Iter:[24 /51] CauLoss:[0.8063], AdvLoss:[0.1343]
Train Iter:[36 /51] CauLoss:[0.8327], AdvLoss:[0.1338]
Train Iter:[48 /51] CauLoss:[0.8327], AdvLoss:[0.1349]
--------------------------------------------------------------------------------------------------------------------------------------------------------------------------------------------------------
Epoch:[60/100], CauAdvLoss:[0.8271/0.1328] valid:[93.81], test:[69.86]
--------------------------------------------------------------------------------------------------------------------------------------------------------------------------------------------------------
Train Iter:[0  /51] CauLoss:[0.6999], AdvLoss:[0.0317]
Train Iter:[12 /51] CauLoss:[0.8252], AdvLoss:[0.1146]
Train Iter:[24 /51] CauLoss:[0.8067], AdvLoss:[0.1079]
Train Iter:[36 /51] CauLoss:[0.8239], AdvLoss:[0.1222]
Train Iter:[48 /51] CauLoss:[0.8307], AdvLoss:[0.1315]
--------------------------------------------------------------------------------------------------------------------------------------------------------------------------------------------------------
Epoch:[61/100], CauAdvLoss:[0.8278/0.1291] valid:[93.53], test:[68.21]
--------------------------------------------------------------------------------------------------------------------------------------------------------------------------------------------------------
Train Iter:[0  /51] CauLoss:[0.9663], AdvLoss:[0.2040]
Train Iter:[12 /51] CauLoss:[0.8322], AdvLoss:[0.1367]
Train Iter:[24 /51] CauLoss:[0.8397], AdvLoss:[0.1514]
Train Iter:[36 /51] CauLoss:[0.8174], AdvLoss:[0.1393]
Train Iter:[48 /51] CauLoss:[0.8123], AdvLoss:[0.1430]
--------------------------------------------------------------------------------------------------------------------------------------------------------------------------------------------------------
Epoch:[62/100], CauAdvLoss:[0.8091/0.1421] valid:[93.21], test:[69.95]
--------------------------------------------------------------------------------------------------------------------------------------------------------------------------------------------------------
Train Iter:[0  /51] CauLoss:[0.8180], AdvLoss:[0.1780]
Train Iter:[12 /51] CauLoss:[0.8035], AdvLoss:[0.1268]
Train Iter:[24 /51] CauLoss:[0.7841], AdvLoss:[0.1273]
Train Iter:[36 /51] CauLoss:[0.7934], AdvLoss:[0.1234]
Train Iter:[48 /51] CauLoss:[0.7921], AdvLoss:[0.1338]
--------------------------------------------------------------------------------------------------------------------------------------------------------------------------------------------------------
Epoch:[63/100], CauAdvLoss:[0.7964/0.1361] valid:[94.16], test:[69.94]
--------------------------------------------------------------------------------------------------------------------------------------------------------------------------------------------------------
Train Iter:[0  /51] CauLoss:[0.7064], AdvLoss:[0.0738]
Train Iter:[12 /51] CauLoss:[0.8028], AdvLoss:[0.1322]
Train Iter:[24 /51] CauLoss:[0.8229], AdvLoss:[0.1336]
Train Iter:[36 /51] CauLoss:[0.8227], AdvLoss:[0.1377]
Train Iter:[48 /51] CauLoss:[0.8249], AdvLoss:[0.1318]
--------------------------------------------------------------------------------------------------------------------------------------------------------------------------------------------------------
Epoch:[64/100], CauAdvLoss:[0.8279/0.1332] valid:[93.57], test:[69.50]
--------------------------------------------------------------------------------------------------------------------------------------------------------------------------------------------------------
Train Iter:[0  /51] CauLoss:[0.6072], AdvLoss:[0.0632]
Train Iter:[12 /51] CauLoss:[0.8905], AdvLoss:[0.1342]
Train Iter:[24 /51] CauLoss:[0.8432], AdvLoss:[0.1541]
Train Iter:[36 /51] CauLoss:[0.8424], AdvLoss:[0.1482]
Train Iter:[48 /51] CauLoss:[0.8157], AdvLoss:[0.1378]
--------------------------------------------------------------------------------------------------------------------------------------------------------------------------------------------------------
Epoch:[65/100], CauAdvLoss:[0.8181/0.1361] valid:[93.52], test:[67.39]
--------------------------------------------------------------------------------------------------------------------------------------------------------------------------------------------------------
Train Iter:[0  /51] CauLoss:[0.7031], AdvLoss:[0.0392]
Train Iter:[12 /51] CauLoss:[0.8245], AdvLoss:[0.1109]
Train Iter:[24 /51] CauLoss:[0.8456], AdvLoss:[0.1168]
Train Iter:[36 /51] CauLoss:[0.8449], AdvLoss:[0.1376]
Train Iter:[48 /51] CauLoss:[0.8143], AdvLoss:[0.1335]
--------------------------------------------------------------------------------------------------------------------------------------------------------------------------------------------------------
Epoch:[66/100], CauAdvLoss:[0.8155/0.1334] valid:[94.08], test:[70.17]
--------------------------------------------------------------------------------------------------------------------------------------------------------------------------------------------------------
Train Iter:[0  /51] CauLoss:[0.8138], AdvLoss:[0.2920]
Train Iter:[12 /51] CauLoss:[0.8392], AdvLoss:[0.1578]
Train Iter:[24 /51] CauLoss:[0.8503], AdvLoss:[0.1531]
Train Iter:[36 /51] CauLoss:[0.8171], AdvLoss:[0.1434]
Train Iter:[48 /51] CauLoss:[0.8146], AdvLoss:[0.1368]
--------------------------------------------------------------------------------------------------------------------------------------------------------------------------------------------------------
Epoch:[67/100], CauAdvLoss:[0.8109/0.1367] valid:[93.63], test:[68.33]
--------------------------------------------------------------------------------------------------------------------------------------------------------------------------------------------------------
Train Iter:[0  /51] CauLoss:[0.9516], AdvLoss:[0.2563]
Train Iter:[12 /51] CauLoss:[0.7855], AdvLoss:[0.1416]
Train Iter:[24 /51] CauLoss:[0.8308], AdvLoss:[0.1328]
Train Iter:[36 /51] CauLoss:[0.8136], AdvLoss:[0.1366]
Train Iter:[48 /51] CauLoss:[0.8079], AdvLoss:[0.1311]
--------------------------------------------------------------------------------------------------------------------------------------------------------------------------------------------------------
Epoch:[68/100], CauAdvLoss:[0.8065/0.1288] valid:[93.47], test:[68.69]
--------------------------------------------------------------------------------------------------------------------------------------------------------------------------------------------------------
Train Iter:[0  /51] CauLoss:[0.9034], AdvLoss:[0.1449]
Train Iter:[12 /51] CauLoss:[0.7750], AdvLoss:[0.1219]
Train Iter:[24 /51] CauLoss:[0.7835], AdvLoss:[0.1052]
Train Iter:[36 /51] CauLoss:[0.7895], AdvLoss:[0.1184]
Train Iter:[48 /51] CauLoss:[0.7876], AdvLoss:[0.1206]
--------------------------------------------------------------------------------------------------------------------------------------------------------------------------------------------------------
Epoch:[69/100], CauAdvLoss:[0.7922/0.1227] valid:[93.59], test:[67.58]
--------------------------------------------------------------------------------------------------------------------------------------------------------------------------------------------------------
Train Iter:[0  /51] CauLoss:[0.6557], AdvLoss:[0.0399]
Train Iter:[12 /51] CauLoss:[0.7314], AdvLoss:[0.0949]
Train Iter:[24 /51] CauLoss:[0.7598], AdvLoss:[0.1138]
Train Iter:[36 /51] CauLoss:[0.7705], AdvLoss:[0.1177]
Train Iter:[48 /51] CauLoss:[0.7853], AdvLoss:[0.1224]
--------------------------------------------------------------------------------------------------------------------------------------------------------------------------------------------------------
Epoch:[70/100], CauAdvLoss:[0.7863/0.1223] valid:[93.14], test:[68.44]
--------------------------------------------------------------------------------------------------------------------------------------------------------------------------------------------------------
Train Iter:[0  /51] CauLoss:[0.8315], AdvLoss:[0.1668]
Train Iter:[12 /51] CauLoss:[0.8083], AdvLoss:[0.1310]
Train Iter:[24 /51] CauLoss:[0.8304], AdvLoss:[0.1342]
Train Iter:[36 /51] CauLoss:[0.8075], AdvLoss:[0.1263]
Train Iter:[48 /51] CauLoss:[0.7950], AdvLoss:[0.1268]
--------------------------------------------------------------------------------------------------------------------------------------------------------------------------------------------------------
Epoch:[71/100], CauAdvLoss:[0.7931/0.1244] valid:[94.01], test:[68.78]
--------------------------------------------------------------------------------------------------------------------------------------------------------------------------------------------------------
Train Iter:[0  /51] CauLoss:[0.7102], AdvLoss:[0.0759]
Train Iter:[12 /51] CauLoss:[0.8993], AdvLoss:[0.1394]
Train Iter:[24 /51] CauLoss:[0.8279], AdvLoss:[0.1294]
Train Iter:[36 /51] CauLoss:[0.8014], AdvLoss:[0.1274]
Train Iter:[48 /51] CauLoss:[0.8068], AdvLoss:[0.1263]
--------------------------------------------------------------------------------------------------------------------------------------------------------------------------------------------------------
Epoch:[72/100], CauAdvLoss:[0.8044/0.1255] valid:[93.89], test:[68.04]
--------------------------------------------------------------------------------------------------------------------------------------------------------------------------------------------------------
Train Iter:[0  /51] CauLoss:[0.9544], AdvLoss:[0.2545]
Train Iter:[12 /51] CauLoss:[0.7923], AdvLoss:[0.1464]
Train Iter:[24 /51] CauLoss:[0.8150], AdvLoss:[0.1271]
Train Iter:[36 /51] CauLoss:[0.8098], AdvLoss:[0.1272]
Train Iter:[48 /51] CauLoss:[0.8170], AdvLoss:[0.1242]
--------------------------------------------------------------------------------------------------------------------------------------------------------------------------------------------------------
Epoch:[73/100], CauAdvLoss:[0.8109/0.1210] valid:[93.85], test:[69.37]
--------------------------------------------------------------------------------------------------------------------------------------------------------------------------------------------------------
Train Iter:[0  /51] CauLoss:[0.7097], AdvLoss:[0.0516]
Train Iter:[12 /51] CauLoss:[0.7865], AdvLoss:[0.1003]
Train Iter:[24 /51] CauLoss:[0.8110], AdvLoss:[0.1194]
Train Iter:[36 /51] CauLoss:[0.8102], AdvLoss:[0.1294]
Train Iter:[48 /51] CauLoss:[0.8064], AdvLoss:[0.1230]
--------------------------------------------------------------------------------------------------------------------------------------------------------------------------------------------------------
Epoch:[74/100], CauAdvLoss:[0.8028/0.1234] valid:[93.96], test:[68.34]
--------------------------------------------------------------------------------------------------------------------------------------------------------------------------------------------------------
Train Iter:[0  /51] CauLoss:[0.6034], AdvLoss:[0.0918]
Train Iter:[12 /51] CauLoss:[0.7252], AdvLoss:[0.1176]
Train Iter:[24 /51] CauLoss:[0.7461], AdvLoss:[0.1132]
Train Iter:[36 /51] CauLoss:[0.7721], AdvLoss:[0.1158]
Train Iter:[48 /51] CauLoss:[0.7940], AdvLoss:[0.1188]
--------------------------------------------------------------------------------------------------------------------------------------------------------------------------------------------------------
Epoch:[75/100], CauAdvLoss:[0.7935/0.1209] valid:[94.15], test:[69.98]
--------------------------------------------------------------------------------------------------------------------------------------------------------------------------------------------------------
Train Iter:[0  /51] CauLoss:[0.5938], AdvLoss:[0.0287]
Train Iter:[12 /51] CauLoss:[0.7892], AdvLoss:[0.1113]
Train Iter:[24 /51] CauLoss:[0.7848], AdvLoss:[0.1145]
Train Iter:[36 /51] CauLoss:[0.8055], AdvLoss:[0.1195]
Train Iter:[48 /51] CauLoss:[0.8133], AdvLoss:[0.1239]
--------------------------------------------------------------------------------------------------------------------------------------------------------------------------------------------------------
Epoch:[76/100], CauAdvLoss:[0.8106/0.1208] valid:[93.62], test:[69.03]
--------------------------------------------------------------------------------------------------------------------------------------------------------------------------------------------------------
Train Iter:[0  /51] CauLoss:[0.6469], AdvLoss:[0.0240]
Train Iter:[12 /51] CauLoss:[0.8065], AdvLoss:[0.1280]
Train Iter:[24 /51] CauLoss:[0.8084], AdvLoss:[0.1212]
Train Iter:[36 /51] CauLoss:[0.7748], AdvLoss:[0.1115]
Train Iter:[48 /51] CauLoss:[0.7815], AdvLoss:[0.1142]
--------------------------------------------------------------------------------------------------------------------------------------------------------------------------------------------------------
Epoch:[77/100], CauAdvLoss:[0.7831/0.1161] valid:[94.05], test:[69.51]
--------------------------------------------------------------------------------------------------------------------------------------------------------------------------------------------------------
Train Iter:[0  /51] CauLoss:[0.9387], AdvLoss:[0.1622]
Train Iter:[12 /51] CauLoss:[0.8424], AdvLoss:[0.1622]
Train Iter:[24 /51] CauLoss:[0.8027], AdvLoss:[0.1280]
Train Iter:[36 /51] CauLoss:[0.7997], AdvLoss:[0.1286]
Train Iter:[48 /51] CauLoss:[0.7812], AdvLoss:[0.1247]
--------------------------------------------------------------------------------------------------------------------------------------------------------------------------------------------------------
Epoch:[78/100], CauAdvLoss:[0.7768/0.1222] valid:[93.86], test:[67.89]
--------------------------------------------------------------------------------------------------------------------------------------------------------------------------------------------------------
Train Iter:[0  /51] CauLoss:[0.7129], AdvLoss:[0.1180]
Train Iter:[12 /51] CauLoss:[0.8351], AdvLoss:[0.1360]
Train Iter:[24 /51] CauLoss:[0.8178], AdvLoss:[0.1330]
Train Iter:[36 /51] CauLoss:[0.8036], AdvLoss:[0.1233]
Train Iter:[48 /51] CauLoss:[0.8000], AdvLoss:[0.1175]
--------------------------------------------------------------------------------------------------------------------------------------------------------------------------------------------------------
Epoch:[79/100], CauAdvLoss:[0.7967/0.1156] valid:[94.00], test:[69.30]
--------------------------------------------------------------------------------------------------------------------------------------------------------------------------------------------------------
Train Iter:[0  /51] CauLoss:[0.5973], AdvLoss:[0.0262]
Train Iter:[12 /51] CauLoss:[0.7556], AdvLoss:[0.0955]
Train Iter:[24 /51] CauLoss:[0.7387], AdvLoss:[0.1078]
Train Iter:[36 /51] CauLoss:[0.7622], AdvLoss:[0.1175]
Train Iter:[48 /51] CauLoss:[0.7625], AdvLoss:[0.1166]
--------------------------------------------------------------------------------------------------------------------------------------------------------------------------------------------------------
Epoch:[80/100], CauAdvLoss:[0.7632/0.1149] valid:[94.19], test:[69.95]
--------------------------------------------------------------------------------------------------------------------------------------------------------------------------------------------------------
Train Iter:[0  /51] CauLoss:[0.6161], AdvLoss:[0.0951]
Train Iter:[12 /51] CauLoss:[0.7258], AdvLoss:[0.1229]
Train Iter:[24 /51] CauLoss:[0.7775], AdvLoss:[0.1331]
Train Iter:[36 /51] CauLoss:[0.7744], AdvLoss:[0.1260]
Train Iter:[48 /51] CauLoss:[0.7670], AdvLoss:[0.1219]
--------------------------------------------------------------------------------------------------------------------------------------------------------------------------------------------------------
Epoch:[81/100], CauAdvLoss:[0.7706/0.1199] valid:[93.88], test:[69.28]
--------------------------------------------------------------------------------------------------------------------------------------------------------------------------------------------------------
Train Iter:[0  /51] CauLoss:[1.1253], AdvLoss:[0.2164]
Train Iter:[12 /51] CauLoss:[0.7823], AdvLoss:[0.1250]
Train Iter:[24 /51] CauLoss:[0.7696], AdvLoss:[0.1147]
Train Iter:[36 /51] CauLoss:[0.7743], AdvLoss:[0.1157]
Train Iter:[48 /51] CauLoss:[0.7732], AdvLoss:[0.1186]
--------------------------------------------------------------------------------------------------------------------------------------------------------------------------------------------------------
Epoch:[82/100], CauAdvLoss:[0.7744/0.1174] valid:[94.01], test:[69.58]
--------------------------------------------------------------------------------------------------------------------------------------------------------------------------------------------------------
Train Iter:[0  /51] CauLoss:[0.8266], AdvLoss:[0.1050]
Train Iter:[12 /51] CauLoss:[0.7614], AdvLoss:[0.0970]
Train Iter:[24 /51] CauLoss:[0.7737], AdvLoss:[0.1115]
Train Iter:[36 /51] CauLoss:[0.7952], AdvLoss:[0.1193]
Train Iter:[48 /51] CauLoss:[0.7935], AdvLoss:[0.1138]
--------------------------------------------------------------------------------------------------------------------------------------------------------------------------------------------------------
Epoch:[83/100], CauAdvLoss:[0.7913/0.1156] valid:[94.13], test:[69.77]
--------------------------------------------------------------------------------------------------------------------------------------------------------------------------------------------------------
Train Iter:[0  /51] CauLoss:[0.7459], AdvLoss:[0.1424]
Train Iter:[12 /51] CauLoss:[0.7896], AdvLoss:[0.1353]
Train Iter:[24 /51] CauLoss:[0.7769], AdvLoss:[0.1095]
Train Iter:[36 /51] CauLoss:[0.7894], AdvLoss:[0.1188]
Train Iter:[48 /51] CauLoss:[0.7720], AdvLoss:[0.1152]
--------------------------------------------------------------------------------------------------------------------------------------------------------------------------------------------------------
Epoch:[84/100], CauAdvLoss:[0.7694/0.1135] valid:[94.00], test:[69.55]
--------------------------------------------------------------------------------------------------------------------------------------------------------------------------------------------------------
Train Iter:[0  /51] CauLoss:[0.9595], AdvLoss:[0.0596]
Train Iter:[12 /51] CauLoss:[0.7968], AdvLoss:[0.0901]
Train Iter:[24 /51] CauLoss:[0.7890], AdvLoss:[0.1051]
Train Iter:[36 /51] CauLoss:[0.7855], AdvLoss:[0.1052]
Train Iter:[48 /51] CauLoss:[0.7758], AdvLoss:[0.1065]
--------------------------------------------------------------------------------------------------------------------------------------------------------------------------------------------------------
Epoch:[85/100], CauAdvLoss:[0.7840/0.1136] valid:[94.06], test:[69.73]
--------------------------------------------------------------------------------------------------------------------------------------------------------------------------------------------------------
Train Iter:[0  /51] CauLoss:[0.8977], AdvLoss:[0.1487]
Train Iter:[12 /51] CauLoss:[0.7537], AdvLoss:[0.0836]
Train Iter:[24 /51] CauLoss:[0.7787], AdvLoss:[0.0957]
Train Iter:[36 /51] CauLoss:[0.7967], AdvLoss:[0.1100]
Train Iter:[48 /51] CauLoss:[0.7876], AdvLoss:[0.1113]
--------------------------------------------------------------------------------------------------------------------------------------------------------------------------------------------------------
Epoch:[86/100], CauAdvLoss:[0.7826/0.1110] valid:[93.77], test:[69.40]
--------------------------------------------------------------------------------------------------------------------------------------------------------------------------------------------------------
Train Iter:[0  /51] CauLoss:[0.7232], AdvLoss:[0.0837]
Train Iter:[12 /51] CauLoss:[0.8117], AdvLoss:[0.1418]
Train Iter:[24 /51] CauLoss:[0.7935], AdvLoss:[0.1194]
Train Iter:[36 /51] CauLoss:[0.7727], AdvLoss:[0.1114]
Train Iter:[48 /51] CauLoss:[0.7721], AdvLoss:[0.1123]
--------------------------------------------------------------------------------------------------------------------------------------------------------------------------------------------------------
Epoch:[87/100], CauAdvLoss:[0.7701/0.1100] valid:[93.78], test:[69.31]
--------------------------------------------------------------------------------------------------------------------------------------------------------------------------------------------------------
Train Iter:[0  /51] CauLoss:[0.9289], AdvLoss:[0.1658]
Train Iter:[12 /51] CauLoss:[0.8378], AdvLoss:[0.1187]
Train Iter:[24 /51] CauLoss:[0.7668], AdvLoss:[0.1205]
Train Iter:[36 /51] CauLoss:[0.7742], AdvLoss:[0.1214]
Train Iter:[48 /51] CauLoss:[0.7692], AdvLoss:[0.1160]
--------------------------------------------------------------------------------------------------------------------------------------------------------------------------------------------------------
Epoch:[88/100], CauAdvLoss:[0.7692/0.1154] valid:[93.97], test:[69.68]
--------------------------------------------------------------------------------------------------------------------------------------------------------------------------------------------------------
Train Iter:[0  /51] CauLoss:[0.7801], AdvLoss:[0.1591]
Train Iter:[12 /51] CauLoss:[0.7342], AdvLoss:[0.1065]
Train Iter:[24 /51] CauLoss:[0.7277], AdvLoss:[0.1043]
Train Iter:[36 /51] CauLoss:[0.7588], AdvLoss:[0.1067]
Train Iter:[48 /51] CauLoss:[0.7746], AdvLoss:[0.1161]
--------------------------------------------------------------------------------------------------------------------------------------------------------------------------------------------------------
Epoch:[89/100], CauAdvLoss:[0.7785/0.1162] valid:[93.96], test:[69.87]
--------------------------------------------------------------------------------------------------------------------------------------------------------------------------------------------------------
Train Iter:[0  /51] CauLoss:[0.6442], AdvLoss:[0.0460]
Train Iter:[12 /51] CauLoss:[0.7334], AdvLoss:[0.0977]
Train Iter:[24 /51] CauLoss:[0.7464], AdvLoss:[0.0963]
Train Iter:[36 /51] CauLoss:[0.7544], AdvLoss:[0.0981]
Train Iter:[48 /51] CauLoss:[0.7643], AdvLoss:[0.1142]
--------------------------------------------------------------------------------------------------------------------------------------------------------------------------------------------------------
Epoch:[90/100], CauAdvLoss:[0.7660/0.1149] valid:[93.86], test:[69.87]
--------------------------------------------------------------------------------------------------------------------------------------------------------------------------------------------------------
Train Iter:[0  /51] CauLoss:[0.7958], AdvLoss:[0.2628]
Train Iter:[12 /51] CauLoss:[0.8011], AdvLoss:[0.1314]
Train Iter:[24 /51] CauLoss:[0.7957], AdvLoss:[0.1336]
Train Iter:[36 /51] CauLoss:[0.7720], AdvLoss:[0.1217]
Train Iter:[48 /51] CauLoss:[0.7618], AdvLoss:[0.1182]
--------------------------------------------------------------------------------------------------------------------------------------------------------------------------------------------------------
Epoch:[91/100], CauAdvLoss:[0.7567/0.1162] valid:[93.80], test:[69.44]
--------------------------------------------------------------------------------------------------------------------------------------------------------------------------------------------------------
Train Iter:[0  /51] CauLoss:[0.6742], AdvLoss:[0.0998]
Train Iter:[12 /51] CauLoss:[0.7696], AdvLoss:[0.1239]
Train Iter:[24 /51] CauLoss:[0.7755], AdvLoss:[0.1235]
Train Iter:[36 /51] CauLoss:[0.7696], AdvLoss:[0.1182]
Train Iter:[48 /51] CauLoss:[0.7742], AdvLoss:[0.1160]
--------------------------------------------------------------------------------------------------------------------------------------------------------------------------------------------------------
Epoch:[92/100], CauAdvLoss:[0.7763/0.1146] valid:[93.83], test:[69.43]
--------------------------------------------------------------------------------------------------------------------------------------------------------------------------------------------------------
Train Iter:[0  /51] CauLoss:[0.6815], AdvLoss:[0.1413]
Train Iter:[12 /51] CauLoss:[0.8445], AdvLoss:[0.1205]
Train Iter:[24 /51] CauLoss:[0.7850], AdvLoss:[0.1171]
Train Iter:[36 /51] CauLoss:[0.8077], AdvLoss:[0.1281]
Train Iter:[48 /51] CauLoss:[0.7875], AdvLoss:[0.1142]
--------------------------------------------------------------------------------------------------------------------------------------------------------------------------------------------------------
Epoch:[93/100], CauAdvLoss:[0.7856/0.1139] valid:[93.79], test:[69.56]
--------------------------------------------------------------------------------------------------------------------------------------------------------------------------------------------------------
Train Iter:[0  /51] CauLoss:[0.7770], AdvLoss:[0.1534]
Train Iter:[12 /51] CauLoss:[0.7489], AdvLoss:[0.1169]
Train Iter:[24 /51] CauLoss:[0.7683], AdvLoss:[0.1319]
Train Iter:[36 /51] CauLoss:[0.7635], AdvLoss:[0.1231]
Train Iter:[48 /51] CauLoss:[0.7728], AdvLoss:[0.1164]
--------------------------------------------------------------------------------------------------------------------------------------------------------------------------------------------------------
Epoch:[94/100], CauAdvLoss:[0.7664/0.1155] valid:[93.98], test:[69.70]
--------------------------------------------------------------------------------------------------------------------------------------------------------------------------------------------------------
Train Iter:[0  /51] CauLoss:[0.7837], AdvLoss:[0.0600]
Train Iter:[12 /51] CauLoss:[0.7100], AdvLoss:[0.1017]
Train Iter:[24 /51] CauLoss:[0.7382], AdvLoss:[0.1086]
Train Iter:[36 /51] CauLoss:[0.7337], AdvLoss:[0.1079]
Train Iter:[48 /51] CauLoss:[0.7676], AdvLoss:[0.1159]
--------------------------------------------------------------------------------------------------------------------------------------------------------------------------------------------------------
Epoch:[95/100], CauAdvLoss:[0.7653/0.1163] valid:[93.95], test:[69.72]
--------------------------------------------------------------------------------------------------------------------------------------------------------------------------------------------------------
Train Iter:[0  /51] CauLoss:[0.8933], AdvLoss:[0.1054]
Train Iter:[12 /51] CauLoss:[0.8333], AdvLoss:[0.1335]
Train Iter:[24 /51] CauLoss:[0.7758], AdvLoss:[0.1202]
Train Iter:[36 /51] CauLoss:[0.7786], AdvLoss:[0.1205]
Train Iter:[48 /51] CauLoss:[0.7894], AdvLoss:[0.1139]
--------------------------------------------------------------------------------------------------------------------------------------------------------------------------------------------------------
Epoch:[96/100], CauAdvLoss:[0.7878/0.1142] valid:[93.97], test:[69.62]
--------------------------------------------------------------------------------------------------------------------------------------------------------------------------------------------------------
Train Iter:[0  /51] CauLoss:[0.6641], AdvLoss:[0.2554]
Train Iter:[12 /51] CauLoss:[0.7687], AdvLoss:[0.1215]
Train Iter:[24 /51] CauLoss:[0.7579], AdvLoss:[0.1068]
Train Iter:[36 /51] CauLoss:[0.7516], AdvLoss:[0.1052]
Train Iter:[48 /51] CauLoss:[0.7721], AdvLoss:[0.1074]
--------------------------------------------------------------------------------------------------------------------------------------------------------------------------------------------------------
Epoch:[97/100], CauAdvLoss:[0.7812/0.1117] valid:[93.93], test:[69.75]
--------------------------------------------------------------------------------------------------------------------------------------------------------------------------------------------------------
Train Iter:[0  /51] CauLoss:[0.6525], AdvLoss:[0.0749]
Train Iter:[12 /51] CauLoss:[0.7734], AdvLoss:[0.1170]
Train Iter:[24 /51] CauLoss:[0.7635], AdvLoss:[0.1112]
Train Iter:[36 /51] CauLoss:[0.7639], AdvLoss:[0.1129]
Train Iter:[48 /51] CauLoss:[0.7580], AdvLoss:[0.1093]
--------------------------------------------------------------------------------------------------------------------------------------------------------------------------------------------------------
Epoch:[98/100], CauAdvLoss:[0.7591/0.1104] valid:[93.78], test:[69.38]
--------------------------------------------------------------------------------------------------------------------------------------------------------------------------------------------------------
Train Iter:[0  /51] CauLoss:[0.8350], AdvLoss:[0.2241]
Train Iter:[12 /51] CauLoss:[0.7611], AdvLoss:[0.1209]
Train Iter:[24 /51] CauLoss:[0.7488], AdvLoss:[0.1097]
Train Iter:[36 /51] CauLoss:[0.7910], AdvLoss:[0.1175]
Train Iter:[48 /51] CauLoss:[0.7838], AdvLoss:[0.1147]
--------------------------------------------------------------------------------------------------------------------------------------------------------------------------------------------------------
Epoch:[99/100], CauAdvLoss:[0.7806/0.1125] valid:[93.93], test:[69.85]
--------------------------------------------------------------------------------------------------------------------------------------------------------------------------------------------------------
Train Iter:[0  /51] CauLoss:[0.7599], AdvLoss:[0.0695]
Train Iter:[12 /51] CauLoss:[0.8022], AdvLoss:[0.1317]
Train Iter:[24 /51] CauLoss:[0.7876], AdvLoss:[0.1240]
Train Iter:[36 /51] CauLoss:[0.7736], AdvLoss:[0.1182]
Train Iter:[48 /51] CauLoss:[0.7707], AdvLoss:[0.1139]
--------------------------------------------------------------------------------------------------------------------------------------------------------------------------------------------------------
Epoch:[100/100], CauAdvLoss:[0.7685/0.1124] valid:[93.73], test:[69.61]
--------------------------------------------------------------------------------------------------------------------------------------------------------------------------------------------------------
Update test:[67.72] at epoch:[50] | Total time:00:04:09
initialize network with kaiming
Train Iter:[0  /51] CauLoss:[2.7250], AdvLoss:[-1170.7146]
Train Iter:[12 /51] CauLoss:[2.0780], AdvLoss:[-113.0331]
Train Iter:[24 /51] CauLoss:[1.8726], AdvLoss:[-58.7111]
Train Iter:[36 /51] CauLoss:[1.7511], AdvLoss:[-39.6372]
Train Iter:[48 /51] CauLoss:[1.6684], AdvLoss:[-29.8918]
--------------------------------------------------------------------------------------------------------------------------------------------------------------------------------------------------------
Epoch:[1/100], CauAdvLoss:[1.6609/-28.7064] valid:[75.91], test:[59.90]
--------------------------------------------------------------------------------------------------------------------------------------------------------------------------------------------------------
Train Iter:[0  /51] CauLoss:[1.5870], AdvLoss:[0.4297]
Train Iter:[12 /51] CauLoss:[1.3327], AdvLoss:[0.1116]
Train Iter:[24 /51] CauLoss:[1.3766], AdvLoss:[0.1299]
Train Iter:[36 /51] CauLoss:[1.3449], AdvLoss:[0.1236]
Train Iter:[48 /51] CauLoss:[1.3518], AdvLoss:[0.1210]
--------------------------------------------------------------------------------------------------------------------------------------------------------------------------------------------------------
Epoch:[2/100], CauAdvLoss:[1.3380/0.1158] valid:[91.55], test:[64.76]
--------------------------------------------------------------------------------------------------------------------------------------------------------------------------------------------------------
Train Iter:[0  /51] CauLoss:[1.3175], AdvLoss:[0.2088]
Train Iter:[12 /51] CauLoss:[1.2618], AdvLoss:[0.1029]
Train Iter:[24 /51] CauLoss:[1.2623], AdvLoss:[0.1085]
Train Iter:[36 /51] CauLoss:[1.2386], AdvLoss:[0.1081]
Train Iter:[48 /51] CauLoss:[1.2346], AdvLoss:[0.1092]
--------------------------------------------------------------------------------------------------------------------------------------------------------------------------------------------------------
Epoch:[3/100], CauAdvLoss:[1.2365/0.1086] valid:[91.38], test:[65.83]
--------------------------------------------------------------------------------------------------------------------------------------------------------------------------------------------------------
Train Iter:[0  /51] CauLoss:[1.1735], AdvLoss:[0.0689]
Train Iter:[12 /51] CauLoss:[1.2321], AdvLoss:[0.0982]
Train Iter:[24 /51] CauLoss:[1.2997], AdvLoss:[0.1238]
Train Iter:[36 /51] CauLoss:[1.2422], AdvLoss:[0.1047]
Train Iter:[48 /51] CauLoss:[1.2341], AdvLoss:[0.1067]
--------------------------------------------------------------------------------------------------------------------------------------------------------------------------------------------------------
Epoch:[4/100], CauAdvLoss:[1.2279/0.1029] valid:[92.19], test:[65.71]
--------------------------------------------------------------------------------------------------------------------------------------------------------------------------------------------------------
Train Iter:[0  /51] CauLoss:[0.9756], AdvLoss:[-0.0356]
Train Iter:[12 /51] CauLoss:[1.1931], AdvLoss:[0.1110]
Train Iter:[24 /51] CauLoss:[1.1621], AdvLoss:[0.1037]
Train Iter:[36 /51] CauLoss:[1.1501], AdvLoss:[0.1037]
Train Iter:[48 /51] CauLoss:[1.1583], AdvLoss:[0.1156]
--------------------------------------------------------------------------------------------------------------------------------------------------------------------------------------------------------
Epoch:[5/100], CauAdvLoss:[1.1610/0.1174] valid:[91.93], test:[64.06]
--------------------------------------------------------------------------------------------------------------------------------------------------------------------------------------------------------
Train Iter:[0  /51] CauLoss:[1.1140], AdvLoss:[0.0983]
Train Iter:[12 /51] CauLoss:[1.1623], AdvLoss:[0.1477]
Train Iter:[24 /51] CauLoss:[1.1112], AdvLoss:[0.1353]
Train Iter:[36 /51] CauLoss:[1.1228], AdvLoss:[0.1403]
Train Iter:[48 /51] CauLoss:[1.1462], AdvLoss:[0.1408]
--------------------------------------------------------------------------------------------------------------------------------------------------------------------------------------------------------
Epoch:[6/100], CauAdvLoss:[1.1466/0.1427] valid:[91.67], test:[63.42]
--------------------------------------------------------------------------------------------------------------------------------------------------------------------------------------------------------
Train Iter:[0  /51] CauLoss:[1.6326], AdvLoss:[0.3530]
Train Iter:[12 /51] CauLoss:[1.1640], AdvLoss:[0.2074]
Train Iter:[24 /51] CauLoss:[1.1699], AdvLoss:[0.1815]
Train Iter:[36 /51] CauLoss:[1.1484], AdvLoss:[0.1571]
Train Iter:[48 /51] CauLoss:[1.1542], AdvLoss:[0.1754]
--------------------------------------------------------------------------------------------------------------------------------------------------------------------------------------------------------
Epoch:[7/100], CauAdvLoss:[1.1571/0.1768] valid:[91.88], test:[64.89]
--------------------------------------------------------------------------------------------------------------------------------------------------------------------------------------------------------
Train Iter:[0  /51] CauLoss:[1.1076], AdvLoss:[0.0826]
Train Iter:[12 /51] CauLoss:[1.1299], AdvLoss:[0.1423]
Train Iter:[24 /51] CauLoss:[1.1012], AdvLoss:[0.2276]
Train Iter:[36 /51] CauLoss:[1.1154], AdvLoss:[0.2146]
Train Iter:[48 /51] CauLoss:[1.1092], AdvLoss:[0.1945]
--------------------------------------------------------------------------------------------------------------------------------------------------------------------------------------------------------
Epoch:[8/100], CauAdvLoss:[1.0995/0.1886] valid:[90.96], test:[64.67]
--------------------------------------------------------------------------------------------------------------------------------------------------------------------------------------------------------
Train Iter:[0  /51] CauLoss:[0.9695], AdvLoss:[0.0666]
Train Iter:[12 /51] CauLoss:[1.1298], AdvLoss:[0.1983]
Train Iter:[24 /51] CauLoss:[1.1460], AdvLoss:[0.1822]
Train Iter:[36 /51] CauLoss:[1.0775], AdvLoss:[0.1520]
Train Iter:[48 /51] CauLoss:[1.0824], AdvLoss:[0.1549]
--------------------------------------------------------------------------------------------------------------------------------------------------------------------------------------------------------
Epoch:[9/100], CauAdvLoss:[1.0842/0.1533] valid:[90.52], test:[65.51]
--------------------------------------------------------------------------------------------------------------------------------------------------------------------------------------------------------
Train Iter:[0  /51] CauLoss:[1.1625], AdvLoss:[0.2119]
Train Iter:[12 /51] CauLoss:[1.1027], AdvLoss:[0.1712]
Train Iter:[24 /51] CauLoss:[1.0904], AdvLoss:[0.2368]
Train Iter:[36 /51] CauLoss:[1.1003], AdvLoss:[0.2661]
Train Iter:[48 /51] CauLoss:[1.0797], AdvLoss:[0.2588]
--------------------------------------------------------------------------------------------------------------------------------------------------------------------------------------------------------
Epoch:[10/100], CauAdvLoss:[1.0823/0.2541] valid:[93.19], test:[66.96]
--------------------------------------------------------------------------------------------------------------------------------------------------------------------------------------------------------
Train Iter:[0  /51] CauLoss:[1.0756], AdvLoss:[0.2332]
Train Iter:[12 /51] CauLoss:[1.1401], AdvLoss:[0.2154]
Train Iter:[24 /51] CauLoss:[1.0713], AdvLoss:[0.2514]
Train Iter:[36 /51] CauLoss:[1.0741], AdvLoss:[0.2311]
Train Iter:[48 /51] CauLoss:[1.0706], AdvLoss:[0.2170]
--------------------------------------------------------------------------------------------------------------------------------------------------------------------------------------------------------
Epoch:[11/100], CauAdvLoss:[1.0701/0.2229] valid:[92.21], test:[67.05]
--------------------------------------------------------------------------------------------------------------------------------------------------------------------------------------------------------
Train Iter:[0  /51] CauLoss:[0.8205], AdvLoss:[0.3379]
Train Iter:[12 /51] CauLoss:[1.0924], AdvLoss:[0.2558]
Train Iter:[24 /51] CauLoss:[1.0654], AdvLoss:[0.2500]
Train Iter:[36 /51] CauLoss:[1.0641], AdvLoss:[0.2180]
Train Iter:[48 /51] CauLoss:[1.0672], AdvLoss:[0.2262]
--------------------------------------------------------------------------------------------------------------------------------------------------------------------------------------------------------
Epoch:[12/100], CauAdvLoss:[1.0702/0.2331] valid:[91.99], test:[66.29]
--------------------------------------------------------------------------------------------------------------------------------------------------------------------------------------------------------
Train Iter:[0  /51] CauLoss:[0.8346], AdvLoss:[0.1604]
Train Iter:[12 /51] CauLoss:[0.9920], AdvLoss:[0.1904]
Train Iter:[24 /51] CauLoss:[0.9958], AdvLoss:[0.1850]
Train Iter:[36 /51] CauLoss:[1.0115], AdvLoss:[0.2302]
Train Iter:[48 /51] CauLoss:[1.0277], AdvLoss:[0.2227]
--------------------------------------------------------------------------------------------------------------------------------------------------------------------------------------------------------
Epoch:[13/100], CauAdvLoss:[1.0264/0.2208] valid:[92.10], test:[68.39]
--------------------------------------------------------------------------------------------------------------------------------------------------------------------------------------------------------
Train Iter:[0  /51] CauLoss:[0.9393], AdvLoss:[0.1058]
Train Iter:[12 /51] CauLoss:[0.9885], AdvLoss:[0.1675]
Train Iter:[24 /51] CauLoss:[1.0376], AdvLoss:[0.1690]
Train Iter:[36 /51] CauLoss:[1.0257], AdvLoss:[0.1686]
Train Iter:[48 /51] CauLoss:[1.0339], AdvLoss:[0.2074]
--------------------------------------------------------------------------------------------------------------------------------------------------------------------------------------------------------
Epoch:[14/100], CauAdvLoss:[1.0281/0.2031] valid:[93.86], test:[66.76]
--------------------------------------------------------------------------------------------------------------------------------------------------------------------------------------------------------
Train Iter:[0  /51] CauLoss:[0.9955], AdvLoss:[0.1349]
Train Iter:[12 /51] CauLoss:[1.0134], AdvLoss:[0.1593]
Train Iter:[24 /51] CauLoss:[1.0310], AdvLoss:[0.2138]
Train Iter:[36 /51] CauLoss:[1.0439], AdvLoss:[0.3066]
Train Iter:[48 /51] CauLoss:[1.0327], AdvLoss:[0.3004]
--------------------------------------------------------------------------------------------------------------------------------------------------------------------------------------------------------
Epoch:[15/100], CauAdvLoss:[1.0437/0.3024] valid:[92.29], test:[67.51]
--------------------------------------------------------------------------------------------------------------------------------------------------------------------------------------------------------
Train Iter:[0  /51] CauLoss:[1.1705], AdvLoss:[0.2351]
Train Iter:[12 /51] CauLoss:[0.9877], AdvLoss:[0.1463]
Train Iter:[24 /51] CauLoss:[1.0503], AdvLoss:[0.1568]
Train Iter:[36 /51] CauLoss:[1.0351], AdvLoss:[0.2283]
Train Iter:[48 /51] CauLoss:[1.0577], AdvLoss:[0.2610]
--------------------------------------------------------------------------------------------------------------------------------------------------------------------------------------------------------
Epoch:[16/100], CauAdvLoss:[1.0502/0.2582] valid:[91.73], test:[67.58]
--------------------------------------------------------------------------------------------------------------------------------------------------------------------------------------------------------
Train Iter:[0  /51] CauLoss:[0.8608], AdvLoss:[0.1337]
Train Iter:[12 /51] CauLoss:[0.9072], AdvLoss:[0.1432]
Train Iter:[24 /51] CauLoss:[0.9512], AdvLoss:[0.1551]
Train Iter:[36 /51] CauLoss:[1.0076], AdvLoss:[0.1905]
Train Iter:[48 /51] CauLoss:[1.0040], AdvLoss:[0.2312]
--------------------------------------------------------------------------------------------------------------------------------------------------------------------------------------------------------
Epoch:[17/100], CauAdvLoss:[1.0205/0.2306] valid:[92.36], test:[67.91]
--------------------------------------------------------------------------------------------------------------------------------------------------------------------------------------------------------
Train Iter:[0  /51] CauLoss:[1.1524], AdvLoss:[0.2181]
Train Iter:[12 /51] CauLoss:[0.9967], AdvLoss:[0.2406]
Train Iter:[24 /51] CauLoss:[1.0690], AdvLoss:[0.2620]
Train Iter:[36 /51] CauLoss:[1.0524], AdvLoss:[0.2403]
Train Iter:[48 /51] CauLoss:[1.0222], AdvLoss:[0.2150]
--------------------------------------------------------------------------------------------------------------------------------------------------------------------------------------------------------
Epoch:[18/100], CauAdvLoss:[1.0210/0.2131] valid:[91.89], test:[68.88]
--------------------------------------------------------------------------------------------------------------------------------------------------------------------------------------------------------
Train Iter:[0  /51] CauLoss:[0.9306], AdvLoss:[0.1011]
Train Iter:[12 /51] CauLoss:[0.9616], AdvLoss:[0.1452]
Train Iter:[24 /51] CauLoss:[0.9749], AdvLoss:[0.1577]
Train Iter:[36 /51] CauLoss:[1.0189], AdvLoss:[0.2505]
Train Iter:[48 /51] CauLoss:[1.0212], AdvLoss:[0.2367]
--------------------------------------------------------------------------------------------------------------------------------------------------------------------------------------------------------
Epoch:[19/100], CauAdvLoss:[1.0155/0.2326] valid:[92.15], test:[68.12]
--------------------------------------------------------------------------------------------------------------------------------------------------------------------------------------------------------
Train Iter:[0  /51] CauLoss:[0.8210], AdvLoss:[0.1606]
Train Iter:[12 /51] CauLoss:[0.9860], AdvLoss:[0.2433]
Train Iter:[24 /51] CauLoss:[0.9931], AdvLoss:[0.2216]
Train Iter:[36 /51] CauLoss:[0.9875], AdvLoss:[0.2128]
Train Iter:[48 /51] CauLoss:[0.9853], AdvLoss:[0.2122]
--------------------------------------------------------------------------------------------------------------------------------------------------------------------------------------------------------
Epoch:[20/100], CauAdvLoss:[0.9842/0.2112] valid:[92.35], test:[69.96]
--------------------------------------------------------------------------------------------------------------------------------------------------------------------------------------------------------
Train Iter:[0  /51] CauLoss:[0.8896], AdvLoss:[0.1812]
Train Iter:[12 /51] CauLoss:[1.0024], AdvLoss:[0.1665]
Train Iter:[24 /51] CauLoss:[1.0218], AdvLoss:[0.2005]
Train Iter:[36 /51] CauLoss:[1.0182], AdvLoss:[0.1841]
Train Iter:[48 /51] CauLoss:[1.0097], AdvLoss:[0.1785]
--------------------------------------------------------------------------------------------------------------------------------------------------------------------------------------------------------
Epoch:[21/100], CauAdvLoss:[1.0003/0.1758] valid:[91.85], test:[68.29]
--------------------------------------------------------------------------------------------------------------------------------------------------------------------------------------------------------
Train Iter:[0  /51] CauLoss:[0.9576], AdvLoss:[0.2475]
Train Iter:[12 /51] CauLoss:[1.0051], AdvLoss:[0.3199]
Train Iter:[24 /51] CauLoss:[0.9469], AdvLoss:[0.3135]
Train Iter:[36 /51] CauLoss:[0.9480], AdvLoss:[0.2801]
Train Iter:[48 /51] CauLoss:[0.9707], AdvLoss:[0.2677]
--------------------------------------------------------------------------------------------------------------------------------------------------------------------------------------------------------
Epoch:[22/100], CauAdvLoss:[0.9700/0.2725] valid:[91.86], test:[70.56]
--------------------------------------------------------------------------------------------------------------------------------------------------------------------------------------------------------
Train Iter:[0  /51] CauLoss:[0.6839], AdvLoss:[0.0867]
Train Iter:[12 /51] CauLoss:[0.8339], AdvLoss:[0.1670]
Train Iter:[24 /51] CauLoss:[0.9765], AdvLoss:[0.1990]
Train Iter:[36 /51] CauLoss:[0.9874], AdvLoss:[0.1936]
Train Iter:[48 /51] CauLoss:[0.9928], AdvLoss:[0.2062]
--------------------------------------------------------------------------------------------------------------------------------------------------------------------------------------------------------
Epoch:[23/100], CauAdvLoss:[0.9832/0.2062] valid:[92.68], test:[63.56]
--------------------------------------------------------------------------------------------------------------------------------------------------------------------------------------------------------
Train Iter:[0  /51] CauLoss:[1.2501], AdvLoss:[0.3666]
Train Iter:[12 /51] CauLoss:[0.9609], AdvLoss:[0.2007]
Train Iter:[24 /51] CauLoss:[0.9671], AdvLoss:[0.1959]
Train Iter:[36 /51] CauLoss:[0.9332], AdvLoss:[0.1942]
Train Iter:[48 /51] CauLoss:[0.9568], AdvLoss:[0.2027]
--------------------------------------------------------------------------------------------------------------------------------------------------------------------------------------------------------
Epoch:[24/100], CauAdvLoss:[0.9546/0.2003] valid:[92.86], test:[70.52]
--------------------------------------------------------------------------------------------------------------------------------------------------------------------------------------------------------
Train Iter:[0  /51] CauLoss:[0.9999], AdvLoss:[0.2009]
Train Iter:[12 /51] CauLoss:[0.9708], AdvLoss:[0.2189]
Train Iter:[24 /51] CauLoss:[0.9644], AdvLoss:[0.2955]
Train Iter:[36 /51] CauLoss:[0.9663], AdvLoss:[0.2910]
Train Iter:[48 /51] CauLoss:[0.9670], AdvLoss:[0.2658]
--------------------------------------------------------------------------------------------------------------------------------------------------------------------------------------------------------
Epoch:[25/100], CauAdvLoss:[0.9636/0.2610] valid:[93.67], test:[69.14]
--------------------------------------------------------------------------------------------------------------------------------------------------------------------------------------------------------
Train Iter:[0  /51] CauLoss:[1.2022], AdvLoss:[0.1966]
Train Iter:[12 /51] CauLoss:[0.9875], AdvLoss:[0.1903]
Train Iter:[24 /51] CauLoss:[0.9781], AdvLoss:[0.2145]
Train Iter:[36 /51] CauLoss:[0.9733], AdvLoss:[0.2654]
Train Iter:[48 /51] CauLoss:[0.9717], AdvLoss:[0.2911]
--------------------------------------------------------------------------------------------------------------------------------------------------------------------------------------------------------
Epoch:[26/100], CauAdvLoss:[0.9723/0.2881] valid:[92.06], test:[69.73]
--------------------------------------------------------------------------------------------------------------------------------------------------------------------------------------------------------
Train Iter:[0  /51] CauLoss:[0.8789], AdvLoss:[0.2818]
Train Iter:[12 /51] CauLoss:[0.9747], AdvLoss:[0.2466]
Train Iter:[24 /51] CauLoss:[0.9437], AdvLoss:[0.2121]
Train Iter:[36 /51] CauLoss:[0.9342], AdvLoss:[0.2201]
Train Iter:[48 /51] CauLoss:[0.9346], AdvLoss:[0.2088]
--------------------------------------------------------------------------------------------------------------------------------------------------------------------------------------------------------
Epoch:[27/100], CauAdvLoss:[0.9522/0.2229] valid:[92.95], test:[70.22]
--------------------------------------------------------------------------------------------------------------------------------------------------------------------------------------------------------
Train Iter:[0  /51] CauLoss:[0.8841], AdvLoss:[0.4126]
Train Iter:[12 /51] CauLoss:[0.9752], AdvLoss:[0.3530]
Train Iter:[24 /51] CauLoss:[0.9362], AdvLoss:[0.2887]
Train Iter:[36 /51] CauLoss:[0.9652], AdvLoss:[0.2875]
Train Iter:[48 /51] CauLoss:[0.9618], AdvLoss:[0.2866]
--------------------------------------------------------------------------------------------------------------------------------------------------------------------------------------------------------
Epoch:[28/100], CauAdvLoss:[0.9612/0.2849] valid:[93.54], test:[70.80]
--------------------------------------------------------------------------------------------------------------------------------------------------------------------------------------------------------
Train Iter:[0  /51] CauLoss:[1.3501], AdvLoss:[0.2189]
Train Iter:[12 /51] CauLoss:[1.0185], AdvLoss:[0.2043]
Train Iter:[24 /51] CauLoss:[0.9551], AdvLoss:[0.2063]
Train Iter:[36 /51] CauLoss:[0.9525], AdvLoss:[0.2060]
Train Iter:[48 /51] CauLoss:[0.9442], AdvLoss:[0.2088]
--------------------------------------------------------------------------------------------------------------------------------------------------------------------------------------------------------
Epoch:[29/100], CauAdvLoss:[0.9434/0.2096] valid:[90.97], test:[66.42]
--------------------------------------------------------------------------------------------------------------------------------------------------------------------------------------------------------
Train Iter:[0  /51] CauLoss:[0.7649], AdvLoss:[0.1159]
Train Iter:[12 /51] CauLoss:[0.9504], AdvLoss:[0.1949]
Train Iter:[24 /51] CauLoss:[0.9438], AdvLoss:[0.1879]
Train Iter:[36 /51] CauLoss:[0.9259], AdvLoss:[0.1973]
Train Iter:[48 /51] CauLoss:[0.9431], AdvLoss:[0.2443]
--------------------------------------------------------------------------------------------------------------------------------------------------------------------------------------------------------
Epoch:[30/100], CauAdvLoss:[0.9439/0.2446] valid:[92.86], test:[69.16]
--------------------------------------------------------------------------------------------------------------------------------------------------------------------------------------------------------
Train Iter:[0  /51] CauLoss:[0.8940], AdvLoss:[0.0876]
Train Iter:[12 /51] CauLoss:[0.8495], AdvLoss:[0.1461]
Train Iter:[24 /51] CauLoss:[0.9080], AdvLoss:[0.2332]
Train Iter:[36 /51] CauLoss:[0.9362], AdvLoss:[0.2283]
Train Iter:[48 /51] CauLoss:[0.9152], AdvLoss:[0.2084]
--------------------------------------------------------------------------------------------------------------------------------------------------------------------------------------------------------
Epoch:[31/100], CauAdvLoss:[0.9177/0.2070] valid:[93.34], test:[70.24]
--------------------------------------------------------------------------------------------------------------------------------------------------------------------------------------------------------
Train Iter:[0  /51] CauLoss:[1.3430], AdvLoss:[0.4022]
Train Iter:[12 /51] CauLoss:[0.8811], AdvLoss:[0.2965]
Train Iter:[24 /51] CauLoss:[0.9194], AdvLoss:[0.2968]
Train Iter:[36 /51] CauLoss:[0.9211], AdvLoss:[0.2572]
Train Iter:[48 /51] CauLoss:[0.9318], AdvLoss:[0.2371]
--------------------------------------------------------------------------------------------------------------------------------------------------------------------------------------------------------
Epoch:[32/100], CauAdvLoss:[0.9254/0.2324] valid:[93.50], test:[71.05]
--------------------------------------------------------------------------------------------------------------------------------------------------------------------------------------------------------
Train Iter:[0  /51] CauLoss:[0.8240], AdvLoss:[0.1788]
Train Iter:[12 /51] CauLoss:[0.9014], AdvLoss:[0.3414]
Train Iter:[24 /51] CauLoss:[0.8805], AdvLoss:[0.3291]
Train Iter:[36 /51] CauLoss:[0.8963], AdvLoss:[0.3053]
Train Iter:[48 /51] CauLoss:[0.9148], AdvLoss:[0.2997]
--------------------------------------------------------------------------------------------------------------------------------------------------------------------------------------------------------
Epoch:[33/100], CauAdvLoss:[0.9166/0.2942] valid:[92.84], test:[69.40]
--------------------------------------------------------------------------------------------------------------------------------------------------------------------------------------------------------
Train Iter:[0  /51] CauLoss:[0.8281], AdvLoss:[0.0911]
Train Iter:[12 /51] CauLoss:[0.8949], AdvLoss:[0.1393]
Train Iter:[24 /51] CauLoss:[0.9512], AdvLoss:[0.2346]
Train Iter:[36 /51] CauLoss:[0.9582], AdvLoss:[0.4057]
Train Iter:[48 /51] CauLoss:[0.9434], AdvLoss:[0.3746]
--------------------------------------------------------------------------------------------------------------------------------------------------------------------------------------------------------
Epoch:[34/100], CauAdvLoss:[0.9394/0.3658] valid:[93.99], test:[70.43]
--------------------------------------------------------------------------------------------------------------------------------------------------------------------------------------------------------
Train Iter:[0  /51] CauLoss:[0.7483], AdvLoss:[0.0909]
Train Iter:[12 /51] CauLoss:[0.9187], AdvLoss:[0.1616]
Train Iter:[24 /51] CauLoss:[0.9346], AdvLoss:[0.1790]
Train Iter:[36 /51] CauLoss:[0.9335], AdvLoss:[0.1834]
Train Iter:[48 /51] CauLoss:[0.9150], AdvLoss:[0.1935]
--------------------------------------------------------------------------------------------------------------------------------------------------------------------------------------------------------
Epoch:[35/100], CauAdvLoss:[0.9240/0.2034] valid:[94.19], test:[67.41]
--------------------------------------------------------------------------------------------------------------------------------------------------------------------------------------------------------
Train Iter:[0  /51] CauLoss:[1.0385], AdvLoss:[0.2839]
Train Iter:[12 /51] CauLoss:[0.9795], AdvLoss:[0.3524]
Train Iter:[24 /51] CauLoss:[0.9752], AdvLoss:[0.3140]
Train Iter:[36 /51] CauLoss:[0.9471], AdvLoss:[0.2671]
Train Iter:[48 /51] CauLoss:[0.9275], AdvLoss:[0.2400]
--------------------------------------------------------------------------------------------------------------------------------------------------------------------------------------------------------
Epoch:[36/100], CauAdvLoss:[0.9264/0.2409] valid:[93.39], test:[69.16]
--------------------------------------------------------------------------------------------------------------------------------------------------------------------------------------------------------
Train Iter:[0  /51] CauLoss:[0.7943], AdvLoss:[0.0826]
Train Iter:[12 /51] CauLoss:[0.8142], AdvLoss:[0.2268]
Train Iter:[24 /51] CauLoss:[0.8646], AdvLoss:[0.2457]
Train Iter:[36 /51] CauLoss:[0.8613], AdvLoss:[0.2349]
Train Iter:[48 /51] CauLoss:[0.8910], AdvLoss:[0.2277]
--------------------------------------------------------------------------------------------------------------------------------------------------------------------------------------------------------
Epoch:[37/100], CauAdvLoss:[0.8872/0.2251] valid:[94.59], test:[69.73]
--------------------------------------------------------------------------------------------------------------------------------------------------------------------------------------------------------
Train Iter:[0  /51] CauLoss:[0.6716], AdvLoss:[0.0850]
Train Iter:[12 /51] CauLoss:[0.8004], AdvLoss:[0.1583]
Train Iter:[24 /51] CauLoss:[0.8619], AdvLoss:[0.1861]
Train Iter:[36 /51] CauLoss:[0.8933], AdvLoss:[0.1908]
Train Iter:[48 /51] CauLoss:[0.9167], AdvLoss:[0.2227]
--------------------------------------------------------------------------------------------------------------------------------------------------------------------------------------------------------
Epoch:[38/100], CauAdvLoss:[0.9186/0.2233] valid:[92.86], test:[70.24]
--------------------------------------------------------------------------------------------------------------------------------------------------------------------------------------------------------
Train Iter:[0  /51] CauLoss:[0.7613], AdvLoss:[0.0704]
Train Iter:[12 /51] CauLoss:[0.8837], AdvLoss:[0.1920]
Train Iter:[24 /51] CauLoss:[0.8873], AdvLoss:[0.2533]
Train Iter:[36 /51] CauLoss:[0.8939], AdvLoss:[0.2297]
Train Iter:[48 /51] CauLoss:[0.8812], AdvLoss:[0.2082]
--------------------------------------------------------------------------------------------------------------------------------------------------------------------------------------------------------
Epoch:[39/100], CauAdvLoss:[0.8760/0.2052] valid:[93.73], test:[69.96]
--------------------------------------------------------------------------------------------------------------------------------------------------------------------------------------------------------
Train Iter:[0  /51] CauLoss:[0.9081], AdvLoss:[0.1031]
Train Iter:[12 /51] CauLoss:[0.9240], AdvLoss:[0.3081]
Train Iter:[24 /51] CauLoss:[0.9035], AdvLoss:[0.3450]
Train Iter:[36 /51] CauLoss:[0.8967], AdvLoss:[0.2987]
Train Iter:[48 /51] CauLoss:[0.8964], AdvLoss:[0.2695]
--------------------------------------------------------------------------------------------------------------------------------------------------------------------------------------------------------
Epoch:[40/100], CauAdvLoss:[0.9130/0.2737] valid:[93.56], test:[70.81]
--------------------------------------------------------------------------------------------------------------------------------------------------------------------------------------------------------
Train Iter:[0  /51] CauLoss:[0.6462], AdvLoss:[0.1784]
Train Iter:[12 /51] CauLoss:[0.9260], AdvLoss:[0.2444]
Train Iter:[24 /51] CauLoss:[0.8917], AdvLoss:[0.2632]
Train Iter:[36 /51] CauLoss:[0.9253], AdvLoss:[0.2596]
Train Iter:[48 /51] CauLoss:[0.9249], AdvLoss:[0.2345]
--------------------------------------------------------------------------------------------------------------------------------------------------------------------------------------------------------
Epoch:[41/100], CauAdvLoss:[0.9194/0.2286] valid:[94.03], test:[69.80]
--------------------------------------------------------------------------------------------------------------------------------------------------------------------------------------------------------
Train Iter:[0  /51] CauLoss:[0.7984], AdvLoss:[0.0838]
Train Iter:[12 /51] CauLoss:[0.9245], AdvLoss:[0.2112]
Train Iter:[24 /51] CauLoss:[0.8919], AdvLoss:[0.2230]
Train Iter:[36 /51] CauLoss:[0.8929], AdvLoss:[0.2043]
Train Iter:[48 /51] CauLoss:[0.9275], AdvLoss:[0.2162]
--------------------------------------------------------------------------------------------------------------------------------------------------------------------------------------------------------
Epoch:[42/100], CauAdvLoss:[0.9292/0.2199] valid:[92.80], test:[66.92]
--------------------------------------------------------------------------------------------------------------------------------------------------------------------------------------------------------
Train Iter:[0  /51] CauLoss:[0.8312], AdvLoss:[0.5126]
Train Iter:[12 /51] CauLoss:[0.8499], AdvLoss:[0.4219]
Train Iter:[24 /51] CauLoss:[0.9158], AdvLoss:[0.3506]
Train Iter:[36 /51] CauLoss:[0.9015], AdvLoss:[0.2864]
Train Iter:[48 /51] CauLoss:[0.9101], AdvLoss:[0.2612]
--------------------------------------------------------------------------------------------------------------------------------------------------------------------------------------------------------
Epoch:[43/100], CauAdvLoss:[0.9037/0.2545] valid:[94.05], test:[69.81]
--------------------------------------------------------------------------------------------------------------------------------------------------------------------------------------------------------
Train Iter:[0  /51] CauLoss:[0.8016], AdvLoss:[0.1965]
Train Iter:[12 /51] CauLoss:[0.7947], AdvLoss:[0.1834]
Train Iter:[24 /51] CauLoss:[0.8584], AdvLoss:[0.2365]
Train Iter:[36 /51] CauLoss:[0.8600], AdvLoss:[0.2315]
Train Iter:[48 /51] CauLoss:[0.8727], AdvLoss:[0.2239]
--------------------------------------------------------------------------------------------------------------------------------------------------------------------------------------------------------
Epoch:[44/100], CauAdvLoss:[0.8788/0.2241] valid:[93.87], test:[71.10]
--------------------------------------------------------------------------------------------------------------------------------------------------------------------------------------------------------
Train Iter:[0  /51] CauLoss:[0.6665], AdvLoss:[0.0425]
Train Iter:[12 /51] CauLoss:[0.8255], AdvLoss:[0.1258]
Train Iter:[24 /51] CauLoss:[0.8321], AdvLoss:[0.1455]
Train Iter:[36 /51] CauLoss:[0.8524], AdvLoss:[0.1671]
Train Iter:[48 /51] CauLoss:[0.8703], AdvLoss:[0.2146]
--------------------------------------------------------------------------------------------------------------------------------------------------------------------------------------------------------
Epoch:[45/100], CauAdvLoss:[0.8730/0.2184] valid:[93.19], test:[67.52]
--------------------------------------------------------------------------------------------------------------------------------------------------------------------------------------------------------
Train Iter:[0  /51] CauLoss:[0.6937], AdvLoss:[0.2298]
Train Iter:[12 /51] CauLoss:[0.8563], AdvLoss:[0.2180]
Train Iter:[24 /51] CauLoss:[0.8829], AdvLoss:[0.1831]
Train Iter:[36 /51] CauLoss:[0.9108], AdvLoss:[0.2310]
Train Iter:[48 /51] CauLoss:[0.8854], AdvLoss:[0.2589]
--------------------------------------------------------------------------------------------------------------------------------------------------------------------------------------------------------
Epoch:[46/100], CauAdvLoss:[0.8845/0.2527] valid:[93.84], test:[69.16]
--------------------------------------------------------------------------------------------------------------------------------------------------------------------------------------------------------
Train Iter:[0  /51] CauLoss:[0.7857], AdvLoss:[0.1058]
Train Iter:[12 /51] CauLoss:[0.8271], AdvLoss:[0.1293]
Train Iter:[24 /51] CauLoss:[0.8509], AdvLoss:[0.1531]
Train Iter:[36 /51] CauLoss:[0.8633], AdvLoss:[0.1866]
Train Iter:[48 /51] CauLoss:[0.8765], AdvLoss:[0.2300]
--------------------------------------------------------------------------------------------------------------------------------------------------------------------------------------------------------
Epoch:[47/100], CauAdvLoss:[0.8743/0.2300] valid:[93.69], test:[68.94]
--------------------------------------------------------------------------------------------------------------------------------------------------------------------------------------------------------
Train Iter:[0  /51] CauLoss:[0.8359], AdvLoss:[0.1717]
Train Iter:[12 /51] CauLoss:[0.8045], AdvLoss:[0.1519]
Train Iter:[24 /51] CauLoss:[0.8016], AdvLoss:[0.1354]
Train Iter:[36 /51] CauLoss:[0.8447], AdvLoss:[0.1605]
Train Iter:[48 /51] CauLoss:[0.8544], AdvLoss:[0.1767]
--------------------------------------------------------------------------------------------------------------------------------------------------------------------------------------------------------
Epoch:[48/100], CauAdvLoss:[0.8635/0.1836] valid:[94.17], test:[69.51]
--------------------------------------------------------------------------------------------------------------------------------------------------------------------------------------------------------
Train Iter:[0  /51] CauLoss:[0.7180], AdvLoss:[0.2208]
Train Iter:[12 /51] CauLoss:[0.8572], AdvLoss:[0.2034]
Train Iter:[24 /51] CauLoss:[0.8512], AdvLoss:[0.2057]
Train Iter:[36 /51] CauLoss:[0.8404], AdvLoss:[0.2056]
Train Iter:[48 /51] CauLoss:[0.8538], AdvLoss:[0.2078]
--------------------------------------------------------------------------------------------------------------------------------------------------------------------------------------------------------
Epoch:[49/100], CauAdvLoss:[0.8622/0.2091] valid:[93.49], test:[68.71]
--------------------------------------------------------------------------------------------------------------------------------------------------------------------------------------------------------
Train Iter:[0  /51] CauLoss:[0.7542], AdvLoss:[0.2039]
Train Iter:[12 /51] CauLoss:[0.7961], AdvLoss:[0.1917]
Train Iter:[24 /51] CauLoss:[0.8434], AdvLoss:[0.2089]
Train Iter:[36 /51] CauLoss:[0.8389], AdvLoss:[0.2364]
Train Iter:[48 /51] CauLoss:[0.8474], AdvLoss:[0.2379]
--------------------------------------------------------------------------------------------------------------------------------------------------------------------------------------------------------
Epoch:[50/100], CauAdvLoss:[0.8477/0.2383] valid:[93.83], test:[67.96]
--------------------------------------------------------------------------------------------------------------------------------------------------------------------------------------------------------
Train Iter:[0  /51] CauLoss:[0.9712], AdvLoss:[0.2444]
Train Iter:[12 /51] CauLoss:[0.9106], AdvLoss:[0.2611]
Train Iter:[24 /51] CauLoss:[0.9090], AdvLoss:[0.2416]
Train Iter:[36 /51] CauLoss:[0.8795], AdvLoss:[0.2245]
Train Iter:[48 /51] CauLoss:[0.8655], AdvLoss:[0.2149]
--------------------------------------------------------------------------------------------------------------------------------------------------------------------------------------------------------
Epoch:[51/100], CauAdvLoss:[0.8637/0.2164] valid:[94.12], test:[69.94]
--------------------------------------------------------------------------------------------------------------------------------------------------------------------------------------------------------
Train Iter:[0  /51] CauLoss:[0.8996], AdvLoss:[0.2718]
Train Iter:[12 /51] CauLoss:[0.8138], AdvLoss:[0.1750]
Train Iter:[24 /51] CauLoss:[0.8119], AdvLoss:[0.2388]
Train Iter:[36 /51] CauLoss:[0.8420], AdvLoss:[0.2786]
Train Iter:[48 /51] CauLoss:[0.8671], AdvLoss:[0.2490]
--------------------------------------------------------------------------------------------------------------------------------------------------------------------------------------------------------
Epoch:[52/100], CauAdvLoss:[0.8600/0.2434] valid:[94.12], test:[69.52]
--------------------------------------------------------------------------------------------------------------------------------------------------------------------------------------------------------
Train Iter:[0  /51] CauLoss:[0.6770], AdvLoss:[0.0428]
Train Iter:[12 /51] CauLoss:[0.8612], AdvLoss:[0.2139]
Train Iter:[24 /51] CauLoss:[0.8451], AdvLoss:[0.2249]
Train Iter:[36 /51] CauLoss:[0.8416], AdvLoss:[0.1993]
Train Iter:[48 /51] CauLoss:[0.8346], AdvLoss:[0.1956]
--------------------------------------------------------------------------------------------------------------------------------------------------------------------------------------------------------
Epoch:[53/100], CauAdvLoss:[0.8417/0.1993] valid:[94.14], test:[69.24]
--------------------------------------------------------------------------------------------------------------------------------------------------------------------------------------------------------
Train Iter:[0  /51] CauLoss:[1.0877], AdvLoss:[0.1466]
Train Iter:[12 /51] CauLoss:[0.8631], AdvLoss:[0.1799]
Train Iter:[24 /51] CauLoss:[0.8225], AdvLoss:[0.1741]
Train Iter:[36 /51] CauLoss:[0.8532], AdvLoss:[0.1974]
Train Iter:[48 /51] CauLoss:[0.8552], AdvLoss:[0.2189]
--------------------------------------------------------------------------------------------------------------------------------------------------------------------------------------------------------
Epoch:[54/100], CauAdvLoss:[0.8570/0.2181] valid:[93.90], test:[69.70]
--------------------------------------------------------------------------------------------------------------------------------------------------------------------------------------------------------
Train Iter:[0  /51] CauLoss:[0.7741], AdvLoss:[0.2566]
Train Iter:[12 /51] CauLoss:[0.8241], AdvLoss:[0.2434]
Train Iter:[24 /51] CauLoss:[0.8186], AdvLoss:[0.2616]
Train Iter:[36 /51] CauLoss:[0.8280], AdvLoss:[0.2686]
Train Iter:[48 /51] CauLoss:[0.8483], AdvLoss:[0.2308]
--------------------------------------------------------------------------------------------------------------------------------------------------------------------------------------------------------
Epoch:[55/100], CauAdvLoss:[0.8517/0.2276] valid:[94.46], test:[71.33]
--------------------------------------------------------------------------------------------------------------------------------------------------------------------------------------------------------
Train Iter:[0  /51] CauLoss:[0.8083], AdvLoss:[0.0715]
Train Iter:[12 /51] CauLoss:[0.8239], AdvLoss:[0.1875]
Train Iter:[24 /51] CauLoss:[0.8298], AdvLoss:[0.2310]
Train Iter:[36 /51] CauLoss:[0.8551], AdvLoss:[0.2459]
Train Iter:[48 /51] CauLoss:[0.8528], AdvLoss:[0.2295]
--------------------------------------------------------------------------------------------------------------------------------------------------------------------------------------------------------
Epoch:[56/100], CauAdvLoss:[0.8478/0.2319] valid:[93.46], test:[68.65]
--------------------------------------------------------------------------------------------------------------------------------------------------------------------------------------------------------
Train Iter:[0  /51] CauLoss:[0.7594], AdvLoss:[0.2709]
Train Iter:[12 /51] CauLoss:[0.8242], AdvLoss:[0.2149]
Train Iter:[24 /51] CauLoss:[0.8687], AdvLoss:[0.2282]
Train Iter:[36 /51] CauLoss:[0.8490], AdvLoss:[0.2406]
Train Iter:[48 /51] CauLoss:[0.8553], AdvLoss:[0.3029]
--------------------------------------------------------------------------------------------------------------------------------------------------------------------------------------------------------
Epoch:[57/100], CauAdvLoss:[0.8546/0.2967] valid:[93.74], test:[66.98]
--------------------------------------------------------------------------------------------------------------------------------------------------------------------------------------------------------
Train Iter:[0  /51] CauLoss:[0.6054], AdvLoss:[0.1512]
Train Iter:[12 /51] CauLoss:[0.7838], AdvLoss:[0.1628]
Train Iter:[24 /51] CauLoss:[0.7833], AdvLoss:[0.1762]
Train Iter:[36 /51] CauLoss:[0.8299], AdvLoss:[0.2130]
Train Iter:[48 /51] CauLoss:[0.8362], AdvLoss:[0.2033]
--------------------------------------------------------------------------------------------------------------------------------------------------------------------------------------------------------
Epoch:[58/100], CauAdvLoss:[0.8405/0.2027] valid:[93.98], test:[68.67]
--------------------------------------------------------------------------------------------------------------------------------------------------------------------------------------------------------
Train Iter:[0  /51] CauLoss:[0.6282], AdvLoss:[0.1014]
Train Iter:[12 /51] CauLoss:[0.7965], AdvLoss:[0.1812]
Train Iter:[24 /51] CauLoss:[0.8246], AdvLoss:[0.1853]
Train Iter:[36 /51] CauLoss:[0.8388], AdvLoss:[0.1946]
Train Iter:[48 /51] CauLoss:[0.8337], AdvLoss:[0.1958]
--------------------------------------------------------------------------------------------------------------------------------------------------------------------------------------------------------
Epoch:[59/100], CauAdvLoss:[0.8287/0.1991] valid:[93.34], test:[68.51]
--------------------------------------------------------------------------------------------------------------------------------------------------------------------------------------------------------
Train Iter:[0  /51] CauLoss:[0.7094], AdvLoss:[0.4459]
Train Iter:[12 /51] CauLoss:[0.8190], AdvLoss:[0.2488]
Train Iter:[24 /51] CauLoss:[0.8168], AdvLoss:[0.2159]
Train Iter:[36 /51] CauLoss:[0.8410], AdvLoss:[0.2193]
Train Iter:[48 /51] CauLoss:[0.8393], AdvLoss:[0.2135]
--------------------------------------------------------------------------------------------------------------------------------------------------------------------------------------------------------
Epoch:[60/100], CauAdvLoss:[0.8450/0.2183] valid:[93.85], test:[68.79]
--------------------------------------------------------------------------------------------------------------------------------------------------------------------------------------------------------
Train Iter:[0  /51] CauLoss:[0.9608], AdvLoss:[0.2932]
Train Iter:[12 /51] CauLoss:[0.8232], AdvLoss:[0.2438]
Train Iter:[24 /51] CauLoss:[0.8369], AdvLoss:[0.2435]
Train Iter:[36 /51] CauLoss:[0.8228], AdvLoss:[0.2188]
Train Iter:[48 /51] CauLoss:[0.8141], AdvLoss:[0.2021]
--------------------------------------------------------------------------------------------------------------------------------------------------------------------------------------------------------
Epoch:[61/100], CauAdvLoss:[0.8116/0.2016] valid:[94.20], test:[69.80]
--------------------------------------------------------------------------------------------------------------------------------------------------------------------------------------------------------
Train Iter:[0  /51] CauLoss:[1.0431], AdvLoss:[0.2074]
Train Iter:[12 /51] CauLoss:[0.8114], AdvLoss:[0.2313]
Train Iter:[24 /51] CauLoss:[0.8074], AdvLoss:[0.2205]
Train Iter:[36 /51] CauLoss:[0.8219], AdvLoss:[0.2245]
Train Iter:[48 /51] CauLoss:[0.8296], AdvLoss:[0.2095]
--------------------------------------------------------------------------------------------------------------------------------------------------------------------------------------------------------
Epoch:[62/100], CauAdvLoss:[0.8275/0.2050] valid:[93.50], test:[70.01]
--------------------------------------------------------------------------------------------------------------------------------------------------------------------------------------------------------
Train Iter:[0  /51] CauLoss:[0.7411], AdvLoss:[0.0285]
Train Iter:[12 /51] CauLoss:[0.8043], AdvLoss:[0.1315]
Train Iter:[24 /51] CauLoss:[0.8138], AdvLoss:[0.2073]
Train Iter:[36 /51] CauLoss:[0.8285], AdvLoss:[0.2662]
Train Iter:[48 /51] CauLoss:[0.8403], AdvLoss:[0.2720]
--------------------------------------------------------------------------------------------------------------------------------------------------------------------------------------------------------
Epoch:[63/100], CauAdvLoss:[0.8388/0.2708] valid:[94.43], test:[68.86]
--------------------------------------------------------------------------------------------------------------------------------------------------------------------------------------------------------
Train Iter:[0  /51] CauLoss:[0.7022], AdvLoss:[0.1446]
Train Iter:[12 /51] CauLoss:[0.7757], AdvLoss:[0.1677]
Train Iter:[24 /51] CauLoss:[0.8123], AdvLoss:[0.2143]
Train Iter:[36 /51] CauLoss:[0.8326], AdvLoss:[0.1828]
Train Iter:[48 /51] CauLoss:[0.8235], AdvLoss:[0.1947]
--------------------------------------------------------------------------------------------------------------------------------------------------------------------------------------------------------
Epoch:[64/100], CauAdvLoss:[0.8186/0.1959] valid:[94.45], test:[70.46]
--------------------------------------------------------------------------------------------------------------------------------------------------------------------------------------------------------
Train Iter:[0  /51] CauLoss:[0.6610], AdvLoss:[0.3241]
Train Iter:[12 /51] CauLoss:[0.7828], AdvLoss:[0.3201]
Train Iter:[24 /51] CauLoss:[0.8101], AdvLoss:[0.2963]
Train Iter:[36 /51] CauLoss:[0.8244], AdvLoss:[0.2621]
Train Iter:[48 /51] CauLoss:[0.8309], AdvLoss:[0.2733]
--------------------------------------------------------------------------------------------------------------------------------------------------------------------------------------------------------
Epoch:[65/100], CauAdvLoss:[0.8285/0.2696] valid:[94.43], test:[69.13]
--------------------------------------------------------------------------------------------------------------------------------------------------------------------------------------------------------
Train Iter:[0  /51] CauLoss:[0.8262], AdvLoss:[0.4418]
Train Iter:[12 /51] CauLoss:[0.8023], AdvLoss:[0.2436]
Train Iter:[24 /51] CauLoss:[0.8462], AdvLoss:[0.2223]
Train Iter:[36 /51] CauLoss:[0.8395], AdvLoss:[0.2112]
Train Iter:[48 /51] CauLoss:[0.8233], AdvLoss:[0.2035]
--------------------------------------------------------------------------------------------------------------------------------------------------------------------------------------------------------
Epoch:[66/100], CauAdvLoss:[0.8183/0.1998] valid:[93.52], test:[69.19]
--------------------------------------------------------------------------------------------------------------------------------------------------------------------------------------------------------
Train Iter:[0  /51] CauLoss:[0.6749], AdvLoss:[0.0705]
Train Iter:[12 /51] CauLoss:[0.8239], AdvLoss:[0.1908]
Train Iter:[24 /51] CauLoss:[0.8044], AdvLoss:[0.2058]
Train Iter:[36 /51] CauLoss:[0.8159], AdvLoss:[0.2186]
Train Iter:[48 /51] CauLoss:[0.8074], AdvLoss:[0.2147]
--------------------------------------------------------------------------------------------------------------------------------------------------------------------------------------------------------
Epoch:[67/100], CauAdvLoss:[0.8102/0.2092] valid:[94.27], test:[69.06]
--------------------------------------------------------------------------------------------------------------------------------------------------------------------------------------------------------
Train Iter:[0  /51] CauLoss:[0.7855], AdvLoss:[0.1909]
Train Iter:[12 /51] CauLoss:[0.8212], AdvLoss:[0.1673]
Train Iter:[24 /51] CauLoss:[0.8147], AdvLoss:[0.1553]
Train Iter:[36 /51] CauLoss:[0.8059], AdvLoss:[0.1642]
Train Iter:[48 /51] CauLoss:[0.8108], AdvLoss:[0.1669]
--------------------------------------------------------------------------------------------------------------------------------------------------------------------------------------------------------
Epoch:[68/100], CauAdvLoss:[0.8238/0.1705] valid:[94.10], test:[70.19]
--------------------------------------------------------------------------------------------------------------------------------------------------------------------------------------------------------
Train Iter:[0  /51] CauLoss:[0.7682], AdvLoss:[0.1961]
Train Iter:[12 /51] CauLoss:[0.7795], AdvLoss:[0.1335]
Train Iter:[24 /51] CauLoss:[0.8008], AdvLoss:[0.1528]
Train Iter:[36 /51] CauLoss:[0.8135], AdvLoss:[0.1902]
Train Iter:[48 /51] CauLoss:[0.8101], AdvLoss:[0.1939]
--------------------------------------------------------------------------------------------------------------------------------------------------------------------------------------------------------
Epoch:[69/100], CauAdvLoss:[0.8181/0.1990] valid:[94.19], test:[68.40]
--------------------------------------------------------------------------------------------------------------------------------------------------------------------------------------------------------
Train Iter:[0  /51] CauLoss:[0.7522], AdvLoss:[0.2257]
Train Iter:[12 /51] CauLoss:[0.8034], AdvLoss:[0.1869]
Train Iter:[24 /51] CauLoss:[0.8092], AdvLoss:[0.1679]
Train Iter:[36 /51] CauLoss:[0.8130], AdvLoss:[0.1712]
Train Iter:[48 /51] CauLoss:[0.8194], AdvLoss:[0.1791]
--------------------------------------------------------------------------------------------------------------------------------------------------------------------------------------------------------
Epoch:[70/100], CauAdvLoss:[0.8148/0.1762] valid:[93.93], test:[69.99]
--------------------------------------------------------------------------------------------------------------------------------------------------------------------------------------------------------
Train Iter:[0  /51] CauLoss:[0.8714], AdvLoss:[0.2483]
Train Iter:[12 /51] CauLoss:[0.8513], AdvLoss:[0.1754]
Train Iter:[24 /51] CauLoss:[0.8638], AdvLoss:[0.1981]
Train Iter:[36 /51] CauLoss:[0.8409], AdvLoss:[0.2068]
Train Iter:[48 /51] CauLoss:[0.8192], AdvLoss:[0.2279]
--------------------------------------------------------------------------------------------------------------------------------------------------------------------------------------------------------
Epoch:[71/100], CauAdvLoss:[0.8284/0.2277] valid:[94.06], test:[68.52]
--------------------------------------------------------------------------------------------------------------------------------------------------------------------------------------------------------
Train Iter:[0  /51] CauLoss:[0.6314], AdvLoss:[0.1397]
Train Iter:[12 /51] CauLoss:[0.7755], AdvLoss:[0.1973]
Train Iter:[24 /51] CauLoss:[0.8248], AdvLoss:[0.2071]
Train Iter:[36 /51] CauLoss:[0.8159], AdvLoss:[0.1855]
Train Iter:[48 /51] CauLoss:[0.8121], AdvLoss:[0.1798]
--------------------------------------------------------------------------------------------------------------------------------------------------------------------------------------------------------
Epoch:[72/100], CauAdvLoss:[0.8149/0.1806] valid:[94.14], test:[69.11]
--------------------------------------------------------------------------------------------------------------------------------------------------------------------------------------------------------
Train Iter:[0  /51] CauLoss:[0.6821], AdvLoss:[0.1077]
Train Iter:[12 /51] CauLoss:[0.8363], AdvLoss:[0.2363]
Train Iter:[24 /51] CauLoss:[0.8112], AdvLoss:[0.2210]
Train Iter:[36 /51] CauLoss:[0.8102], AdvLoss:[0.2144]
Train Iter:[48 /51] CauLoss:[0.8138], AdvLoss:[0.1986]
--------------------------------------------------------------------------------------------------------------------------------------------------------------------------------------------------------
Epoch:[73/100], CauAdvLoss:[0.8205/0.1975] valid:[93.84], test:[68.70]
--------------------------------------------------------------------------------------------------------------------------------------------------------------------------------------------------------
Train Iter:[0  /51] CauLoss:[0.7028], AdvLoss:[0.1675]
Train Iter:[12 /51] CauLoss:[0.8243], AdvLoss:[0.1899]
Train Iter:[24 /51] CauLoss:[0.8215], AdvLoss:[0.1857]
Train Iter:[36 /51] CauLoss:[0.8134], AdvLoss:[0.1843]
Train Iter:[48 /51] CauLoss:[0.8174], AdvLoss:[0.2017]
--------------------------------------------------------------------------------------------------------------------------------------------------------------------------------------------------------
Epoch:[74/100], CauAdvLoss:[0.8108/0.1980] valid:[94.09], test:[68.92]
--------------------------------------------------------------------------------------------------------------------------------------------------------------------------------------------------------
Train Iter:[0  /51] CauLoss:[0.6457], AdvLoss:[0.1473]
Train Iter:[12 /51] CauLoss:[0.7462], AdvLoss:[0.1894]
Train Iter:[24 /51] CauLoss:[0.7544], AdvLoss:[0.2063]
Train Iter:[36 /51] CauLoss:[0.7718], AdvLoss:[0.1942]
Train Iter:[48 /51] CauLoss:[0.7875], AdvLoss:[0.1989]
--------------------------------------------------------------------------------------------------------------------------------------------------------------------------------------------------------
Epoch:[75/100], CauAdvLoss:[0.7972/0.2021] valid:[94.06], test:[69.00]
--------------------------------------------------------------------------------------------------------------------------------------------------------------------------------------------------------
Train Iter:[0  /51] CauLoss:[0.9841], AdvLoss:[0.3570]
Train Iter:[12 /51] CauLoss:[0.7978], AdvLoss:[0.1930]
Train Iter:[24 /51] CauLoss:[0.7786], AdvLoss:[0.1878]
Train Iter:[36 /51] CauLoss:[0.8218], AdvLoss:[0.1919]
Train Iter:[48 /51] CauLoss:[0.8064], AdvLoss:[0.1981]
--------------------------------------------------------------------------------------------------------------------------------------------------------------------------------------------------------
Epoch:[76/100], CauAdvLoss:[0.8058/0.2013] valid:[93.79], test:[68.57]
--------------------------------------------------------------------------------------------------------------------------------------------------------------------------------------------------------
Train Iter:[0  /51] CauLoss:[0.8029], AdvLoss:[0.2772]
Train Iter:[12 /51] CauLoss:[0.7633], AdvLoss:[0.1685]
Train Iter:[24 /51] CauLoss:[0.8022], AdvLoss:[0.1846]
Train Iter:[36 /51] CauLoss:[0.7987], AdvLoss:[0.1949]
Train Iter:[48 /51] CauLoss:[0.8087], AdvLoss:[0.1785]
--------------------------------------------------------------------------------------------------------------------------------------------------------------------------------------------------------
Epoch:[77/100], CauAdvLoss:[0.8128/0.1802] valid:[93.87], test:[69.55]
--------------------------------------------------------------------------------------------------------------------------------------------------------------------------------------------------------
Train Iter:[0  /51] CauLoss:[0.9626], AdvLoss:[0.1735]
Train Iter:[12 /51] CauLoss:[0.7469], AdvLoss:[0.1443]
Train Iter:[24 /51] CauLoss:[0.7722], AdvLoss:[0.1548]
Train Iter:[36 /51] CauLoss:[0.7978], AdvLoss:[0.1798]
Train Iter:[48 /51] CauLoss:[0.7870], AdvLoss:[0.1899]
--------------------------------------------------------------------------------------------------------------------------------------------------------------------------------------------------------
Epoch:[78/100], CauAdvLoss:[0.7831/0.1945] valid:[93.94], test:[68.52]
--------------------------------------------------------------------------------------------------------------------------------------------------------------------------------------------------------
Train Iter:[0  /51] CauLoss:[0.8433], AdvLoss:[0.1143]
Train Iter:[12 /51] CauLoss:[0.7393], AdvLoss:[0.1979]
Train Iter:[24 /51] CauLoss:[0.7780], AdvLoss:[0.2029]
Train Iter:[36 /51] CauLoss:[0.8151], AdvLoss:[0.2074]
Train Iter:[48 /51] CauLoss:[0.7921], AdvLoss:[0.1958]
--------------------------------------------------------------------------------------------------------------------------------------------------------------------------------------------------------
Epoch:[79/100], CauAdvLoss:[0.7952/0.1985] valid:[93.80], test:[69.31]
--------------------------------------------------------------------------------------------------------------------------------------------------------------------------------------------------------
Train Iter:[0  /51] CauLoss:[0.7368], AdvLoss:[0.2071]
Train Iter:[12 /51] CauLoss:[0.8272], AdvLoss:[0.2004]
Train Iter:[24 /51] CauLoss:[0.8007], AdvLoss:[0.1918]
Train Iter:[36 /51] CauLoss:[0.7844], AdvLoss:[0.2035]
Train Iter:[48 /51] CauLoss:[0.7902], AdvLoss:[0.2033]
--------------------------------------------------------------------------------------------------------------------------------------------------------------------------------------------------------
Epoch:[80/100], CauAdvLoss:[0.8003/0.2042] valid:[93.93], test:[68.83]
--------------------------------------------------------------------------------------------------------------------------------------------------------------------------------------------------------
Train Iter:[0  /51] CauLoss:[0.9809], AdvLoss:[0.1475]
Train Iter:[12 /51] CauLoss:[0.8560], AdvLoss:[0.1623]
Train Iter:[24 /51] CauLoss:[0.8291], AdvLoss:[0.1819]
Train Iter:[36 /51] CauLoss:[0.8317], AdvLoss:[0.2036]
Train Iter:[48 /51] CauLoss:[0.8096], AdvLoss:[0.1910]
--------------------------------------------------------------------------------------------------------------------------------------------------------------------------------------------------------
Epoch:[81/100], CauAdvLoss:[0.8083/0.1910] valid:[94.01], test:[68.66]
--------------------------------------------------------------------------------------------------------------------------------------------------------------------------------------------------------
Train Iter:[0  /51] CauLoss:[0.9171], AdvLoss:[0.1527]
Train Iter:[12 /51] CauLoss:[0.8222], AdvLoss:[0.2285]
Train Iter:[24 /51] CauLoss:[0.8182], AdvLoss:[0.2126]
Train Iter:[36 /51] CauLoss:[0.7947], AdvLoss:[0.2036]
Train Iter:[48 /51] CauLoss:[0.7880], AdvLoss:[0.1839]
--------------------------------------------------------------------------------------------------------------------------------------------------------------------------------------------------------
Epoch:[82/100], CauAdvLoss:[0.7849/0.1826] valid:[94.20], test:[69.38]
--------------------------------------------------------------------------------------------------------------------------------------------------------------------------------------------------------
Train Iter:[0  /51] CauLoss:[0.8261], AdvLoss:[0.1333]
Train Iter:[12 /51] CauLoss:[0.8438], AdvLoss:[0.1543]
Train Iter:[24 /51] CauLoss:[0.8476], AdvLoss:[0.1861]
Train Iter:[36 /51] CauLoss:[0.8065], AdvLoss:[0.1912]
Train Iter:[48 /51] CauLoss:[0.8092], AdvLoss:[0.1894]
--------------------------------------------------------------------------------------------------------------------------------------------------------------------------------------------------------
Epoch:[83/100], CauAdvLoss:[0.8104/0.1890] valid:[94.25], test:[69.62]
--------------------------------------------------------------------------------------------------------------------------------------------------------------------------------------------------------
Train Iter:[0  /51] CauLoss:[0.8383], AdvLoss:[0.1980]
Train Iter:[12 /51] CauLoss:[0.8388], AdvLoss:[0.2445]
Train Iter:[24 /51] CauLoss:[0.8305], AdvLoss:[0.2300]
Train Iter:[36 /51] CauLoss:[0.7937], AdvLoss:[0.2090]
Train Iter:[48 /51] CauLoss:[0.7751], AdvLoss:[0.1906]
--------------------------------------------------------------------------------------------------------------------------------------------------------------------------------------------------------
Epoch:[84/100], CauAdvLoss:[0.7778/0.1898] valid:[94.07], test:[69.25]
--------------------------------------------------------------------------------------------------------------------------------------------------------------------------------------------------------
Train Iter:[0  /51] CauLoss:[0.5925], AdvLoss:[0.0250]
Train Iter:[12 /51] CauLoss:[0.7595], AdvLoss:[0.1918]
Train Iter:[24 /51] CauLoss:[0.7770], AdvLoss:[0.1987]
Train Iter:[36 /51] CauLoss:[0.7852], AdvLoss:[0.1876]
Train Iter:[48 /51] CauLoss:[0.7751], AdvLoss:[0.1985]
--------------------------------------------------------------------------------------------------------------------------------------------------------------------------------------------------------
Epoch:[85/100], CauAdvLoss:[0.7845/0.1962] valid:[93.97], test:[69.18]
--------------------------------------------------------------------------------------------------------------------------------------------------------------------------------------------------------
Train Iter:[0  /51] CauLoss:[0.6317], AdvLoss:[0.1020]
Train Iter:[12 /51] CauLoss:[0.7756], AdvLoss:[0.1661]
Train Iter:[24 /51] CauLoss:[0.7912], AdvLoss:[0.1567]
Train Iter:[36 /51] CauLoss:[0.7726], AdvLoss:[0.1660]
Train Iter:[48 /51] CauLoss:[0.7906], AdvLoss:[0.1765]
--------------------------------------------------------------------------------------------------------------------------------------------------------------------------------------------------------
Epoch:[86/100], CauAdvLoss:[0.7906/0.1784] valid:[94.02], test:[69.10]
--------------------------------------------------------------------------------------------------------------------------------------------------------------------------------------------------------
Train Iter:[0  /51] CauLoss:[0.6219], AdvLoss:[0.0847]
Train Iter:[12 /51] CauLoss:[0.7607], AdvLoss:[0.1619]
Train Iter:[24 /51] CauLoss:[0.7549], AdvLoss:[0.1585]
Train Iter:[36 /51] CauLoss:[0.7725], AdvLoss:[0.1815]
Train Iter:[48 /51] CauLoss:[0.7907], AdvLoss:[0.1916]
--------------------------------------------------------------------------------------------------------------------------------------------------------------------------------------------------------
Epoch:[87/100], CauAdvLoss:[0.7956/0.1923] valid:[94.04], test:[69.70]
--------------------------------------------------------------------------------------------------------------------------------------------------------------------------------------------------------
Train Iter:[0  /51] CauLoss:[0.6850], AdvLoss:[0.2218]
Train Iter:[12 /51] CauLoss:[0.7307], AdvLoss:[0.1676]
Train Iter:[24 /51] CauLoss:[0.7528], AdvLoss:[0.1805]
Train Iter:[36 /51] CauLoss:[0.7634], AdvLoss:[0.1751]
Train Iter:[48 /51] CauLoss:[0.7810], AdvLoss:[0.1861]
--------------------------------------------------------------------------------------------------------------------------------------------------------------------------------------------------------
Epoch:[88/100], CauAdvLoss:[0.7872/0.1880] valid:[94.11], test:[69.58]
--------------------------------------------------------------------------------------------------------------------------------------------------------------------------------------------------------
Train Iter:[0  /51] CauLoss:[0.6272], AdvLoss:[0.0645]
Train Iter:[12 /51] CauLoss:[0.8054], AdvLoss:[0.2239]
Train Iter:[24 /51] CauLoss:[0.8028], AdvLoss:[0.2041]
Train Iter:[36 /51] CauLoss:[0.7800], AdvLoss:[0.2017]
Train Iter:[48 /51] CauLoss:[0.7698], AdvLoss:[0.1865]
--------------------------------------------------------------------------------------------------------------------------------------------------------------------------------------------------------
Epoch:[89/100], CauAdvLoss:[0.7826/0.1914] valid:[94.09], test:[69.70]
--------------------------------------------------------------------------------------------------------------------------------------------------------------------------------------------------------
Train Iter:[0  /51] CauLoss:[0.8556], AdvLoss:[0.2709]
Train Iter:[12 /51] CauLoss:[0.8415], AdvLoss:[0.1862]
Train Iter:[24 /51] CauLoss:[0.7944], AdvLoss:[0.1886]
Train Iter:[36 /51] CauLoss:[0.7925], AdvLoss:[0.1905]
Train Iter:[48 /51] CauLoss:[0.7734], AdvLoss:[0.1845]
--------------------------------------------------------------------------------------------------------------------------------------------------------------------------------------------------------
Epoch:[90/100], CauAdvLoss:[0.7710/0.1834] valid:[93.98], test:[69.44]
--------------------------------------------------------------------------------------------------------------------------------------------------------------------------------------------------------
Train Iter:[0  /51] CauLoss:[0.7052], AdvLoss:[0.0950]
Train Iter:[12 /51] CauLoss:[0.7571], AdvLoss:[0.1619]
Train Iter:[24 /51] CauLoss:[0.7584], AdvLoss:[0.1791]
Train Iter:[36 /51] CauLoss:[0.7774], AdvLoss:[0.1909]
Train Iter:[48 /51] CauLoss:[0.7775], AdvLoss:[0.1964]
--------------------------------------------------------------------------------------------------------------------------------------------------------------------------------------------------------
Epoch:[91/100], CauAdvLoss:[0.7725/0.1957] valid:[93.94], test:[69.48]
--------------------------------------------------------------------------------------------------------------------------------------------------------------------------------------------------------
Train Iter:[0  /51] CauLoss:[0.7979], AdvLoss:[0.1678]
Train Iter:[12 /51] CauLoss:[0.7723], AdvLoss:[0.1926]
Train Iter:[24 /51] CauLoss:[0.7943], AdvLoss:[0.1867]
Train Iter:[36 /51] CauLoss:[0.7833], AdvLoss:[0.1831]
Train Iter:[48 /51] CauLoss:[0.7825], AdvLoss:[0.1961]
--------------------------------------------------------------------------------------------------------------------------------------------------------------------------------------------------------
Epoch:[92/100], CauAdvLoss:[0.7903/0.1945] valid:[94.02], test:[69.81]
--------------------------------------------------------------------------------------------------------------------------------------------------------------------------------------------------------
Train Iter:[0  /51] CauLoss:[1.3655], AdvLoss:[0.0872]
Train Iter:[12 /51] CauLoss:[0.7560], AdvLoss:[0.1284]
Train Iter:[24 /51] CauLoss:[0.7709], AdvLoss:[0.1798]
Train Iter:[36 /51] CauLoss:[0.7850], AdvLoss:[0.1908]
Train Iter:[48 /51] CauLoss:[0.7800], AdvLoss:[0.1891]
--------------------------------------------------------------------------------------------------------------------------------------------------------------------------------------------------------
Epoch:[93/100], CauAdvLoss:[0.7852/0.1915] valid:[94.01], test:[69.45]
--------------------------------------------------------------------------------------------------------------------------------------------------------------------------------------------------------
Train Iter:[0  /51] CauLoss:[0.7951], AdvLoss:[0.0812]
Train Iter:[12 /51] CauLoss:[0.7713], AdvLoss:[0.1577]
Train Iter:[24 /51] CauLoss:[0.8064], AdvLoss:[0.1735]
Train Iter:[36 /51] CauLoss:[0.7882], AdvLoss:[0.1728]
Train Iter:[48 /51] CauLoss:[0.7916], AdvLoss:[0.1854]
--------------------------------------------------------------------------------------------------------------------------------------------------------------------------------------------------------
Epoch:[94/100], CauAdvLoss:[0.7906/0.1864] valid:[94.06], test:[69.77]
--------------------------------------------------------------------------------------------------------------------------------------------------------------------------------------------------------
Train Iter:[0  /51] CauLoss:[0.6478], AdvLoss:[0.0805]
Train Iter:[12 /51] CauLoss:[0.7656], AdvLoss:[0.2026]
Train Iter:[24 /51] CauLoss:[0.7950], AdvLoss:[0.2132]
Train Iter:[36 /51] CauLoss:[0.7974], AdvLoss:[0.1955]
Train Iter:[48 /51] CauLoss:[0.7961], AdvLoss:[0.1871]
--------------------------------------------------------------------------------------------------------------------------------------------------------------------------------------------------------
Epoch:[95/100], CauAdvLoss:[0.7961/0.1841] valid:[93.89], test:[69.69]
--------------------------------------------------------------------------------------------------------------------------------------------------------------------------------------------------------
Train Iter:[0  /51] CauLoss:[0.6788], AdvLoss:[0.0939]
Train Iter:[12 /51] CauLoss:[0.7459], AdvLoss:[0.1784]
Train Iter:[24 /51] CauLoss:[0.7838], AdvLoss:[0.2123]
Train Iter:[36 /51] CauLoss:[0.7901], AdvLoss:[0.2059]
Train Iter:[48 /51] CauLoss:[0.7828], AdvLoss:[0.1908]
--------------------------------------------------------------------------------------------------------------------------------------------------------------------------------------------------------
Epoch:[96/100], CauAdvLoss:[0.7821/0.1934] valid:[93.95], test:[69.47]
--------------------------------------------------------------------------------------------------------------------------------------------------------------------------------------------------------
Train Iter:[0  /51] CauLoss:[0.5840], AdvLoss:[0.0805]
Train Iter:[12 /51] CauLoss:[0.7953], AdvLoss:[0.1735]
Train Iter:[24 /51] CauLoss:[0.8116], AdvLoss:[0.1768]
Train Iter:[36 /51] CauLoss:[0.7759], AdvLoss:[0.1998]
Train Iter:[48 /51] CauLoss:[0.7650], AdvLoss:[0.1895]
--------------------------------------------------------------------------------------------------------------------------------------------------------------------------------------------------------
Epoch:[97/100], CauAdvLoss:[0.7667/0.1936] valid:[94.04], test:[69.54]
--------------------------------------------------------------------------------------------------------------------------------------------------------------------------------------------------------
Train Iter:[0  /51] CauLoss:[0.7048], AdvLoss:[0.1777]
Train Iter:[12 /51] CauLoss:[0.9181], AdvLoss:[0.2793]
Train Iter:[24 /51] CauLoss:[0.8611], AdvLoss:[0.2069]
Train Iter:[36 /51] CauLoss:[0.8115], AdvLoss:[0.1988]
Train Iter:[48 /51] CauLoss:[0.8037], AdvLoss:[0.1951]
--------------------------------------------------------------------------------------------------------------------------------------------------------------------------------------------------------
Epoch:[98/100], CauAdvLoss:[0.7990/0.1943] valid:[94.01], test:[69.66]
--------------------------------------------------------------------------------------------------------------------------------------------------------------------------------------------------------
Train Iter:[0  /51] CauLoss:[0.6666], AdvLoss:[0.1816]
Train Iter:[12 /51] CauLoss:[0.8312], AdvLoss:[0.2253]
Train Iter:[24 /51] CauLoss:[0.8198], AdvLoss:[0.2251]
Train Iter:[36 /51] CauLoss:[0.8085], AdvLoss:[0.2118]
Train Iter:[48 /51] CauLoss:[0.7884], AdvLoss:[0.1899]
--------------------------------------------------------------------------------------------------------------------------------------------------------------------------------------------------------
Epoch:[99/100], CauAdvLoss:[0.7891/0.1904] valid:[94.00], test:[69.62]
--------------------------------------------------------------------------------------------------------------------------------------------------------------------------------------------------------
Train Iter:[0  /51] CauLoss:[0.6620], AdvLoss:[0.2093]
Train Iter:[12 /51] CauLoss:[0.7654], AdvLoss:[0.1895]
Train Iter:[24 /51] CauLoss:[0.7799], AdvLoss:[0.1768]
Train Iter:[36 /51] CauLoss:[0.7512], AdvLoss:[0.1705]
Train Iter:[48 /51] CauLoss:[0.7803], AdvLoss:[0.1888]
--------------------------------------------------------------------------------------------------------------------------------------------------------------------------------------------------------
Epoch:[100/100], CauAdvLoss:[0.7789/0.1893] valid:[94.00], test:[69.68]
--------------------------------------------------------------------------------------------------------------------------------------------------------------------------------------------------------
Update test:[69.73] at epoch:[37] | Total time:00:04:07
initialize network with kaiming
Train Iter:[0  /51] CauLoss:[2.3849], AdvLoss:[-9.0001]
Train Iter:[12 /51] CauLoss:[1.9294], AdvLoss:[0.7313]
Train Iter:[24 /51] CauLoss:[1.6379], AdvLoss:[0.5058]
Train Iter:[36 /51] CauLoss:[1.5602], AdvLoss:[0.4469]
Train Iter:[48 /51] CauLoss:[1.5292], AdvLoss:[0.4093]
--------------------------------------------------------------------------------------------------------------------------------------------------------------------------------------------------------
Epoch:[1/100], CauAdvLoss:[1.5295/0.4069] valid:[90.56], test:[61.99]
--------------------------------------------------------------------------------------------------------------------------------------------------------------------------------------------------------
Train Iter:[0  /51] CauLoss:[1.6572], AdvLoss:[0.4252]
Train Iter:[12 /51] CauLoss:[1.3696], AdvLoss:[0.3422]
Train Iter:[24 /51] CauLoss:[1.3656], AdvLoss:[0.3653]
Train Iter:[36 /51] CauLoss:[1.3499], AdvLoss:[0.3572]
Train Iter:[48 /51] CauLoss:[1.3108], AdvLoss:[0.3419]
--------------------------------------------------------------------------------------------------------------------------------------------------------------------------------------------------------
Epoch:[2/100], CauAdvLoss:[1.3104/0.3411] valid:[91.93], test:[63.78]
--------------------------------------------------------------------------------------------------------------------------------------------------------------------------------------------------------
Train Iter:[0  /51] CauLoss:[1.0642], AdvLoss:[0.2511]
Train Iter:[12 /51] CauLoss:[1.2226], AdvLoss:[0.3157]
Train Iter:[24 /51] CauLoss:[1.2023], AdvLoss:[0.2901]
Train Iter:[36 /51] CauLoss:[1.2272], AdvLoss:[0.2891]
Train Iter:[48 /51] CauLoss:[1.2414], AdvLoss:[0.3113]
--------------------------------------------------------------------------------------------------------------------------------------------------------------------------------------------------------
Epoch:[3/100], CauAdvLoss:[1.2406/0.3133] valid:[90.59], test:[63.55]
--------------------------------------------------------------------------------------------------------------------------------------------------------------------------------------------------------
Train Iter:[0  /51] CauLoss:[0.8681], AdvLoss:[0.4261]
Train Iter:[12 /51] CauLoss:[1.2102], AdvLoss:[0.3862]
Train Iter:[24 /51] CauLoss:[1.2028], AdvLoss:[0.3206]
Train Iter:[36 /51] CauLoss:[1.1845], AdvLoss:[0.3061]
Train Iter:[48 /51] CauLoss:[1.1877], AdvLoss:[0.2945]
--------------------------------------------------------------------------------------------------------------------------------------------------------------------------------------------------------
Epoch:[4/100], CauAdvLoss:[1.1897/0.2954] valid:[89.22], test:[63.28]
--------------------------------------------------------------------------------------------------------------------------------------------------------------------------------------------------------
Train Iter:[0  /51] CauLoss:[1.4419], AdvLoss:[0.3623]
Train Iter:[12 /51] CauLoss:[1.1901], AdvLoss:[0.2710]
Train Iter:[24 /51] CauLoss:[1.1699], AdvLoss:[0.2880]
Train Iter:[36 /51] CauLoss:[1.1515], AdvLoss:[0.3807]
Train Iter:[48 /51] CauLoss:[1.1835], AdvLoss:[0.3631]
--------------------------------------------------------------------------------------------------------------------------------------------------------------------------------------------------------
Epoch:[5/100], CauAdvLoss:[1.1719/0.3539] valid:[92.17], test:[64.17]
--------------------------------------------------------------------------------------------------------------------------------------------------------------------------------------------------------
Train Iter:[0  /51] CauLoss:[1.3493], AdvLoss:[0.3237]
Train Iter:[12 /51] CauLoss:[1.1691], AdvLoss:[0.2581]
Train Iter:[24 /51] CauLoss:[1.1821], AdvLoss:[0.2783]
Train Iter:[36 /51] CauLoss:[1.1537], AdvLoss:[0.2818]
Train Iter:[48 /51] CauLoss:[1.1258], AdvLoss:[0.2684]
--------------------------------------------------------------------------------------------------------------------------------------------------------------------------------------------------------
Epoch:[6/100], CauAdvLoss:[1.1261/0.2672] valid:[92.35], test:[66.35]
--------------------------------------------------------------------------------------------------------------------------------------------------------------------------------------------------------
Train Iter:[0  /51] CauLoss:[0.9593], AdvLoss:[0.2293]
Train Iter:[12 /51] CauLoss:[1.0000], AdvLoss:[0.2979]
Train Iter:[24 /51] CauLoss:[1.0147], AdvLoss:[0.2672]
Train Iter:[36 /51] CauLoss:[1.0740], AdvLoss:[0.2691]
Train Iter:[48 /51] CauLoss:[1.0788], AdvLoss:[0.2685]
--------------------------------------------------------------------------------------------------------------------------------------------------------------------------------------------------------
Epoch:[7/100], CauAdvLoss:[1.0807/0.2681] valid:[93.25], test:[67.35]
--------------------------------------------------------------------------------------------------------------------------------------------------------------------------------------------------------
Train Iter:[0  /51] CauLoss:[1.0855], AdvLoss:[0.2840]
Train Iter:[12 /51] CauLoss:[1.0634], AdvLoss:[0.2308]
Train Iter:[24 /51] CauLoss:[1.1189], AdvLoss:[0.2910]
Train Iter:[36 /51] CauLoss:[1.0937], AdvLoss:[0.2968]
Train Iter:[48 /51] CauLoss:[1.0885], AdvLoss:[0.2778]
--------------------------------------------------------------------------------------------------------------------------------------------------------------------------------------------------------
Epoch:[8/100], CauAdvLoss:[1.0917/0.2770] valid:[90.14], test:[65.21]
--------------------------------------------------------------------------------------------------------------------------------------------------------------------------------------------------------
Train Iter:[0  /51] CauLoss:[1.0508], AdvLoss:[0.2441]
Train Iter:[12 /51] CauLoss:[1.0669], AdvLoss:[0.2893]
Train Iter:[24 /51] CauLoss:[1.1024], AdvLoss:[0.2676]
Train Iter:[36 /51] CauLoss:[1.1056], AdvLoss:[0.2613]
Train Iter:[48 /51] CauLoss:[1.0881], AdvLoss:[0.2674]
--------------------------------------------------------------------------------------------------------------------------------------------------------------------------------------------------------
Epoch:[9/100], CauAdvLoss:[1.0914/0.2675] valid:[92.12], test:[67.04]
--------------------------------------------------------------------------------------------------------------------------------------------------------------------------------------------------------
Train Iter:[0  /51] CauLoss:[0.9965], AdvLoss:[0.2533]
Train Iter:[12 /51] CauLoss:[1.0506], AdvLoss:[0.2216]
Train Iter:[24 /51] CauLoss:[1.0696], AdvLoss:[0.2372]
Train Iter:[36 /51] CauLoss:[1.0766], AdvLoss:[0.2672]
Train Iter:[48 /51] CauLoss:[1.0465], AdvLoss:[0.2575]
--------------------------------------------------------------------------------------------------------------------------------------------------------------------------------------------------------
Epoch:[10/100], CauAdvLoss:[1.0498/0.2598] valid:[92.07], test:[67.25]
--------------------------------------------------------------------------------------------------------------------------------------------------------------------------------------------------------
Train Iter:[0  /51] CauLoss:[1.2274], AdvLoss:[0.2270]
Train Iter:[12 /51] CauLoss:[1.0069], AdvLoss:[0.2474]
Train Iter:[24 /51] CauLoss:[1.0447], AdvLoss:[0.2685]
Train Iter:[36 /51] CauLoss:[1.0181], AdvLoss:[0.2404]
Train Iter:[48 /51] CauLoss:[1.0484], AdvLoss:[0.2469]
--------------------------------------------------------------------------------------------------------------------------------------------------------------------------------------------------------
Epoch:[11/100], CauAdvLoss:[1.0455/0.2451] valid:[92.18], test:[63.86]
--------------------------------------------------------------------------------------------------------------------------------------------------------------------------------------------------------
Train Iter:[0  /51] CauLoss:[0.8350], AdvLoss:[0.2054]
Train Iter:[12 /51] CauLoss:[0.9145], AdvLoss:[0.2298]
Train Iter:[24 /51] CauLoss:[0.9670], AdvLoss:[0.2867]
Train Iter:[36 /51] CauLoss:[0.9740], AdvLoss:[0.2657]
Train Iter:[48 /51] CauLoss:[1.0265], AdvLoss:[0.2760]
--------------------------------------------------------------------------------------------------------------------------------------------------------------------------------------------------------
Epoch:[12/100], CauAdvLoss:[1.0240/0.2725] valid:[90.97], test:[65.44]
--------------------------------------------------------------------------------------------------------------------------------------------------------------------------------------------------------
Train Iter:[0  /51] CauLoss:[1.0089], AdvLoss:[0.2313]
Train Iter:[12 /51] CauLoss:[1.0515], AdvLoss:[0.2269]
Train Iter:[24 /51] CauLoss:[1.0382], AdvLoss:[0.2548]
Train Iter:[36 /51] CauLoss:[1.0156], AdvLoss:[0.2889]
Train Iter:[48 /51] CauLoss:[0.9959], AdvLoss:[0.2645]
--------------------------------------------------------------------------------------------------------------------------------------------------------------------------------------------------------
Epoch:[13/100], CauAdvLoss:[0.9974/0.2618] valid:[91.94], test:[68.35]
--------------------------------------------------------------------------------------------------------------------------------------------------------------------------------------------------------
Train Iter:[0  /51] CauLoss:[0.9876], AdvLoss:[0.1602]
Train Iter:[12 /51] CauLoss:[1.1281], AdvLoss:[0.2276]
Train Iter:[24 /51] CauLoss:[1.0597], AdvLoss:[0.2283]
Train Iter:[36 /51] CauLoss:[1.0314], AdvLoss:[0.2347]
Train Iter:[48 /51] CauLoss:[1.0180], AdvLoss:[0.2346]
--------------------------------------------------------------------------------------------------------------------------------------------------------------------------------------------------------
Epoch:[14/100], CauAdvLoss:[1.0282/0.2380] valid:[91.84], test:[66.99]
--------------------------------------------------------------------------------------------------------------------------------------------------------------------------------------------------------
Train Iter:[0  /51] CauLoss:[1.3659], AdvLoss:[0.3676]
Train Iter:[12 /51] CauLoss:[0.9807], AdvLoss:[0.1960]
Train Iter:[24 /51] CauLoss:[0.9854], AdvLoss:[0.2002]
Train Iter:[36 /51] CauLoss:[1.0145], AdvLoss:[0.2025]
Train Iter:[48 /51] CauLoss:[1.0197], AdvLoss:[0.2105]
--------------------------------------------------------------------------------------------------------------------------------------------------------------------------------------------------------
Epoch:[15/100], CauAdvLoss:[1.0170/0.2095] valid:[92.73], test:[68.04]
--------------------------------------------------------------------------------------------------------------------------------------------------------------------------------------------------------
Train Iter:[0  /51] CauLoss:[0.9102], AdvLoss:[0.3074]
Train Iter:[12 /51] CauLoss:[0.9510], AdvLoss:[0.2260]
Train Iter:[24 /51] CauLoss:[1.0181], AdvLoss:[0.2403]
Train Iter:[36 /51] CauLoss:[0.9975], AdvLoss:[0.2338]
Train Iter:[48 /51] CauLoss:[1.0291], AdvLoss:[0.2456]
--------------------------------------------------------------------------------------------------------------------------------------------------------------------------------------------------------
Epoch:[16/100], CauAdvLoss:[1.0230/0.2437] valid:[92.46], test:[68.27]
--------------------------------------------------------------------------------------------------------------------------------------------------------------------------------------------------------
Train Iter:[0  /51] CauLoss:[1.1350], AdvLoss:[0.3561]
Train Iter:[12 /51] CauLoss:[1.0022], AdvLoss:[0.2462]
Train Iter:[24 /51] CauLoss:[1.0119], AdvLoss:[0.2619]
Train Iter:[36 /51] CauLoss:[1.0110], AdvLoss:[0.2623]
Train Iter:[48 /51] CauLoss:[1.0125], AdvLoss:[0.2529]
--------------------------------------------------------------------------------------------------------------------------------------------------------------------------------------------------------
Epoch:[17/100], CauAdvLoss:[1.0038/0.2463] valid:[92.44], test:[69.04]
--------------------------------------------------------------------------------------------------------------------------------------------------------------------------------------------------------
Train Iter:[0  /51] CauLoss:[1.2562], AdvLoss:[0.2685]
Train Iter:[12 /51] CauLoss:[0.8884], AdvLoss:[0.1497]
Train Iter:[24 /51] CauLoss:[0.9470], AdvLoss:[0.1644]
Train Iter:[36 /51] CauLoss:[1.0006], AdvLoss:[0.1949]
Train Iter:[48 /51] CauLoss:[1.0126], AdvLoss:[0.2111]
--------------------------------------------------------------------------------------------------------------------------------------------------------------------------------------------------------
Epoch:[18/100], CauAdvLoss:[1.0051/0.2102] valid:[90.69], test:[65.42]
--------------------------------------------------------------------------------------------------------------------------------------------------------------------------------------------------------
Train Iter:[0  /51] CauLoss:[0.7615], AdvLoss:[0.1778]
Train Iter:[12 /51] CauLoss:[0.9471], AdvLoss:[0.2403]
Train Iter:[24 /51] CauLoss:[0.9528], AdvLoss:[0.2185]
Train Iter:[36 /51] CauLoss:[0.9756], AdvLoss:[0.2152]
Train Iter:[48 /51] CauLoss:[0.9704], AdvLoss:[0.2046]
--------------------------------------------------------------------------------------------------------------------------------------------------------------------------------------------------------
Epoch:[19/100], CauAdvLoss:[0.9798/0.2087] valid:[92.15], test:[67.67]
--------------------------------------------------------------------------------------------------------------------------------------------------------------------------------------------------------
Train Iter:[0  /51] CauLoss:[0.9540], AdvLoss:[0.1594]
Train Iter:[12 /51] CauLoss:[1.0225], AdvLoss:[0.2014]
Train Iter:[24 /51] CauLoss:[1.0156], AdvLoss:[0.2553]
Train Iter:[36 /51] CauLoss:[1.0127], AdvLoss:[0.2508]
Train Iter:[48 /51] CauLoss:[0.9866], AdvLoss:[0.2301]
--------------------------------------------------------------------------------------------------------------------------------------------------------------------------------------------------------
Epoch:[20/100], CauAdvLoss:[0.9815/0.2277] valid:[91.68], test:[66.62]
--------------------------------------------------------------------------------------------------------------------------------------------------------------------------------------------------------
Train Iter:[0  /51] CauLoss:[0.7019], AdvLoss:[0.0395]
Train Iter:[12 /51] CauLoss:[0.9533], AdvLoss:[0.1911]
Train Iter:[24 /51] CauLoss:[0.9795], AdvLoss:[0.2276]
Train Iter:[36 /51] CauLoss:[0.9928], AdvLoss:[0.2456]
Train Iter:[48 /51] CauLoss:[0.9770], AdvLoss:[0.2323]
--------------------------------------------------------------------------------------------------------------------------------------------------------------------------------------------------------
Epoch:[21/100], CauAdvLoss:[0.9718/0.2292] valid:[91.85], test:[69.47]
--------------------------------------------------------------------------------------------------------------------------------------------------------------------------------------------------------
Train Iter:[0  /51] CauLoss:[1.3990], AdvLoss:[0.3270]
Train Iter:[12 /51] CauLoss:[0.9895], AdvLoss:[0.2129]
Train Iter:[24 /51] CauLoss:[1.0031], AdvLoss:[0.2594]
Train Iter:[36 /51] CauLoss:[0.9876], AdvLoss:[0.2596]
Train Iter:[48 /51] CauLoss:[0.9797], AdvLoss:[0.2422]
--------------------------------------------------------------------------------------------------------------------------------------------------------------------------------------------------------
Epoch:[22/100], CauAdvLoss:[0.9706/0.2387] valid:[92.19], test:[66.97]
--------------------------------------------------------------------------------------------------------------------------------------------------------------------------------------------------------
Train Iter:[0  /51] CauLoss:[1.0623], AdvLoss:[0.2573]
Train Iter:[12 /51] CauLoss:[1.0211], AdvLoss:[0.2236]
Train Iter:[24 /51] CauLoss:[0.9670], AdvLoss:[0.2282]
Train Iter:[36 /51] CauLoss:[0.9654], AdvLoss:[0.2229]
Train Iter:[48 /51] CauLoss:[0.9659], AdvLoss:[0.2160]
--------------------------------------------------------------------------------------------------------------------------------------------------------------------------------------------------------
Epoch:[23/100], CauAdvLoss:[0.9712/0.2177] valid:[92.07], test:[68.59]
--------------------------------------------------------------------------------------------------------------------------------------------------------------------------------------------------------
Train Iter:[0  /51] CauLoss:[0.9878], AdvLoss:[0.1795]
Train Iter:[12 /51] CauLoss:[0.9231], AdvLoss:[0.1885]
Train Iter:[24 /51] CauLoss:[0.9659], AdvLoss:[0.2292]
Train Iter:[36 /51] CauLoss:[0.9520], AdvLoss:[0.2481]
Train Iter:[48 /51] CauLoss:[0.9550], AdvLoss:[0.2504]
--------------------------------------------------------------------------------------------------------------------------------------------------------------------------------------------------------
Epoch:[24/100], CauAdvLoss:[0.9557/0.2513] valid:[92.11], test:[67.06]
--------------------------------------------------------------------------------------------------------------------------------------------------------------------------------------------------------
Train Iter:[0  /51] CauLoss:[0.6334], AdvLoss:[0.0806]
Train Iter:[12 /51] CauLoss:[0.8732], AdvLoss:[0.1809]
Train Iter:[24 /51] CauLoss:[0.9013], AdvLoss:[0.1950]
Train Iter:[36 /51] CauLoss:[0.9410], AdvLoss:[0.2192]
Train Iter:[48 /51] CauLoss:[0.9504], AdvLoss:[0.2349]
--------------------------------------------------------------------------------------------------------------------------------------------------------------------------------------------------------
Epoch:[25/100], CauAdvLoss:[0.9693/0.2415] valid:[92.55], test:[67.60]
--------------------------------------------------------------------------------------------------------------------------------------------------------------------------------------------------------
Train Iter:[0  /51] CauLoss:[1.2130], AdvLoss:[0.4029]
Train Iter:[12 /51] CauLoss:[0.9893], AdvLoss:[0.1964]
Train Iter:[24 /51] CauLoss:[0.9442], AdvLoss:[0.1964]
Train Iter:[36 /51] CauLoss:[0.9412], AdvLoss:[0.1918]
Train Iter:[48 /51] CauLoss:[0.9354], AdvLoss:[0.1933]
--------------------------------------------------------------------------------------------------------------------------------------------------------------------------------------------------------
Epoch:[26/100], CauAdvLoss:[0.9380/0.1949] valid:[91.79], test:[68.07]
--------------------------------------------------------------------------------------------------------------------------------------------------------------------------------------------------------
Train Iter:[0  /51] CauLoss:[1.0318], AdvLoss:[0.3417]
Train Iter:[12 /51] CauLoss:[0.9498], AdvLoss:[0.3123]
Train Iter:[24 /51] CauLoss:[0.9609], AdvLoss:[0.2577]
Train Iter:[36 /51] CauLoss:[0.9487], AdvLoss:[0.2457]
Train Iter:[48 /51] CauLoss:[0.9359], AdvLoss:[0.2650]
--------------------------------------------------------------------------------------------------------------------------------------------------------------------------------------------------------
Epoch:[27/100], CauAdvLoss:[0.9335/0.2632] valid:[92.01], test:[67.97]
--------------------------------------------------------------------------------------------------------------------------------------------------------------------------------------------------------
Train Iter:[0  /51] CauLoss:[0.9104], AdvLoss:[0.1883]
Train Iter:[12 /51] CauLoss:[0.9792], AdvLoss:[0.1866]
Train Iter:[24 /51] CauLoss:[0.9458], AdvLoss:[0.1846]
Train Iter:[36 /51] CauLoss:[0.9672], AdvLoss:[0.2033]
Train Iter:[48 /51] CauLoss:[0.9538], AdvLoss:[0.1928]
--------------------------------------------------------------------------------------------------------------------------------------------------------------------------------------------------------
Epoch:[28/100], CauAdvLoss:[0.9614/0.1943] valid:[92.59], test:[70.04]
--------------------------------------------------------------------------------------------------------------------------------------------------------------------------------------------------------
Train Iter:[0  /51] CauLoss:[0.9777], AdvLoss:[0.1841]
Train Iter:[12 /51] CauLoss:[0.8395], AdvLoss:[0.1701]
Train Iter:[24 /51] CauLoss:[0.9175], AdvLoss:[0.2012]
Train Iter:[36 /51] CauLoss:[0.9242], AdvLoss:[0.2354]
Train Iter:[48 /51] CauLoss:[0.9306], AdvLoss:[0.2201]
--------------------------------------------------------------------------------------------------------------------------------------------------------------------------------------------------------
Epoch:[29/100], CauAdvLoss:[0.9264/0.2177] valid:[91.68], test:[68.41]
--------------------------------------------------------------------------------------------------------------------------------------------------------------------------------------------------------
Train Iter:[0  /51] CauLoss:[1.0222], AdvLoss:[0.2224]
Train Iter:[12 /51] CauLoss:[0.9496], AdvLoss:[0.2063]
Train Iter:[24 /51] CauLoss:[0.9282], AdvLoss:[0.2002]
Train Iter:[36 /51] CauLoss:[0.9368], AdvLoss:[0.1937]
Train Iter:[48 /51] CauLoss:[0.9209], AdvLoss:[0.2008]
--------------------------------------------------------------------------------------------------------------------------------------------------------------------------------------------------------
Epoch:[30/100], CauAdvLoss:[0.9169/0.1992] valid:[91.22], test:[68.34]
--------------------------------------------------------------------------------------------------------------------------------------------------------------------------------------------------------
Train Iter:[0  /51] CauLoss:[0.8579], AdvLoss:[0.2209]
Train Iter:[12 /51] CauLoss:[0.8657], AdvLoss:[0.1545]
Train Iter:[24 /51] CauLoss:[0.8974], AdvLoss:[0.1664]
Train Iter:[36 /51] CauLoss:[0.9194], AdvLoss:[0.1679]
Train Iter:[48 /51] CauLoss:[0.9282], AdvLoss:[0.1738]
--------------------------------------------------------------------------------------------------------------------------------------------------------------------------------------------------------
Epoch:[31/100], CauAdvLoss:[0.9286/0.1742] valid:[91.87], test:[71.30]
--------------------------------------------------------------------------------------------------------------------------------------------------------------------------------------------------------
Train Iter:[0  /51] CauLoss:[0.8578], AdvLoss:[0.0868]
Train Iter:[12 /51] CauLoss:[0.9096], AdvLoss:[0.2357]
Train Iter:[24 /51] CauLoss:[0.8909], AdvLoss:[0.2800]
Train Iter:[36 /51] CauLoss:[0.9072], AdvLoss:[0.2586]
Train Iter:[48 /51] CauLoss:[0.9285], AdvLoss:[0.2488]
--------------------------------------------------------------------------------------------------------------------------------------------------------------------------------------------------------
Epoch:[32/100], CauAdvLoss:[0.9268/0.2449] valid:[91.81], test:[69.42]
--------------------------------------------------------------------------------------------------------------------------------------------------------------------------------------------------------
Train Iter:[0  /51] CauLoss:[0.6455], AdvLoss:[0.1209]
Train Iter:[12 /51] CauLoss:[0.8953], AdvLoss:[0.2454]
Train Iter:[24 /51] CauLoss:[0.8956], AdvLoss:[0.2390]
Train Iter:[36 /51] CauLoss:[0.8969], AdvLoss:[0.2138]
Train Iter:[48 /51] CauLoss:[0.9084], AdvLoss:[0.2076]
--------------------------------------------------------------------------------------------------------------------------------------------------------------------------------------------------------
Epoch:[33/100], CauAdvLoss:[0.9064/0.2056] valid:[92.21], test:[69.70]
--------------------------------------------------------------------------------------------------------------------------------------------------------------------------------------------------------
Train Iter:[0  /51] CauLoss:[1.1154], AdvLoss:[0.4009]
Train Iter:[12 /51] CauLoss:[0.9128], AdvLoss:[0.2500]
Train Iter:[24 /51] CauLoss:[0.9079], AdvLoss:[0.2340]
Train Iter:[36 /51] CauLoss:[0.9043], AdvLoss:[0.2266]
Train Iter:[48 /51] CauLoss:[0.8896], AdvLoss:[0.2137]
--------------------------------------------------------------------------------------------------------------------------------------------------------------------------------------------------------
Epoch:[34/100], CauAdvLoss:[0.8914/0.2131] valid:[92.13], test:[70.13]
--------------------------------------------------------------------------------------------------------------------------------------------------------------------------------------------------------
Train Iter:[0  /51] CauLoss:[0.8590], AdvLoss:[0.1233]
Train Iter:[12 /51] CauLoss:[0.9604], AdvLoss:[0.2257]
Train Iter:[24 /51] CauLoss:[0.9091], AdvLoss:[0.1849]
Train Iter:[36 /51] CauLoss:[0.8982], AdvLoss:[0.1762]
Train Iter:[48 /51] CauLoss:[0.9112], AdvLoss:[0.1873]
--------------------------------------------------------------------------------------------------------------------------------------------------------------------------------------------------------
Epoch:[35/100], CauAdvLoss:[0.9078/0.1853] valid:[92.36], test:[69.09]
--------------------------------------------------------------------------------------------------------------------------------------------------------------------------------------------------------
Train Iter:[0  /51] CauLoss:[0.7403], AdvLoss:[0.1658]
Train Iter:[12 /51] CauLoss:[0.8791], AdvLoss:[0.1788]
Train Iter:[24 /51] CauLoss:[0.8932], AdvLoss:[0.1736]
Train Iter:[36 /51] CauLoss:[0.9132], AdvLoss:[0.1837]
Train Iter:[48 /51] CauLoss:[0.9090], AdvLoss:[0.2023]
--------------------------------------------------------------------------------------------------------------------------------------------------------------------------------------------------------
Epoch:[36/100], CauAdvLoss:[0.9033/0.2024] valid:[91.80], test:[69.69]
--------------------------------------------------------------------------------------------------------------------------------------------------------------------------------------------------------
Train Iter:[0  /51] CauLoss:[0.7386], AdvLoss:[0.1545]
Train Iter:[12 /51] CauLoss:[0.8528], AdvLoss:[0.1874]
Train Iter:[24 /51] CauLoss:[0.8751], AdvLoss:[0.1933]
Train Iter:[36 /51] CauLoss:[0.8940], AdvLoss:[0.1870]
Train Iter:[48 /51] CauLoss:[0.9181], AdvLoss:[0.1868]
--------------------------------------------------------------------------------------------------------------------------------------------------------------------------------------------------------
Epoch:[37/100], CauAdvLoss:[0.9173/0.1933] valid:[92.64], test:[69.24]
--------------------------------------------------------------------------------------------------------------------------------------------------------------------------------------------------------
Train Iter:[0  /51] CauLoss:[0.7915], AdvLoss:[0.3095]
Train Iter:[12 /51] CauLoss:[0.8680], AdvLoss:[0.3403]
Train Iter:[24 /51] CauLoss:[0.8814], AdvLoss:[0.2780]
Train Iter:[36 /51] CauLoss:[0.8771], AdvLoss:[0.2411]
Train Iter:[48 /51] CauLoss:[0.8952], AdvLoss:[0.2230]
--------------------------------------------------------------------------------------------------------------------------------------------------------------------------------------------------------
Epoch:[38/100], CauAdvLoss:[0.9052/0.2258] valid:[92.41], test:[70.18]
--------------------------------------------------------------------------------------------------------------------------------------------------------------------------------------------------------
Train Iter:[0  /51] CauLoss:[0.5956], AdvLoss:[0.0484]
Train Iter:[12 /51] CauLoss:[0.8373], AdvLoss:[0.1555]
Train Iter:[24 /51] CauLoss:[0.8702], AdvLoss:[0.1955]
Train Iter:[36 /51] CauLoss:[0.8733], AdvLoss:[0.2039]
Train Iter:[48 /51] CauLoss:[0.8797], AdvLoss:[0.2018]
--------------------------------------------------------------------------------------------------------------------------------------------------------------------------------------------------------
Epoch:[39/100], CauAdvLoss:[0.8868/0.2054] valid:[91.43], test:[67.78]
--------------------------------------------------------------------------------------------------------------------------------------------------------------------------------------------------------
Train Iter:[0  /51] CauLoss:[0.6948], AdvLoss:[0.1152]
Train Iter:[12 /51] CauLoss:[0.7964], AdvLoss:[0.2111]
Train Iter:[24 /51] CauLoss:[0.8726], AdvLoss:[0.1860]
Train Iter:[36 /51] CauLoss:[0.8896], AdvLoss:[0.1831]
Train Iter:[48 /51] CauLoss:[0.8881], AdvLoss:[0.1815]
--------------------------------------------------------------------------------------------------------------------------------------------------------------------------------------------------------
Epoch:[40/100], CauAdvLoss:[0.8891/0.1824] valid:[92.43], test:[68.76]
--------------------------------------------------------------------------------------------------------------------------------------------------------------------------------------------------------
Train Iter:[0  /51] CauLoss:[1.0192], AdvLoss:[0.2801]
Train Iter:[12 /51] CauLoss:[0.9001], AdvLoss:[0.2044]
Train Iter:[24 /51] CauLoss:[0.9059], AdvLoss:[0.2810]
Train Iter:[36 /51] CauLoss:[0.8959], AdvLoss:[0.2563]
Train Iter:[48 /51] CauLoss:[0.8858], AdvLoss:[0.2412]
--------------------------------------------------------------------------------------------------------------------------------------------------------------------------------------------------------
Epoch:[41/100], CauAdvLoss:[0.8804/0.2358] valid:[92.33], test:[69.61]
--------------------------------------------------------------------------------------------------------------------------------------------------------------------------------------------------------
Train Iter:[0  /51] CauLoss:[0.8234], AdvLoss:[0.1589]
Train Iter:[12 /51] CauLoss:[0.8305], AdvLoss:[0.1536]
Train Iter:[24 /51] CauLoss:[0.8442], AdvLoss:[0.1479]
Train Iter:[36 /51] CauLoss:[0.8458], AdvLoss:[0.1449]
Train Iter:[48 /51] CauLoss:[0.8739], AdvLoss:[0.1627]
--------------------------------------------------------------------------------------------------------------------------------------------------------------------------------------------------------
Epoch:[42/100], CauAdvLoss:[0.8751/0.1658] valid:[92.23], test:[70.25]
--------------------------------------------------------------------------------------------------------------------------------------------------------------------------------------------------------
Train Iter:[0  /51] CauLoss:[0.6457], AdvLoss:[0.0638]
Train Iter:[12 /51] CauLoss:[0.8903], AdvLoss:[0.2262]
Train Iter:[24 /51] CauLoss:[0.8726], AdvLoss:[0.2125]
Train Iter:[36 /51] CauLoss:[0.8761], AdvLoss:[0.1970]
Train Iter:[48 /51] CauLoss:[0.8946], AdvLoss:[0.1900]
--------------------------------------------------------------------------------------------------------------------------------------------------------------------------------------------------------
Epoch:[43/100], CauAdvLoss:[0.8999/0.1875] valid:[92.84], test:[69.73]
--------------------------------------------------------------------------------------------------------------------------------------------------------------------------------------------------------
Train Iter:[0  /51] CauLoss:[0.6162], AdvLoss:[0.0731]
Train Iter:[12 /51] CauLoss:[0.8541], AdvLoss:[0.1539]
Train Iter:[24 /51] CauLoss:[0.8437], AdvLoss:[0.1603]
Train Iter:[36 /51] CauLoss:[0.8491], AdvLoss:[0.1619]
Train Iter:[48 /51] CauLoss:[0.8740], AdvLoss:[0.1698]
--------------------------------------------------------------------------------------------------------------------------------------------------------------------------------------------------------
Epoch:[44/100], CauAdvLoss:[0.8774/0.1711] valid:[93.28], test:[70.86]
--------------------------------------------------------------------------------------------------------------------------------------------------------------------------------------------------------
Train Iter:[0  /51] CauLoss:[0.9379], AdvLoss:[0.1355]
Train Iter:[12 /51] CauLoss:[0.8457], AdvLoss:[0.2167]
Train Iter:[24 /51] CauLoss:[0.8908], AdvLoss:[0.2040]
Train Iter:[36 /51] CauLoss:[0.8501], AdvLoss:[0.1720]
Train Iter:[48 /51] CauLoss:[0.8790], AdvLoss:[0.1734]
--------------------------------------------------------------------------------------------------------------------------------------------------------------------------------------------------------
Epoch:[45/100], CauAdvLoss:[0.8819/0.1736] valid:[92.02], test:[68.21]
--------------------------------------------------------------------------------------------------------------------------------------------------------------------------------------------------------
Train Iter:[0  /51] CauLoss:[1.0339], AdvLoss:[0.1826]
Train Iter:[12 /51] CauLoss:[0.8372], AdvLoss:[0.1559]
Train Iter:[24 /51] CauLoss:[0.8334], AdvLoss:[0.1488]
Train Iter:[36 /51] CauLoss:[0.8415], AdvLoss:[0.1495]
Train Iter:[48 /51] CauLoss:[0.8843], AdvLoss:[0.1616]
--------------------------------------------------------------------------------------------------------------------------------------------------------------------------------------------------------
Epoch:[46/100], CauAdvLoss:[0.8842/0.1610] valid:[92.36], test:[70.49]
--------------------------------------------------------------------------------------------------------------------------------------------------------------------------------------------------------
Train Iter:[0  /51] CauLoss:[0.9524], AdvLoss:[0.1964]
Train Iter:[12 /51] CauLoss:[0.8505], AdvLoss:[0.1886]
Train Iter:[24 /51] CauLoss:[0.8383], AdvLoss:[0.1807]
Train Iter:[36 /51] CauLoss:[0.8437], AdvLoss:[0.1704]
Train Iter:[48 /51] CauLoss:[0.8437], AdvLoss:[0.1704]
--------------------------------------------------------------------------------------------------------------------------------------------------------------------------------------------------------
Epoch:[47/100], CauAdvLoss:[0.8451/0.1710] valid:[92.14], test:[68.58]
--------------------------------------------------------------------------------------------------------------------------------------------------------------------------------------------------------
Train Iter:[0  /51] CauLoss:[0.7025], AdvLoss:[0.1043]
Train Iter:[12 /51] CauLoss:[0.8812], AdvLoss:[0.2204]
Train Iter:[24 /51] CauLoss:[0.8670], AdvLoss:[0.1749]
Train Iter:[36 /51] CauLoss:[0.8599], AdvLoss:[0.1622]
Train Iter:[48 /51] CauLoss:[0.8590], AdvLoss:[0.1603]
--------------------------------------------------------------------------------------------------------------------------------------------------------------------------------------------------------
Epoch:[48/100], CauAdvLoss:[0.8643/0.1597] valid:[92.19], test:[69.14]
--------------------------------------------------------------------------------------------------------------------------------------------------------------------------------------------------------
Train Iter:[0  /51] CauLoss:[0.8209], AdvLoss:[0.1879]
Train Iter:[12 /51] CauLoss:[0.8440], AdvLoss:[0.1770]
Train Iter:[24 /51] CauLoss:[0.8209], AdvLoss:[0.1625]
Train Iter:[36 /51] CauLoss:[0.8602], AdvLoss:[0.1595]
Train Iter:[48 /51] CauLoss:[0.8765], AdvLoss:[0.1691]
--------------------------------------------------------------------------------------------------------------------------------------------------------------------------------------------------------
Epoch:[49/100], CauAdvLoss:[0.8740/0.1685] valid:[92.76], test:[70.01]
--------------------------------------------------------------------------------------------------------------------------------------------------------------------------------------------------------
Train Iter:[0  /51] CauLoss:[0.8859], AdvLoss:[0.2168]
Train Iter:[12 /51] CauLoss:[0.8769], AdvLoss:[0.1746]
Train Iter:[24 /51] CauLoss:[0.8851], AdvLoss:[0.1649]
Train Iter:[36 /51] CauLoss:[0.8844], AdvLoss:[0.1579]
Train Iter:[48 /51] CauLoss:[0.8873], AdvLoss:[0.1530]
--------------------------------------------------------------------------------------------------------------------------------------------------------------------------------------------------------
Epoch:[50/100], CauAdvLoss:[0.8856/0.1535] valid:[92.26], test:[68.64]
--------------------------------------------------------------------------------------------------------------------------------------------------------------------------------------------------------
Train Iter:[0  /51] CauLoss:[0.9351], AdvLoss:[0.2559]
Train Iter:[12 /51] CauLoss:[0.8811], AdvLoss:[0.2227]
Train Iter:[24 /51] CauLoss:[0.8630], AdvLoss:[0.1848]
Train Iter:[36 /51] CauLoss:[0.8618], AdvLoss:[0.1956]
Train Iter:[48 /51] CauLoss:[0.8587], AdvLoss:[0.2038]
--------------------------------------------------------------------------------------------------------------------------------------------------------------------------------------------------------
Epoch:[51/100], CauAdvLoss:[0.8643/0.2072] valid:[92.38], test:[68.22]
--------------------------------------------------------------------------------------------------------------------------------------------------------------------------------------------------------
Train Iter:[0  /51] CauLoss:[0.7069], AdvLoss:[0.0973]
Train Iter:[12 /51] CauLoss:[0.8110], AdvLoss:[0.1109]
Train Iter:[24 /51] CauLoss:[0.8530], AdvLoss:[0.1614]
Train Iter:[36 /51] CauLoss:[0.8165], AdvLoss:[0.1609]
Train Iter:[48 /51] CauLoss:[0.8510], AdvLoss:[0.1667]
--------------------------------------------------------------------------------------------------------------------------------------------------------------------------------------------------------
Epoch:[52/100], CauAdvLoss:[0.8470/0.1631] valid:[92.37], test:[69.37]
--------------------------------------------------------------------------------------------------------------------------------------------------------------------------------------------------------
Train Iter:[0  /51] CauLoss:[1.1523], AdvLoss:[0.2909]
Train Iter:[12 /51] CauLoss:[0.8363], AdvLoss:[0.1422]
Train Iter:[24 /51] CauLoss:[0.8540], AdvLoss:[0.1585]
Train Iter:[36 /51] CauLoss:[0.8495], AdvLoss:[0.1719]
Train Iter:[48 /51] CauLoss:[0.8430], AdvLoss:[0.1758]
--------------------------------------------------------------------------------------------------------------------------------------------------------------------------------------------------------
Epoch:[53/100], CauAdvLoss:[0.8379/0.1729] valid:[92.40], test:[70.70]
--------------------------------------------------------------------------------------------------------------------------------------------------------------------------------------------------------
Train Iter:[0  /51] CauLoss:[0.8320], AdvLoss:[0.1056]
Train Iter:[12 /51] CauLoss:[0.7933], AdvLoss:[0.1620]
Train Iter:[24 /51] CauLoss:[0.8171], AdvLoss:[0.1787]
Train Iter:[36 /51] CauLoss:[0.8194], AdvLoss:[0.1734]
Train Iter:[48 /51] CauLoss:[0.8317], AdvLoss:[0.1654]
--------------------------------------------------------------------------------------------------------------------------------------------------------------------------------------------------------
Epoch:[54/100], CauAdvLoss:[0.8282/0.1616] valid:[92.29], test:[69.53]
--------------------------------------------------------------------------------------------------------------------------------------------------------------------------------------------------------
Train Iter:[0  /51] CauLoss:[0.8368], AdvLoss:[0.0688]
Train Iter:[12 /51] CauLoss:[0.8111], AdvLoss:[0.1144]
Train Iter:[24 /51] CauLoss:[0.8292], AdvLoss:[0.1285]
Train Iter:[36 /51] CauLoss:[0.8278], AdvLoss:[0.1375]
Train Iter:[48 /51] CauLoss:[0.8348], AdvLoss:[0.1514]
--------------------------------------------------------------------------------------------------------------------------------------------------------------------------------------------------------
Epoch:[55/100], CauAdvLoss:[0.8399/0.1565] valid:[91.90], test:[68.65]
--------------------------------------------------------------------------------------------------------------------------------------------------------------------------------------------------------
Train Iter:[0  /51] CauLoss:[0.9659], AdvLoss:[0.2283]
Train Iter:[12 /51] CauLoss:[0.8242], AdvLoss:[0.1534]
Train Iter:[24 /51] CauLoss:[0.8122], AdvLoss:[0.1550]
Train Iter:[36 /51] CauLoss:[0.8067], AdvLoss:[0.1636]
Train Iter:[48 /51] CauLoss:[0.8179], AdvLoss:[0.1606]
--------------------------------------------------------------------------------------------------------------------------------------------------------------------------------------------------------
Epoch:[56/100], CauAdvLoss:[0.8185/0.1608] valid:[92.06], test:[70.65]
--------------------------------------------------------------------------------------------------------------------------------------------------------------------------------------------------------
Train Iter:[0  /51] CauLoss:[1.1985], AdvLoss:[0.1082]
Train Iter:[12 /51] CauLoss:[0.9046], AdvLoss:[0.1676]
Train Iter:[24 /51] CauLoss:[0.8453], AdvLoss:[0.1402]
Train Iter:[36 /51] CauLoss:[0.8362], AdvLoss:[0.1463]
Train Iter:[48 /51] CauLoss:[0.8556], AdvLoss:[0.1536]
--------------------------------------------------------------------------------------------------------------------------------------------------------------------------------------------------------
Epoch:[57/100], CauAdvLoss:[0.8521/0.1525] valid:[92.27], test:[70.23]
--------------------------------------------------------------------------------------------------------------------------------------------------------------------------------------------------------
Train Iter:[0  /51] CauLoss:[0.6127], AdvLoss:[0.1038]
Train Iter:[12 /51] CauLoss:[0.7683], AdvLoss:[0.1388]
Train Iter:[24 /51] CauLoss:[0.8181], AdvLoss:[0.1455]
Train Iter:[36 /51] CauLoss:[0.8332], AdvLoss:[0.1499]
Train Iter:[48 /51] CauLoss:[0.8477], AdvLoss:[0.1619]
--------------------------------------------------------------------------------------------------------------------------------------------------------------------------------------------------------
Epoch:[58/100], CauAdvLoss:[0.8477/0.1595] valid:[92.14], test:[69.16]
--------------------------------------------------------------------------------------------------------------------------------------------------------------------------------------------------------
Train Iter:[0  /51] CauLoss:[0.6765], AdvLoss:[0.0673]
Train Iter:[12 /51] CauLoss:[0.7694], AdvLoss:[0.1235]
Train Iter:[24 /51] CauLoss:[0.7668], AdvLoss:[0.1364]
Train Iter:[36 /51] CauLoss:[0.8161], AdvLoss:[0.1536]
Train Iter:[48 /51] CauLoss:[0.8132], AdvLoss:[0.1471]
--------------------------------------------------------------------------------------------------------------------------------------------------------------------------------------------------------
Epoch:[59/100], CauAdvLoss:[0.8174/0.1487] valid:[92.68], test:[71.34]
--------------------------------------------------------------------------------------------------------------------------------------------------------------------------------------------------------
Train Iter:[0  /51] CauLoss:[0.6634], AdvLoss:[0.0875]
Train Iter:[12 /51] CauLoss:[0.7536], AdvLoss:[0.1302]
Train Iter:[24 /51] CauLoss:[0.7767], AdvLoss:[0.1513]
Train Iter:[36 /51] CauLoss:[0.7941], AdvLoss:[0.1598]
Train Iter:[48 /51] CauLoss:[0.8210], AdvLoss:[0.1688]
--------------------------------------------------------------------------------------------------------------------------------------------------------------------------------------------------------
Epoch:[60/100], CauAdvLoss:[0.8232/0.1663] valid:[92.33], test:[69.36]
--------------------------------------------------------------------------------------------------------------------------------------------------------------------------------------------------------
Train Iter:[0  /51] CauLoss:[0.8489], AdvLoss:[0.1298]
Train Iter:[12 /51] CauLoss:[0.7651], AdvLoss:[0.1190]
Train Iter:[24 /51] CauLoss:[0.8034], AdvLoss:[0.1310]
Train Iter:[36 /51] CauLoss:[0.8117], AdvLoss:[0.1416]
Train Iter:[48 /51] CauLoss:[0.8214], AdvLoss:[0.1603]
--------------------------------------------------------------------------------------------------------------------------------------------------------------------------------------------------------
Epoch:[61/100], CauAdvLoss:[0.8243/0.1628] valid:[92.47], test:[68.84]
--------------------------------------------------------------------------------------------------------------------------------------------------------------------------------------------------------
Train Iter:[0  /51] CauLoss:[0.7221], AdvLoss:[0.1464]
Train Iter:[12 /51] CauLoss:[0.8154], AdvLoss:[0.1410]
Train Iter:[24 /51] CauLoss:[0.7949], AdvLoss:[0.1223]
Train Iter:[36 /51] CauLoss:[0.8031], AdvLoss:[0.1495]
Train Iter:[48 /51] CauLoss:[0.8149], AdvLoss:[0.1601]
--------------------------------------------------------------------------------------------------------------------------------------------------------------------------------------------------------
Epoch:[62/100], CauAdvLoss:[0.8199/0.1625] valid:[92.41], test:[69.44]
--------------------------------------------------------------------------------------------------------------------------------------------------------------------------------------------------------
Train Iter:[0  /51] CauLoss:[0.8224], AdvLoss:[0.1013]
Train Iter:[12 /51] CauLoss:[0.7980], AdvLoss:[0.1505]
Train Iter:[24 /51] CauLoss:[0.8199], AdvLoss:[0.1333]
Train Iter:[36 /51] CauLoss:[0.8129], AdvLoss:[0.1354]
Train Iter:[48 /51] CauLoss:[0.8149], AdvLoss:[0.1392]
--------------------------------------------------------------------------------------------------------------------------------------------------------------------------------------------------------
Epoch:[63/100], CauAdvLoss:[0.8122/0.1363] valid:[92.54], test:[70.29]
--------------------------------------------------------------------------------------------------------------------------------------------------------------------------------------------------------
Train Iter:[0  /51] CauLoss:[0.7912], AdvLoss:[0.0418]
Train Iter:[12 /51] CauLoss:[0.8398], AdvLoss:[0.1324]
Train Iter:[24 /51] CauLoss:[0.8637], AdvLoss:[0.1699]
Train Iter:[36 /51] CauLoss:[0.8297], AdvLoss:[0.1616]
Train Iter:[48 /51] CauLoss:[0.8234], AdvLoss:[0.1525]
--------------------------------------------------------------------------------------------------------------------------------------------------------------------------------------------------------
Epoch:[64/100], CauAdvLoss:[0.8206/0.1524] valid:[92.07], test:[69.16]
--------------------------------------------------------------------------------------------------------------------------------------------------------------------------------------------------------
Train Iter:[0  /51] CauLoss:[0.6614], AdvLoss:[0.0616]
Train Iter:[12 /51] CauLoss:[0.7638], AdvLoss:[0.1603]
Train Iter:[24 /51] CauLoss:[0.7987], AdvLoss:[0.1453]
Train Iter:[36 /51] CauLoss:[0.8017], AdvLoss:[0.1543]
Train Iter:[48 /51] CauLoss:[0.8194], AdvLoss:[0.1688]
--------------------------------------------------------------------------------------------------------------------------------------------------------------------------------------------------------
Epoch:[65/100], CauAdvLoss:[0.8230/0.1682] valid:[92.53], test:[68.56]
--------------------------------------------------------------------------------------------------------------------------------------------------------------------------------------------------------
Train Iter:[0  /51] CauLoss:[0.7275], AdvLoss:[0.2075]
Train Iter:[12 /51] CauLoss:[0.8113], AdvLoss:[0.1347]
Train Iter:[24 /51] CauLoss:[0.7917], AdvLoss:[0.1282]
Train Iter:[36 /51] CauLoss:[0.8053], AdvLoss:[0.1397]
Train Iter:[48 /51] CauLoss:[0.8159], AdvLoss:[0.1446]
--------------------------------------------------------------------------------------------------------------------------------------------------------------------------------------------------------
Epoch:[66/100], CauAdvLoss:[0.8095/0.1421] valid:[92.88], test:[69.85]
--------------------------------------------------------------------------------------------------------------------------------------------------------------------------------------------------------
Train Iter:[0  /51] CauLoss:[0.7826], AdvLoss:[0.0711]
Train Iter:[12 /51] CauLoss:[0.8416], AdvLoss:[0.1457]
Train Iter:[24 /51] CauLoss:[0.8341], AdvLoss:[0.1651]
Train Iter:[36 /51] CauLoss:[0.8348], AdvLoss:[0.1486]
Train Iter:[48 /51] CauLoss:[0.8165], AdvLoss:[0.1422]
--------------------------------------------------------------------------------------------------------------------------------------------------------------------------------------------------------
Epoch:[67/100], CauAdvLoss:[0.8166/0.1420] valid:[92.97], test:[69.82]
--------------------------------------------------------------------------------------------------------------------------------------------------------------------------------------------------------
Train Iter:[0  /51] CauLoss:[0.8521], AdvLoss:[0.1900]
Train Iter:[12 /51] CauLoss:[0.8505], AdvLoss:[0.1431]
Train Iter:[24 /51] CauLoss:[0.7805], AdvLoss:[0.1310]
Train Iter:[36 /51] CauLoss:[0.7816], AdvLoss:[0.1382]
Train Iter:[48 /51] CauLoss:[0.7854], AdvLoss:[0.1416]
--------------------------------------------------------------------------------------------------------------------------------------------------------------------------------------------------------
Epoch:[68/100], CauAdvLoss:[0.7887/0.1440] valid:[92.63], test:[69.92]
--------------------------------------------------------------------------------------------------------------------------------------------------------------------------------------------------------
Train Iter:[0  /51] CauLoss:[0.8673], AdvLoss:[0.1280]
Train Iter:[12 /51] CauLoss:[0.8080], AdvLoss:[0.1567]
Train Iter:[24 /51] CauLoss:[0.8135], AdvLoss:[0.1510]
Train Iter:[36 /51] CauLoss:[0.7990], AdvLoss:[0.1490]
Train Iter:[48 /51] CauLoss:[0.7984], AdvLoss:[0.1474]
--------------------------------------------------------------------------------------------------------------------------------------------------------------------------------------------------------
Epoch:[69/100], CauAdvLoss:[0.7944/0.1460] valid:[92.93], test:[69.76]
--------------------------------------------------------------------------------------------------------------------------------------------------------------------------------------------------------
Train Iter:[0  /51] CauLoss:[0.8819], AdvLoss:[0.2364]
Train Iter:[12 /51] CauLoss:[0.8236], AdvLoss:[0.1881]
Train Iter:[24 /51] CauLoss:[0.8068], AdvLoss:[0.1647]
Train Iter:[36 /51] CauLoss:[0.8109], AdvLoss:[0.1520]
Train Iter:[48 /51] CauLoss:[0.8145], AdvLoss:[0.1496]
--------------------------------------------------------------------------------------------------------------------------------------------------------------------------------------------------------
Epoch:[70/100], CauAdvLoss:[0.8116/0.1494] valid:[92.53], test:[69.21]
--------------------------------------------------------------------------------------------------------------------------------------------------------------------------------------------------------
Train Iter:[0  /51] CauLoss:[0.7801], AdvLoss:[0.1380]
Train Iter:[12 /51] CauLoss:[0.7771], AdvLoss:[0.1674]
Train Iter:[24 /51] CauLoss:[0.7704], AdvLoss:[0.1495]
Train Iter:[36 /51] CauLoss:[0.7871], AdvLoss:[0.1595]
Train Iter:[48 /51] CauLoss:[0.8010], AdvLoss:[0.1616]
--------------------------------------------------------------------------------------------------------------------------------------------------------------------------------------------------------
Epoch:[71/100], CauAdvLoss:[0.8044/0.1640] valid:[92.70], test:[69.93]
--------------------------------------------------------------------------------------------------------------------------------------------------------------------------------------------------------
Train Iter:[0  /51] CauLoss:[1.0570], AdvLoss:[0.1632]
Train Iter:[12 /51] CauLoss:[0.8257], AdvLoss:[0.1814]
Train Iter:[24 /51] CauLoss:[0.8069], AdvLoss:[0.1624]
Train Iter:[36 /51] CauLoss:[0.8123], AdvLoss:[0.1459]
Train Iter:[48 /51] CauLoss:[0.8219], AdvLoss:[0.1468]
--------------------------------------------------------------------------------------------------------------------------------------------------------------------------------------------------------
Epoch:[72/100], CauAdvLoss:[0.8184/0.1452] valid:[92.25], test:[69.85]
--------------------------------------------------------------------------------------------------------------------------------------------------------------------------------------------------------
Train Iter:[0  /51] CauLoss:[1.1400], AdvLoss:[0.1798]
Train Iter:[12 /51] CauLoss:[0.8624], AdvLoss:[0.1784]
Train Iter:[24 /51] CauLoss:[0.8053], AdvLoss:[0.1434]
Train Iter:[36 /51] CauLoss:[0.8119], AdvLoss:[0.1480]
Train Iter:[48 /51] CauLoss:[0.8157], AdvLoss:[0.1608]
--------------------------------------------------------------------------------------------------------------------------------------------------------------------------------------------------------
Epoch:[73/100], CauAdvLoss:[0.8086/0.1576] valid:[92.44], test:[68.89]
--------------------------------------------------------------------------------------------------------------------------------------------------------------------------------------------------------
Train Iter:[0  /51] CauLoss:[0.6206], AdvLoss:[0.0855]
Train Iter:[12 /51] CauLoss:[0.7809], AdvLoss:[0.1526]
Train Iter:[24 /51] CauLoss:[0.7693], AdvLoss:[0.1395]
Train Iter:[36 /51] CauLoss:[0.7686], AdvLoss:[0.1321]
Train Iter:[48 /51] CauLoss:[0.7987], AdvLoss:[0.1441]
--------------------------------------------------------------------------------------------------------------------------------------------------------------------------------------------------------
Epoch:[74/100], CauAdvLoss:[0.7963/0.1441] valid:[92.49], test:[69.80]
--------------------------------------------------------------------------------------------------------------------------------------------------------------------------------------------------------
Train Iter:[0  /51] CauLoss:[0.8839], AdvLoss:[0.2489]
Train Iter:[12 /51] CauLoss:[0.8160], AdvLoss:[0.1951]
Train Iter:[24 /51] CauLoss:[0.8549], AdvLoss:[0.1834]
Train Iter:[36 /51] CauLoss:[0.8227], AdvLoss:[0.1672]
Train Iter:[48 /51] CauLoss:[0.7998], AdvLoss:[0.1495]
--------------------------------------------------------------------------------------------------------------------------------------------------------------------------------------------------------
Epoch:[75/100], CauAdvLoss:[0.7963/0.1479] valid:[92.64], test:[69.24]
--------------------------------------------------------------------------------------------------------------------------------------------------------------------------------------------------------
Train Iter:[0  /51] CauLoss:[0.8122], AdvLoss:[0.2131]
Train Iter:[12 /51] CauLoss:[0.7943], AdvLoss:[0.1087]
Train Iter:[24 /51] CauLoss:[0.8106], AdvLoss:[0.1296]
Train Iter:[36 /51] CauLoss:[0.7921], AdvLoss:[0.1339]
Train Iter:[48 /51] CauLoss:[0.7954], AdvLoss:[0.1335]
--------------------------------------------------------------------------------------------------------------------------------------------------------------------------------------------------------
Epoch:[76/100], CauAdvLoss:[0.7939/0.1349] valid:[92.39], test:[69.03]
--------------------------------------------------------------------------------------------------------------------------------------------------------------------------------------------------------
Train Iter:[0  /51] CauLoss:[1.2275], AdvLoss:[0.2817]
Train Iter:[12 /51] CauLoss:[0.8368], AdvLoss:[0.1587]
Train Iter:[24 /51] CauLoss:[0.8218], AdvLoss:[0.1522]
Train Iter:[36 /51] CauLoss:[0.7949], AdvLoss:[0.1374]
Train Iter:[48 /51] CauLoss:[0.7930], AdvLoss:[0.1367]
--------------------------------------------------------------------------------------------------------------------------------------------------------------------------------------------------------
Epoch:[77/100], CauAdvLoss:[0.7906/0.1347] valid:[92.52], test:[69.04]
--------------------------------------------------------------------------------------------------------------------------------------------------------------------------------------------------------
Train Iter:[0  /51] CauLoss:[1.0736], AdvLoss:[0.1834]
Train Iter:[12 /51] CauLoss:[0.8532], AdvLoss:[0.1417]
Train Iter:[24 /51] CauLoss:[0.8455], AdvLoss:[0.1337]
Train Iter:[36 /51] CauLoss:[0.8027], AdvLoss:[0.1314]
Train Iter:[48 /51] CauLoss:[0.7996], AdvLoss:[0.1403]
--------------------------------------------------------------------------------------------------------------------------------------------------------------------------------------------------------
Epoch:[78/100], CauAdvLoss:[0.7935/0.1396] valid:[92.50], test:[69.28]
--------------------------------------------------------------------------------------------------------------------------------------------------------------------------------------------------------
Train Iter:[0  /51] CauLoss:[0.9176], AdvLoss:[0.3686]
Train Iter:[12 /51] CauLoss:[0.7643], AdvLoss:[0.1538]
Train Iter:[24 /51] CauLoss:[0.7740], AdvLoss:[0.1517]
Train Iter:[36 /51] CauLoss:[0.7631], AdvLoss:[0.1334]
Train Iter:[48 /51] CauLoss:[0.7690], AdvLoss:[0.1321]
--------------------------------------------------------------------------------------------------------------------------------------------------------------------------------------------------------
Epoch:[79/100], CauAdvLoss:[0.7684/0.1299] valid:[92.57], test:[69.78]
--------------------------------------------------------------------------------------------------------------------------------------------------------------------------------------------------------
Train Iter:[0  /51] CauLoss:[1.2663], AdvLoss:[0.3114]
Train Iter:[12 /51] CauLoss:[0.8156], AdvLoss:[0.1328]
Train Iter:[24 /51] CauLoss:[0.8029], AdvLoss:[0.1346]
Train Iter:[36 /51] CauLoss:[0.8042], AdvLoss:[0.1371]
Train Iter:[48 /51] CauLoss:[0.7945], AdvLoss:[0.1416]
--------------------------------------------------------------------------------------------------------------------------------------------------------------------------------------------------------
Epoch:[80/100], CauAdvLoss:[0.7912/0.1398] valid:[92.56], test:[69.82]
--------------------------------------------------------------------------------------------------------------------------------------------------------------------------------------------------------
Train Iter:[0  /51] CauLoss:[0.6669], AdvLoss:[0.0887]
Train Iter:[12 /51] CauLoss:[0.7364], AdvLoss:[0.1148]
Train Iter:[24 /51] CauLoss:[0.7261], AdvLoss:[0.1223]
Train Iter:[36 /51] CauLoss:[0.7565], AdvLoss:[0.1435]
Train Iter:[48 /51] CauLoss:[0.7686], AdvLoss:[0.1454]
--------------------------------------------------------------------------------------------------------------------------------------------------------------------------------------------------------
Epoch:[81/100], CauAdvLoss:[0.7760/0.1432] valid:[92.76], test:[70.00]
--------------------------------------------------------------------------------------------------------------------------------------------------------------------------------------------------------
Train Iter:[0  /51] CauLoss:[0.6258], AdvLoss:[0.0566]
Train Iter:[12 /51] CauLoss:[0.7921], AdvLoss:[0.1485]
Train Iter:[24 /51] CauLoss:[0.7918], AdvLoss:[0.1472]
Train Iter:[36 /51] CauLoss:[0.7849], AdvLoss:[0.1392]
Train Iter:[48 /51] CauLoss:[0.7932], AdvLoss:[0.1324]
--------------------------------------------------------------------------------------------------------------------------------------------------------------------------------------------------------
Epoch:[82/100], CauAdvLoss:[0.7919/0.1316] valid:[92.46], test:[69.79]
--------------------------------------------------------------------------------------------------------------------------------------------------------------------------------------------------------
Train Iter:[0  /51] CauLoss:[0.8614], AdvLoss:[0.1159]
Train Iter:[12 /51] CauLoss:[0.6905], AdvLoss:[0.0994]
Train Iter:[24 /51] CauLoss:[0.7602], AdvLoss:[0.1091]
Train Iter:[36 /51] CauLoss:[0.7780], AdvLoss:[0.1112]
Train Iter:[48 /51] CauLoss:[0.7794], AdvLoss:[0.1279]
--------------------------------------------------------------------------------------------------------------------------------------------------------------------------------------------------------
Epoch:[83/100], CauAdvLoss:[0.7787/0.1293] valid:[92.48], test:[69.86]
--------------------------------------------------------------------------------------------------------------------------------------------------------------------------------------------------------
Train Iter:[0  /51] CauLoss:[0.7263], AdvLoss:[0.0927]
Train Iter:[12 /51] CauLoss:[0.8179], AdvLoss:[0.1312]
Train Iter:[24 /51] CauLoss:[0.8405], AdvLoss:[0.1251]
Train Iter:[36 /51] CauLoss:[0.8390], AdvLoss:[0.1358]
Train Iter:[48 /51] CauLoss:[0.8222], AdvLoss:[0.1330]
--------------------------------------------------------------------------------------------------------------------------------------------------------------------------------------------------------
Epoch:[84/100], CauAdvLoss:[0.8151/0.1305] valid:[92.42], test:[69.96]
--------------------------------------------------------------------------------------------------------------------------------------------------------------------------------------------------------
Train Iter:[0  /51] CauLoss:[0.7161], AdvLoss:[0.0503]
Train Iter:[12 /51] CauLoss:[0.7723], AdvLoss:[0.1285]
Train Iter:[24 /51] CauLoss:[0.7721], AdvLoss:[0.1265]
Train Iter:[36 /51] CauLoss:[0.7580], AdvLoss:[0.1260]
Train Iter:[48 /51] CauLoss:[0.7621], AdvLoss:[0.1284]
--------------------------------------------------------------------------------------------------------------------------------------------------------------------------------------------------------
Epoch:[85/100], CauAdvLoss:[0.7665/0.1323] valid:[92.54], test:[69.47]
--------------------------------------------------------------------------------------------------------------------------------------------------------------------------------------------------------
Train Iter:[0  /51] CauLoss:[0.6558], AdvLoss:[0.0521]
Train Iter:[12 /51] CauLoss:[0.7934], AdvLoss:[0.1362]
Train Iter:[24 /51] CauLoss:[0.7962], AdvLoss:[0.1366]
Train Iter:[36 /51] CauLoss:[0.7963], AdvLoss:[0.1364]
Train Iter:[48 /51] CauLoss:[0.7800], AdvLoss:[0.1333]
--------------------------------------------------------------------------------------------------------------------------------------------------------------------------------------------------------
Epoch:[86/100], CauAdvLoss:[0.7764/0.1321] valid:[92.41], test:[69.64]
--------------------------------------------------------------------------------------------------------------------------------------------------------------------------------------------------------
Train Iter:[0  /51] CauLoss:[1.0024], AdvLoss:[0.1144]
Train Iter:[12 /51] CauLoss:[0.7641], AdvLoss:[0.1299]
Train Iter:[24 /51] CauLoss:[0.7386], AdvLoss:[0.1284]
Train Iter:[36 /51] CauLoss:[0.7323], AdvLoss:[0.1266]
Train Iter:[48 /51] CauLoss:[0.7700], AdvLoss:[0.1413]
--------------------------------------------------------------------------------------------------------------------------------------------------------------------------------------------------------
Epoch:[87/100], CauAdvLoss:[0.7705/0.1385] valid:[92.41], test:[69.46]
--------------------------------------------------------------------------------------------------------------------------------------------------------------------------------------------------------
Train Iter:[0  /51] CauLoss:[0.8609], AdvLoss:[0.0739]
Train Iter:[12 /51] CauLoss:[0.7679], AdvLoss:[0.1198]
Train Iter:[24 /51] CauLoss:[0.7551], AdvLoss:[0.1146]
Train Iter:[36 /51] CauLoss:[0.7767], AdvLoss:[0.1286]
Train Iter:[48 /51] CauLoss:[0.7949], AdvLoss:[0.1371]
--------------------------------------------------------------------------------------------------------------------------------------------------------------------------------------------------------
Epoch:[88/100], CauAdvLoss:[0.7895/0.1342] valid:[92.52], test:[69.59]
--------------------------------------------------------------------------------------------------------------------------------------------------------------------------------------------------------
Train Iter:[0  /51] CauLoss:[0.7522], AdvLoss:[0.1743]
Train Iter:[12 /51] CauLoss:[0.7342], AdvLoss:[0.1499]
Train Iter:[24 /51] CauLoss:[0.7553], AdvLoss:[0.1316]
Train Iter:[36 /51] CauLoss:[0.7797], AdvLoss:[0.1294]
Train Iter:[48 /51] CauLoss:[0.7720], AdvLoss:[0.1303]
--------------------------------------------------------------------------------------------------------------------------------------------------------------------------------------------------------
Epoch:[89/100], CauAdvLoss:[0.7759/0.1312] valid:[92.42], test:[69.87]
--------------------------------------------------------------------------------------------------------------------------------------------------------------------------------------------------------
Train Iter:[0  /51] CauLoss:[0.7670], AdvLoss:[0.1346]
Train Iter:[12 /51] CauLoss:[0.7950], AdvLoss:[0.1460]
Train Iter:[24 /51] CauLoss:[0.7885], AdvLoss:[0.1384]
Train Iter:[36 /51] CauLoss:[0.7740], AdvLoss:[0.1379]
Train Iter:[48 /51] CauLoss:[0.7718], AdvLoss:[0.1357]
--------------------------------------------------------------------------------------------------------------------------------------------------------------------------------------------------------
Epoch:[90/100], CauAdvLoss:[0.7713/0.1335] valid:[92.36], test:[69.72]
--------------------------------------------------------------------------------------------------------------------------------------------------------------------------------------------------------
Train Iter:[0  /51] CauLoss:[0.6616], AdvLoss:[0.0561]
Train Iter:[12 /51] CauLoss:[0.7016], AdvLoss:[0.0960]
Train Iter:[24 /51] CauLoss:[0.7668], AdvLoss:[0.1403]
Train Iter:[36 /51] CauLoss:[0.7668], AdvLoss:[0.1432]
Train Iter:[48 /51] CauLoss:[0.7722], AdvLoss:[0.1300]
--------------------------------------------------------------------------------------------------------------------------------------------------------------------------------------------------------
Epoch:[91/100], CauAdvLoss:[0.7734/0.1285] valid:[92.45], test:[69.73]
--------------------------------------------------------------------------------------------------------------------------------------------------------------------------------------------------------
Train Iter:[0  /51] CauLoss:[0.8562], AdvLoss:[0.2898]
Train Iter:[12 /51] CauLoss:[0.7503], AdvLoss:[0.1333]
Train Iter:[24 /51] CauLoss:[0.7518], AdvLoss:[0.1186]
Train Iter:[36 /51] CauLoss:[0.7421], AdvLoss:[0.1205]
Train Iter:[48 /51] CauLoss:[0.7621], AdvLoss:[0.1279]
--------------------------------------------------------------------------------------------------------------------------------------------------------------------------------------------------------
Epoch:[92/100], CauAdvLoss:[0.7604/0.1270] valid:[92.25], test:[69.45]
--------------------------------------------------------------------------------------------------------------------------------------------------------------------------------------------------------
Train Iter:[0  /51] CauLoss:[0.7990], AdvLoss:[0.2580]
Train Iter:[12 /51] CauLoss:[0.7488], AdvLoss:[0.1264]
Train Iter:[24 /51] CauLoss:[0.7721], AdvLoss:[0.1360]
Train Iter:[36 /51] CauLoss:[0.7839], AdvLoss:[0.1456]
Train Iter:[48 /51] CauLoss:[0.7850], AdvLoss:[0.1390]
--------------------------------------------------------------------------------------------------------------------------------------------------------------------------------------------------------
Epoch:[93/100], CauAdvLoss:[0.7813/0.1370] valid:[92.33], test:[69.66]
--------------------------------------------------------------------------------------------------------------------------------------------------------------------------------------------------------
Train Iter:[0  /51] CauLoss:[0.7233], AdvLoss:[0.0996]
Train Iter:[12 /51] CauLoss:[0.8023], AdvLoss:[0.1356]
Train Iter:[24 /51] CauLoss:[0.7806], AdvLoss:[0.1396]
Train Iter:[36 /51] CauLoss:[0.7822], AdvLoss:[0.1347]
Train Iter:[48 /51] CauLoss:[0.7866], AdvLoss:[0.1304]
--------------------------------------------------------------------------------------------------------------------------------------------------------------------------------------------------------
Epoch:[94/100], CauAdvLoss:[0.7926/0.1293] valid:[92.35], test:[69.57]
--------------------------------------------------------------------------------------------------------------------------------------------------------------------------------------------------------
Train Iter:[0  /51] CauLoss:[0.7361], AdvLoss:[0.1345]
Train Iter:[12 /51] CauLoss:[0.8318], AdvLoss:[0.1646]
Train Iter:[24 /51] CauLoss:[0.8033], AdvLoss:[0.1608]
Train Iter:[36 /51] CauLoss:[0.7886], AdvLoss:[0.1510]
Train Iter:[48 /51] CauLoss:[0.7794], AdvLoss:[0.1359]
--------------------------------------------------------------------------------------------------------------------------------------------------------------------------------------------------------
Epoch:[95/100], CauAdvLoss:[0.7770/0.1351] valid:[92.41], test:[69.66]
--------------------------------------------------------------------------------------------------------------------------------------------------------------------------------------------------------
Train Iter:[0  /51] CauLoss:[0.7266], AdvLoss:[0.0644]
Train Iter:[12 /51] CauLoss:[0.7308], AdvLoss:[0.1111]
Train Iter:[24 /51] CauLoss:[0.7604], AdvLoss:[0.1233]
Train Iter:[36 /51] CauLoss:[0.7649], AdvLoss:[0.1264]
Train Iter:[48 /51] CauLoss:[0.7598], AdvLoss:[0.1336]
--------------------------------------------------------------------------------------------------------------------------------------------------------------------------------------------------------
Epoch:[96/100], CauAdvLoss:[0.7646/0.1320] valid:[92.43], test:[69.47]
--------------------------------------------------------------------------------------------------------------------------------------------------------------------------------------------------------
Train Iter:[0  /51] CauLoss:[0.8319], AdvLoss:[0.1469]
Train Iter:[12 /51] CauLoss:[0.7936], AdvLoss:[0.1168]
Train Iter:[24 /51] CauLoss:[0.7885], AdvLoss:[0.1203]
Train Iter:[36 /51] CauLoss:[0.7688], AdvLoss:[0.1282]
Train Iter:[48 /51] CauLoss:[0.7755], AdvLoss:[0.1349]
--------------------------------------------------------------------------------------------------------------------------------------------------------------------------------------------------------
Epoch:[97/100], CauAdvLoss:[0.7785/0.1369] valid:[92.43], test:[69.82]
--------------------------------------------------------------------------------------------------------------------------------------------------------------------------------------------------------
Train Iter:[0  /51] CauLoss:[0.6740], AdvLoss:[0.1535]
Train Iter:[12 /51] CauLoss:[0.7401], AdvLoss:[0.1005]
Train Iter:[24 /51] CauLoss:[0.7437], AdvLoss:[0.1054]
Train Iter:[36 /51] CauLoss:[0.7633], AdvLoss:[0.1230]
Train Iter:[48 /51] CauLoss:[0.7810], AdvLoss:[0.1320]
--------------------------------------------------------------------------------------------------------------------------------------------------------------------------------------------------------
Epoch:[98/100], CauAdvLoss:[0.7792/0.1309] valid:[92.39], test:[69.44]
--------------------------------------------------------------------------------------------------------------------------------------------------------------------------------------------------------
Train Iter:[0  /51] CauLoss:[0.8384], AdvLoss:[0.1599]
Train Iter:[12 /51] CauLoss:[0.7200], AdvLoss:[0.1055]
Train Iter:[24 /51] CauLoss:[0.7293], AdvLoss:[0.1203]
Train Iter:[36 /51] CauLoss:[0.7664], AdvLoss:[0.1314]
Train Iter:[48 /51] CauLoss:[0.7739], AdvLoss:[0.1373]
--------------------------------------------------------------------------------------------------------------------------------------------------------------------------------------------------------
Epoch:[99/100], CauAdvLoss:[0.7783/0.1361] valid:[92.37], test:[69.55]
--------------------------------------------------------------------------------------------------------------------------------------------------------------------------------------------------------
Train Iter:[0  /51] CauLoss:[0.8500], AdvLoss:[0.0666]
Train Iter:[12 /51] CauLoss:[0.8057], AdvLoss:[0.1112]
Train Iter:[24 /51] CauLoss:[0.7903], AdvLoss:[0.1226]
Train Iter:[36 /51] CauLoss:[0.7739], AdvLoss:[0.1156]
Train Iter:[48 /51] CauLoss:[0.7785], AdvLoss:[0.1257]
--------------------------------------------------------------------------------------------------------------------------------------------------------------------------------------------------------
Epoch:[100/100], CauAdvLoss:[0.7879/0.1297] valid:[92.31], test:[69.33]
--------------------------------------------------------------------------------------------------------------------------------------------------------------------------------------------------------
Update test:[70.86] at epoch:[44] | Total time:00:04:12
finall: Test ACC OOD: [69.58±1.34]
ALL OOD:[0.7018711419753086, 0.716724537037037, 0.6849922839506174, 0.6759259259259259, 0.7082368827160493, 0.6859567901234568, 0.701388888888889, 0.6771797839506173, 0.6973379629629629, 0.708622685185185]
