/opt/conda/envs/aia310/lib/python3.10/site-packages/outdated/__init__.py:36: UserWarning: pkg_resources is deprecated as an API. See https://setuptools.pypa.io/en/latest/pkg_resources.html. The pkg_resources package is slated for removal as early as 2025-11-30. Refrain from using this package or pin to Setuptools<81.
  from pkg_resources import parse_version
initw_name...............................................................kaiming
data_dir.................................................................dataset
ckpt.......................................................................False
seed.........................................................................123
emb_dim.......................................................................32
test_epoch.....................................................................0
cau_gamma....................................................................0.5
lr_min.....................................................................1e-06
adv_gamma_node...............................................................1.0
adv_gamma_edge...............................................................1.0
adv_dis......................................................................0.5
adv_reg......................................................................0.5
cau_reg......................................................................0.5
causaler_time..................................................................1
attacker_time..................................................................1
epochs.......................................................................100
lr_decay.....................................................................150
causaler_lr................................................................0.005
attacker_lr................................................................0.005
l2reg......................................................................5e-06
the............................................................................0
lr_gamma.....................................................................0.1
lr_scheduler.................................................................cos
milestones.........................................................[3703, 16, 6]
device.........................................................................0
domain......................................................................size
batch_size....................................................................32
size..........................................................................ls
dataset.............................................................ogbg-molbbbp
trails........................................................................10

initialize network with kaiming
Train Iter:[0  /52] CauLoss:[2.5470], AdvLoss:[-111.5568]
Train Iter:[13 /52] CauLoss:[1.9105], AdvLoss:[-9.8359]
Train Iter:[26 /52] CauLoss:[1.7362], AdvLoss:[-5.1212]
Train Iter:[39 /52] CauLoss:[1.6629], AdvLoss:[-3.4606]
--------------------------------------------------------------------------------------------------------------------------------------------------------------------------------------------------------
Epoch:[1/100], CauAdvLoss:[1.5951/-2.6322] valid:[60.16], test:[43.81]
--------------------------------------------------------------------------------------------------------------------------------------------------------------------------------------------------------
Train Iter:[0  /52] CauLoss:[1.6201], AdvLoss:[0.3084]
Train Iter:[13 /52] CauLoss:[1.3021], AdvLoss:[0.1653]
Train Iter:[26 /52] CauLoss:[1.3479], AdvLoss:[0.2406]
Train Iter:[39 /52] CauLoss:[1.3531], AdvLoss:[0.3217]
--------------------------------------------------------------------------------------------------------------------------------------------------------------------------------------------------------
Epoch:[2/100], CauAdvLoss:[1.3519/0.3321] valid:[78.11], test:[60.31]
--------------------------------------------------------------------------------------------------------------------------------------------------------------------------------------------------------
Train Iter:[0  /52] CauLoss:[1.1833], AdvLoss:[0.2848]
Train Iter:[13 /52] CauLoss:[1.2923], AdvLoss:[0.4277]
Train Iter:[26 /52] CauLoss:[1.3111], AdvLoss:[0.4158]
Train Iter:[39 /52] CauLoss:[1.3427], AdvLoss:[0.4092]
--------------------------------------------------------------------------------------------------------------------------------------------------------------------------------------------------------
Epoch:[3/100], CauAdvLoss:[1.3266/0.3916] valid:[74.47], test:[55.20]
--------------------------------------------------------------------------------------------------------------------------------------------------------------------------------------------------------
Train Iter:[0  /52] CauLoss:[1.3592], AdvLoss:[0.4659]
Train Iter:[13 /52] CauLoss:[1.2542], AdvLoss:[0.4605]
Train Iter:[26 /52] CauLoss:[1.2585], AdvLoss:[0.4032]
Train Iter:[39 /52] CauLoss:[1.2990], AdvLoss:[0.4077]
--------------------------------------------------------------------------------------------------------------------------------------------------------------------------------------------------------
Epoch:[4/100], CauAdvLoss:[1.2840/0.3796] valid:[78.67], test:[65.45]
--------------------------------------------------------------------------------------------------------------------------------------------------------------------------------------------------------
Train Iter:[0  /52] CauLoss:[1.1494], AdvLoss:[0.2962]
Train Iter:[13 /52] CauLoss:[1.2452], AdvLoss:[0.3897]
Train Iter:[26 /52] CauLoss:[1.2946], AdvLoss:[0.4223]
Train Iter:[39 /52] CauLoss:[1.2692], AdvLoss:[0.3887]
--------------------------------------------------------------------------------------------------------------------------------------------------------------------------------------------------------
Epoch:[5/100], CauAdvLoss:[1.3202/0.3645] valid:[75.56], test:[55.30]
--------------------------------------------------------------------------------------------------------------------------------------------------------------------------------------------------------
Train Iter:[0  /52] CauLoss:[1.0162], AdvLoss:[0.2434]
Train Iter:[13 /52] CauLoss:[1.2669], AdvLoss:[0.4803]
Train Iter:[26 /52] CauLoss:[1.2891], AdvLoss:[0.4708]
Train Iter:[39 /52] CauLoss:[1.2600], AdvLoss:[0.4299]
--------------------------------------------------------------------------------------------------------------------------------------------------------------------------------------------------------
Epoch:[6/100], CauAdvLoss:[1.2549/0.4072] valid:[71.97], test:[50.46]
--------------------------------------------------------------------------------------------------------------------------------------------------------------------------------------------------------
Train Iter:[0  /52] CauLoss:[1.1900], AdvLoss:[0.2085]
Train Iter:[13 /52] CauLoss:[1.1960], AdvLoss:[0.2980]
Train Iter:[26 /52] CauLoss:[1.2120], AdvLoss:[0.3267]
Train Iter:[39 /52] CauLoss:[1.2123], AdvLoss:[0.3575]
--------------------------------------------------------------------------------------------------------------------------------------------------------------------------------------------------------
Epoch:[7/100], CauAdvLoss:[1.2646/0.3645] valid:[78.62], test:[66.94]
--------------------------------------------------------------------------------------------------------------------------------------------------------------------------------------------------------
Train Iter:[0  /52] CauLoss:[1.2343], AdvLoss:[0.3125]
Train Iter:[13 /52] CauLoss:[1.3096], AdvLoss:[0.4701]
Train Iter:[26 /52] CauLoss:[1.2354], AdvLoss:[0.3850]
Train Iter:[39 /52] CauLoss:[1.2635], AdvLoss:[0.3776]
--------------------------------------------------------------------------------------------------------------------------------------------------------------------------------------------------------
Epoch:[8/100], CauAdvLoss:[1.2181/0.3419] valid:[71.95], test:[61.93]
--------------------------------------------------------------------------------------------------------------------------------------------------------------------------------------------------------
Train Iter:[0  /52] CauLoss:[1.2089], AdvLoss:[0.3452]
Train Iter:[13 /52] CauLoss:[1.1217], AdvLoss:[0.2652]
Train Iter:[26 /52] CauLoss:[1.1449], AdvLoss:[0.2852]
Train Iter:[39 /52] CauLoss:[1.1455], AdvLoss:[0.2898]
--------------------------------------------------------------------------------------------------------------------------------------------------------------------------------------------------------
Epoch:[9/100], CauAdvLoss:[1.1689/0.3095] valid:[75.32], test:[58.54]
--------------------------------------------------------------------------------------------------------------------------------------------------------------------------------------------------------
Train Iter:[0  /52] CauLoss:[0.9841], AdvLoss:[0.1833]
Train Iter:[13 /52] CauLoss:[1.1208], AdvLoss:[0.2821]
Train Iter:[26 /52] CauLoss:[1.1924], AdvLoss:[0.3046]
Train Iter:[39 /52] CauLoss:[1.2064], AdvLoss:[0.3097]
--------------------------------------------------------------------------------------------------------------------------------------------------------------------------------------------------------
Epoch:[10/100], CauAdvLoss:[1.2513/0.2998] valid:[74.71], test:[59.85]
--------------------------------------------------------------------------------------------------------------------------------------------------------------------------------------------------------
Train Iter:[0  /52] CauLoss:[1.2095], AdvLoss:[0.5118]
Train Iter:[13 /52] CauLoss:[1.2825], AdvLoss:[0.7223]
Train Iter:[26 /52] CauLoss:[1.2265], AdvLoss:[0.5082]
Train Iter:[39 /52] CauLoss:[1.2062], AdvLoss:[0.4458]
--------------------------------------------------------------------------------------------------------------------------------------------------------------------------------------------------------
Epoch:[11/100], CauAdvLoss:[1.2010/0.4028] valid:[75.49], test:[61.49]
--------------------------------------------------------------------------------------------------------------------------------------------------------------------------------------------------------
Train Iter:[0  /52] CauLoss:[1.1960], AdvLoss:[0.4958]
Train Iter:[13 /52] CauLoss:[1.1310], AdvLoss:[0.2938]
Train Iter:[26 /52] CauLoss:[1.1370], AdvLoss:[0.2901]
Train Iter:[39 /52] CauLoss:[1.1543], AdvLoss:[0.3038]
--------------------------------------------------------------------------------------------------------------------------------------------------------------------------------------------------------
Epoch:[12/100], CauAdvLoss:[1.1302/0.2900] valid:[76.00], test:[63.22]
--------------------------------------------------------------------------------------------------------------------------------------------------------------------------------------------------------
Train Iter:[0  /52] CauLoss:[1.3093], AdvLoss:[0.2409]
Train Iter:[13 /52] CauLoss:[1.1534], AdvLoss:[0.3284]
Train Iter:[26 /52] CauLoss:[1.1879], AdvLoss:[0.3169]
Train Iter:[39 /52] CauLoss:[1.1476], AdvLoss:[0.2969]
--------------------------------------------------------------------------------------------------------------------------------------------------------------------------------------------------------
Epoch:[13/100], CauAdvLoss:[1.1609/0.2897] valid:[71.64], test:[59.55]
--------------------------------------------------------------------------------------------------------------------------------------------------------------------------------------------------------
Train Iter:[0  /52] CauLoss:[1.1106], AdvLoss:[0.3476]
Train Iter:[13 /52] CauLoss:[1.1642], AdvLoss:[0.3133]
Train Iter:[26 /52] CauLoss:[1.1468], AdvLoss:[0.2979]
Train Iter:[39 /52] CauLoss:[1.1311], AdvLoss:[0.2832]
--------------------------------------------------------------------------------------------------------------------------------------------------------------------------------------------------------
Epoch:[14/100], CauAdvLoss:[1.1348/0.2891] valid:[73.41], test:[61.22]
--------------------------------------------------------------------------------------------------------------------------------------------------------------------------------------------------------
Train Iter:[0  /52] CauLoss:[1.1000], AdvLoss:[0.3033]
Train Iter:[13 /52] CauLoss:[1.2618], AdvLoss:[0.3288]
Train Iter:[26 /52] CauLoss:[1.2031], AdvLoss:[0.2991]
Train Iter:[39 /52] CauLoss:[1.1714], AdvLoss:[0.2903]
--------------------------------------------------------------------------------------------------------------------------------------------------------------------------------------------------------
Epoch:[15/100], CauAdvLoss:[1.1372/0.2709] valid:[71.97], test:[61.97]
--------------------------------------------------------------------------------------------------------------------------------------------------------------------------------------------------------
Train Iter:[0  /52] CauLoss:[0.7631], AdvLoss:[0.2455]
Train Iter:[13 /52] CauLoss:[1.0061], AdvLoss:[0.2625]
Train Iter:[26 /52] CauLoss:[1.0659], AdvLoss:[0.3209]
Train Iter:[39 /52] CauLoss:[1.0766], AdvLoss:[0.3223]
--------------------------------------------------------------------------------------------------------------------------------------------------------------------------------------------------------
Epoch:[16/100], CauAdvLoss:[1.1778/0.3244] valid:[75.40], test:[67.30]
--------------------------------------------------------------------------------------------------------------------------------------------------------------------------------------------------------
Train Iter:[0  /52] CauLoss:[1.4303], AdvLoss:[0.3761]
Train Iter:[13 /52] CauLoss:[1.1494], AdvLoss:[0.2782]
Train Iter:[26 /52] CauLoss:[1.1467], AdvLoss:[0.2819]
Train Iter:[39 /52] CauLoss:[1.1303], AdvLoss:[0.2826]
--------------------------------------------------------------------------------------------------------------------------------------------------------------------------------------------------------
Epoch:[17/100], CauAdvLoss:[1.1256/0.2812] valid:[76.23], test:[59.93]
--------------------------------------------------------------------------------------------------------------------------------------------------------------------------------------------------------
Train Iter:[0  /52] CauLoss:[1.0069], AdvLoss:[0.2738]
Train Iter:[13 /52] CauLoss:[1.0764], AdvLoss:[0.2684]
Train Iter:[26 /52] CauLoss:[1.0884], AdvLoss:[0.2689]
Train Iter:[39 /52] CauLoss:[1.0857], AdvLoss:[0.2705]
--------------------------------------------------------------------------------------------------------------------------------------------------------------------------------------------------------
Epoch:[18/100], CauAdvLoss:[1.0894/0.2594] valid:[77.23], test:[70.14]
--------------------------------------------------------------------------------------------------------------------------------------------------------------------------------------------------------
Train Iter:[0  /52] CauLoss:[0.9753], AdvLoss:[0.1926]
Train Iter:[13 /52] CauLoss:[1.1331], AdvLoss:[0.3012]
Train Iter:[26 /52] CauLoss:[1.0977], AdvLoss:[0.2698]
Train Iter:[39 /52] CauLoss:[1.1112], AdvLoss:[0.2804]
--------------------------------------------------------------------------------------------------------------------------------------------------------------------------------------------------------
Epoch:[19/100], CauAdvLoss:[1.0904/0.2639] valid:[72.90], test:[59.28]
--------------------------------------------------------------------------------------------------------------------------------------------------------------------------------------------------------
Train Iter:[0  /52] CauLoss:[0.8681], AdvLoss:[0.1991]
Train Iter:[13 /52] CauLoss:[1.0836], AdvLoss:[0.2662]
Train Iter:[26 /52] CauLoss:[1.1062], AdvLoss:[0.2663]
Train Iter:[39 /52] CauLoss:[1.0922], AdvLoss:[0.2633]
--------------------------------------------------------------------------------------------------------------------------------------------------------------------------------------------------------
Epoch:[20/100], CauAdvLoss:[1.0879/0.2623] valid:[78.30], test:[63.95]
--------------------------------------------------------------------------------------------------------------------------------------------------------------------------------------------------------
Train Iter:[0  /52] CauLoss:[1.0123], AdvLoss:[0.2115]
Train Iter:[13 /52] CauLoss:[1.0327], AdvLoss:[0.2610]
Train Iter:[26 /52] CauLoss:[1.0275], AdvLoss:[0.2505]
Train Iter:[39 /52] CauLoss:[1.0784], AdvLoss:[0.2936]
--------------------------------------------------------------------------------------------------------------------------------------------------------------------------------------------------------
Epoch:[21/100], CauAdvLoss:[1.1095/0.3525] valid:[76.65], test:[63.80]
--------------------------------------------------------------------------------------------------------------------------------------------------------------------------------------------------------
Train Iter:[0  /52] CauLoss:[1.1259], AdvLoss:[0.3646]
Train Iter:[13 /52] CauLoss:[1.0038], AdvLoss:[0.2399]
Train Iter:[26 /52] CauLoss:[1.0152], AdvLoss:[0.2359]
Train Iter:[39 /52] CauLoss:[1.0927], AdvLoss:[0.2700]
--------------------------------------------------------------------------------------------------------------------------------------------------------------------------------------------------------
Epoch:[22/100], CauAdvLoss:[1.0950/0.2649] valid:[72.14], test:[62.04]
--------------------------------------------------------------------------------------------------------------------------------------------------------------------------------------------------------
Train Iter:[0  /52] CauLoss:[1.3372], AdvLoss:[0.2553]
Train Iter:[13 /52] CauLoss:[1.1246], AdvLoss:[0.2704]
Train Iter:[26 /52] CauLoss:[1.1435], AdvLoss:[0.2864]
Train Iter:[39 /52] CauLoss:[1.0991], AdvLoss:[0.2635]
--------------------------------------------------------------------------------------------------------------------------------------------------------------------------------------------------------
Epoch:[23/100], CauAdvLoss:[1.1598/0.2781] valid:[77.61], test:[64.63]
--------------------------------------------------------------------------------------------------------------------------------------------------------------------------------------------------------
Train Iter:[0  /52] CauLoss:[0.9041], AdvLoss:[0.1501]
Train Iter:[13 /52] CauLoss:[1.1261], AdvLoss:[0.3856]
Train Iter:[26 /52] CauLoss:[1.1447], AdvLoss:[0.3586]
Train Iter:[39 /52] CauLoss:[1.0998], AdvLoss:[0.3161]
--------------------------------------------------------------------------------------------------------------------------------------------------------------------------------------------------------
Epoch:[24/100], CauAdvLoss:[1.0917/0.2999] valid:[76.43], test:[65.76]
--------------------------------------------------------------------------------------------------------------------------------------------------------------------------------------------------------
Train Iter:[0  /52] CauLoss:[0.7507], AdvLoss:[0.1097]
Train Iter:[13 /52] CauLoss:[1.0967], AdvLoss:[0.2672]
Train Iter:[26 /52] CauLoss:[1.1059], AdvLoss:[0.2720]
Train Iter:[39 /52] CauLoss:[1.1034], AdvLoss:[0.2675]
--------------------------------------------------------------------------------------------------------------------------------------------------------------------------------------------------------
Epoch:[25/100], CauAdvLoss:[1.0643/0.2530] valid:[75.20], test:[67.57]
--------------------------------------------------------------------------------------------------------------------------------------------------------------------------------------------------------
Train Iter:[0  /52] CauLoss:[1.1009], AdvLoss:[0.2319]
Train Iter:[13 /52] CauLoss:[1.0180], AdvLoss:[0.1941]
Train Iter:[26 /52] CauLoss:[1.0444], AdvLoss:[0.2290]
Train Iter:[39 /52] CauLoss:[1.0631], AdvLoss:[0.2670]
--------------------------------------------------------------------------------------------------------------------------------------------------------------------------------------------------------
Epoch:[26/100], CauAdvLoss:[1.0665/0.2716] valid:[76.29], test:[67.68]
--------------------------------------------------------------------------------------------------------------------------------------------------------------------------------------------------------
Train Iter:[0  /52] CauLoss:[1.4805], AdvLoss:[0.3808]
Train Iter:[13 /52] CauLoss:[1.0353], AdvLoss:[0.2377]
Train Iter:[26 /52] CauLoss:[1.0503], AdvLoss:[0.2556]
Train Iter:[39 /52] CauLoss:[1.0563], AdvLoss:[0.2441]
--------------------------------------------------------------------------------------------------------------------------------------------------------------------------------------------------------
Epoch:[27/100], CauAdvLoss:[1.0561/0.2450] valid:[79.32], test:[67.93]
--------------------------------------------------------------------------------------------------------------------------------------------------------------------------------------------------------
Train Iter:[0  /52] CauLoss:[1.0813], AdvLoss:[0.3872]
Train Iter:[13 /52] CauLoss:[1.0004], AdvLoss:[0.2018]
Train Iter:[26 /52] CauLoss:[1.0192], AdvLoss:[0.2083]
Train Iter:[39 /52] CauLoss:[1.0525], AdvLoss:[0.2300]
--------------------------------------------------------------------------------------------------------------------------------------------------------------------------------------------------------
Epoch:[28/100], CauAdvLoss:[1.0531/0.2518] valid:[71.60], test:[63.11]
--------------------------------------------------------------------------------------------------------------------------------------------------------------------------------------------------------
Train Iter:[0  /52] CauLoss:[0.9927], AdvLoss:[0.1382]
Train Iter:[13 /52] CauLoss:[1.0849], AdvLoss:[0.2488]
Train Iter:[26 /52] CauLoss:[1.0597], AdvLoss:[0.2463]
Train Iter:[39 /52] CauLoss:[1.0764], AdvLoss:[0.2523]
--------------------------------------------------------------------------------------------------------------------------------------------------------------------------------------------------------
Epoch:[29/100], CauAdvLoss:[1.0939/0.2351] valid:[79.27], test:[70.45]
--------------------------------------------------------------------------------------------------------------------------------------------------------------------------------------------------------
Train Iter:[0  /52] CauLoss:[0.9498], AdvLoss:[0.2494]
Train Iter:[13 /52] CauLoss:[0.9979], AdvLoss:[0.2022]
Train Iter:[26 /52] CauLoss:[0.9816], AdvLoss:[0.2190]
Train Iter:[39 /52] CauLoss:[1.0012], AdvLoss:[0.2245]
--------------------------------------------------------------------------------------------------------------------------------------------------------------------------------------------------------
Epoch:[30/100], CauAdvLoss:[1.0418/0.2567] valid:[76.80], test:[68.73]
--------------------------------------------------------------------------------------------------------------------------------------------------------------------------------------------------------
Train Iter:[0  /52] CauLoss:[0.9420], AdvLoss:[0.1120]
Train Iter:[13 /52] CauLoss:[1.0319], AdvLoss:[0.2549]
Train Iter:[26 /52] CauLoss:[1.0422], AdvLoss:[0.2475]
Train Iter:[39 /52] CauLoss:[1.0333], AdvLoss:[0.2424]
--------------------------------------------------------------------------------------------------------------------------------------------------------------------------------------------------------
Epoch:[31/100], CauAdvLoss:[1.0199/0.2342] valid:[77.14], test:[69.00]
--------------------------------------------------------------------------------------------------------------------------------------------------------------------------------------------------------
Train Iter:[0  /52] CauLoss:[0.9986], AdvLoss:[0.2297]
Train Iter:[13 /52] CauLoss:[1.0443], AdvLoss:[0.2209]
Train Iter:[26 /52] CauLoss:[1.0129], AdvLoss:[0.2305]
Train Iter:[39 /52] CauLoss:[1.0294], AdvLoss:[0.2333]
--------------------------------------------------------------------------------------------------------------------------------------------------------------------------------------------------------
Epoch:[32/100], CauAdvLoss:[1.0860/0.2329] valid:[77.28], test:[66.14]
--------------------------------------------------------------------------------------------------------------------------------------------------------------------------------------------------------
Train Iter:[0  /52] CauLoss:[1.0680], AdvLoss:[0.2573]
Train Iter:[13 /52] CauLoss:[1.0155], AdvLoss:[0.3291]
Train Iter:[26 /52] CauLoss:[1.0499], AdvLoss:[0.3061]
Train Iter:[39 /52] CauLoss:[1.0842], AdvLoss:[0.3000]
--------------------------------------------------------------------------------------------------------------------------------------------------------------------------------------------------------
Epoch:[33/100], CauAdvLoss:[1.0516/0.2674] valid:[74.03], test:[64.77]
--------------------------------------------------------------------------------------------------------------------------------------------------------------------------------------------------------
Train Iter:[0  /52] CauLoss:[1.2200], AdvLoss:[0.4047]
Train Iter:[13 /52] CauLoss:[0.9717], AdvLoss:[0.1871]
Train Iter:[26 /52] CauLoss:[1.0375], AdvLoss:[0.2273]
Train Iter:[39 /52] CauLoss:[1.0195], AdvLoss:[0.2125]
--------------------------------------------------------------------------------------------------------------------------------------------------------------------------------------------------------
Epoch:[34/100], CauAdvLoss:[1.0759/0.2159] valid:[73.97], test:[62.98]
--------------------------------------------------------------------------------------------------------------------------------------------------------------------------------------------------------
Train Iter:[0  /52] CauLoss:[1.3381], AdvLoss:[0.3328]
Train Iter:[13 /52] CauLoss:[1.0287], AdvLoss:[0.2379]
Train Iter:[26 /52] CauLoss:[0.9676], AdvLoss:[0.2011]
Train Iter:[39 /52] CauLoss:[0.9958], AdvLoss:[0.2252]
--------------------------------------------------------------------------------------------------------------------------------------------------------------------------------------------------------
Epoch:[35/100], CauAdvLoss:[1.0767/0.2546] valid:[77.33], test:[69.87]
--------------------------------------------------------------------------------------------------------------------------------------------------------------------------------------------------------
Train Iter:[0  /52] CauLoss:[0.8304], AdvLoss:[0.1967]
Train Iter:[13 /52] CauLoss:[1.0968], AdvLoss:[0.3291]
Train Iter:[26 /52] CauLoss:[1.0536], AdvLoss:[0.2803]
Train Iter:[39 /52] CauLoss:[1.0296], AdvLoss:[0.2630]
--------------------------------------------------------------------------------------------------------------------------------------------------------------------------------------------------------
Epoch:[36/100], CauAdvLoss:[1.0311/0.2477] valid:[77.34], test:[67.36]
--------------------------------------------------------------------------------------------------------------------------------------------------------------------------------------------------------
Train Iter:[0  /52] CauLoss:[1.4053], AdvLoss:[0.1775]
Train Iter:[13 /52] CauLoss:[1.0231], AdvLoss:[0.2090]
Train Iter:[26 /52] CauLoss:[1.0076], AdvLoss:[0.2053]
Train Iter:[39 /52] CauLoss:[1.0030], AdvLoss:[0.2127]
--------------------------------------------------------------------------------------------------------------------------------------------------------------------------------------------------------
Epoch:[37/100], CauAdvLoss:[0.9997/0.2123] valid:[78.52], test:[70.35]
--------------------------------------------------------------------------------------------------------------------------------------------------------------------------------------------------------
Train Iter:[0  /52] CauLoss:[0.7964], AdvLoss:[0.1444]
Train Iter:[13 /52] CauLoss:[0.9483], AdvLoss:[0.2077]
Train Iter:[26 /52] CauLoss:[0.9873], AdvLoss:[0.2296]
Train Iter:[39 /52] CauLoss:[1.0029], AdvLoss:[0.2354]
--------------------------------------------------------------------------------------------------------------------------------------------------------------------------------------------------------
Epoch:[38/100], CauAdvLoss:[1.0327/0.2146] valid:[77.25], test:[70.10]
--------------------------------------------------------------------------------------------------------------------------------------------------------------------------------------------------------
Train Iter:[0  /52] CauLoss:[0.6854], AdvLoss:[0.0837]
Train Iter:[13 /52] CauLoss:[0.9428], AdvLoss:[0.2056]
Train Iter:[26 /52] CauLoss:[0.9472], AdvLoss:[0.2081]
Train Iter:[39 /52] CauLoss:[0.9634], AdvLoss:[0.2245]
--------------------------------------------------------------------------------------------------------------------------------------------------------------------------------------------------------
Epoch:[39/100], CauAdvLoss:[0.9777/0.2266] valid:[76.12], test:[68.81]
--------------------------------------------------------------------------------------------------------------------------------------------------------------------------------------------------------
Train Iter:[0  /52] CauLoss:[0.8752], AdvLoss:[0.1442]
Train Iter:[13 /52] CauLoss:[0.9726], AdvLoss:[0.1643]
Train Iter:[26 /52] CauLoss:[1.0143], AdvLoss:[0.2104]
Train Iter:[39 /52] CauLoss:[1.0161], AdvLoss:[0.2111]
--------------------------------------------------------------------------------------------------------------------------------------------------------------------------------------------------------
Epoch:[40/100], CauAdvLoss:[1.0695/0.2064] valid:[76.74], test:[75.25]
--------------------------------------------------------------------------------------------------------------------------------------------------------------------------------------------------------
Train Iter:[0  /52] CauLoss:[0.9793], AdvLoss:[0.1698]
Train Iter:[13 /52] CauLoss:[0.9948], AdvLoss:[0.1870]
Train Iter:[26 /52] CauLoss:[1.0712], AdvLoss:[0.2189]
Train Iter:[39 /52] CauLoss:[1.0543], AdvLoss:[0.2182]
--------------------------------------------------------------------------------------------------------------------------------------------------------------------------------------------------------
Epoch:[41/100], CauAdvLoss:[1.0121/0.2017] valid:[77.04], test:[69.70]
--------------------------------------------------------------------------------------------------------------------------------------------------------------------------------------------------------
Train Iter:[0  /52] CauLoss:[1.2613], AdvLoss:[0.2788]
Train Iter:[13 /52] CauLoss:[0.9811], AdvLoss:[0.2171]
Train Iter:[26 /52] CauLoss:[0.9395], AdvLoss:[0.1950]
Train Iter:[39 /52] CauLoss:[0.9649], AdvLoss:[0.2022]
--------------------------------------------------------------------------------------------------------------------------------------------------------------------------------------------------------
Epoch:[42/100], CauAdvLoss:[1.0251/0.1937] valid:[77.26], test:[71.25]
--------------------------------------------------------------------------------------------------------------------------------------------------------------------------------------------------------
Train Iter:[0  /52] CauLoss:[0.9413], AdvLoss:[0.2704]
Train Iter:[13 /52] CauLoss:[0.9892], AdvLoss:[0.2880]
Train Iter:[26 /52] CauLoss:[0.9952], AdvLoss:[0.2499]
Train Iter:[39 /52] CauLoss:[0.9888], AdvLoss:[0.2328]
--------------------------------------------------------------------------------------------------------------------------------------------------------------------------------------------------------
Epoch:[43/100], CauAdvLoss:[1.0549/0.2254] valid:[78.98], test:[72.73]
--------------------------------------------------------------------------------------------------------------------------------------------------------------------------------------------------------
Train Iter:[0  /52] CauLoss:[1.2429], AdvLoss:[0.3799]
Train Iter:[13 /52] CauLoss:[0.9619], AdvLoss:[0.1984]
Train Iter:[26 /52] CauLoss:[0.9802], AdvLoss:[0.2097]
Train Iter:[39 /52] CauLoss:[1.0071], AdvLoss:[0.2182]
--------------------------------------------------------------------------------------------------------------------------------------------------------------------------------------------------------
Epoch:[44/100], CauAdvLoss:[0.9814/0.2006] valid:[76.77], test:[67.95]
--------------------------------------------------------------------------------------------------------------------------------------------------------------------------------------------------------
Train Iter:[0  /52] CauLoss:[1.2221], AdvLoss:[0.4489]
Train Iter:[13 /52] CauLoss:[0.9877], AdvLoss:[0.2032]
Train Iter:[26 /52] CauLoss:[0.9756], AdvLoss:[0.2116]
Train Iter:[39 /52] CauLoss:[0.9767], AdvLoss:[0.2232]
--------------------------------------------------------------------------------------------------------------------------------------------------------------------------------------------------------
Epoch:[45/100], CauAdvLoss:[0.9540/0.2074] valid:[77.76], test:[70.96]
--------------------------------------------------------------------------------------------------------------------------------------------------------------------------------------------------------
Train Iter:[0  /52] CauLoss:[0.9707], AdvLoss:[0.1083]
Train Iter:[13 /52] CauLoss:[0.9025], AdvLoss:[0.1374]
Train Iter:[26 /52] CauLoss:[0.9386], AdvLoss:[0.1710]
Train Iter:[39 /52] CauLoss:[0.9500], AdvLoss:[0.1854]
--------------------------------------------------------------------------------------------------------------------------------------------------------------------------------------------------------
Epoch:[46/100], CauAdvLoss:[0.9679/0.1920] valid:[77.46], test:[70.01]
--------------------------------------------------------------------------------------------------------------------------------------------------------------------------------------------------------
Train Iter:[0  /52] CauLoss:[0.9234], AdvLoss:[0.2099]
Train Iter:[13 /52] CauLoss:[0.9416], AdvLoss:[0.1741]
Train Iter:[26 /52] CauLoss:[0.9083], AdvLoss:[0.1753]
Train Iter:[39 /52] CauLoss:[0.9398], AdvLoss:[0.1920]
--------------------------------------------------------------------------------------------------------------------------------------------------------------------------------------------------------
Epoch:[47/100], CauAdvLoss:[0.9493/0.1966] valid:[77.99], test:[70.14]
--------------------------------------------------------------------------------------------------------------------------------------------------------------------------------------------------------
Train Iter:[0  /52] CauLoss:[1.3713], AdvLoss:[0.2549]
Train Iter:[13 /52] CauLoss:[0.9206], AdvLoss:[0.1636]
Train Iter:[26 /52] CauLoss:[0.9247], AdvLoss:[0.1756]
Train Iter:[39 /52] CauLoss:[0.9401], AdvLoss:[0.1754]
--------------------------------------------------------------------------------------------------------------------------------------------------------------------------------------------------------
Epoch:[48/100], CauAdvLoss:[0.9340/0.1763] valid:[76.28], test:[69.49]
--------------------------------------------------------------------------------------------------------------------------------------------------------------------------------------------------------
Train Iter:[0  /52] CauLoss:[0.7639], AdvLoss:[0.1013]
Train Iter:[13 /52] CauLoss:[0.9351], AdvLoss:[0.1651]
Train Iter:[26 /52] CauLoss:[0.9888], AdvLoss:[0.2047]
Train Iter:[39 /52] CauLoss:[0.9718], AdvLoss:[0.1965]
--------------------------------------------------------------------------------------------------------------------------------------------------------------------------------------------------------
Epoch:[49/100], CauAdvLoss:[1.0276/0.2215] valid:[77.90], test:[68.35]
--------------------------------------------------------------------------------------------------------------------------------------------------------------------------------------------------------
Train Iter:[0  /52] CauLoss:[0.9517], AdvLoss:[0.1680]
Train Iter:[13 /52] CauLoss:[0.9141], AdvLoss:[0.1751]
Train Iter:[26 /52] CauLoss:[0.9360], AdvLoss:[0.1880]
Train Iter:[39 /52] CauLoss:[0.9632], AdvLoss:[0.1972]
--------------------------------------------------------------------------------------------------------------------------------------------------------------------------------------------------------
Epoch:[50/100], CauAdvLoss:[1.0173/0.1920] valid:[77.68], test:[68.92]
--------------------------------------------------------------------------------------------------------------------------------------------------------------------------------------------------------
Train Iter:[0  /52] CauLoss:[1.0260], AdvLoss:[0.2185]
Train Iter:[13 /52] CauLoss:[0.9515], AdvLoss:[0.1880]
Train Iter:[26 /52] CauLoss:[0.9370], AdvLoss:[0.1804]
Train Iter:[39 /52] CauLoss:[0.9498], AdvLoss:[0.1844]
--------------------------------------------------------------------------------------------------------------------------------------------------------------------------------------------------------
Epoch:[51/100], CauAdvLoss:[0.9462/0.1883] valid:[76.46], test:[68.10]
--------------------------------------------------------------------------------------------------------------------------------------------------------------------------------------------------------
Train Iter:[0  /52] CauLoss:[0.7088], AdvLoss:[0.0669]
Train Iter:[13 /52] CauLoss:[0.8926], AdvLoss:[0.1840]
Train Iter:[26 /52] CauLoss:[0.9052], AdvLoss:[0.1774]
Train Iter:[39 /52] CauLoss:[0.9144], AdvLoss:[0.1822]
--------------------------------------------------------------------------------------------------------------------------------------------------------------------------------------------------------
Epoch:[52/100], CauAdvLoss:[0.9724/0.1756] valid:[76.01], test:[66.54]
--------------------------------------------------------------------------------------------------------------------------------------------------------------------------------------------------------
Train Iter:[0  /52] CauLoss:[0.8111], AdvLoss:[0.1328]
Train Iter:[13 /52] CauLoss:[0.9508], AdvLoss:[0.1941]
Train Iter:[26 /52] CauLoss:[0.9581], AdvLoss:[0.1933]
Train Iter:[39 /52] CauLoss:[0.9584], AdvLoss:[0.1981]
--------------------------------------------------------------------------------------------------------------------------------------------------------------------------------------------------------
Epoch:[53/100], CauAdvLoss:[0.9396/0.1882] valid:[76.73], test:[72.47]
--------------------------------------------------------------------------------------------------------------------------------------------------------------------------------------------------------
Train Iter:[0  /52] CauLoss:[0.5928], AdvLoss:[0.0271]
Train Iter:[13 /52] CauLoss:[0.8631], AdvLoss:[0.1397]
Train Iter:[26 /52] CauLoss:[0.8654], AdvLoss:[0.1458]
Train Iter:[39 /52] CauLoss:[0.8705], AdvLoss:[0.1560]
--------------------------------------------------------------------------------------------------------------------------------------------------------------------------------------------------------
Epoch:[54/100], CauAdvLoss:[0.8948/0.1692] valid:[73.88], test:[65.87]
--------------------------------------------------------------------------------------------------------------------------------------------------------------------------------------------------------
Train Iter:[0  /52] CauLoss:[0.8064], AdvLoss:[0.1415]
Train Iter:[13 /52] CauLoss:[0.9025], AdvLoss:[0.1792]
Train Iter:[26 /52] CauLoss:[0.9102], AdvLoss:[0.1815]
Train Iter:[39 /52] CauLoss:[0.9304], AdvLoss:[0.1958]
--------------------------------------------------------------------------------------------------------------------------------------------------------------------------------------------------------
Epoch:[55/100], CauAdvLoss:[0.9109/0.1779] valid:[76.94], test:[70.64]
--------------------------------------------------------------------------------------------------------------------------------------------------------------------------------------------------------
Train Iter:[0  /52] CauLoss:[0.7724], AdvLoss:[0.1036]
Train Iter:[13 /52] CauLoss:[0.8908], AdvLoss:[0.1568]
Train Iter:[26 /52] CauLoss:[0.8975], AdvLoss:[0.1716]
Train Iter:[39 /52] CauLoss:[0.9021], AdvLoss:[0.1768]
--------------------------------------------------------------------------------------------------------------------------------------------------------------------------------------------------------
Epoch:[56/100], CauAdvLoss:[0.9729/0.1806] valid:[76.62], test:[70.92]
--------------------------------------------------------------------------------------------------------------------------------------------------------------------------------------------------------
Train Iter:[0  /52] CauLoss:[0.7751], AdvLoss:[0.1441]
Train Iter:[13 /52] CauLoss:[0.9236], AdvLoss:[0.2002]
Train Iter:[26 /52] CauLoss:[0.9124], AdvLoss:[0.1877]
Train Iter:[39 /52] CauLoss:[0.9050], AdvLoss:[0.1812]
--------------------------------------------------------------------------------------------------------------------------------------------------------------------------------------------------------
Epoch:[57/100], CauAdvLoss:[0.9002/0.1794] valid:[73.83], test:[66.62]
--------------------------------------------------------------------------------------------------------------------------------------------------------------------------------------------------------
Train Iter:[0  /52] CauLoss:[1.1646], AdvLoss:[0.4637]
Train Iter:[13 /52] CauLoss:[1.0121], AdvLoss:[0.2433]
Train Iter:[26 /52] CauLoss:[0.9337], AdvLoss:[0.1986]
Train Iter:[39 /52] CauLoss:[0.9280], AdvLoss:[0.1913]
--------------------------------------------------------------------------------------------------------------------------------------------------------------------------------------------------------
Epoch:[58/100], CauAdvLoss:[0.8950/0.1742] valid:[74.47], test:[64.98]
--------------------------------------------------------------------------------------------------------------------------------------------------------------------------------------------------------
Train Iter:[0  /52] CauLoss:[1.1998], AdvLoss:[0.3918]
Train Iter:[13 /52] CauLoss:[0.9032], AdvLoss:[0.1911]
Train Iter:[26 /52] CauLoss:[0.8438], AdvLoss:[0.1514]
Train Iter:[39 /52] CauLoss:[0.8660], AdvLoss:[0.1650]
--------------------------------------------------------------------------------------------------------------------------------------------------------------------------------------------------------
Epoch:[59/100], CauAdvLoss:[0.8732/0.1659] valid:[72.95], test:[64.79]
--------------------------------------------------------------------------------------------------------------------------------------------------------------------------------------------------------
Train Iter:[0  /52] CauLoss:[1.0190], AdvLoss:[0.2413]
Train Iter:[13 /52] CauLoss:[0.8249], AdvLoss:[0.1670]
Train Iter:[26 /52] CauLoss:[0.8772], AdvLoss:[0.1675]
Train Iter:[39 /52] CauLoss:[0.8900], AdvLoss:[0.1654]
--------------------------------------------------------------------------------------------------------------------------------------------------------------------------------------------------------
Epoch:[60/100], CauAdvLoss:[0.8746/0.1630] valid:[76.66], test:[67.91]
--------------------------------------------------------------------------------------------------------------------------------------------------------------------------------------------------------
Train Iter:[0  /52] CauLoss:[0.6571], AdvLoss:[0.0582]
Train Iter:[13 /52] CauLoss:[0.7987], AdvLoss:[0.1175]
Train Iter:[26 /52] CauLoss:[0.8712], AdvLoss:[0.1434]
Train Iter:[39 /52] CauLoss:[0.8821], AdvLoss:[0.1574]
--------------------------------------------------------------------------------------------------------------------------------------------------------------------------------------------------------
Epoch:[61/100], CauAdvLoss:[0.8868/0.1637] valid:[74.95], test:[65.72]
--------------------------------------------------------------------------------------------------------------------------------------------------------------------------------------------------------
Train Iter:[0  /52] CauLoss:[1.1731], AdvLoss:[0.2036]
Train Iter:[13 /52] CauLoss:[0.8670], AdvLoss:[0.1388]
Train Iter:[26 /52] CauLoss:[0.9377], AdvLoss:[0.1801]
Train Iter:[39 /52] CauLoss:[0.9141], AdvLoss:[0.1710]
--------------------------------------------------------------------------------------------------------------------------------------------------------------------------------------------------------
Epoch:[62/100], CauAdvLoss:[0.9870/0.1687] valid:[76.41], test:[66.75]
--------------------------------------------------------------------------------------------------------------------------------------------------------------------------------------------------------
Train Iter:[0  /52] CauLoss:[0.6891], AdvLoss:[0.0542]
Train Iter:[13 /52] CauLoss:[0.9343], AdvLoss:[0.1711]
Train Iter:[26 /52] CauLoss:[0.8997], AdvLoss:[0.1694]
Train Iter:[39 /52] CauLoss:[0.8950], AdvLoss:[0.1743]
--------------------------------------------------------------------------------------------------------------------------------------------------------------------------------------------------------
Epoch:[63/100], CauAdvLoss:[0.9436/0.1676] valid:[77.25], test:[73.36]
--------------------------------------------------------------------------------------------------------------------------------------------------------------------------------------------------------
Train Iter:[0  /52] CauLoss:[0.7879], AdvLoss:[0.0826]
Train Iter:[13 /52] CauLoss:[0.8663], AdvLoss:[0.1701]
Train Iter:[26 /52] CauLoss:[0.8509], AdvLoss:[0.1456]
Train Iter:[39 /52] CauLoss:[0.8701], AdvLoss:[0.1567]
--------------------------------------------------------------------------------------------------------------------------------------------------------------------------------------------------------
Epoch:[64/100], CauAdvLoss:[0.9340/0.1772] valid:[73.69], test:[69.02]
--------------------------------------------------------------------------------------------------------------------------------------------------------------------------------------------------------
Train Iter:[0  /52] CauLoss:[0.9933], AdvLoss:[0.3940]
Train Iter:[13 /52] CauLoss:[0.8801], AdvLoss:[0.1915]
Train Iter:[26 /52] CauLoss:[0.8533], AdvLoss:[0.1610]
Train Iter:[39 /52] CauLoss:[0.8611], AdvLoss:[0.1637]
--------------------------------------------------------------------------------------------------------------------------------------------------------------------------------------------------------
Epoch:[65/100], CauAdvLoss:[0.9219/0.1656] valid:[77.60], test:[73.21]
--------------------------------------------------------------------------------------------------------------------------------------------------------------------------------------------------------
Train Iter:[0  /52] CauLoss:[0.8781], AdvLoss:[0.1751]
Train Iter:[13 /52] CauLoss:[0.8688], AdvLoss:[0.1494]
Train Iter:[26 /52] CauLoss:[0.8809], AdvLoss:[0.1562]
Train Iter:[39 /52] CauLoss:[0.8922], AdvLoss:[0.1668]
--------------------------------------------------------------------------------------------------------------------------------------------------------------------------------------------------------
Epoch:[66/100], CauAdvLoss:[0.8675/0.1544] valid:[74.64], test:[69.44]
--------------------------------------------------------------------------------------------------------------------------------------------------------------------------------------------------------
Train Iter:[0  /52] CauLoss:[0.6766], AdvLoss:[0.1018]
Train Iter:[13 /52] CauLoss:[0.8275], AdvLoss:[0.1308]
Train Iter:[26 /52] CauLoss:[0.8449], AdvLoss:[0.1390]
Train Iter:[39 /52] CauLoss:[0.8390], AdvLoss:[0.1462]
--------------------------------------------------------------------------------------------------------------------------------------------------------------------------------------------------------
Epoch:[67/100], CauAdvLoss:[0.9084/0.1510] valid:[76.06], test:[71.95]
--------------------------------------------------------------------------------------------------------------------------------------------------------------------------------------------------------
Train Iter:[0  /52] CauLoss:[1.1140], AdvLoss:[0.2425]
Train Iter:[13 /52] CauLoss:[0.9255], AdvLoss:[0.1782]
Train Iter:[26 /52] CauLoss:[0.9218], AdvLoss:[0.1752]
Train Iter:[39 /52] CauLoss:[0.8961], AdvLoss:[0.1646]
--------------------------------------------------------------------------------------------------------------------------------------------------------------------------------------------------------
Epoch:[68/100], CauAdvLoss:[0.8827/0.1512] valid:[74.86], test:[70.33]
--------------------------------------------------------------------------------------------------------------------------------------------------------------------------------------------------------
Train Iter:[0  /52] CauLoss:[0.6864], AdvLoss:[0.0720]
Train Iter:[13 /52] CauLoss:[0.7932], AdvLoss:[0.1177]
Train Iter:[26 /52] CauLoss:[0.8202], AdvLoss:[0.1320]
Train Iter:[39 /52] CauLoss:[0.8736], AdvLoss:[0.1564]
--------------------------------------------------------------------------------------------------------------------------------------------------------------------------------------------------------
Epoch:[69/100], CauAdvLoss:[0.8721/0.1514] valid:[73.77], test:[69.93]
--------------------------------------------------------------------------------------------------------------------------------------------------------------------------------------------------------
Train Iter:[0  /52] CauLoss:[0.9750], AdvLoss:[0.2024]
Train Iter:[13 /52] CauLoss:[0.8153], AdvLoss:[0.1086]
Train Iter:[26 /52] CauLoss:[0.8446], AdvLoss:[0.1448]
Train Iter:[39 /52] CauLoss:[0.8313], AdvLoss:[0.1453]
--------------------------------------------------------------------------------------------------------------------------------------------------------------------------------------------------------
Epoch:[70/100], CauAdvLoss:[0.8425/0.1465] valid:[75.49], test:[67.63]
--------------------------------------------------------------------------------------------------------------------------------------------------------------------------------------------------------
Train Iter:[0  /52] CauLoss:[1.1069], AdvLoss:[0.3423]
Train Iter:[13 /52] CauLoss:[0.8980], AdvLoss:[0.1957]
Train Iter:[26 /52] CauLoss:[0.8597], AdvLoss:[0.1648]
Train Iter:[39 /52] CauLoss:[0.8374], AdvLoss:[0.1442]
--------------------------------------------------------------------------------------------------------------------------------------------------------------------------------------------------------
Epoch:[71/100], CauAdvLoss:[0.8852/0.1466] valid:[75.79], test:[71.15]
--------------------------------------------------------------------------------------------------------------------------------------------------------------------------------------------------------
Train Iter:[0  /52] CauLoss:[0.9199], AdvLoss:[0.1939]
Train Iter:[13 /52] CauLoss:[0.8430], AdvLoss:[0.1641]
Train Iter:[26 /52] CauLoss:[0.8654], AdvLoss:[0.1550]
Train Iter:[39 /52] CauLoss:[0.8536], AdvLoss:[0.1496]
--------------------------------------------------------------------------------------------------------------------------------------------------------------------------------------------------------
Epoch:[72/100], CauAdvLoss:[0.8560/0.1637] valid:[75.41], test:[70.39]
--------------------------------------------------------------------------------------------------------------------------------------------------------------------------------------------------------
Train Iter:[0  /52] CauLoss:[0.8603], AdvLoss:[0.2193]
Train Iter:[13 /52] CauLoss:[0.8301], AdvLoss:[0.1725]
Train Iter:[26 /52] CauLoss:[0.8235], AdvLoss:[0.1585]
Train Iter:[39 /52] CauLoss:[0.8231], AdvLoss:[0.1578]
--------------------------------------------------------------------------------------------------------------------------------------------------------------------------------------------------------
Epoch:[73/100], CauAdvLoss:[0.8317/0.1570] valid:[75.21], test:[70.81]
--------------------------------------------------------------------------------------------------------------------------------------------------------------------------------------------------------
Train Iter:[0  /52] CauLoss:[0.6854], AdvLoss:[0.1808]
Train Iter:[13 /52] CauLoss:[0.8423], AdvLoss:[0.1525]
Train Iter:[26 /52] CauLoss:[0.8390], AdvLoss:[0.1437]
Train Iter:[39 /52] CauLoss:[0.8638], AdvLoss:[0.1522]
--------------------------------------------------------------------------------------------------------------------------------------------------------------------------------------------------------
Epoch:[74/100], CauAdvLoss:[0.8361/0.1430] valid:[74.71], test:[68.56]
--------------------------------------------------------------------------------------------------------------------------------------------------------------------------------------------------------
Train Iter:[0  /52] CauLoss:[0.6381], AdvLoss:[0.0817]
Train Iter:[13 /52] CauLoss:[0.8208], AdvLoss:[0.1358]
Train Iter:[26 /52] CauLoss:[0.8401], AdvLoss:[0.1403]
Train Iter:[39 /52] CauLoss:[0.8478], AdvLoss:[0.1444]
--------------------------------------------------------------------------------------------------------------------------------------------------------------------------------------------------------
Epoch:[75/100], CauAdvLoss:[0.8395/0.1416] valid:[76.25], test:[72.96]
--------------------------------------------------------------------------------------------------------------------------------------------------------------------------------------------------------
Train Iter:[0  /52] CauLoss:[0.6286], AdvLoss:[0.0144]
Train Iter:[13 /52] CauLoss:[0.7810], AdvLoss:[0.1001]
Train Iter:[26 /52] CauLoss:[0.8163], AdvLoss:[0.1326]
Train Iter:[39 /52] CauLoss:[0.8357], AdvLoss:[0.1383]
--------------------------------------------------------------------------------------------------------------------------------------------------------------------------------------------------------
Epoch:[76/100], CauAdvLoss:[0.8795/0.1427] valid:[75.68], test:[72.77]
--------------------------------------------------------------------------------------------------------------------------------------------------------------------------------------------------------
Train Iter:[0  /52] CauLoss:[0.9194], AdvLoss:[0.0965]
Train Iter:[13 /52] CauLoss:[0.8609], AdvLoss:[0.1400]
Train Iter:[26 /52] CauLoss:[0.8698], AdvLoss:[0.1429]
Train Iter:[39 /52] CauLoss:[0.8450], AdvLoss:[0.1377]
--------------------------------------------------------------------------------------------------------------------------------------------------------------------------------------------------------
Epoch:[77/100], CauAdvLoss:[0.9241/0.1614] valid:[76.16], test:[72.81]
--------------------------------------------------------------------------------------------------------------------------------------------------------------------------------------------------------
Train Iter:[0  /52] CauLoss:[0.8161], AdvLoss:[0.0772]
Train Iter:[13 /52] CauLoss:[0.8731], AdvLoss:[0.1714]
Train Iter:[26 /52] CauLoss:[0.8682], AdvLoss:[0.1712]
Train Iter:[39 /52] CauLoss:[0.8569], AdvLoss:[0.1647]
--------------------------------------------------------------------------------------------------------------------------------------------------------------------------------------------------------
Epoch:[78/100], CauAdvLoss:[0.8331/0.1485] valid:[76.51], test:[71.02]
--------------------------------------------------------------------------------------------------------------------------------------------------------------------------------------------------------
Train Iter:[0  /52] CauLoss:[0.7640], AdvLoss:[0.0715]
Train Iter:[13 /52] CauLoss:[0.8276], AdvLoss:[0.1603]
Train Iter:[26 /52] CauLoss:[0.8067], AdvLoss:[0.1432]
Train Iter:[39 /52] CauLoss:[0.8607], AdvLoss:[0.1589]
--------------------------------------------------------------------------------------------------------------------------------------------------------------------------------------------------------
Epoch:[79/100], CauAdvLoss:[0.8359/0.1436] valid:[77.24], test:[71.61]
--------------------------------------------------------------------------------------------------------------------------------------------------------------------------------------------------------
Train Iter:[0  /52] CauLoss:[0.8116], AdvLoss:[0.0917]
Train Iter:[13 /52] CauLoss:[0.7929], AdvLoss:[0.1471]
Train Iter:[26 /52] CauLoss:[0.8298], AdvLoss:[0.1441]
Train Iter:[39 /52] CauLoss:[0.8138], AdvLoss:[0.1315]
--------------------------------------------------------------------------------------------------------------------------------------------------------------------------------------------------------
Epoch:[80/100], CauAdvLoss:[0.8123/0.1336] valid:[75.68], test:[69.04]
--------------------------------------------------------------------------------------------------------------------------------------------------------------------------------------------------------
Train Iter:[0  /52] CauLoss:[0.6184], AdvLoss:[0.0419]
Train Iter:[13 /52] CauLoss:[0.8222], AdvLoss:[0.1381]
Train Iter:[26 /52] CauLoss:[0.8201], AdvLoss:[0.1350]
Train Iter:[39 /52] CauLoss:[0.8188], AdvLoss:[0.1391]
--------------------------------------------------------------------------------------------------------------------------------------------------------------------------------------------------------
Epoch:[81/100], CauAdvLoss:[0.8151/0.1374] valid:[75.34], test:[69.76]
--------------------------------------------------------------------------------------------------------------------------------------------------------------------------------------------------------
Train Iter:[0  /52] CauLoss:[0.9052], AdvLoss:[0.2300]
Train Iter:[13 /52] CauLoss:[0.8097], AdvLoss:[0.1396]
Train Iter:[26 /52] CauLoss:[0.8204], AdvLoss:[0.1412]
Train Iter:[39 /52] CauLoss:[0.8089], AdvLoss:[0.1358]
--------------------------------------------------------------------------------------------------------------------------------------------------------------------------------------------------------
Epoch:[82/100], CauAdvLoss:[0.8708/0.1359] valid:[75.91], test:[71.36]
--------------------------------------------------------------------------------------------------------------------------------------------------------------------------------------------------------
Train Iter:[0  /52] CauLoss:[0.9482], AdvLoss:[0.3021]
Train Iter:[13 /52] CauLoss:[0.7725], AdvLoss:[0.1343]
Train Iter:[26 /52] CauLoss:[0.7855], AdvLoss:[0.1343]
Train Iter:[39 /52] CauLoss:[0.7878], AdvLoss:[0.1349]
--------------------------------------------------------------------------------------------------------------------------------------------------------------------------------------------------------
Epoch:[83/100], CauAdvLoss:[0.9227/0.2420] valid:[76.53], test:[71.28]
--------------------------------------------------------------------------------------------------------------------------------------------------------------------------------------------------------
Train Iter:[0  /52] CauLoss:[0.6580], AdvLoss:[0.0382]
Train Iter:[13 /52] CauLoss:[0.7804], AdvLoss:[0.1352]
Train Iter:[26 /52] CauLoss:[0.8697], AdvLoss:[0.1593]
Train Iter:[39 /52] CauLoss:[0.8327], AdvLoss:[0.1446]
--------------------------------------------------------------------------------------------------------------------------------------------------------------------------------------------------------
Epoch:[84/100], CauAdvLoss:[0.8234/0.1469] valid:[75.81], test:[71.46]
--------------------------------------------------------------------------------------------------------------------------------------------------------------------------------------------------------
Train Iter:[0  /52] CauLoss:[0.7876], AdvLoss:[0.1499]
Train Iter:[13 /52] CauLoss:[0.8500], AdvLoss:[0.1520]
Train Iter:[26 /52] CauLoss:[0.8323], AdvLoss:[0.1387]
Train Iter:[39 /52] CauLoss:[0.8259], AdvLoss:[0.1363]
--------------------------------------------------------------------------------------------------------------------------------------------------------------------------------------------------------
Epoch:[85/100], CauAdvLoss:[0.8319/0.1407] valid:[75.61], test:[71.59]
--------------------------------------------------------------------------------------------------------------------------------------------------------------------------------------------------------
Train Iter:[0  /52] CauLoss:[1.1283], AdvLoss:[0.2481]
Train Iter:[13 /52] CauLoss:[0.8519], AdvLoss:[0.1693]
Train Iter:[26 /52] CauLoss:[0.8402], AdvLoss:[0.1427]
Train Iter:[39 /52] CauLoss:[0.8245], AdvLoss:[0.1362]
--------------------------------------------------------------------------------------------------------------------------------------------------------------------------------------------------------
Epoch:[86/100], CauAdvLoss:[0.8138/0.1328] valid:[75.32], test:[71.40]
--------------------------------------------------------------------------------------------------------------------------------------------------------------------------------------------------------
Train Iter:[0  /52] CauLoss:[0.9976], AdvLoss:[0.0945]
Train Iter:[13 /52] CauLoss:[0.8039], AdvLoss:[0.1280]
Train Iter:[26 /52] CauLoss:[0.8002], AdvLoss:[0.1431]
Train Iter:[39 /52] CauLoss:[0.7889], AdvLoss:[0.1341]
--------------------------------------------------------------------------------------------------------------------------------------------------------------------------------------------------------
Epoch:[87/100], CauAdvLoss:[0.8519/0.1319] valid:[76.16], test:[73.67]
--------------------------------------------------------------------------------------------------------------------------------------------------------------------------------------------------------
Train Iter:[0  /52] CauLoss:[0.7960], AdvLoss:[0.0645]
Train Iter:[13 /52] CauLoss:[0.9356], AdvLoss:[0.1735]
Train Iter:[26 /52] CauLoss:[0.8608], AdvLoss:[0.1509]
Train Iter:[39 /52] CauLoss:[0.8220], AdvLoss:[0.1325]
--------------------------------------------------------------------------------------------------------------------------------------------------------------------------------------------------------
Epoch:[88/100], CauAdvLoss:[0.8719/0.1289] valid:[76.28], test:[73.48]
--------------------------------------------------------------------------------------------------------------------------------------------------------------------------------------------------------
Train Iter:[0  /52] CauLoss:[1.1734], AdvLoss:[0.3517]
Train Iter:[13 /52] CauLoss:[0.8441], AdvLoss:[0.1605]
Train Iter:[26 /52] CauLoss:[0.8133], AdvLoss:[0.1380]
Train Iter:[39 /52] CauLoss:[0.7934], AdvLoss:[0.1324]
--------------------------------------------------------------------------------------------------------------------------------------------------------------------------------------------------------
Epoch:[89/100], CauAdvLoss:[0.7888/0.1273] valid:[76.26], test:[68.98]
--------------------------------------------------------------------------------------------------------------------------------------------------------------------------------------------------------
Train Iter:[0  /52] CauLoss:[1.0744], AdvLoss:[0.4135]
Train Iter:[13 /52] CauLoss:[0.8008], AdvLoss:[0.1888]
Train Iter:[26 /52] CauLoss:[0.8128], AdvLoss:[0.1606]
Train Iter:[39 /52] CauLoss:[0.8375], AdvLoss:[0.1522]
--------------------------------------------------------------------------------------------------------------------------------------------------------------------------------------------------------
Epoch:[90/100], CauAdvLoss:[0.8676/0.1381] valid:[76.86], test:[73.80]
--------------------------------------------------------------------------------------------------------------------------------------------------------------------------------------------------------
Train Iter:[0  /52] CauLoss:[0.8044], AdvLoss:[0.1466]
Train Iter:[13 /52] CauLoss:[0.8769], AdvLoss:[0.1287]
Train Iter:[26 /52] CauLoss:[0.8265], AdvLoss:[0.1258]
Train Iter:[39 /52] CauLoss:[0.8292], AdvLoss:[0.1337]
--------------------------------------------------------------------------------------------------------------------------------------------------------------------------------------------------------
Epoch:[91/100], CauAdvLoss:[0.8613/0.1310] valid:[76.66], test:[71.86]
--------------------------------------------------------------------------------------------------------------------------------------------------------------------------------------------------------
Train Iter:[0  /52] CauLoss:[0.8264], AdvLoss:[0.1959]
Train Iter:[13 /52] CauLoss:[0.7803], AdvLoss:[0.1370]
Train Iter:[26 /52] CauLoss:[0.8073], AdvLoss:[0.1383]
Train Iter:[39 /52] CauLoss:[0.8112], AdvLoss:[0.1310]
--------------------------------------------------------------------------------------------------------------------------------------------------------------------------------------------------------
Epoch:[92/100], CauAdvLoss:[0.8102/0.1495] valid:[74.99], test:[71.13]
--------------------------------------------------------------------------------------------------------------------------------------------------------------------------------------------------------
Train Iter:[0  /52] CauLoss:[0.6116], AdvLoss:[0.0287]
Train Iter:[13 /52] CauLoss:[0.7730], AdvLoss:[0.1058]
Train Iter:[26 /52] CauLoss:[0.7724], AdvLoss:[0.1210]
Train Iter:[39 /52] CauLoss:[0.7751], AdvLoss:[0.1240]
--------------------------------------------------------------------------------------------------------------------------------------------------------------------------------------------------------
Epoch:[93/100], CauAdvLoss:[0.7848/0.1284] valid:[75.77], test:[70.33]
--------------------------------------------------------------------------------------------------------------------------------------------------------------------------------------------------------
Train Iter:[0  /52] CauLoss:[0.7867], AdvLoss:[0.1211]
Train Iter:[13 /52] CauLoss:[0.7623], AdvLoss:[0.1564]
Train Iter:[26 /52] CauLoss:[0.7640], AdvLoss:[0.1334]
Train Iter:[39 /52] CauLoss:[0.7972], AdvLoss:[0.1408]
--------------------------------------------------------------------------------------------------------------------------------------------------------------------------------------------------------
Epoch:[94/100], CauAdvLoss:[0.8091/0.1344] valid:[75.99], test:[71.99]
--------------------------------------------------------------------------------------------------------------------------------------------------------------------------------------------------------
Train Iter:[0  /52] CauLoss:[0.6366], AdvLoss:[0.0610]
Train Iter:[13 /52] CauLoss:[0.7180], AdvLoss:[0.1032]
Train Iter:[26 /52] CauLoss:[0.7749], AdvLoss:[0.1267]
Train Iter:[39 /52] CauLoss:[0.7927], AdvLoss:[0.1267]
--------------------------------------------------------------------------------------------------------------------------------------------------------------------------------------------------------
Epoch:[95/100], CauAdvLoss:[0.8027/0.1271] valid:[77.15], test:[71.51]
--------------------------------------------------------------------------------------------------------------------------------------------------------------------------------------------------------
Train Iter:[0  /52] CauLoss:[1.0619], AdvLoss:[0.3214]
Train Iter:[13 /52] CauLoss:[0.7991], AdvLoss:[0.1378]
Train Iter:[26 /52] CauLoss:[0.7997], AdvLoss:[0.1274]
Train Iter:[39 /52] CauLoss:[0.8025], AdvLoss:[0.1396]
--------------------------------------------------------------------------------------------------------------------------------------------------------------------------------------------------------
Epoch:[96/100], CauAdvLoss:[0.7953/0.1328] valid:[76.08], test:[69.44]
--------------------------------------------------------------------------------------------------------------------------------------------------------------------------------------------------------
Train Iter:[0  /52] CauLoss:[0.6650], AdvLoss:[0.1347]
Train Iter:[13 /52] CauLoss:[0.7831], AdvLoss:[0.1369]
Train Iter:[26 /52] CauLoss:[0.7762], AdvLoss:[0.1315]
Train Iter:[39 /52] CauLoss:[0.7858], AdvLoss:[0.1320]
--------------------------------------------------------------------------------------------------------------------------------------------------------------------------------------------------------
Epoch:[97/100], CauAdvLoss:[0.7980/0.1371] valid:[76.27], test:[71.28]
--------------------------------------------------------------------------------------------------------------------------------------------------------------------------------------------------------
Train Iter:[0  /52] CauLoss:[0.7776], AdvLoss:[0.1231]
Train Iter:[13 /52] CauLoss:[0.8470], AdvLoss:[0.1448]
Train Iter:[26 /52] CauLoss:[0.7971], AdvLoss:[0.1390]
Train Iter:[39 /52] CauLoss:[0.8054], AdvLoss:[0.1371]
--------------------------------------------------------------------------------------------------------------------------------------------------------------------------------------------------------
Epoch:[98/100], CauAdvLoss:[0.8660/0.1295] valid:[76.34], test:[72.41]
--------------------------------------------------------------------------------------------------------------------------------------------------------------------------------------------------------
Train Iter:[0  /52] CauLoss:[0.6763], AdvLoss:[0.0410]
Train Iter:[13 /52] CauLoss:[0.7704], AdvLoss:[0.1081]
Train Iter:[26 /52] CauLoss:[0.7866], AdvLoss:[0.1215]
Train Iter:[39 /52] CauLoss:[0.8104], AdvLoss:[0.1324]
--------------------------------------------------------------------------------------------------------------------------------------------------------------------------------------------------------
Epoch:[99/100], CauAdvLoss:[0.8048/0.1256] valid:[75.27], test:[70.45]
--------------------------------------------------------------------------------------------------------------------------------------------------------------------------------------------------------
Train Iter:[0  /52] CauLoss:[0.7227], AdvLoss:[0.1558]
Train Iter:[13 /52] CauLoss:[0.7431], AdvLoss:[0.1246]
Train Iter:[26 /52] CauLoss:[0.7526], AdvLoss:[0.1302]
Train Iter:[39 /52] CauLoss:[0.7832], AdvLoss:[0.1402]
--------------------------------------------------------------------------------------------------------------------------------------------------------------------------------------------------------
Epoch:[100/100], CauAdvLoss:[0.7867/0.1325] valid:[76.62], test:[70.77]
--------------------------------------------------------------------------------------------------------------------------------------------------------------------------------------------------------
Update test:[67.93] at epoch:[27] | Total time:00:03:56
initialize network with kaiming
Train Iter:[0  /52] CauLoss:[2.2334], AdvLoss:[-104.6958]
Train Iter:[13 /52] CauLoss:[1.7770], AdvLoss:[-10.6538]
Train Iter:[26 /52] CauLoss:[1.6651], AdvLoss:[-5.7131]
Train Iter:[39 /52] CauLoss:[1.5986], AdvLoss:[-3.9358]
--------------------------------------------------------------------------------------------------------------------------------------------------------------------------------------------------------
Epoch:[1/100], CauAdvLoss:[1.6009/-3.1004] valid:[58.41], test:[63.54]
--------------------------------------------------------------------------------------------------------------------------------------------------------------------------------------------------------
Train Iter:[0  /52] CauLoss:[1.6340], AdvLoss:[-0.2665]
Train Iter:[13 /52] CauLoss:[1.3877], AdvLoss:[-0.1941]
Train Iter:[26 /52] CauLoss:[1.3983], AdvLoss:[-0.0828]
Train Iter:[39 /52] CauLoss:[1.3971], AdvLoss:[-0.0035]
--------------------------------------------------------------------------------------------------------------------------------------------------------------------------------------------------------
Epoch:[2/100], CauAdvLoss:[1.3616/0.0272] valid:[54.17], test:[67.08]
--------------------------------------------------------------------------------------------------------------------------------------------------------------------------------------------------------
Train Iter:[0  /52] CauLoss:[1.7025], AdvLoss:[0.4333]
Train Iter:[13 /52] CauLoss:[1.3566], AdvLoss:[0.2645]
Train Iter:[26 /52] CauLoss:[1.3765], AdvLoss:[0.2651]
Train Iter:[39 /52] CauLoss:[1.3310], AdvLoss:[0.2810]
--------------------------------------------------------------------------------------------------------------------------------------------------------------------------------------------------------
Epoch:[3/100], CauAdvLoss:[1.3269/0.2822] valid:[63.06], test:[73.53]
--------------------------------------------------------------------------------------------------------------------------------------------------------------------------------------------------------
Train Iter:[0  /52] CauLoss:[1.0964], AdvLoss:[0.2591]
Train Iter:[13 /52] CauLoss:[1.3114], AdvLoss:[0.2734]
Train Iter:[26 /52] CauLoss:[1.2513], AdvLoss:[0.2597]
Train Iter:[39 /52] CauLoss:[1.2899], AdvLoss:[0.2906]
--------------------------------------------------------------------------------------------------------------------------------------------------------------------------------------------------------
Epoch:[4/100], CauAdvLoss:[1.2705/0.2757] valid:[55.91], test:[66.75]
--------------------------------------------------------------------------------------------------------------------------------------------------------------------------------------------------------
Train Iter:[0  /52] CauLoss:[1.5369], AdvLoss:[0.3829]
Train Iter:[13 /52] CauLoss:[1.3851], AdvLoss:[0.3530]
Train Iter:[26 /52] CauLoss:[1.2990], AdvLoss:[0.3093]
Train Iter:[39 /52] CauLoss:[1.2916], AdvLoss:[0.3067]
--------------------------------------------------------------------------------------------------------------------------------------------------------------------------------------------------------
Epoch:[5/100], CauAdvLoss:[1.2684/0.3116] valid:[58.29], test:[65.80]
--------------------------------------------------------------------------------------------------------------------------------------------------------------------------------------------------------
Train Iter:[0  /52] CauLoss:[0.8355], AdvLoss:[0.0849]
Train Iter:[13 /52] CauLoss:[1.2574], AdvLoss:[0.2512]
Train Iter:[26 /52] CauLoss:[1.2293], AdvLoss:[0.2424]
Train Iter:[39 /52] CauLoss:[1.2469], AdvLoss:[0.2698]
--------------------------------------------------------------------------------------------------------------------------------------------------------------------------------------------------------
Epoch:[6/100], CauAdvLoss:[1.3021/0.2707] valid:[55.12], test:[62.62]
--------------------------------------------------------------------------------------------------------------------------------------------------------------------------------------------------------
Train Iter:[0  /52] CauLoss:[1.0004], AdvLoss:[0.1664]
Train Iter:[13 /52] CauLoss:[1.2224], AdvLoss:[0.2879]
Train Iter:[26 /52] CauLoss:[1.2488], AdvLoss:[0.3148]
Train Iter:[39 /52] CauLoss:[1.2358], AdvLoss:[0.3022]
--------------------------------------------------------------------------------------------------------------------------------------------------------------------------------------------------------
Epoch:[7/100], CauAdvLoss:[1.2874/0.3142] valid:[62.34], test:[72.25]
--------------------------------------------------------------------------------------------------------------------------------------------------------------------------------------------------------
Train Iter:[0  /52] CauLoss:[1.7565], AdvLoss:[0.4826]
Train Iter:[13 /52] CauLoss:[1.2785], AdvLoss:[0.3672]
Train Iter:[26 /52] CauLoss:[1.2610], AdvLoss:[0.3441]
Train Iter:[39 /52] CauLoss:[1.2320], AdvLoss:[0.3244]
--------------------------------------------------------------------------------------------------------------------------------------------------------------------------------------------------------
Epoch:[8/100], CauAdvLoss:[1.1995/0.3081] valid:[69.75], test:[74.92]
--------------------------------------------------------------------------------------------------------------------------------------------------------------------------------------------------------
Train Iter:[0  /52] CauLoss:[1.5475], AdvLoss:[0.5587]
Train Iter:[13 /52] CauLoss:[1.1932], AdvLoss:[0.3450]
Train Iter:[26 /52] CauLoss:[1.1975], AdvLoss:[0.3320]
Train Iter:[39 /52] CauLoss:[1.2114], AdvLoss:[0.3253]
--------------------------------------------------------------------------------------------------------------------------------------------------------------------------------------------------------
Epoch:[9/100], CauAdvLoss:[1.1972/0.3165] valid:[61.35], test:[72.14]
--------------------------------------------------------------------------------------------------------------------------------------------------------------------------------------------------------
Train Iter:[0  /52] CauLoss:[1.2524], AdvLoss:[0.3901]
Train Iter:[13 /52] CauLoss:[1.1082], AdvLoss:[0.2756]
Train Iter:[26 /52] CauLoss:[1.1356], AdvLoss:[0.2787]
Train Iter:[39 /52] CauLoss:[1.1807], AdvLoss:[0.3150]
--------------------------------------------------------------------------------------------------------------------------------------------------------------------------------------------------------
Epoch:[10/100], CauAdvLoss:[1.1768/0.3183] valid:[62.12], test:[77.29]
--------------------------------------------------------------------------------------------------------------------------------------------------------------------------------------------------------
Train Iter:[0  /52] CauLoss:[1.1572], AdvLoss:[0.1724]
Train Iter:[13 /52] CauLoss:[1.2196], AdvLoss:[0.3192]
Train Iter:[26 /52] CauLoss:[1.1826], AdvLoss:[0.3185]
Train Iter:[39 /52] CauLoss:[1.2021], AdvLoss:[0.3244]
--------------------------------------------------------------------------------------------------------------------------------------------------------------------------------------------------------
Epoch:[11/100], CauAdvLoss:[1.1790/0.3106] valid:[63.78], test:[72.53]
--------------------------------------------------------------------------------------------------------------------------------------------------------------------------------------------------------
Train Iter:[0  /52] CauLoss:[1.1251], AdvLoss:[0.3609]
Train Iter:[13 /52] CauLoss:[1.1006], AdvLoss:[0.2651]
Train Iter:[26 /52] CauLoss:[1.1566], AdvLoss:[0.2852]
Train Iter:[39 /52] CauLoss:[1.1422], AdvLoss:[0.2831]
--------------------------------------------------------------------------------------------------------------------------------------------------------------------------------------------------------
Epoch:[12/100], CauAdvLoss:[1.1536/0.3091] valid:[64.43], test:[72.77]
--------------------------------------------------------------------------------------------------------------------------------------------------------------------------------------------------------
Train Iter:[0  /52] CauLoss:[1.1988], AdvLoss:[0.4292]
Train Iter:[13 /52] CauLoss:[1.2105], AdvLoss:[0.4152]
Train Iter:[26 /52] CauLoss:[1.2194], AdvLoss:[0.3602]
Train Iter:[39 /52] CauLoss:[1.2039], AdvLoss:[0.3422]
--------------------------------------------------------------------------------------------------------------------------------------------------------------------------------------------------------
Epoch:[13/100], CauAdvLoss:[1.1693/0.3216] valid:[62.56], test:[71.82]
--------------------------------------------------------------------------------------------------------------------------------------------------------------------------------------------------------
Train Iter:[0  /52] CauLoss:[1.0180], AdvLoss:[0.2356]
Train Iter:[13 /52] CauLoss:[1.1540], AdvLoss:[0.2946]
Train Iter:[26 /52] CauLoss:[1.1171], AdvLoss:[0.2802]
Train Iter:[39 /52] CauLoss:[1.1322], AdvLoss:[0.2884]
--------------------------------------------------------------------------------------------------------------------------------------------------------------------------------------------------------
Epoch:[14/100], CauAdvLoss:[1.1511/0.2951] valid:[60.83], test:[70.73]
--------------------------------------------------------------------------------------------------------------------------------------------------------------------------------------------------------
Train Iter:[0  /52] CauLoss:[1.1865], AdvLoss:[0.5595]
Train Iter:[13 /52] CauLoss:[1.1943], AdvLoss:[0.3619]
Train Iter:[26 /52] CauLoss:[1.1499], AdvLoss:[0.3149]
Train Iter:[39 /52] CauLoss:[1.1405], AdvLoss:[0.2970]
--------------------------------------------------------------------------------------------------------------------------------------------------------------------------------------------------------
Epoch:[15/100], CauAdvLoss:[1.1974/0.2872] valid:[61.10], test:[69.53]
--------------------------------------------------------------------------------------------------------------------------------------------------------------------------------------------------------
Train Iter:[0  /52] CauLoss:[1.0124], AdvLoss:[0.2858]
Train Iter:[13 /52] CauLoss:[1.1640], AdvLoss:[0.2918]
Train Iter:[26 /52] CauLoss:[1.2187], AdvLoss:[0.3010]
Train Iter:[39 /52] CauLoss:[1.1972], AdvLoss:[0.3147]
--------------------------------------------------------------------------------------------------------------------------------------------------------------------------------------------------------
Epoch:[16/100], CauAdvLoss:[1.1695/0.3192] valid:[65.18], test:[75.10]
--------------------------------------------------------------------------------------------------------------------------------------------------------------------------------------------------------
Train Iter:[0  /52] CauLoss:[1.3922], AdvLoss:[0.4395]
Train Iter:[13 /52] CauLoss:[1.1651], AdvLoss:[0.3085]
Train Iter:[26 /52] CauLoss:[1.1170], AdvLoss:[0.2806]
Train Iter:[39 /52] CauLoss:[1.1295], AdvLoss:[0.2896]
--------------------------------------------------------------------------------------------------------------------------------------------------------------------------------------------------------
Epoch:[17/100], CauAdvLoss:[1.1256/0.2883] valid:[60.46], test:[69.25]
--------------------------------------------------------------------------------------------------------------------------------------------------------------------------------------------------------
Train Iter:[0  /52] CauLoss:[0.9269], AdvLoss:[0.2705]
Train Iter:[13 /52] CauLoss:[1.0599], AdvLoss:[0.2882]
Train Iter:[26 /52] CauLoss:[1.0581], AdvLoss:[0.2642]
Train Iter:[39 /52] CauLoss:[1.1129], AdvLoss:[0.2874]
--------------------------------------------------------------------------------------------------------------------------------------------------------------------------------------------------------
Epoch:[18/100], CauAdvLoss:[1.0947/0.2752] valid:[64.43], test:[73.71]
--------------------------------------------------------------------------------------------------------------------------------------------------------------------------------------------------------
Train Iter:[0  /52] CauLoss:[1.0123], AdvLoss:[0.2249]
Train Iter:[13 /52] CauLoss:[1.2035], AdvLoss:[0.3384]
Train Iter:[26 /52] CauLoss:[1.1171], AdvLoss:[0.2957]
Train Iter:[39 /52] CauLoss:[1.1258], AdvLoss:[0.2898]
--------------------------------------------------------------------------------------------------------------------------------------------------------------------------------------------------------
Epoch:[19/100], CauAdvLoss:[1.1851/0.2872] valid:[70.47], test:[78.92]
--------------------------------------------------------------------------------------------------------------------------------------------------------------------------------------------------------
Train Iter:[0  /52] CauLoss:[1.0735], AdvLoss:[0.2153]
Train Iter:[13 /52] CauLoss:[1.1175], AdvLoss:[0.2557]
Train Iter:[26 /52] CauLoss:[1.1493], AdvLoss:[0.3015]
Train Iter:[39 /52] CauLoss:[1.1363], AdvLoss:[0.2939]
--------------------------------------------------------------------------------------------------------------------------------------------------------------------------------------------------------
Epoch:[20/100], CauAdvLoss:[1.1236/0.2907] valid:[57.69], test:[65.73]
--------------------------------------------------------------------------------------------------------------------------------------------------------------------------------------------------------
Train Iter:[0  /52] CauLoss:[1.0093], AdvLoss:[0.7203]
Train Iter:[13 /52] CauLoss:[1.0572], AdvLoss:[0.3247]
Train Iter:[26 /52] CauLoss:[1.1102], AdvLoss:[0.3222]
Train Iter:[39 /52] CauLoss:[1.0980], AdvLoss:[0.3062]
--------------------------------------------------------------------------------------------------------------------------------------------------------------------------------------------------------
Epoch:[21/100], CauAdvLoss:[1.0899/0.2946] valid:[68.23], test:[77.42]
--------------------------------------------------------------------------------------------------------------------------------------------------------------------------------------------------------
Train Iter:[0  /52] CauLoss:[1.2044], AdvLoss:[0.3568]
Train Iter:[13 /52] CauLoss:[1.0633], AdvLoss:[0.2634]
Train Iter:[26 /52] CauLoss:[1.0530], AdvLoss:[0.2529]
Train Iter:[39 /52] CauLoss:[1.0697], AdvLoss:[0.2670]
--------------------------------------------------------------------------------------------------------------------------------------------------------------------------------------------------------
Epoch:[22/100], CauAdvLoss:[1.0779/0.2781] valid:[66.78], test:[74.19]
--------------------------------------------------------------------------------------------------------------------------------------------------------------------------------------------------------
Train Iter:[0  /52] CauLoss:[1.0447], AdvLoss:[0.1832]
Train Iter:[13 /52] CauLoss:[1.1037], AdvLoss:[0.2904]
Train Iter:[26 /52] CauLoss:[1.0898], AdvLoss:[0.2658]
Train Iter:[39 /52] CauLoss:[1.1085], AdvLoss:[0.2661]
--------------------------------------------------------------------------------------------------------------------------------------------------------------------------------------------------------
Epoch:[23/100], CauAdvLoss:[1.0981/0.2656] valid:[62.37], test:[71.97]
--------------------------------------------------------------------------------------------------------------------------------------------------------------------------------------------------------
Train Iter:[0  /52] CauLoss:[0.7424], AdvLoss:[0.0916]
Train Iter:[13 /52] CauLoss:[1.0488], AdvLoss:[0.2343]
Train Iter:[26 /52] CauLoss:[1.0705], AdvLoss:[0.2529]
Train Iter:[39 /52] CauLoss:[1.0699], AdvLoss:[0.2521]
--------------------------------------------------------------------------------------------------------------------------------------------------------------------------------------------------------
Epoch:[24/100], CauAdvLoss:[1.0795/0.2578] valid:[67.30], test:[75.77]
--------------------------------------------------------------------------------------------------------------------------------------------------------------------------------------------------------
Train Iter:[0  /52] CauLoss:[1.1273], AdvLoss:[0.2875]
Train Iter:[13 /52] CauLoss:[1.1011], AdvLoss:[0.2562]
Train Iter:[26 /52] CauLoss:[1.1254], AdvLoss:[0.2799]
Train Iter:[39 /52] CauLoss:[1.0869], AdvLoss:[0.2600]
--------------------------------------------------------------------------------------------------------------------------------------------------------------------------------------------------------
Epoch:[25/100], CauAdvLoss:[1.0699/0.2477] valid:[66.84], test:[74.10]
--------------------------------------------------------------------------------------------------------------------------------------------------------------------------------------------------------
Train Iter:[0  /52] CauLoss:[1.0060], AdvLoss:[0.2349]
Train Iter:[13 /52] CauLoss:[1.0137], AdvLoss:[0.2242]
Train Iter:[26 /52] CauLoss:[1.0277], AdvLoss:[0.2249]
Train Iter:[39 /52] CauLoss:[1.0577], AdvLoss:[0.2361]
--------------------------------------------------------------------------------------------------------------------------------------------------------------------------------------------------------
Epoch:[26/100], CauAdvLoss:[1.1417/0.2418] valid:[68.00], test:[77.94]
--------------------------------------------------------------------------------------------------------------------------------------------------------------------------------------------------------
Train Iter:[0  /52] CauLoss:[0.9356], AdvLoss:[0.1567]
Train Iter:[13 /52] CauLoss:[1.0615], AdvLoss:[0.2647]
Train Iter:[26 /52] CauLoss:[1.0661], AdvLoss:[0.2558]
Train Iter:[39 /52] CauLoss:[1.0956], AdvLoss:[0.2705]
--------------------------------------------------------------------------------------------------------------------------------------------------------------------------------------------------------
Epoch:[27/100], CauAdvLoss:[1.1008/0.2975] valid:[66.41], test:[74.27]
--------------------------------------------------------------------------------------------------------------------------------------------------------------------------------------------------------
Train Iter:[0  /52] CauLoss:[1.0886], AdvLoss:[0.3031]
Train Iter:[13 /52] CauLoss:[1.0718], AdvLoss:[0.2557]
Train Iter:[26 /52] CauLoss:[1.0527], AdvLoss:[0.2475]
Train Iter:[39 /52] CauLoss:[1.0897], AdvLoss:[0.2679]
--------------------------------------------------------------------------------------------------------------------------------------------------------------------------------------------------------
Epoch:[28/100], CauAdvLoss:[1.0717/0.2585] valid:[67.35], test:[76.97]
--------------------------------------------------------------------------------------------------------------------------------------------------------------------------------------------------------
Train Iter:[0  /52] CauLoss:[0.8542], AdvLoss:[0.0813]
Train Iter:[13 /52] CauLoss:[0.9832], AdvLoss:[0.2134]
Train Iter:[26 /52] CauLoss:[1.0474], AdvLoss:[0.2321]
Train Iter:[39 /52] CauLoss:[1.0654], AdvLoss:[0.2447]
--------------------------------------------------------------------------------------------------------------------------------------------------------------------------------------------------------
Epoch:[29/100], CauAdvLoss:[1.0645/0.2388] valid:[70.30], test:[79.75]
--------------------------------------------------------------------------------------------------------------------------------------------------------------------------------------------------------
Train Iter:[0  /52] CauLoss:[0.8171], AdvLoss:[0.1481]
Train Iter:[13 /52] CauLoss:[0.9768], AdvLoss:[0.2330]
Train Iter:[26 /52] CauLoss:[1.0153], AdvLoss:[0.2382]
Train Iter:[39 /52] CauLoss:[1.0239], AdvLoss:[0.2385]
--------------------------------------------------------------------------------------------------------------------------------------------------------------------------------------------------------
Epoch:[30/100], CauAdvLoss:[1.0103/0.2264] valid:[69.75], test:[77.01]
--------------------------------------------------------------------------------------------------------------------------------------------------------------------------------------------------------
Train Iter:[0  /52] CauLoss:[1.2181], AdvLoss:[0.2990]
Train Iter:[13 /52] CauLoss:[1.0304], AdvLoss:[0.2432]
Train Iter:[26 /52] CauLoss:[1.0448], AdvLoss:[0.2468]
Train Iter:[39 /52] CauLoss:[1.0606], AdvLoss:[0.2447]
--------------------------------------------------------------------------------------------------------------------------------------------------------------------------------------------------------
Epoch:[31/100], CauAdvLoss:[1.0472/0.2490] valid:[72.86], test:[81.31]
--------------------------------------------------------------------------------------------------------------------------------------------------------------------------------------------------------
Train Iter:[0  /52] CauLoss:[1.0394], AdvLoss:[0.2694]
Train Iter:[13 /52] CauLoss:[1.0158], AdvLoss:[0.2267]
Train Iter:[26 /52] CauLoss:[1.0445], AdvLoss:[0.2760]
Train Iter:[39 /52] CauLoss:[1.0300], AdvLoss:[0.2735]
--------------------------------------------------------------------------------------------------------------------------------------------------------------------------------------------------------
Epoch:[32/100], CauAdvLoss:[1.0187/0.2623] valid:[66.45], test:[71.56]
--------------------------------------------------------------------------------------------------------------------------------------------------------------------------------------------------------
Train Iter:[0  /52] CauLoss:[1.0632], AdvLoss:[0.2396]
Train Iter:[13 /52] CauLoss:[0.9534], AdvLoss:[0.1922]
Train Iter:[26 /52] CauLoss:[1.0086], AdvLoss:[0.2264]
Train Iter:[39 /52] CauLoss:[1.0201], AdvLoss:[0.2368]
--------------------------------------------------------------------------------------------------------------------------------------------------------------------------------------------------------
Epoch:[33/100], CauAdvLoss:[1.0803/0.2326] valid:[69.41], test:[75.88]
--------------------------------------------------------------------------------------------------------------------------------------------------------------------------------------------------------
Train Iter:[0  /52] CauLoss:[0.9322], AdvLoss:[0.2280]
Train Iter:[13 /52] CauLoss:[1.0948], AdvLoss:[0.2859]
Train Iter:[26 /52] CauLoss:[1.0469], AdvLoss:[0.2402]
Train Iter:[39 /52] CauLoss:[1.0413], AdvLoss:[0.2451]
--------------------------------------------------------------------------------------------------------------------------------------------------------------------------------------------------------
Epoch:[34/100], CauAdvLoss:[1.0355/0.2368] valid:[72.34], test:[79.66]
--------------------------------------------------------------------------------------------------------------------------------------------------------------------------------------------------------
Train Iter:[0  /52] CauLoss:[0.8941], AdvLoss:[0.2489]
Train Iter:[13 /52] CauLoss:[0.9624], AdvLoss:[0.2188]
Train Iter:[26 /52] CauLoss:[0.9692], AdvLoss:[0.2212]
Train Iter:[39 /52] CauLoss:[0.9848], AdvLoss:[0.2203]
--------------------------------------------------------------------------------------------------------------------------------------------------------------------------------------------------------
Epoch:[35/100], CauAdvLoss:[1.0055/0.2251] valid:[70.20], test:[77.92]
--------------------------------------------------------------------------------------------------------------------------------------------------------------------------------------------------------
Train Iter:[0  /52] CauLoss:[1.0481], AdvLoss:[0.2516]
Train Iter:[13 /52] CauLoss:[1.0039], AdvLoss:[0.2345]
Train Iter:[26 /52] CauLoss:[1.0136], AdvLoss:[0.2316]
Train Iter:[39 /52] CauLoss:[1.0160], AdvLoss:[0.2399]
--------------------------------------------------------------------------------------------------------------------------------------------------------------------------------------------------------
Epoch:[36/100], CauAdvLoss:[0.9953/0.2265] valid:[69.52], test:[76.68]
--------------------------------------------------------------------------------------------------------------------------------------------------------------------------------------------------------
Train Iter:[0  /52] CauLoss:[0.9822], AdvLoss:[0.2074]
Train Iter:[13 /52] CauLoss:[1.0025], AdvLoss:[0.2079]
Train Iter:[26 /52] CauLoss:[1.0069], AdvLoss:[0.2204]
Train Iter:[39 /52] CauLoss:[1.0045], AdvLoss:[0.2214]
--------------------------------------------------------------------------------------------------------------------------------------------------------------------------------------------------------
Epoch:[37/100], CauAdvLoss:[0.9903/0.2138] valid:[70.90], test:[76.86]
--------------------------------------------------------------------------------------------------------------------------------------------------------------------------------------------------------
Train Iter:[0  /52] CauLoss:[0.8868], AdvLoss:[0.1787]
Train Iter:[13 /52] CauLoss:[0.9762], AdvLoss:[0.2300]
Train Iter:[26 /52] CauLoss:[0.9987], AdvLoss:[0.2183]
Train Iter:[39 /52] CauLoss:[1.0101], AdvLoss:[0.2198]
--------------------------------------------------------------------------------------------------------------------------------------------------------------------------------------------------------
Epoch:[38/100], CauAdvLoss:[1.0122/0.2296] valid:[64.27], test:[73.10]
--------------------------------------------------------------------------------------------------------------------------------------------------------------------------------------------------------
Train Iter:[0  /52] CauLoss:[0.9792], AdvLoss:[0.2595]
Train Iter:[13 /52] CauLoss:[1.0037], AdvLoss:[0.2401]
Train Iter:[26 /52] CauLoss:[0.9983], AdvLoss:[0.2264]
Train Iter:[39 /52] CauLoss:[1.0030], AdvLoss:[0.2351]
--------------------------------------------------------------------------------------------------------------------------------------------------------------------------------------------------------
Epoch:[39/100], CauAdvLoss:[1.0418/0.2263] valid:[68.11], test:[73.58]
--------------------------------------------------------------------------------------------------------------------------------------------------------------------------------------------------------
Train Iter:[0  /52] CauLoss:[0.8860], AdvLoss:[0.1621]
Train Iter:[13 /52] CauLoss:[0.9984], AdvLoss:[0.2017]
Train Iter:[26 /52] CauLoss:[0.9845], AdvLoss:[0.2092]
Train Iter:[39 /52] CauLoss:[1.0040], AdvLoss:[0.2182]
--------------------------------------------------------------------------------------------------------------------------------------------------------------------------------------------------------
Epoch:[40/100], CauAdvLoss:[1.0097/0.2171] valid:[74.20], test:[80.55]
--------------------------------------------------------------------------------------------------------------------------------------------------------------------------------------------------------
Train Iter:[0  /52] CauLoss:[1.0214], AdvLoss:[0.2868]
Train Iter:[13 /52] CauLoss:[0.9720], AdvLoss:[0.1958]
Train Iter:[26 /52] CauLoss:[1.0175], AdvLoss:[0.2174]
Train Iter:[39 /52] CauLoss:[1.0040], AdvLoss:[0.2095]
--------------------------------------------------------------------------------------------------------------------------------------------------------------------------------------------------------
Epoch:[41/100], CauAdvLoss:[1.0669/0.2187] valid:[73.28], test:[78.18]
--------------------------------------------------------------------------------------------------------------------------------------------------------------------------------------------------------
Train Iter:[0  /52] CauLoss:[1.0667], AdvLoss:[0.2251]
Train Iter:[13 /52] CauLoss:[0.9623], AdvLoss:[0.1997]
Train Iter:[26 /52] CauLoss:[0.9608], AdvLoss:[0.2022]
Train Iter:[39 /52] CauLoss:[0.9787], AdvLoss:[0.1991]
--------------------------------------------------------------------------------------------------------------------------------------------------------------------------------------------------------
Epoch:[42/100], CauAdvLoss:[1.0007/0.2118] valid:[70.39], test:[75.23]
--------------------------------------------------------------------------------------------------------------------------------------------------------------------------------------------------------
Train Iter:[0  /52] CauLoss:[0.7399], AdvLoss:[0.1258]
Train Iter:[13 /52] CauLoss:[0.9435], AdvLoss:[0.1689]
Train Iter:[26 /52] CauLoss:[0.9488], AdvLoss:[0.1774]
Train Iter:[39 /52] CauLoss:[0.9533], AdvLoss:[0.1886]
--------------------------------------------------------------------------------------------------------------------------------------------------------------------------------------------------------
Epoch:[43/100], CauAdvLoss:[0.9613/0.1969] valid:[75.38], test:[79.99]
--------------------------------------------------------------------------------------------------------------------------------------------------------------------------------------------------------
Train Iter:[0  /52] CauLoss:[0.7662], AdvLoss:[0.1685]
Train Iter:[13 /52] CauLoss:[0.9629], AdvLoss:[0.1923]
Train Iter:[26 /52] CauLoss:[0.9951], AdvLoss:[0.2041]
Train Iter:[39 /52] CauLoss:[0.9809], AdvLoss:[0.1890]
--------------------------------------------------------------------------------------------------------------------------------------------------------------------------------------------------------
Epoch:[44/100], CauAdvLoss:[0.9577/0.1822] valid:[75.25], test:[81.01]
--------------------------------------------------------------------------------------------------------------------------------------------------------------------------------------------------------
Train Iter:[0  /52] CauLoss:[1.1206], AdvLoss:[0.3078]
Train Iter:[13 /52] CauLoss:[1.0219], AdvLoss:[0.2089]
Train Iter:[26 /52] CauLoss:[1.0189], AdvLoss:[0.2084]
Train Iter:[39 /52] CauLoss:[1.0016], AdvLoss:[0.2104]
--------------------------------------------------------------------------------------------------------------------------------------------------------------------------------------------------------
Epoch:[45/100], CauAdvLoss:[1.0495/0.2017] valid:[75.25], test:[78.94]
--------------------------------------------------------------------------------------------------------------------------------------------------------------------------------------------------------
Train Iter:[0  /52] CauLoss:[1.1547], AdvLoss:[0.2331]
Train Iter:[13 /52] CauLoss:[0.9666], AdvLoss:[0.1925]
Train Iter:[26 /52] CauLoss:[0.9681], AdvLoss:[0.1879]
Train Iter:[39 /52] CauLoss:[0.9733], AdvLoss:[0.1962]
--------------------------------------------------------------------------------------------------------------------------------------------------------------------------------------------------------
Epoch:[46/100], CauAdvLoss:[0.9729/0.1927] valid:[69.44], test:[77.36]
--------------------------------------------------------------------------------------------------------------------------------------------------------------------------------------------------------
Train Iter:[0  /52] CauLoss:[0.7946], AdvLoss:[0.0964]
Train Iter:[13 /52] CauLoss:[0.9738], AdvLoss:[0.2071]
Train Iter:[26 /52] CauLoss:[0.9680], AdvLoss:[0.1972]
Train Iter:[39 /52] CauLoss:[0.9612], AdvLoss:[0.1960]
--------------------------------------------------------------------------------------------------------------------------------------------------------------------------------------------------------
Epoch:[47/100], CauAdvLoss:[0.9644/0.1939] valid:[72.51], test:[78.07]
--------------------------------------------------------------------------------------------------------------------------------------------------------------------------------------------------------
Train Iter:[0  /52] CauLoss:[0.8243], AdvLoss:[0.1096]
Train Iter:[13 /52] CauLoss:[0.9394], AdvLoss:[0.1909]
Train Iter:[26 /52] CauLoss:[0.9325], AdvLoss:[0.1790]
Train Iter:[39 /52] CauLoss:[0.9612], AdvLoss:[0.2006]
--------------------------------------------------------------------------------------------------------------------------------------------------------------------------------------------------------
Epoch:[48/100], CauAdvLoss:[1.0104/0.1885] valid:[72.35], test:[77.81]
--------------------------------------------------------------------------------------------------------------------------------------------------------------------------------------------------------
Train Iter:[0  /52] CauLoss:[1.1085], AdvLoss:[0.2654]
Train Iter:[13 /52] CauLoss:[0.9969], AdvLoss:[0.1970]
Train Iter:[26 /52] CauLoss:[1.0053], AdvLoss:[0.1980]
Train Iter:[39 /52] CauLoss:[0.9977], AdvLoss:[0.1995]
--------------------------------------------------------------------------------------------------------------------------------------------------------------------------------------------------------
Epoch:[49/100], CauAdvLoss:[0.9794/0.1932] valid:[68.38], test:[74.19]
--------------------------------------------------------------------------------------------------------------------------------------------------------------------------------------------------------
Train Iter:[0  /52] CauLoss:[0.9031], AdvLoss:[0.1862]
Train Iter:[13 /52] CauLoss:[0.9248], AdvLoss:[0.1793]
Train Iter:[26 /52] CauLoss:[0.8974], AdvLoss:[0.1748]
Train Iter:[39 /52] CauLoss:[0.9239], AdvLoss:[0.1849]
--------------------------------------------------------------------------------------------------------------------------------------------------------------------------------------------------------
Epoch:[50/100], CauAdvLoss:[0.9320/0.1879] valid:[75.61], test:[79.57]
--------------------------------------------------------------------------------------------------------------------------------------------------------------------------------------------------------
Train Iter:[0  /52] CauLoss:[0.9067], AdvLoss:[0.2538]
Train Iter:[13 /52] CauLoss:[0.9859], AdvLoss:[0.1963]
Train Iter:[26 /52] CauLoss:[0.9763], AdvLoss:[0.1976]
Train Iter:[39 /52] CauLoss:[0.9516], AdvLoss:[0.1911]
--------------------------------------------------------------------------------------------------------------------------------------------------------------------------------------------------------
Epoch:[51/100], CauAdvLoss:[1.0058/0.1805] valid:[70.34], test:[73.23]
--------------------------------------------------------------------------------------------------------------------------------------------------------------------------------------------------------
Train Iter:[0  /52] CauLoss:[0.8537], AdvLoss:[0.1770]
Train Iter:[13 /52] CauLoss:[0.8480], AdvLoss:[0.1595]
Train Iter:[26 /52] CauLoss:[0.8545], AdvLoss:[0.1517]
Train Iter:[39 /52] CauLoss:[0.9261], AdvLoss:[0.1818]
--------------------------------------------------------------------------------------------------------------------------------------------------------------------------------------------------------
Epoch:[52/100], CauAdvLoss:[0.9756/0.1804] valid:[77.00], test:[78.75]
--------------------------------------------------------------------------------------------------------------------------------------------------------------------------------------------------------
Train Iter:[0  /52] CauLoss:[0.6026], AdvLoss:[0.0660]
Train Iter:[13 /52] CauLoss:[0.9070], AdvLoss:[0.1830]
Train Iter:[26 /52] CauLoss:[0.9050], AdvLoss:[0.1894]
Train Iter:[39 /52] CauLoss:[0.9148], AdvLoss:[0.1887]
--------------------------------------------------------------------------------------------------------------------------------------------------------------------------------------------------------
Epoch:[53/100], CauAdvLoss:[0.9215/0.1850] valid:[78.63], test:[80.18]
--------------------------------------------------------------------------------------------------------------------------------------------------------------------------------------------------------
Train Iter:[0  /52] CauLoss:[0.9241], AdvLoss:[0.2081]
Train Iter:[13 /52] CauLoss:[0.9489], AdvLoss:[0.1936]
Train Iter:[26 /52] CauLoss:[0.9375], AdvLoss:[0.1800]
Train Iter:[39 /52] CauLoss:[0.9220], AdvLoss:[0.1758]
--------------------------------------------------------------------------------------------------------------------------------------------------------------------------------------------------------
Epoch:[54/100], CauAdvLoss:[0.9283/0.1747] valid:[78.42], test:[80.10]
--------------------------------------------------------------------------------------------------------------------------------------------------------------------------------------------------------
Train Iter:[0  /52] CauLoss:[0.6841], AdvLoss:[0.0520]
Train Iter:[13 /52] CauLoss:[0.8975], AdvLoss:[0.1667]
Train Iter:[26 /52] CauLoss:[0.8688], AdvLoss:[0.1532]
Train Iter:[39 /52] CauLoss:[0.9028], AdvLoss:[0.1689]
--------------------------------------------------------------------------------------------------------------------------------------------------------------------------------------------------------
Epoch:[55/100], CauAdvLoss:[0.9085/0.1648] valid:[74.38], test:[76.84]
--------------------------------------------------------------------------------------------------------------------------------------------------------------------------------------------------------
Train Iter:[0  /52] CauLoss:[1.0120], AdvLoss:[0.1391]
Train Iter:[13 /52] CauLoss:[0.9163], AdvLoss:[0.1849]
Train Iter:[26 /52] CauLoss:[0.8913], AdvLoss:[0.1671]
Train Iter:[39 /52] CauLoss:[0.9009], AdvLoss:[0.1717]
--------------------------------------------------------------------------------------------------------------------------------------------------------------------------------------------------------
Epoch:[56/100], CauAdvLoss:[0.9931/0.1821] valid:[74.73], test:[78.16]
--------------------------------------------------------------------------------------------------------------------------------------------------------------------------------------------------------
Train Iter:[0  /52] CauLoss:[0.8180], AdvLoss:[0.1382]
Train Iter:[13 /52] CauLoss:[0.8344], AdvLoss:[0.1499]
Train Iter:[26 /52] CauLoss:[0.9107], AdvLoss:[0.1675]
Train Iter:[39 /52] CauLoss:[0.9256], AdvLoss:[0.1770]
--------------------------------------------------------------------------------------------------------------------------------------------------------------------------------------------------------
Epoch:[57/100], CauAdvLoss:[0.9228/0.1731] valid:[70.59], test:[74.68]
--------------------------------------------------------------------------------------------------------------------------------------------------------------------------------------------------------
Train Iter:[0  /52] CauLoss:[0.6960], AdvLoss:[0.1456]
Train Iter:[13 /52] CauLoss:[0.8013], AdvLoss:[0.1238]
Train Iter:[26 /52] CauLoss:[0.8295], AdvLoss:[0.1333]
Train Iter:[39 /52] CauLoss:[0.8769], AdvLoss:[0.1599]
--------------------------------------------------------------------------------------------------------------------------------------------------------------------------------------------------------
Epoch:[58/100], CauAdvLoss:[0.9052/0.1687] valid:[75.76], test:[78.21]
--------------------------------------------------------------------------------------------------------------------------------------------------------------------------------------------------------
Train Iter:[0  /52] CauLoss:[0.8508], AdvLoss:[0.0987]
Train Iter:[13 /52] CauLoss:[0.8591], AdvLoss:[0.1386]
Train Iter:[26 /52] CauLoss:[0.8744], AdvLoss:[0.1439]
Train Iter:[39 /52] CauLoss:[0.8789], AdvLoss:[0.1519]
--------------------------------------------------------------------------------------------------------------------------------------------------------------------------------------------------------
Epoch:[59/100], CauAdvLoss:[0.9084/0.1616] valid:[73.66], test:[76.36]
--------------------------------------------------------------------------------------------------------------------------------------------------------------------------------------------------------
Train Iter:[0  /52] CauLoss:[1.1729], AdvLoss:[0.3282]
Train Iter:[13 /52] CauLoss:[0.8003], AdvLoss:[0.1231]
Train Iter:[26 /52] CauLoss:[0.8793], AdvLoss:[0.1590]
Train Iter:[39 /52] CauLoss:[0.8998], AdvLoss:[0.1626]
--------------------------------------------------------------------------------------------------------------------------------------------------------------------------------------------------------
Epoch:[60/100], CauAdvLoss:[0.8936/0.1592] valid:[71.64], test:[74.75]
--------------------------------------------------------------------------------------------------------------------------------------------------------------------------------------------------------
Train Iter:[0  /52] CauLoss:[1.0612], AdvLoss:[0.2648]
Train Iter:[13 /52] CauLoss:[0.9055], AdvLoss:[0.1739]
Train Iter:[26 /52] CauLoss:[0.9125], AdvLoss:[0.1674]
Train Iter:[39 /52] CauLoss:[0.8846], AdvLoss:[0.1558]
--------------------------------------------------------------------------------------------------------------------------------------------------------------------------------------------------------
Epoch:[61/100], CauAdvLoss:[0.8775/0.1602] valid:[73.06], test:[77.31]
--------------------------------------------------------------------------------------------------------------------------------------------------------------------------------------------------------
Train Iter:[0  /52] CauLoss:[0.6470], AdvLoss:[0.1107]
Train Iter:[13 /52] CauLoss:[0.8193], AdvLoss:[0.1520]
Train Iter:[26 /52] CauLoss:[0.8513], AdvLoss:[0.1545]
Train Iter:[39 /52] CauLoss:[0.8688], AdvLoss:[0.1527]
--------------------------------------------------------------------------------------------------------------------------------------------------------------------------------------------------------
Epoch:[62/100], CauAdvLoss:[0.9685/0.1650] valid:[74.48], test:[76.05]
--------------------------------------------------------------------------------------------------------------------------------------------------------------------------------------------------------
Train Iter:[0  /52] CauLoss:[0.9597], AdvLoss:[0.1443]
Train Iter:[13 /52] CauLoss:[0.8701], AdvLoss:[0.1657]
Train Iter:[26 /52] CauLoss:[0.9139], AdvLoss:[0.1872]
Train Iter:[39 /52] CauLoss:[0.9160], AdvLoss:[0.1846]
--------------------------------------------------------------------------------------------------------------------------------------------------------------------------------------------------------
Epoch:[63/100], CauAdvLoss:[0.8994/0.1711] valid:[77.58], test:[79.57]
--------------------------------------------------------------------------------------------------------------------------------------------------------------------------------------------------------
Train Iter:[0  /52] CauLoss:[0.7998], AdvLoss:[0.0641]
Train Iter:[13 /52] CauLoss:[0.8488], AdvLoss:[0.1352]
Train Iter:[26 /52] CauLoss:[0.8671], AdvLoss:[0.1406]
Train Iter:[39 /52] CauLoss:[0.8825], AdvLoss:[0.1513]
--------------------------------------------------------------------------------------------------------------------------------------------------------------------------------------------------------
Epoch:[64/100], CauAdvLoss:[0.8731/0.1502] valid:[77.10], test:[75.71]
--------------------------------------------------------------------------------------------------------------------------------------------------------------------------------------------------------
Train Iter:[0  /52] CauLoss:[1.0086], AdvLoss:[0.2679]
Train Iter:[13 /52] CauLoss:[0.9405], AdvLoss:[0.1536]
Train Iter:[26 /52] CauLoss:[0.9139], AdvLoss:[0.1748]
Train Iter:[39 /52] CauLoss:[0.9065], AdvLoss:[0.1653]
--------------------------------------------------------------------------------------------------------------------------------------------------------------------------------------------------------
Epoch:[65/100], CauAdvLoss:[0.8793/0.1525] valid:[76.47], test:[77.68]
--------------------------------------------------------------------------------------------------------------------------------------------------------------------------------------------------------
Train Iter:[0  /52] CauLoss:[1.1944], AdvLoss:[0.1832]
Train Iter:[13 /52] CauLoss:[0.8821], AdvLoss:[0.1115]
Train Iter:[26 /52] CauLoss:[0.8841], AdvLoss:[0.1261]
Train Iter:[39 /52] CauLoss:[0.8785], AdvLoss:[0.1322]
--------------------------------------------------------------------------------------------------------------------------------------------------------------------------------------------------------
Epoch:[66/100], CauAdvLoss:[0.9153/0.1495] valid:[75.70], test:[78.38]
--------------------------------------------------------------------------------------------------------------------------------------------------------------------------------------------------------
Train Iter:[0  /52] CauLoss:[0.7669], AdvLoss:[0.0902]
Train Iter:[13 /52] CauLoss:[0.8674], AdvLoss:[0.1522]
Train Iter:[26 /52] CauLoss:[0.8567], AdvLoss:[0.1449]
Train Iter:[39 /52] CauLoss:[0.8838], AdvLoss:[0.1516]
--------------------------------------------------------------------------------------------------------------------------------------------------------------------------------------------------------
Epoch:[67/100], CauAdvLoss:[0.8674/0.1450] valid:[74.13], test:[77.94]
--------------------------------------------------------------------------------------------------------------------------------------------------------------------------------------------------------
Train Iter:[0  /52] CauLoss:[0.9403], AdvLoss:[0.1554]
Train Iter:[13 /52] CauLoss:[0.8270], AdvLoss:[0.1504]
Train Iter:[26 /52] CauLoss:[0.8136], AdvLoss:[0.1420]
Train Iter:[39 /52] CauLoss:[0.8335], AdvLoss:[0.1395]
--------------------------------------------------------------------------------------------------------------------------------------------------------------------------------------------------------
Epoch:[68/100], CauAdvLoss:[0.8676/0.1505] valid:[76.46], test:[76.38]
--------------------------------------------------------------------------------------------------------------------------------------------------------------------------------------------------------
Train Iter:[0  /52] CauLoss:[0.8693], AdvLoss:[0.1492]
Train Iter:[13 /52] CauLoss:[0.7904], AdvLoss:[0.1363]
Train Iter:[26 /52] CauLoss:[0.8339], AdvLoss:[0.1459]
Train Iter:[39 /52] CauLoss:[0.8524], AdvLoss:[0.1524]
--------------------------------------------------------------------------------------------------------------------------------------------------------------------------------------------------------
Epoch:[69/100], CauAdvLoss:[0.8559/0.1450] valid:[74.45], test:[77.53]
--------------------------------------------------------------------------------------------------------------------------------------------------------------------------------------------------------
Train Iter:[0  /52] CauLoss:[0.9476], AdvLoss:[0.1448]
Train Iter:[13 /52] CauLoss:[0.7705], AdvLoss:[0.1049]
Train Iter:[26 /52] CauLoss:[0.8237], AdvLoss:[0.1294]
Train Iter:[39 /52] CauLoss:[0.8330], AdvLoss:[0.1360]
--------------------------------------------------------------------------------------------------------------------------------------------------------------------------------------------------------
Epoch:[70/100], CauAdvLoss:[0.8453/0.1761] valid:[77.54], test:[78.42]
--------------------------------------------------------------------------------------------------------------------------------------------------------------------------------------------------------
Train Iter:[0  /52] CauLoss:[1.0490], AdvLoss:[0.2033]
Train Iter:[13 /52] CauLoss:[0.7866], AdvLoss:[0.1197]
Train Iter:[26 /52] CauLoss:[0.7769], AdvLoss:[0.1082]
Train Iter:[39 /52] CauLoss:[0.8457], AdvLoss:[0.1372]
--------------------------------------------------------------------------------------------------------------------------------------------------------------------------------------------------------
Epoch:[71/100], CauAdvLoss:[0.8570/0.1426] valid:[75.93], test:[77.71]
--------------------------------------------------------------------------------------------------------------------------------------------------------------------------------------------------------
Train Iter:[0  /52] CauLoss:[0.9122], AdvLoss:[0.0818]
Train Iter:[13 /52] CauLoss:[0.8394], AdvLoss:[0.1201]
Train Iter:[26 /52] CauLoss:[0.8233], AdvLoss:[0.1212]
Train Iter:[39 /52] CauLoss:[0.8366], AdvLoss:[0.1225]
--------------------------------------------------------------------------------------------------------------------------------------------------------------------------------------------------------
Epoch:[72/100], CauAdvLoss:[0.8654/0.1375] valid:[74.61], test:[75.68]
--------------------------------------------------------------------------------------------------------------------------------------------------------------------------------------------------------
Train Iter:[0  /52] CauLoss:[0.7421], AdvLoss:[0.1005]
Train Iter:[13 /52] CauLoss:[0.8706], AdvLoss:[0.1400]
Train Iter:[26 /52] CauLoss:[0.8497], AdvLoss:[0.1427]
Train Iter:[39 /52] CauLoss:[0.8470], AdvLoss:[0.1418]
--------------------------------------------------------------------------------------------------------------------------------------------------------------------------------------------------------
Epoch:[73/100], CauAdvLoss:[0.9702/0.1801] valid:[76.88], test:[79.23]
--------------------------------------------------------------------------------------------------------------------------------------------------------------------------------------------------------
Train Iter:[0  /52] CauLoss:[0.6617], AdvLoss:[0.0849]
Train Iter:[13 /52] CauLoss:[0.8940], AdvLoss:[0.1391]
Train Iter:[26 /52] CauLoss:[0.8570], AdvLoss:[0.1347]
Train Iter:[39 /52] CauLoss:[0.8836], AdvLoss:[0.1480]
--------------------------------------------------------------------------------------------------------------------------------------------------------------------------------------------------------
Epoch:[74/100], CauAdvLoss:[0.8653/0.1413] valid:[76.22], test:[77.75]
--------------------------------------------------------------------------------------------------------------------------------------------------------------------------------------------------------
Train Iter:[0  /52] CauLoss:[0.7049], AdvLoss:[0.0782]
Train Iter:[13 /52] CauLoss:[0.8838], AdvLoss:[0.1481]
Train Iter:[26 /52] CauLoss:[0.8314], AdvLoss:[0.1286]
Train Iter:[39 /52] CauLoss:[0.8469], AdvLoss:[0.1393]
--------------------------------------------------------------------------------------------------------------------------------------------------------------------------------------------------------
Epoch:[75/100], CauAdvLoss:[0.8499/0.1343] valid:[75.13], test:[76.01]
--------------------------------------------------------------------------------------------------------------------------------------------------------------------------------------------------------
Train Iter:[0  /52] CauLoss:[0.6201], AdvLoss:[0.0951]
Train Iter:[13 /52] CauLoss:[0.8768], AdvLoss:[0.1447]
Train Iter:[26 /52] CauLoss:[0.8358], AdvLoss:[0.1374]
Train Iter:[39 /52] CauLoss:[0.8356], AdvLoss:[0.1436]
--------------------------------------------------------------------------------------------------------------------------------------------------------------------------------------------------------
Epoch:[76/100], CauAdvLoss:[0.8282/0.1470] valid:[77.05], test:[77.42]
--------------------------------------------------------------------------------------------------------------------------------------------------------------------------------------------------------
Train Iter:[0  /52] CauLoss:[0.9122], AdvLoss:[0.2181]
Train Iter:[13 /52] CauLoss:[0.8162], AdvLoss:[0.1231]
Train Iter:[26 /52] CauLoss:[0.8166], AdvLoss:[0.1262]
Train Iter:[39 /52] CauLoss:[0.8087], AdvLoss:[0.1194]
--------------------------------------------------------------------------------------------------------------------------------------------------------------------------------------------------------
Epoch:[77/100], CauAdvLoss:[0.8323/0.1324] valid:[76.72], test:[78.21]
--------------------------------------------------------------------------------------------------------------------------------------------------------------------------------------------------------
Train Iter:[0  /52] CauLoss:[0.6661], AdvLoss:[0.1193]
Train Iter:[13 /52] CauLoss:[0.7617], AdvLoss:[0.1157]
Train Iter:[26 /52] CauLoss:[0.7783], AdvLoss:[0.1147]
Train Iter:[39 /52] CauLoss:[0.8253], AdvLoss:[0.1362]
--------------------------------------------------------------------------------------------------------------------------------------------------------------------------------------------------------
Epoch:[78/100], CauAdvLoss:[0.8172/0.1298] valid:[75.89], test:[78.31]
--------------------------------------------------------------------------------------------------------------------------------------------------------------------------------------------------------
Train Iter:[0  /52] CauLoss:[0.6525], AdvLoss:[0.1161]
Train Iter:[13 /52] CauLoss:[0.8377], AdvLoss:[0.1399]
Train Iter:[26 /52] CauLoss:[0.7913], AdvLoss:[0.1193]
Train Iter:[39 /52] CauLoss:[0.8210], AdvLoss:[0.1241]
--------------------------------------------------------------------------------------------------------------------------------------------------------------------------------------------------------
Epoch:[79/100], CauAdvLoss:[0.9090/0.1321] valid:[76.70], test:[78.49]
--------------------------------------------------------------------------------------------------------------------------------------------------------------------------------------------------------
Train Iter:[0  /52] CauLoss:[0.7811], AdvLoss:[0.0976]
Train Iter:[13 /52] CauLoss:[0.8867], AdvLoss:[0.1300]
Train Iter:[26 /52] CauLoss:[0.8804], AdvLoss:[0.1373]
Train Iter:[39 /52] CauLoss:[0.8837], AdvLoss:[0.1418]
--------------------------------------------------------------------------------------------------------------------------------------------------------------------------------------------------------
Epoch:[80/100], CauAdvLoss:[0.8559/0.1315] valid:[76.16], test:[77.68]
--------------------------------------------------------------------------------------------------------------------------------------------------------------------------------------------------------
Train Iter:[0  /52] CauLoss:[0.9042], AdvLoss:[0.3261]
Train Iter:[13 /52] CauLoss:[0.8019], AdvLoss:[0.1387]
Train Iter:[26 /52] CauLoss:[0.8131], AdvLoss:[0.1343]
Train Iter:[39 /52] CauLoss:[0.8346], AdvLoss:[0.1449]
--------------------------------------------------------------------------------------------------------------------------------------------------------------------------------------------------------
Epoch:[81/100], CauAdvLoss:[0.8152/0.1326] valid:[74.97], test:[75.75]
--------------------------------------------------------------------------------------------------------------------------------------------------------------------------------------------------------
Train Iter:[0  /52] CauLoss:[0.7548], AdvLoss:[0.0880]
Train Iter:[13 /52] CauLoss:[0.7845], AdvLoss:[0.1104]
Train Iter:[26 /52] CauLoss:[0.7917], AdvLoss:[0.1266]
Train Iter:[39 /52] CauLoss:[0.8121], AdvLoss:[0.1301]
--------------------------------------------------------------------------------------------------------------------------------------------------------------------------------------------------------
Epoch:[82/100], CauAdvLoss:[0.8991/0.1281] valid:[76.99], test:[77.71]
--------------------------------------------------------------------------------------------------------------------------------------------------------------------------------------------------------
Train Iter:[0  /52] CauLoss:[0.6209], AdvLoss:[0.0269]
Train Iter:[13 /52] CauLoss:[0.8018], AdvLoss:[0.1113]
Train Iter:[26 /52] CauLoss:[0.8153], AdvLoss:[0.1295]
Train Iter:[39 /52] CauLoss:[0.8196], AdvLoss:[0.1250]
--------------------------------------------------------------------------------------------------------------------------------------------------------------------------------------------------------
Epoch:[83/100], CauAdvLoss:[0.8316/0.1276] valid:[77.10], test:[78.60]
--------------------------------------------------------------------------------------------------------------------------------------------------------------------------------------------------------
Train Iter:[0  /52] CauLoss:[0.5848], AdvLoss:[0.0332]
Train Iter:[13 /52] CauLoss:[0.8037], AdvLoss:[0.1287]
Train Iter:[26 /52] CauLoss:[0.8116], AdvLoss:[0.1290]
Train Iter:[39 /52] CauLoss:[0.8053], AdvLoss:[0.1286]
--------------------------------------------------------------------------------------------------------------------------------------------------------------------------------------------------------
Epoch:[84/100], CauAdvLoss:[0.8135/0.1263] valid:[76.77], test:[78.14]
--------------------------------------------------------------------------------------------------------------------------------------------------------------------------------------------------------
Train Iter:[0  /52] CauLoss:[0.6624], AdvLoss:[0.1071]
Train Iter:[13 /52] CauLoss:[0.7737], AdvLoss:[0.1134]
Train Iter:[26 /52] CauLoss:[0.8019], AdvLoss:[0.1240]
Train Iter:[39 /52] CauLoss:[0.8098], AdvLoss:[0.1205]
--------------------------------------------------------------------------------------------------------------------------------------------------------------------------------------------------------
Epoch:[85/100], CauAdvLoss:[0.8016/0.1239] valid:[74.88], test:[77.53]
--------------------------------------------------------------------------------------------------------------------------------------------------------------------------------------------------------
Train Iter:[0  /52] CauLoss:[1.0225], AdvLoss:[0.1300]
Train Iter:[13 /52] CauLoss:[0.7674], AdvLoss:[0.1032]
Train Iter:[26 /52] CauLoss:[0.8120], AdvLoss:[0.1213]
Train Iter:[39 /52] CauLoss:[0.8123], AdvLoss:[0.1245]
--------------------------------------------------------------------------------------------------------------------------------------------------------------------------------------------------------
Epoch:[86/100], CauAdvLoss:[0.8736/0.1254] valid:[76.75], test:[78.88]
--------------------------------------------------------------------------------------------------------------------------------------------------------------------------------------------------------
Train Iter:[0  /52] CauLoss:[0.6995], AdvLoss:[0.0745]
Train Iter:[13 /52] CauLoss:[0.8380], AdvLoss:[0.1352]
Train Iter:[26 /52] CauLoss:[0.8546], AdvLoss:[0.1366]
Train Iter:[39 /52] CauLoss:[0.8470], AdvLoss:[0.1340]
--------------------------------------------------------------------------------------------------------------------------------------------------------------------------------------------------------
Epoch:[87/100], CauAdvLoss:[0.8214/0.1262] valid:[75.19], test:[77.55]
--------------------------------------------------------------------------------------------------------------------------------------------------------------------------------------------------------
Train Iter:[0  /52] CauLoss:[0.8610], AdvLoss:[0.1267]
Train Iter:[13 /52] CauLoss:[0.7553], AdvLoss:[0.1036]
Train Iter:[26 /52] CauLoss:[0.7835], AdvLoss:[0.1131]
Train Iter:[39 /52] CauLoss:[0.7848], AdvLoss:[0.1111]
--------------------------------------------------------------------------------------------------------------------------------------------------------------------------------------------------------
Epoch:[88/100], CauAdvLoss:[0.8061/0.1236] valid:[77.03], test:[78.14]
--------------------------------------------------------------------------------------------------------------------------------------------------------------------------------------------------------
Train Iter:[0  /52] CauLoss:[0.6563], AdvLoss:[0.0861]
Train Iter:[13 /52] CauLoss:[0.7740], AdvLoss:[0.1271]
Train Iter:[26 /52] CauLoss:[0.7614], AdvLoss:[0.1062]
Train Iter:[39 /52] CauLoss:[0.7650], AdvLoss:[0.1089]
--------------------------------------------------------------------------------------------------------------------------------------------------------------------------------------------------------
Epoch:[89/100], CauAdvLoss:[0.7873/0.1200] valid:[76.93], test:[77.68]
--------------------------------------------------------------------------------------------------------------------------------------------------------------------------------------------------------
Train Iter:[0  /52] CauLoss:[0.8882], AdvLoss:[0.1650]
Train Iter:[13 /52] CauLoss:[0.7937], AdvLoss:[0.0997]
Train Iter:[26 /52] CauLoss:[0.7945], AdvLoss:[0.1235]
Train Iter:[39 /52] CauLoss:[0.8211], AdvLoss:[0.1277]
--------------------------------------------------------------------------------------------------------------------------------------------------------------------------------------------------------
Epoch:[90/100], CauAdvLoss:[0.8162/0.1207] valid:[76.16], test:[78.07]
--------------------------------------------------------------------------------------------------------------------------------------------------------------------------------------------------------
Train Iter:[0  /52] CauLoss:[0.9171], AdvLoss:[0.1122]
Train Iter:[13 /52] CauLoss:[0.8314], AdvLoss:[0.1190]
Train Iter:[26 /52] CauLoss:[0.8287], AdvLoss:[0.1210]
Train Iter:[39 /52] CauLoss:[0.8279], AdvLoss:[0.1273]
--------------------------------------------------------------------------------------------------------------------------------------------------------------------------------------------------------
Epoch:[91/100], CauAdvLoss:[0.8122/0.1216] valid:[75.87], test:[78.16]
--------------------------------------------------------------------------------------------------------------------------------------------------------------------------------------------------------
Train Iter:[0  /52] CauLoss:[0.7675], AdvLoss:[0.2118]
Train Iter:[13 /52] CauLoss:[0.8070], AdvLoss:[0.1237]
Train Iter:[26 /52] CauLoss:[0.7737], AdvLoss:[0.1078]
Train Iter:[39 /52] CauLoss:[0.7855], AdvLoss:[0.1179]
--------------------------------------------------------------------------------------------------------------------------------------------------------------------------------------------------------
Epoch:[92/100], CauAdvLoss:[0.9187/0.1298] valid:[76.16], test:[78.34]
--------------------------------------------------------------------------------------------------------------------------------------------------------------------------------------------------------
Train Iter:[0  /52] CauLoss:[0.6071], AdvLoss:[0.0838]
Train Iter:[13 /52] CauLoss:[0.7505], AdvLoss:[0.1208]
Train Iter:[26 /52] CauLoss:[0.7560], AdvLoss:[0.1165]
Train Iter:[39 /52] CauLoss:[0.8023], AdvLoss:[0.1254]
--------------------------------------------------------------------------------------------------------------------------------------------------------------------------------------------------------
Epoch:[93/100], CauAdvLoss:[0.7876/0.1253] valid:[75.72], test:[77.71]
--------------------------------------------------------------------------------------------------------------------------------------------------------------------------------------------------------
Train Iter:[0  /52] CauLoss:[0.8325], AdvLoss:[0.1147]
Train Iter:[13 /52] CauLoss:[0.7519], AdvLoss:[0.1212]
Train Iter:[26 /52] CauLoss:[0.7566], AdvLoss:[0.1209]
Train Iter:[39 /52] CauLoss:[0.7738], AdvLoss:[0.1223]
--------------------------------------------------------------------------------------------------------------------------------------------------------------------------------------------------------
Epoch:[94/100], CauAdvLoss:[0.7844/0.1200] valid:[75.67], test:[77.62]
--------------------------------------------------------------------------------------------------------------------------------------------------------------------------------------------------------
Train Iter:[0  /52] CauLoss:[0.8377], AdvLoss:[0.2302]
Train Iter:[13 /52] CauLoss:[0.8226], AdvLoss:[0.1550]
Train Iter:[26 /52] CauLoss:[0.8300], AdvLoss:[0.1444]
Train Iter:[39 /52] CauLoss:[0.8135], AdvLoss:[0.1299]
--------------------------------------------------------------------------------------------------------------------------------------------------------------------------------------------------------
Epoch:[95/100], CauAdvLoss:[0.8710/0.1217] valid:[77.25], test:[78.38]
--------------------------------------------------------------------------------------------------------------------------------------------------------------------------------------------------------
Train Iter:[0  /52] CauLoss:[0.6648], AdvLoss:[0.0729]
Train Iter:[13 /52] CauLoss:[0.7713], AdvLoss:[0.1132]
Train Iter:[26 /52] CauLoss:[0.7883], AdvLoss:[0.1139]
Train Iter:[39 /52] CauLoss:[0.7941], AdvLoss:[0.1230]
--------------------------------------------------------------------------------------------------------------------------------------------------------------------------------------------------------
Epoch:[96/100], CauAdvLoss:[0.8476/0.1242] valid:[77.01], test:[78.94]
--------------------------------------------------------------------------------------------------------------------------------------------------------------------------------------------------------
Train Iter:[0  /52] CauLoss:[0.9728], AdvLoss:[0.2270]
Train Iter:[13 /52] CauLoss:[0.8452], AdvLoss:[0.1523]
Train Iter:[26 /52] CauLoss:[0.8381], AdvLoss:[0.1430]
Train Iter:[39 /52] CauLoss:[0.8273], AdvLoss:[0.1322]
--------------------------------------------------------------------------------------------------------------------------------------------------------------------------------------------------------
Epoch:[97/100], CauAdvLoss:[0.8795/0.1221] valid:[76.50], test:[78.49]
--------------------------------------------------------------------------------------------------------------------------------------------------------------------------------------------------------
Train Iter:[0  /52] CauLoss:[0.9108], AdvLoss:[0.2067]
Train Iter:[13 /52] CauLoss:[0.7665], AdvLoss:[0.1134]
Train Iter:[26 /52] CauLoss:[0.7902], AdvLoss:[0.1247]
Train Iter:[39 /52] CauLoss:[0.8171], AdvLoss:[0.1265]
--------------------------------------------------------------------------------------------------------------------------------------------------------------------------------------------------------
Epoch:[98/100], CauAdvLoss:[0.7959/0.1195] valid:[76.83], test:[78.66]
--------------------------------------------------------------------------------------------------------------------------------------------------------------------------------------------------------
Train Iter:[0  /52] CauLoss:[0.8480], AdvLoss:[0.0539]
Train Iter:[13 /52] CauLoss:[0.8180], AdvLoss:[0.1279]
Train Iter:[26 /52] CauLoss:[0.8092], AdvLoss:[0.1227]
Train Iter:[39 /52] CauLoss:[0.7974], AdvLoss:[0.1205]
--------------------------------------------------------------------------------------------------------------------------------------------------------------------------------------------------------
Epoch:[99/100], CauAdvLoss:[0.7891/0.1186] valid:[77.14], test:[78.57]
--------------------------------------------------------------------------------------------------------------------------------------------------------------------------------------------------------
Train Iter:[0  /52] CauLoss:[0.8355], AdvLoss:[0.1209]
Train Iter:[13 /52] CauLoss:[0.7320], AdvLoss:[0.0873]
Train Iter:[26 /52] CauLoss:[0.7795], AdvLoss:[0.1168]
Train Iter:[39 /52] CauLoss:[0.7963], AdvLoss:[0.1270]
--------------------------------------------------------------------------------------------------------------------------------------------------------------------------------------------------------
Epoch:[100/100], CauAdvLoss:[0.7975/0.1217] valid:[75.85], test:[77.29]
--------------------------------------------------------------------------------------------------------------------------------------------------------------------------------------------------------
Update test:[80.18] at epoch:[53] | Total time:00:03:36
initialize network with kaiming
Train Iter:[0  /52] CauLoss:[4.6680], AdvLoss:[-14.1971]
Train Iter:[13 /52] CauLoss:[2.2758], AdvLoss:[2.5410]
Train Iter:[26 /52] CauLoss:[1.9516], AdvLoss:[1.6830]
Train Iter:[39 /52] CauLoss:[1.8342], AdvLoss:[1.2908]
--------------------------------------------------------------------------------------------------------------------------------------------------------------------------------------------------------
Epoch:[1/100], CauAdvLoss:[1.7902/1.0946] valid:[37.73], test:[45.39]
--------------------------------------------------------------------------------------------------------------------------------------------------------------------------------------------------------
Train Iter:[0  /52] CauLoss:[1.7082], AdvLoss:[0.6231]
Train Iter:[13 /52] CauLoss:[1.5807], AdvLoss:[0.5655]
Train Iter:[26 /52] CauLoss:[1.4722], AdvLoss:[0.4634]
Train Iter:[39 /52] CauLoss:[1.4612], AdvLoss:[0.4511]
--------------------------------------------------------------------------------------------------------------------------------------------------------------------------------------------------------
Epoch:[2/100], CauAdvLoss:[1.4304/0.4187] valid:[58.68], test:[70.46]
--------------------------------------------------------------------------------------------------------------------------------------------------------------------------------------------------------
Train Iter:[0  /52] CauLoss:[1.3136], AdvLoss:[0.3841]
Train Iter:[13 /52] CauLoss:[1.2448], AdvLoss:[0.3276]
Train Iter:[26 /52] CauLoss:[1.3005], AdvLoss:[0.3379]
Train Iter:[39 /52] CauLoss:[1.3174], AdvLoss:[0.3484]
--------------------------------------------------------------------------------------------------------------------------------------------------------------------------------------------------------
Epoch:[3/100], CauAdvLoss:[1.3214/0.3622] valid:[62.23], test:[71.07]
--------------------------------------------------------------------------------------------------------------------------------------------------------------------------------------------------------
Train Iter:[0  /52] CauLoss:[1.1563], AdvLoss:[0.3367]
Train Iter:[13 /52] CauLoss:[1.3535], AdvLoss:[0.4206]
Train Iter:[26 /52] CauLoss:[1.3189], AdvLoss:[0.3828]
Train Iter:[39 /52] CauLoss:[1.2902], AdvLoss:[0.3744]
--------------------------------------------------------------------------------------------------------------------------------------------------------------------------------------------------------
Epoch:[4/100], CauAdvLoss:[1.2809/0.3582] valid:[66.23], test:[72.72]
--------------------------------------------------------------------------------------------------------------------------------------------------------------------------------------------------------
Train Iter:[0  /52] CauLoss:[1.3082], AdvLoss:[0.2798]
Train Iter:[13 /52] CauLoss:[1.2405], AdvLoss:[0.3023]
Train Iter:[26 /52] CauLoss:[1.2360], AdvLoss:[0.3019]
Train Iter:[39 /52] CauLoss:[1.2708], AdvLoss:[0.3200]
--------------------------------------------------------------------------------------------------------------------------------------------------------------------------------------------------------
Epoch:[5/100], CauAdvLoss:[1.3297/0.4037] valid:[67.24], test:[76.89]
--------------------------------------------------------------------------------------------------------------------------------------------------------------------------------------------------------
Train Iter:[0  /52] CauLoss:[1.7509], AdvLoss:[0.3946]
Train Iter:[13 /52] CauLoss:[1.3644], AdvLoss:[0.3531]
Train Iter:[26 /52] CauLoss:[1.3478], AdvLoss:[0.3573]
Train Iter:[39 /52] CauLoss:[1.3134], AdvLoss:[0.3429]
--------------------------------------------------------------------------------------------------------------------------------------------------------------------------------------------------------
Epoch:[6/100], CauAdvLoss:[1.3480/0.3198] valid:[67.82], test:[72.35]
--------------------------------------------------------------------------------------------------------------------------------------------------------------------------------------------------------
Train Iter:[0  /52] CauLoss:[1.2409], AdvLoss:[0.3389]
Train Iter:[13 /52] CauLoss:[1.3255], AdvLoss:[0.3419]
Train Iter:[26 /52] CauLoss:[1.3026], AdvLoss:[0.3431]
Train Iter:[39 /52] CauLoss:[1.2690], AdvLoss:[0.3321]
--------------------------------------------------------------------------------------------------------------------------------------------------------------------------------------------------------
Epoch:[7/100], CauAdvLoss:[1.3184/0.3224] valid:[69.84], test:[78.40]
--------------------------------------------------------------------------------------------------------------------------------------------------------------------------------------------------------
Train Iter:[0  /52] CauLoss:[1.2922], AdvLoss:[0.4051]
Train Iter:[13 /52] CauLoss:[1.3177], AdvLoss:[0.3405]
Train Iter:[26 /52] CauLoss:[1.3138], AdvLoss:[0.3929]
Train Iter:[39 /52] CauLoss:[1.2734], AdvLoss:[0.3613]
--------------------------------------------------------------------------------------------------------------------------------------------------------------------------------------------------------
Epoch:[8/100], CauAdvLoss:[1.2527/0.3476] valid:[69.44], test:[78.72]
--------------------------------------------------------------------------------------------------------------------------------------------------------------------------------------------------------
Train Iter:[0  /52] CauLoss:[1.1249], AdvLoss:[0.2598]
Train Iter:[13 /52] CauLoss:[1.1936], AdvLoss:[0.3485]
Train Iter:[26 /52] CauLoss:[1.1727], AdvLoss:[0.3132]
Train Iter:[39 /52] CauLoss:[1.1829], AdvLoss:[0.3158]
--------------------------------------------------------------------------------------------------------------------------------------------------------------------------------------------------------
Epoch:[9/100], CauAdvLoss:[1.2140/0.3313] valid:[61.16], test:[70.09]
--------------------------------------------------------------------------------------------------------------------------------------------------------------------------------------------------------
Train Iter:[0  /52] CauLoss:[1.2100], AdvLoss:[0.2592]
Train Iter:[13 /52] CauLoss:[1.2565], AdvLoss:[0.3261]
Train Iter:[26 /52] CauLoss:[1.2212], AdvLoss:[0.3138]
Train Iter:[39 /52] CauLoss:[1.2173], AdvLoss:[0.3245]
--------------------------------------------------------------------------------------------------------------------------------------------------------------------------------------------------------
Epoch:[10/100], CauAdvLoss:[1.1963/0.3420] valid:[72.20], test:[74.84]
--------------------------------------------------------------------------------------------------------------------------------------------------------------------------------------------------------
Train Iter:[0  /52] CauLoss:[1.8038], AdvLoss:[0.8237]
Train Iter:[13 /52] CauLoss:[1.1487], AdvLoss:[0.3135]
Train Iter:[26 /52] CauLoss:[1.1907], AdvLoss:[0.3433]
Train Iter:[39 /52] CauLoss:[1.1960], AdvLoss:[0.3220]
--------------------------------------------------------------------------------------------------------------------------------------------------------------------------------------------------------
Epoch:[11/100], CauAdvLoss:[1.1853/0.3137] valid:[73.27], test:[76.72]
--------------------------------------------------------------------------------------------------------------------------------------------------------------------------------------------------------
Train Iter:[0  /52] CauLoss:[0.9272], AdvLoss:[0.1284]
Train Iter:[13 /52] CauLoss:[1.1580], AdvLoss:[0.3647]
Train Iter:[26 /52] CauLoss:[1.1634], AdvLoss:[0.3264]
Train Iter:[39 /52] CauLoss:[1.1827], AdvLoss:[0.3357]
--------------------------------------------------------------------------------------------------------------------------------------------------------------------------------------------------------
Epoch:[12/100], CauAdvLoss:[1.1757/0.3233] valid:[63.59], test:[70.16]
--------------------------------------------------------------------------------------------------------------------------------------------------------------------------------------------------------
Train Iter:[0  /52] CauLoss:[1.0591], AdvLoss:[0.3108]
Train Iter:[13 /52] CauLoss:[1.1801], AdvLoss:[0.2951]
Train Iter:[26 /52] CauLoss:[1.1563], AdvLoss:[0.2855]
Train Iter:[39 /52] CauLoss:[1.1619], AdvLoss:[0.2884]
--------------------------------------------------------------------------------------------------------------------------------------------------------------------------------------------------------
Epoch:[13/100], CauAdvLoss:[1.1586/0.2833] valid:[67.97], test:[75.49]
--------------------------------------------------------------------------------------------------------------------------------------------------------------------------------------------------------
Train Iter:[0  /52] CauLoss:[0.9163], AdvLoss:[0.3058]
Train Iter:[13 /52] CauLoss:[1.1804], AdvLoss:[0.3044]
Train Iter:[26 /52] CauLoss:[1.1503], AdvLoss:[0.2849]
Train Iter:[39 /52] CauLoss:[1.1458], AdvLoss:[0.2938]
--------------------------------------------------------------------------------------------------------------------------------------------------------------------------------------------------------
Epoch:[14/100], CauAdvLoss:[1.1255/0.2871] valid:[69.62], test:[78.45]
--------------------------------------------------------------------------------------------------------------------------------------------------------------------------------------------------------
Train Iter:[0  /52] CauLoss:[1.3070], AdvLoss:[0.3935]
Train Iter:[13 /52] CauLoss:[1.1533], AdvLoss:[0.3054]
Train Iter:[26 /52] CauLoss:[1.1641], AdvLoss:[0.3148]
Train Iter:[39 /52] CauLoss:[1.1209], AdvLoss:[0.2854]
--------------------------------------------------------------------------------------------------------------------------------------------------------------------------------------------------------
Epoch:[15/100], CauAdvLoss:[1.1856/0.2852] valid:[70.41], test:[69.95]
--------------------------------------------------------------------------------------------------------------------------------------------------------------------------------------------------------
Train Iter:[0  /52] CauLoss:[1.0143], AdvLoss:[0.5114]
Train Iter:[13 /52] CauLoss:[1.3353], AdvLoss:[0.5403]
Train Iter:[26 /52] CauLoss:[1.2624], AdvLoss:[0.4492]
Train Iter:[39 /52] CauLoss:[1.2392], AdvLoss:[0.4513]
--------------------------------------------------------------------------------------------------------------------------------------------------------------------------------------------------------
Epoch:[16/100], CauAdvLoss:[1.2097/0.4237] valid:[70.11], test:[75.72]
--------------------------------------------------------------------------------------------------------------------------------------------------------------------------------------------------------
Train Iter:[0  /52] CauLoss:[1.0069], AdvLoss:[0.2344]
Train Iter:[13 /52] CauLoss:[1.0787], AdvLoss:[0.2657]
Train Iter:[26 /52] CauLoss:[1.1352], AdvLoss:[0.2939]
Train Iter:[39 /52] CauLoss:[1.1451], AdvLoss:[0.2968]
--------------------------------------------------------------------------------------------------------------------------------------------------------------------------------------------------------
Epoch:[17/100], CauAdvLoss:[1.1884/0.2921] valid:[71.44], test:[79.77]
--------------------------------------------------------------------------------------------------------------------------------------------------------------------------------------------------------
Train Iter:[0  /52] CauLoss:[1.0178], AdvLoss:[0.2356]
Train Iter:[13 /52] CauLoss:[1.1084], AdvLoss:[0.2776]
Train Iter:[26 /52] CauLoss:[1.1202], AdvLoss:[0.2792]
Train Iter:[39 /52] CauLoss:[1.1226], AdvLoss:[0.2744]
--------------------------------------------------------------------------------------------------------------------------------------------------------------------------------------------------------
Epoch:[18/100], CauAdvLoss:[1.1163/0.2730] valid:[73.62], test:[79.82]
--------------------------------------------------------------------------------------------------------------------------------------------------------------------------------------------------------
Train Iter:[0  /52] CauLoss:[1.4768], AdvLoss:[0.5188]
Train Iter:[13 /52] CauLoss:[1.0897], AdvLoss:[0.2993]
Train Iter:[26 /52] CauLoss:[1.0925], AdvLoss:[0.3048]
Train Iter:[39 /52] CauLoss:[1.0785], AdvLoss:[0.2886]
--------------------------------------------------------------------------------------------------------------------------------------------------------------------------------------------------------
Epoch:[19/100], CauAdvLoss:[1.0767/0.2787] valid:[68.97], test:[75.51]
--------------------------------------------------------------------------------------------------------------------------------------------------------------------------------------------------------
Train Iter:[0  /52] CauLoss:[1.2062], AdvLoss:[0.2745]
Train Iter:[13 /52] CauLoss:[1.0200], AdvLoss:[0.2415]
Train Iter:[26 /52] CauLoss:[1.0791], AdvLoss:[0.2834]
Train Iter:[39 /52] CauLoss:[1.0885], AdvLoss:[0.2838]
--------------------------------------------------------------------------------------------------------------------------------------------------------------------------------------------------------
Epoch:[20/100], CauAdvLoss:[1.1121/0.2874] valid:[72.47], test:[75.72]
--------------------------------------------------------------------------------------------------------------------------------------------------------------------------------------------------------
Train Iter:[0  /52] CauLoss:[1.5952], AdvLoss:[0.7861]
Train Iter:[13 /52] CauLoss:[1.0087], AdvLoss:[0.2294]
Train Iter:[26 /52] CauLoss:[1.1002], AdvLoss:[0.2873]
Train Iter:[39 /52] CauLoss:[1.0840], AdvLoss:[0.2628]
--------------------------------------------------------------------------------------------------------------------------------------------------------------------------------------------------------
Epoch:[21/100], CauAdvLoss:[1.1085/0.2866] valid:[66.33], test:[70.32]
--------------------------------------------------------------------------------------------------------------------------------------------------------------------------------------------------------
Train Iter:[0  /52] CauLoss:[0.8782], AdvLoss:[0.2184]
Train Iter:[13 /52] CauLoss:[1.1019], AdvLoss:[0.3167]
Train Iter:[26 /52] CauLoss:[1.1156], AdvLoss:[0.3421]
Train Iter:[39 /52] CauLoss:[1.1003], AdvLoss:[0.3042]
--------------------------------------------------------------------------------------------------------------------------------------------------------------------------------------------------------
Epoch:[22/100], CauAdvLoss:[1.1408/0.2880] valid:[75.33], test:[79.19]
--------------------------------------------------------------------------------------------------------------------------------------------------------------------------------------------------------
Train Iter:[0  /52] CauLoss:[1.0953], AdvLoss:[0.2817]
Train Iter:[13 /52] CauLoss:[1.0186], AdvLoss:[0.2473]
Train Iter:[26 /52] CauLoss:[1.0343], AdvLoss:[0.2537]
Train Iter:[39 /52] CauLoss:[1.0487], AdvLoss:[0.2546]
--------------------------------------------------------------------------------------------------------------------------------------------------------------------------------------------------------
Epoch:[23/100], CauAdvLoss:[1.0500/0.2617] valid:[70.63], test:[73.72]
--------------------------------------------------------------------------------------------------------------------------------------------------------------------------------------------------------
Train Iter:[0  /52] CauLoss:[1.0482], AdvLoss:[0.4064]
Train Iter:[13 /52] CauLoss:[1.1088], AdvLoss:[0.3337]
Train Iter:[26 /52] CauLoss:[1.0455], AdvLoss:[0.2707]
Train Iter:[39 /52] CauLoss:[1.0533], AdvLoss:[0.2748]
--------------------------------------------------------------------------------------------------------------------------------------------------------------------------------------------------------
Epoch:[24/100], CauAdvLoss:[1.1107/0.2989] valid:[69.40], test:[76.16]
--------------------------------------------------------------------------------------------------------------------------------------------------------------------------------------------------------
Train Iter:[0  /52] CauLoss:[0.9023], AdvLoss:[0.1802]
Train Iter:[13 /52] CauLoss:[1.0972], AdvLoss:[0.2650]
Train Iter:[26 /52] CauLoss:[1.1217], AdvLoss:[0.3384]
Train Iter:[39 /52] CauLoss:[1.1512], AdvLoss:[0.3535]
--------------------------------------------------------------------------------------------------------------------------------------------------------------------------------------------------------
Epoch:[25/100], CauAdvLoss:[1.1333/0.3314] valid:[71.60], test:[80.35]
--------------------------------------------------------------------------------------------------------------------------------------------------------------------------------------------------------
Train Iter:[0  /52] CauLoss:[1.1272], AdvLoss:[0.3407]
Train Iter:[13 /52] CauLoss:[1.0740], AdvLoss:[0.2528]
Train Iter:[26 /52] CauLoss:[1.0570], AdvLoss:[0.2501]
Train Iter:[39 /52] CauLoss:[1.0770], AdvLoss:[0.2709]
--------------------------------------------------------------------------------------------------------------------------------------------------------------------------------------------------------
Epoch:[26/100], CauAdvLoss:[1.0590/0.2587] valid:[73.23], test:[77.07]
--------------------------------------------------------------------------------------------------------------------------------------------------------------------------------------------------------
Train Iter:[0  /52] CauLoss:[0.9428], AdvLoss:[0.2156]
Train Iter:[13 /52] CauLoss:[1.0454], AdvLoss:[0.2492]
Train Iter:[26 /52] CauLoss:[1.0785], AdvLoss:[0.2920]
Train Iter:[39 /52] CauLoss:[1.0852], AdvLoss:[0.3071]
--------------------------------------------------------------------------------------------------------------------------------------------------------------------------------------------------------
Epoch:[27/100], CauAdvLoss:[1.0996/0.3089] valid:[72.85], test:[78.12]
--------------------------------------------------------------------------------------------------------------------------------------------------------------------------------------------------------
Train Iter:[0  /52] CauLoss:[0.9427], AdvLoss:[0.2097]
Train Iter:[13 /52] CauLoss:[1.0343], AdvLoss:[0.2339]
Train Iter:[26 /52] CauLoss:[1.0479], AdvLoss:[0.2481]
Train Iter:[39 /52] CauLoss:[1.0441], AdvLoss:[0.2497]
--------------------------------------------------------------------------------------------------------------------------------------------------------------------------------------------------------
Epoch:[28/100], CauAdvLoss:[1.0583/0.2618] valid:[72.65], test:[79.75]
--------------------------------------------------------------------------------------------------------------------------------------------------------------------------------------------------------
Train Iter:[0  /52] CauLoss:[0.9427], AdvLoss:[0.2598]
Train Iter:[13 /52] CauLoss:[1.0852], AdvLoss:[0.2640]
Train Iter:[26 /52] CauLoss:[1.1241], AdvLoss:[0.2824]
Train Iter:[39 /52] CauLoss:[1.0977], AdvLoss:[0.2653]
--------------------------------------------------------------------------------------------------------------------------------------------------------------------------------------------------------
Epoch:[29/100], CauAdvLoss:[1.1570/0.2568] valid:[72.73], test:[79.35]
--------------------------------------------------------------------------------------------------------------------------------------------------------------------------------------------------------
Train Iter:[0  /52] CauLoss:[0.7486], AdvLoss:[0.0927]
Train Iter:[13 /52] CauLoss:[1.0557], AdvLoss:[0.3041]
Train Iter:[26 /52] CauLoss:[1.0734], AdvLoss:[0.2782]
Train Iter:[39 /52] CauLoss:[1.0852], AdvLoss:[0.2729]
--------------------------------------------------------------------------------------------------------------------------------------------------------------------------------------------------------
Epoch:[30/100], CauAdvLoss:[1.1227/0.2845] valid:[68.65], test:[79.35]
--------------------------------------------------------------------------------------------------------------------------------------------------------------------------------------------------------
Train Iter:[0  /52] CauLoss:[1.1211], AdvLoss:[0.2780]
Train Iter:[13 /52] CauLoss:[1.1105], AdvLoss:[0.2224]
Train Iter:[26 /52] CauLoss:[1.0776], AdvLoss:[0.2469]
Train Iter:[39 /52] CauLoss:[1.0671], AdvLoss:[0.2586]
--------------------------------------------------------------------------------------------------------------------------------------------------------------------------------------------------------
Epoch:[31/100], CauAdvLoss:[1.0768/0.2656] valid:[73.56], test:[79.45]
--------------------------------------------------------------------------------------------------------------------------------------------------------------------------------------------------------
Train Iter:[0  /52] CauLoss:[1.1545], AdvLoss:[0.3524]
Train Iter:[13 /52] CauLoss:[1.0206], AdvLoss:[0.1992]
Train Iter:[26 /52] CauLoss:[1.0703], AdvLoss:[0.2277]
Train Iter:[39 /52] CauLoss:[1.0641], AdvLoss:[0.2358]
--------------------------------------------------------------------------------------------------------------------------------------------------------------------------------------------------------
Epoch:[32/100], CauAdvLoss:[1.0689/0.2489] valid:[72.73], test:[81.84]
--------------------------------------------------------------------------------------------------------------------------------------------------------------------------------------------------------
Train Iter:[0  /52] CauLoss:[0.8887], AdvLoss:[0.0360]
Train Iter:[13 /52] CauLoss:[1.0510], AdvLoss:[0.2961]
Train Iter:[26 /52] CauLoss:[1.0222], AdvLoss:[0.2540]
Train Iter:[39 /52] CauLoss:[1.0049], AdvLoss:[0.2570]
--------------------------------------------------------------------------------------------------------------------------------------------------------------------------------------------------------
Epoch:[33/100], CauAdvLoss:[1.0662/0.3059] valid:[72.20], test:[79.96]
--------------------------------------------------------------------------------------------------------------------------------------------------------------------------------------------------------
Train Iter:[0  /52] CauLoss:[1.0483], AdvLoss:[0.1721]
Train Iter:[13 /52] CauLoss:[1.0241], AdvLoss:[0.2071]
Train Iter:[26 /52] CauLoss:[1.0277], AdvLoss:[0.2305]
Train Iter:[39 /52] CauLoss:[1.0308], AdvLoss:[0.2481]
--------------------------------------------------------------------------------------------------------------------------------------------------------------------------------------------------------
Epoch:[34/100], CauAdvLoss:[1.0978/0.2610] valid:[75.03], test:[80.77]
--------------------------------------------------------------------------------------------------------------------------------------------------------------------------------------------------------
Train Iter:[0  /52] CauLoss:[1.1992], AdvLoss:[0.4820]
Train Iter:[13 /52] CauLoss:[1.0526], AdvLoss:[0.2554]
Train Iter:[26 /52] CauLoss:[1.0488], AdvLoss:[0.2497]
Train Iter:[39 /52] CauLoss:[1.0388], AdvLoss:[0.2367]
--------------------------------------------------------------------------------------------------------------------------------------------------------------------------------------------------------
Epoch:[35/100], CauAdvLoss:[1.0482/0.2388] valid:[72.33], test:[78.38]
--------------------------------------------------------------------------------------------------------------------------------------------------------------------------------------------------------
Train Iter:[0  /52] CauLoss:[0.8949], AdvLoss:[0.1498]
Train Iter:[13 /52] CauLoss:[0.9843], AdvLoss:[0.2594]
Train Iter:[26 /52] CauLoss:[0.9638], AdvLoss:[0.2459]
Train Iter:[39 /52] CauLoss:[1.0185], AdvLoss:[0.2632]
--------------------------------------------------------------------------------------------------------------------------------------------------------------------------------------------------------
Epoch:[36/100], CauAdvLoss:[1.0128/0.2613] valid:[71.96], test:[78.21]
--------------------------------------------------------------------------------------------------------------------------------------------------------------------------------------------------------
Train Iter:[0  /52] CauLoss:[0.7125], AdvLoss:[0.0776]
Train Iter:[13 /52] CauLoss:[1.0543], AdvLoss:[0.2775]
Train Iter:[26 /52] CauLoss:[1.0582], AdvLoss:[0.2725]
Train Iter:[39 /52] CauLoss:[1.0329], AdvLoss:[0.2505]
--------------------------------------------------------------------------------------------------------------------------------------------------------------------------------------------------------
Epoch:[37/100], CauAdvLoss:[1.0227/0.2476] valid:[70.31], test:[76.47]
--------------------------------------------------------------------------------------------------------------------------------------------------------------------------------------------------------
Train Iter:[0  /52] CauLoss:[0.7973], AdvLoss:[0.2039]
Train Iter:[13 /52] CauLoss:[1.0290], AdvLoss:[0.2387]
Train Iter:[26 /52] CauLoss:[1.0306], AdvLoss:[0.2516]
Train Iter:[39 /52] CauLoss:[1.0352], AdvLoss:[0.2552]
--------------------------------------------------------------------------------------------------------------------------------------------------------------------------------------------------------
Epoch:[38/100], CauAdvLoss:[1.0677/0.2563] valid:[74.04], test:[81.05]
--------------------------------------------------------------------------------------------------------------------------------------------------------------------------------------------------------
Train Iter:[0  /52] CauLoss:[0.9212], AdvLoss:[0.4155]
Train Iter:[13 /52] CauLoss:[1.0543], AdvLoss:[0.3008]
Train Iter:[26 /52] CauLoss:[1.0701], AdvLoss:[0.2757]
Train Iter:[39 /52] CauLoss:[1.0444], AdvLoss:[0.2542]
--------------------------------------------------------------------------------------------------------------------------------------------------------------------------------------------------------
Epoch:[39/100], CauAdvLoss:[1.0727/0.2539] valid:[73.52], test:[77.98]
--------------------------------------------------------------------------------------------------------------------------------------------------------------------------------------------------------
Train Iter:[0  /52] CauLoss:[0.9222], AdvLoss:[0.1686]
Train Iter:[13 /52] CauLoss:[1.0528], AdvLoss:[0.2689]
Train Iter:[26 /52] CauLoss:[1.0768], AdvLoss:[0.2574]
Train Iter:[39 /52] CauLoss:[1.0278], AdvLoss:[0.2272]
--------------------------------------------------------------------------------------------------------------------------------------------------------------------------------------------------------
Epoch:[40/100], CauAdvLoss:[1.0361/0.2317] valid:[74.40], test:[78.54]
--------------------------------------------------------------------------------------------------------------------------------------------------------------------------------------------------------
Train Iter:[0  /52] CauLoss:[1.2098], AdvLoss:[0.3528]
Train Iter:[13 /52] CauLoss:[0.9467], AdvLoss:[0.2292]
Train Iter:[26 /52] CauLoss:[1.1021], AdvLoss:[0.2903]
Train Iter:[39 /52] CauLoss:[1.0544], AdvLoss:[0.2500]
--------------------------------------------------------------------------------------------------------------------------------------------------------------------------------------------------------
Epoch:[41/100], CauAdvLoss:[1.0857/0.2557] valid:[74.04], test:[78.19]
--------------------------------------------------------------------------------------------------------------------------------------------------------------------------------------------------------
Train Iter:[0  /52] CauLoss:[0.8360], AdvLoss:[0.2257]
Train Iter:[13 /52] CauLoss:[1.0123], AdvLoss:[0.2237]
Train Iter:[26 /52] CauLoss:[0.9983], AdvLoss:[0.2241]
Train Iter:[39 /52] CauLoss:[0.9791], AdvLoss:[0.2152]
--------------------------------------------------------------------------------------------------------------------------------------------------------------------------------------------------------
Epoch:[42/100], CauAdvLoss:[0.9793/0.2171] valid:[69.76], test:[77.54]
--------------------------------------------------------------------------------------------------------------------------------------------------------------------------------------------------------
Train Iter:[0  /52] CauLoss:[0.9917], AdvLoss:[0.2697]
Train Iter:[13 /52] CauLoss:[1.0165], AdvLoss:[0.2428]
Train Iter:[26 /52] CauLoss:[1.0205], AdvLoss:[0.2271]
Train Iter:[39 /52] CauLoss:[1.0188], AdvLoss:[0.2203]
--------------------------------------------------------------------------------------------------------------------------------------------------------------------------------------------------------
Epoch:[43/100], CauAdvLoss:[1.0210/0.2211] valid:[72.14], test:[78.84]
--------------------------------------------------------------------------------------------------------------------------------------------------------------------------------------------------------
Train Iter:[0  /52] CauLoss:[1.6126], AdvLoss:[0.3776]
Train Iter:[13 /52] CauLoss:[0.9992], AdvLoss:[0.2086]
Train Iter:[26 /52] CauLoss:[0.9443], AdvLoss:[0.1944]
Train Iter:[39 /52] CauLoss:[0.9875], AdvLoss:[0.2336]
--------------------------------------------------------------------------------------------------------------------------------------------------------------------------------------------------------
Epoch:[44/100], CauAdvLoss:[1.0488/0.2753] valid:[73.82], test:[78.61]
--------------------------------------------------------------------------------------------------------------------------------------------------------------------------------------------------------
Train Iter:[0  /52] CauLoss:[1.0976], AdvLoss:[0.4513]
Train Iter:[13 /52] CauLoss:[1.0021], AdvLoss:[0.2344]
Train Iter:[26 /52] CauLoss:[0.9970], AdvLoss:[0.2515]
Train Iter:[39 /52] CauLoss:[0.9931], AdvLoss:[0.2426]
--------------------------------------------------------------------------------------------------------------------------------------------------------------------------------------------------------
Epoch:[45/100], CauAdvLoss:[1.0260/0.2717] valid:[75.98], test:[79.33]
--------------------------------------------------------------------------------------------------------------------------------------------------------------------------------------------------------
Train Iter:[0  /52] CauLoss:[0.9076], AdvLoss:[0.2356]
Train Iter:[13 /52] CauLoss:[0.9526], AdvLoss:[0.2024]
Train Iter:[26 /52] CauLoss:[0.9219], AdvLoss:[0.1887]
Train Iter:[39 /52] CauLoss:[0.9332], AdvLoss:[0.2008]
--------------------------------------------------------------------------------------------------------------------------------------------------------------------------------------------------------
Epoch:[46/100], CauAdvLoss:[1.0302/0.3023] valid:[68.09], test:[76.21]
--------------------------------------------------------------------------------------------------------------------------------------------------------------------------------------------------------
Train Iter:[0  /52] CauLoss:[0.8101], AdvLoss:[0.0441]
Train Iter:[13 /52] CauLoss:[1.0482], AdvLoss:[0.2746]
Train Iter:[26 /52] CauLoss:[1.0559], AdvLoss:[0.2503]
Train Iter:[39 /52] CauLoss:[1.0407], AdvLoss:[0.2441]
--------------------------------------------------------------------------------------------------------------------------------------------------------------------------------------------------------
Epoch:[47/100], CauAdvLoss:[1.0124/0.2248] valid:[72.39], test:[79.33]
--------------------------------------------------------------------------------------------------------------------------------------------------------------------------------------------------------
Train Iter:[0  /52] CauLoss:[0.9293], AdvLoss:[0.2103]
Train Iter:[13 /52] CauLoss:[0.9393], AdvLoss:[0.1961]
Train Iter:[26 /52] CauLoss:[0.9146], AdvLoss:[0.1906]
Train Iter:[39 /52] CauLoss:[0.9499], AdvLoss:[0.2087]
--------------------------------------------------------------------------------------------------------------------------------------------------------------------------------------------------------
Epoch:[48/100], CauAdvLoss:[0.9638/0.2047] valid:[72.14], test:[72.32]
--------------------------------------------------------------------------------------------------------------------------------------------------------------------------------------------------------
Train Iter:[0  /52] CauLoss:[0.7046], AdvLoss:[0.1240]
Train Iter:[13 /52] CauLoss:[0.9820], AdvLoss:[0.2072]
Train Iter:[26 /52] CauLoss:[0.9692], AdvLoss:[0.2276]
Train Iter:[39 /52] CauLoss:[0.9800], AdvLoss:[0.2403]
--------------------------------------------------------------------------------------------------------------------------------------------------------------------------------------------------------
Epoch:[49/100], CauAdvLoss:[1.0722/0.2704] valid:[71.66], test:[74.53]
--------------------------------------------------------------------------------------------------------------------------------------------------------------------------------------------------------
Train Iter:[0  /52] CauLoss:[1.2252], AdvLoss:[0.4484]
Train Iter:[13 /52] CauLoss:[0.9902], AdvLoss:[0.2385]
Train Iter:[26 /52] CauLoss:[1.0030], AdvLoss:[0.2252]
Train Iter:[39 /52] CauLoss:[1.0393], AdvLoss:[0.2431]
--------------------------------------------------------------------------------------------------------------------------------------------------------------------------------------------------------
Epoch:[50/100], CauAdvLoss:[1.0307/0.2370] valid:[73.92], test:[78.54]
--------------------------------------------------------------------------------------------------------------------------------------------------------------------------------------------------------
Train Iter:[0  /52] CauLoss:[0.7438], AdvLoss:[0.0936]
Train Iter:[13 /52] CauLoss:[0.9354], AdvLoss:[0.1961]
Train Iter:[26 /52] CauLoss:[0.9633], AdvLoss:[0.2037]
Train Iter:[39 /52] CauLoss:[0.9195], AdvLoss:[0.1801]
--------------------------------------------------------------------------------------------------------------------------------------------------------------------------------------------------------
Epoch:[51/100], CauAdvLoss:[0.9564/0.2100] valid:[75.15], test:[78.38]
--------------------------------------------------------------------------------------------------------------------------------------------------------------------------------------------------------
Train Iter:[0  /52] CauLoss:[1.0209], AdvLoss:[0.3172]
Train Iter:[13 /52] CauLoss:[0.9760], AdvLoss:[0.3124]
Train Iter:[26 /52] CauLoss:[0.9587], AdvLoss:[0.2532]
Train Iter:[39 /52] CauLoss:[0.9312], AdvLoss:[0.2191]
--------------------------------------------------------------------------------------------------------------------------------------------------------------------------------------------------------
Epoch:[52/100], CauAdvLoss:[0.9432/0.2117] valid:[72.35], test:[77.70]
--------------------------------------------------------------------------------------------------------------------------------------------------------------------------------------------------------
Train Iter:[0  /52] CauLoss:[0.6534], AdvLoss:[0.0655]
Train Iter:[13 /52] CauLoss:[0.8302], AdvLoss:[0.1354]
Train Iter:[26 /52] CauLoss:[0.8987], AdvLoss:[0.2202]
Train Iter:[39 /52] CauLoss:[0.9423], AdvLoss:[0.2303]
--------------------------------------------------------------------------------------------------------------------------------------------------------------------------------------------------------
Epoch:[53/100], CauAdvLoss:[0.9464/0.2160] valid:[72.99], test:[74.79]
--------------------------------------------------------------------------------------------------------------------------------------------------------------------------------------------------------
Train Iter:[0  /52] CauLoss:[1.2561], AdvLoss:[0.4892]
Train Iter:[13 /52] CauLoss:[0.9017], AdvLoss:[0.1775]
Train Iter:[26 /52] CauLoss:[0.9186], AdvLoss:[0.1882]
Train Iter:[39 /52] CauLoss:[0.9634], AdvLoss:[0.2067]
--------------------------------------------------------------------------------------------------------------------------------------------------------------------------------------------------------
Epoch:[54/100], CauAdvLoss:[1.0149/0.2002] valid:[72.63], test:[76.68]
--------------------------------------------------------------------------------------------------------------------------------------------------------------------------------------------------------
Train Iter:[0  /52] CauLoss:[0.7939], AdvLoss:[0.1988]
Train Iter:[13 /52] CauLoss:[0.9427], AdvLoss:[0.2025]
Train Iter:[26 /52] CauLoss:[0.9096], AdvLoss:[0.1766]
Train Iter:[39 /52] CauLoss:[0.9161], AdvLoss:[0.1780]
--------------------------------------------------------------------------------------------------------------------------------------------------------------------------------------------------------
Epoch:[55/100], CauAdvLoss:[0.9388/0.1887] valid:[75.56], test:[78.58]
--------------------------------------------------------------------------------------------------------------------------------------------------------------------------------------------------------
Train Iter:[0  /52] CauLoss:[1.2707], AdvLoss:[0.4497]
Train Iter:[13 /52] CauLoss:[0.9617], AdvLoss:[0.2641]
Train Iter:[26 /52] CauLoss:[0.9358], AdvLoss:[0.2235]
Train Iter:[39 /52] CauLoss:[0.9233], AdvLoss:[0.2079]
--------------------------------------------------------------------------------------------------------------------------------------------------------------------------------------------------------
Epoch:[56/100], CauAdvLoss:[0.9353/0.2167] valid:[71.78], test:[77.23]
--------------------------------------------------------------------------------------------------------------------------------------------------------------------------------------------------------
Train Iter:[0  /52] CauLoss:[1.2943], AdvLoss:[0.5926]
Train Iter:[13 /52] CauLoss:[0.9097], AdvLoss:[0.2456]
Train Iter:[26 /52] CauLoss:[0.9222], AdvLoss:[0.2167]
Train Iter:[39 /52] CauLoss:[0.9270], AdvLoss:[0.2087]
--------------------------------------------------------------------------------------------------------------------------------------------------------------------------------------------------------
Epoch:[57/100], CauAdvLoss:[1.0394/0.3141] valid:[74.81], test:[79.10]
--------------------------------------------------------------------------------------------------------------------------------------------------------------------------------------------------------
Train Iter:[0  /52] CauLoss:[0.9380], AdvLoss:[0.1004]
Train Iter:[13 /52] CauLoss:[0.9398], AdvLoss:[0.1772]
Train Iter:[26 /52] CauLoss:[0.9391], AdvLoss:[0.1818]
Train Iter:[39 /52] CauLoss:[0.9479], AdvLoss:[0.1875]
--------------------------------------------------------------------------------------------------------------------------------------------------------------------------------------------------------
Epoch:[58/100], CauAdvLoss:[0.9680/0.1985] valid:[76.32], test:[77.86]
--------------------------------------------------------------------------------------------------------------------------------------------------------------------------------------------------------
Train Iter:[0  /52] CauLoss:[0.8654], AdvLoss:[0.0364]
Train Iter:[13 /52] CauLoss:[0.9113], AdvLoss:[0.2020]
Train Iter:[26 /52] CauLoss:[0.8597], AdvLoss:[0.1754]
Train Iter:[39 /52] CauLoss:[0.8783], AdvLoss:[0.1794]
--------------------------------------------------------------------------------------------------------------------------------------------------------------------------------------------------------
Epoch:[59/100], CauAdvLoss:[0.8988/0.1841] valid:[72.79], test:[77.56]
--------------------------------------------------------------------------------------------------------------------------------------------------------------------------------------------------------
Train Iter:[0  /52] CauLoss:[1.1046], AdvLoss:[0.0948]
Train Iter:[13 /52] CauLoss:[0.9445], AdvLoss:[0.1561]
Train Iter:[26 /52] CauLoss:[0.9406], AdvLoss:[0.1721]
Train Iter:[39 /52] CauLoss:[0.9579], AdvLoss:[0.1842]
--------------------------------------------------------------------------------------------------------------------------------------------------------------------------------------------------------
Epoch:[60/100], CauAdvLoss:[0.9372/0.1707] valid:[73.54], test:[78.70]
--------------------------------------------------------------------------------------------------------------------------------------------------------------------------------------------------------
Train Iter:[0  /52] CauLoss:[0.9044], AdvLoss:[0.0422]
Train Iter:[13 /52] CauLoss:[0.9162], AdvLoss:[0.1946]
Train Iter:[26 /52] CauLoss:[0.8949], AdvLoss:[0.1865]
Train Iter:[39 /52] CauLoss:[0.8878], AdvLoss:[0.1832]
--------------------------------------------------------------------------------------------------------------------------------------------------------------------------------------------------------
Epoch:[61/100], CauAdvLoss:[0.9134/0.1816] valid:[72.06], test:[76.14]
--------------------------------------------------------------------------------------------------------------------------------------------------------------------------------------------------------
Train Iter:[0  /52] CauLoss:[0.8420], AdvLoss:[0.0678]
Train Iter:[13 /52] CauLoss:[0.8963], AdvLoss:[0.1551]
Train Iter:[26 /52] CauLoss:[0.9200], AdvLoss:[0.1605]
Train Iter:[39 /52] CauLoss:[0.9222], AdvLoss:[0.1756]
--------------------------------------------------------------------------------------------------------------------------------------------------------------------------------------------------------
Epoch:[62/100], CauAdvLoss:[0.9122/0.1709] valid:[78.40], test:[80.31]
--------------------------------------------------------------------------------------------------------------------------------------------------------------------------------------------------------
Train Iter:[0  /52] CauLoss:[0.6663], AdvLoss:[0.0727]
Train Iter:[13 /52] CauLoss:[0.9527], AdvLoss:[0.2003]
Train Iter:[26 /52] CauLoss:[0.9397], AdvLoss:[0.1838]
Train Iter:[39 /52] CauLoss:[0.9395], AdvLoss:[0.1975]
--------------------------------------------------------------------------------------------------------------------------------------------------------------------------------------------------------
Epoch:[63/100], CauAdvLoss:[0.9262/0.1903] valid:[73.11], test:[77.09]
--------------------------------------------------------------------------------------------------------------------------------------------------------------------------------------------------------
Train Iter:[0  /52] CauLoss:[0.8293], AdvLoss:[0.2613]
Train Iter:[13 /52] CauLoss:[0.8424], AdvLoss:[0.1413]
Train Iter:[26 /52] CauLoss:[0.8908], AdvLoss:[0.1701]
Train Iter:[39 /52] CauLoss:[0.8863], AdvLoss:[0.1704]
--------------------------------------------------------------------------------------------------------------------------------------------------------------------------------------------------------
Epoch:[64/100], CauAdvLoss:[0.9479/0.1698] valid:[76.48], test:[78.89]
--------------------------------------------------------------------------------------------------------------------------------------------------------------------------------------------------------
Train Iter:[0  /52] CauLoss:[1.4169], AdvLoss:[0.4887]
Train Iter:[13 /52] CauLoss:[0.9589], AdvLoss:[0.2677]
Train Iter:[26 /52] CauLoss:[0.9305], AdvLoss:[0.2042]
Train Iter:[39 /52] CauLoss:[0.9363], AdvLoss:[0.1945]
--------------------------------------------------------------------------------------------------------------------------------------------------------------------------------------------------------
Epoch:[65/100], CauAdvLoss:[0.9646/0.1831] valid:[73.03], test:[79.73]
--------------------------------------------------------------------------------------------------------------------------------------------------------------------------------------------------------
Train Iter:[0  /52] CauLoss:[0.8720], AdvLoss:[0.2592]
Train Iter:[13 /52] CauLoss:[0.8527], AdvLoss:[0.1657]
Train Iter:[26 /52] CauLoss:[0.8659], AdvLoss:[0.1606]
Train Iter:[39 /52] CauLoss:[0.8916], AdvLoss:[0.1729]
--------------------------------------------------------------------------------------------------------------------------------------------------------------------------------------------------------
Epoch:[66/100], CauAdvLoss:[0.8896/0.1739] valid:[75.76], test:[80.28]
--------------------------------------------------------------------------------------------------------------------------------------------------------------------------------------------------------
Train Iter:[0  /52] CauLoss:[0.8754], AdvLoss:[0.1714]
Train Iter:[13 /52] CauLoss:[0.9546], AdvLoss:[0.2193]
Train Iter:[26 /52] CauLoss:[0.9017], AdvLoss:[0.1884]
Train Iter:[39 /52] CauLoss:[0.8735], AdvLoss:[0.1731]
--------------------------------------------------------------------------------------------------------------------------------------------------------------------------------------------------------
Epoch:[67/100], CauAdvLoss:[0.9426/0.1666] valid:[74.87], test:[78.89]
--------------------------------------------------------------------------------------------------------------------------------------------------------------------------------------------------------
Train Iter:[0  /52] CauLoss:[0.8798], AdvLoss:[0.3088]
Train Iter:[13 /52] CauLoss:[0.8483], AdvLoss:[0.1523]
Train Iter:[26 /52] CauLoss:[0.8419], AdvLoss:[0.1565]
Train Iter:[39 /52] CauLoss:[0.8647], AdvLoss:[0.1625]
--------------------------------------------------------------------------------------------------------------------------------------------------------------------------------------------------------
Epoch:[68/100], CauAdvLoss:[0.8768/0.1691] valid:[73.52], test:[77.77]
--------------------------------------------------------------------------------------------------------------------------------------------------------------------------------------------------------
Train Iter:[0  /52] CauLoss:[0.7967], AdvLoss:[0.1286]
Train Iter:[13 /52] CauLoss:[0.8765], AdvLoss:[0.1413]
Train Iter:[26 /52] CauLoss:[0.9183], AdvLoss:[0.1500]
Train Iter:[39 /52] CauLoss:[0.8945], AdvLoss:[0.1567]
--------------------------------------------------------------------------------------------------------------------------------------------------------------------------------------------------------
Epoch:[69/100], CauAdvLoss:[0.9001/0.1604] valid:[73.19], test:[78.72]
--------------------------------------------------------------------------------------------------------------------------------------------------------------------------------------------------------
Train Iter:[0  /52] CauLoss:[0.7138], AdvLoss:[0.0179]
Train Iter:[13 /52] CauLoss:[0.8251], AdvLoss:[0.1339]
Train Iter:[26 /52] CauLoss:[0.8671], AdvLoss:[0.1564]
Train Iter:[39 /52] CauLoss:[0.8736], AdvLoss:[0.1633]
--------------------------------------------------------------------------------------------------------------------------------------------------------------------------------------------------------
Epoch:[70/100], CauAdvLoss:[0.8689/0.1641] valid:[75.51], test:[79.31]
--------------------------------------------------------------------------------------------------------------------------------------------------------------------------------------------------------
Train Iter:[0  /52] CauLoss:[0.8793], AdvLoss:[0.0738]
Train Iter:[13 /52] CauLoss:[0.8896], AdvLoss:[0.1928]
Train Iter:[26 /52] CauLoss:[0.8638], AdvLoss:[0.1725]
Train Iter:[39 /52] CauLoss:[0.8629], AdvLoss:[0.1689]
--------------------------------------------------------------------------------------------------------------------------------------------------------------------------------------------------------
Epoch:[71/100], CauAdvLoss:[0.8448/0.1536] valid:[74.10], test:[78.91]
--------------------------------------------------------------------------------------------------------------------------------------------------------------------------------------------------------
Train Iter:[0  /52] CauLoss:[1.3159], AdvLoss:[0.3628]
Train Iter:[13 /52] CauLoss:[0.8824], AdvLoss:[0.2061]
Train Iter:[26 /52] CauLoss:[0.8842], AdvLoss:[0.1876]
Train Iter:[39 /52] CauLoss:[0.8889], AdvLoss:[0.1754]
--------------------------------------------------------------------------------------------------------------------------------------------------------------------------------------------------------
Epoch:[72/100], CauAdvLoss:[0.8689/0.1611] valid:[76.30], test:[79.77]
--------------------------------------------------------------------------------------------------------------------------------------------------------------------------------------------------------
Train Iter:[0  /52] CauLoss:[0.6879], AdvLoss:[0.0297]
Train Iter:[13 /52] CauLoss:[0.8228], AdvLoss:[0.1218]
Train Iter:[26 /52] CauLoss:[0.8609], AdvLoss:[0.1511]
Train Iter:[39 /52] CauLoss:[0.8631], AdvLoss:[0.1552]
--------------------------------------------------------------------------------------------------------------------------------------------------------------------------------------------------------
Epoch:[73/100], CauAdvLoss:[0.8774/0.1616] valid:[76.40], test:[79.82]
--------------------------------------------------------------------------------------------------------------------------------------------------------------------------------------------------------
Train Iter:[0  /52] CauLoss:[0.7566], AdvLoss:[0.0395]
Train Iter:[13 /52] CauLoss:[0.8425], AdvLoss:[0.1591]
Train Iter:[26 /52] CauLoss:[0.8456], AdvLoss:[0.1535]
Train Iter:[39 /52] CauLoss:[0.8675], AdvLoss:[0.1682]
--------------------------------------------------------------------------------------------------------------------------------------------------------------------------------------------------------
Epoch:[74/100], CauAdvLoss:[0.8738/0.1676] valid:[76.69], test:[80.12]
--------------------------------------------------------------------------------------------------------------------------------------------------------------------------------------------------------
Train Iter:[0  /52] CauLoss:[0.8485], AdvLoss:[0.1293]
Train Iter:[13 /52] CauLoss:[0.8503], AdvLoss:[0.1616]
Train Iter:[26 /52] CauLoss:[0.8476], AdvLoss:[0.1474]
Train Iter:[39 /52] CauLoss:[0.8626], AdvLoss:[0.1532]
--------------------------------------------------------------------------------------------------------------------------------------------------------------------------------------------------------
Epoch:[75/100], CauAdvLoss:[0.8786/0.1592] valid:[73.94], test:[78.65]
--------------------------------------------------------------------------------------------------------------------------------------------------------------------------------------------------------
Train Iter:[0  /52] CauLoss:[0.7530], AdvLoss:[0.0788]
Train Iter:[13 /52] CauLoss:[0.8273], AdvLoss:[0.1318]
Train Iter:[26 /52] CauLoss:[0.8376], AdvLoss:[0.1458]
Train Iter:[39 /52] CauLoss:[0.8560], AdvLoss:[0.1610]
--------------------------------------------------------------------------------------------------------------------------------------------------------------------------------------------------------
Epoch:[76/100], CauAdvLoss:[0.8542/0.1570] valid:[76.83], test:[79.38]
--------------------------------------------------------------------------------------------------------------------------------------------------------------------------------------------------------
Train Iter:[0  /52] CauLoss:[0.7734], AdvLoss:[0.0971]
Train Iter:[13 /52] CauLoss:[0.7879], AdvLoss:[0.1442]
Train Iter:[26 /52] CauLoss:[0.8075], AdvLoss:[0.1554]
Train Iter:[39 /52] CauLoss:[0.8128], AdvLoss:[0.1584]
--------------------------------------------------------------------------------------------------------------------------------------------------------------------------------------------------------
Epoch:[77/100], CauAdvLoss:[0.8215/0.1587] valid:[74.36], test:[78.45]
--------------------------------------------------------------------------------------------------------------------------------------------------------------------------------------------------------
Train Iter:[0  /52] CauLoss:[0.6715], AdvLoss:[0.0207]
Train Iter:[13 /52] CauLoss:[0.8517], AdvLoss:[0.1673]
Train Iter:[26 /52] CauLoss:[0.8452], AdvLoss:[0.1589]
Train Iter:[39 /52] CauLoss:[0.8392], AdvLoss:[0.1671]
--------------------------------------------------------------------------------------------------------------------------------------------------------------------------------------------------------
Epoch:[78/100], CauAdvLoss:[0.8376/0.1559] valid:[74.91], test:[79.05]
--------------------------------------------------------------------------------------------------------------------------------------------------------------------------------------------------------
Train Iter:[0  /52] CauLoss:[0.8467], AdvLoss:[0.1967]
Train Iter:[13 /52] CauLoss:[0.7843], AdvLoss:[0.1382]
Train Iter:[26 /52] CauLoss:[0.8780], AdvLoss:[0.1632]
Train Iter:[39 /52] CauLoss:[0.8600], AdvLoss:[0.1652]
--------------------------------------------------------------------------------------------------------------------------------------------------------------------------------------------------------
Epoch:[79/100], CauAdvLoss:[0.8516/0.1589] valid:[77.78], test:[80.31]
--------------------------------------------------------------------------------------------------------------------------------------------------------------------------------------------------------
Train Iter:[0  /52] CauLoss:[1.0515], AdvLoss:[0.4614]
Train Iter:[13 /52] CauLoss:[0.8622], AdvLoss:[0.1756]
Train Iter:[26 /52] CauLoss:[0.8687], AdvLoss:[0.1605]
Train Iter:[39 /52] CauLoss:[0.8550], AdvLoss:[0.1607]
--------------------------------------------------------------------------------------------------------------------------------------------------------------------------------------------------------
Epoch:[80/100], CauAdvLoss:[0.9300/0.1554] valid:[77.29], test:[80.45]
--------------------------------------------------------------------------------------------------------------------------------------------------------------------------------------------------------
Train Iter:[0  /52] CauLoss:[0.7504], AdvLoss:[0.1130]
Train Iter:[13 /52] CauLoss:[0.7825], AdvLoss:[0.1471]
Train Iter:[26 /52] CauLoss:[0.8520], AdvLoss:[0.1656]
Train Iter:[39 /52] CauLoss:[0.8346], AdvLoss:[0.1566]
--------------------------------------------------------------------------------------------------------------------------------------------------------------------------------------------------------
Epoch:[81/100], CauAdvLoss:[0.8851/0.1513] valid:[75.58], test:[79.59]
--------------------------------------------------------------------------------------------------------------------------------------------------------------------------------------------------------
Train Iter:[0  /52] CauLoss:[0.6753], AdvLoss:[0.1867]
Train Iter:[13 /52] CauLoss:[0.8053], AdvLoss:[0.1553]
Train Iter:[26 /52] CauLoss:[0.8220], AdvLoss:[0.1357]
Train Iter:[39 /52] CauLoss:[0.8410], AdvLoss:[0.1412]
--------------------------------------------------------------------------------------------------------------------------------------------------------------------------------------------------------
Epoch:[82/100], CauAdvLoss:[0.8947/0.1486] valid:[76.75], test:[80.00]
--------------------------------------------------------------------------------------------------------------------------------------------------------------------------------------------------------
Train Iter:[0  /52] CauLoss:[0.6147], AdvLoss:[0.0244]
Train Iter:[13 /52] CauLoss:[0.8206], AdvLoss:[0.1596]
Train Iter:[26 /52] CauLoss:[0.8614], AdvLoss:[0.1499]
Train Iter:[39 /52] CauLoss:[0.8772], AdvLoss:[0.1612]
--------------------------------------------------------------------------------------------------------------------------------------------------------------------------------------------------------
Epoch:[83/100], CauAdvLoss:[0.8484/0.1445] valid:[73.52], test:[78.96]
--------------------------------------------------------------------------------------------------------------------------------------------------------------------------------------------------------
Train Iter:[0  /52] CauLoss:[0.8471], AdvLoss:[0.2115]
Train Iter:[13 /52] CauLoss:[0.8344], AdvLoss:[0.1475]
Train Iter:[26 /52] CauLoss:[0.8277], AdvLoss:[0.1332]
Train Iter:[39 /52] CauLoss:[0.8311], AdvLoss:[0.1414]
--------------------------------------------------------------------------------------------------------------------------------------------------------------------------------------------------------
Epoch:[84/100], CauAdvLoss:[0.8244/0.1423] valid:[76.28], test:[79.26]
--------------------------------------------------------------------------------------------------------------------------------------------------------------------------------------------------------
Train Iter:[0  /52] CauLoss:[1.1219], AdvLoss:[0.2017]
Train Iter:[13 /52] CauLoss:[0.8505], AdvLoss:[0.1324]
Train Iter:[26 /52] CauLoss:[0.8552], AdvLoss:[0.1408]
Train Iter:[39 /52] CauLoss:[0.8406], AdvLoss:[0.1415]
--------------------------------------------------------------------------------------------------------------------------------------------------------------------------------------------------------
Epoch:[85/100], CauAdvLoss:[0.8471/0.1451] valid:[75.03], test:[79.49]
--------------------------------------------------------------------------------------------------------------------------------------------------------------------------------------------------------
Train Iter:[0  /52] CauLoss:[0.8435], AdvLoss:[0.0345]
Train Iter:[13 /52] CauLoss:[0.8243], AdvLoss:[0.1182]
Train Iter:[26 /52] CauLoss:[0.8463], AdvLoss:[0.1505]
Train Iter:[39 /52] CauLoss:[0.8332], AdvLoss:[0.1377]
--------------------------------------------------------------------------------------------------------------------------------------------------------------------------------------------------------
Epoch:[86/100], CauAdvLoss:[0.9167/0.1467] valid:[76.54], test:[79.59]
--------------------------------------------------------------------------------------------------------------------------------------------------------------------------------------------------------
Train Iter:[0  /52] CauLoss:[0.9571], AdvLoss:[0.2611]
Train Iter:[13 /52] CauLoss:[0.8644], AdvLoss:[0.1695]
Train Iter:[26 /52] CauLoss:[0.8402], AdvLoss:[0.1525]
Train Iter:[39 /52] CauLoss:[0.8340], AdvLoss:[0.1388]
--------------------------------------------------------------------------------------------------------------------------------------------------------------------------------------------------------
Epoch:[87/100], CauAdvLoss:[0.8299/0.1467] valid:[75.78], test:[79.03]
--------------------------------------------------------------------------------------------------------------------------------------------------------------------------------------------------------
Train Iter:[0  /52] CauLoss:[0.7671], AdvLoss:[0.1418]
Train Iter:[13 /52] CauLoss:[0.7898], AdvLoss:[0.1472]
Train Iter:[26 /52] CauLoss:[0.8020], AdvLoss:[0.1552]
Train Iter:[39 /52] CauLoss:[0.8077], AdvLoss:[0.1576]
--------------------------------------------------------------------------------------------------------------------------------------------------------------------------------------------------------
Epoch:[88/100], CauAdvLoss:[0.8709/0.1477] valid:[77.67], test:[80.31]
--------------------------------------------------------------------------------------------------------------------------------------------------------------------------------------------------------
Train Iter:[0  /52] CauLoss:[0.8732], AdvLoss:[0.1063]
Train Iter:[13 /52] CauLoss:[0.8734], AdvLoss:[0.1506]
Train Iter:[26 /52] CauLoss:[0.8373], AdvLoss:[0.1423]
Train Iter:[39 /52] CauLoss:[0.8388], AdvLoss:[0.1518]
--------------------------------------------------------------------------------------------------------------------------------------------------------------------------------------------------------
Epoch:[89/100], CauAdvLoss:[0.9089/0.1440] valid:[76.44], test:[80.31]
--------------------------------------------------------------------------------------------------------------------------------------------------------------------------------------------------------
Train Iter:[0  /52] CauLoss:[0.8966], AdvLoss:[0.1500]
Train Iter:[13 /52] CauLoss:[0.8218], AdvLoss:[0.1415]
Train Iter:[26 /52] CauLoss:[0.7968], AdvLoss:[0.1317]
Train Iter:[39 /52] CauLoss:[0.8100], AdvLoss:[0.1362]
--------------------------------------------------------------------------------------------------------------------------------------------------------------------------------------------------------
Epoch:[90/100], CauAdvLoss:[0.8949/0.1451] valid:[75.39], test:[79.28]
--------------------------------------------------------------------------------------------------------------------------------------------------------------------------------------------------------
Train Iter:[0  /52] CauLoss:[0.7195], AdvLoss:[0.1093]
Train Iter:[13 /52] CauLoss:[0.7916], AdvLoss:[0.1148]
Train Iter:[26 /52] CauLoss:[0.8079], AdvLoss:[0.1252]
Train Iter:[39 /52] CauLoss:[0.8050], AdvLoss:[0.1289]
--------------------------------------------------------------------------------------------------------------------------------------------------------------------------------------------------------
Epoch:[91/100], CauAdvLoss:[0.8193/0.1375] valid:[75.25], test:[79.12]
--------------------------------------------------------------------------------------------------------------------------------------------------------------------------------------------------------
Train Iter:[0  /52] CauLoss:[0.7941], AdvLoss:[0.0551]
Train Iter:[13 /52] CauLoss:[0.8097], AdvLoss:[0.1369]
Train Iter:[26 /52] CauLoss:[0.8164], AdvLoss:[0.1375]
Train Iter:[39 /52] CauLoss:[0.8232], AdvLoss:[0.1341]
--------------------------------------------------------------------------------------------------------------------------------------------------------------------------------------------------------
Epoch:[92/100], CauAdvLoss:[0.8747/0.1630] valid:[77.13], test:[80.40]
--------------------------------------------------------------------------------------------------------------------------------------------------------------------------------------------------------
Train Iter:[0  /52] CauLoss:[0.6910], AdvLoss:[0.0861]
Train Iter:[13 /52] CauLoss:[0.8440], AdvLoss:[0.1786]
Train Iter:[26 /52] CauLoss:[0.8102], AdvLoss:[0.1461]
Train Iter:[39 /52] CauLoss:[0.8214], AdvLoss:[0.1411]
--------------------------------------------------------------------------------------------------------------------------------------------------------------------------------------------------------
Epoch:[93/100], CauAdvLoss:[0.8241/0.1447] valid:[76.56], test:[79.98]
--------------------------------------------------------------------------------------------------------------------------------------------------------------------------------------------------------
Train Iter:[0  /52] CauLoss:[0.9631], AdvLoss:[0.2329]
Train Iter:[13 /52] CauLoss:[0.8190], AdvLoss:[0.1318]
Train Iter:[26 /52] CauLoss:[0.8300], AdvLoss:[0.1347]
Train Iter:[39 /52] CauLoss:[0.8367], AdvLoss:[0.1393]
--------------------------------------------------------------------------------------------------------------------------------------------------------------------------------------------------------
Epoch:[94/100], CauAdvLoss:[0.8300/0.1399] valid:[76.71], test:[79.73]
--------------------------------------------------------------------------------------------------------------------------------------------------------------------------------------------------------
Train Iter:[0  /52] CauLoss:[0.7714], AdvLoss:[0.0269]
Train Iter:[13 /52] CauLoss:[0.8808], AdvLoss:[0.1476]
Train Iter:[26 /52] CauLoss:[0.8498], AdvLoss:[0.1351]
Train Iter:[39 /52] CauLoss:[0.8352], AdvLoss:[0.1305]
--------------------------------------------------------------------------------------------------------------------------------------------------------------------------------------------------------
Epoch:[95/100], CauAdvLoss:[0.8365/0.1313] valid:[74.99], test:[79.42]
--------------------------------------------------------------------------------------------------------------------------------------------------------------------------------------------------------
Train Iter:[0  /52] CauLoss:[0.9857], AdvLoss:[0.0953]
Train Iter:[13 /52] CauLoss:[0.7939], AdvLoss:[0.1250]
Train Iter:[26 /52] CauLoss:[0.8133], AdvLoss:[0.1296]
Train Iter:[39 /52] CauLoss:[0.8067], AdvLoss:[0.1370]
--------------------------------------------------------------------------------------------------------------------------------------------------------------------------------------------------------
Epoch:[96/100], CauAdvLoss:[0.8866/0.1593] valid:[76.30], test:[80.07]
--------------------------------------------------------------------------------------------------------------------------------------------------------------------------------------------------------
Train Iter:[0  /52] CauLoss:[0.7920], AdvLoss:[0.1753]
Train Iter:[13 /52] CauLoss:[0.7876], AdvLoss:[0.1151]
Train Iter:[26 /52] CauLoss:[0.7873], AdvLoss:[0.1151]
Train Iter:[39 /52] CauLoss:[0.7872], AdvLoss:[0.1323]
--------------------------------------------------------------------------------------------------------------------------------------------------------------------------------------------------------
Epoch:[97/100], CauAdvLoss:[0.8207/0.1434] valid:[76.67], test:[79.82]
--------------------------------------------------------------------------------------------------------------------------------------------------------------------------------------------------------
Train Iter:[0  /52] CauLoss:[0.7658], AdvLoss:[0.2071]
Train Iter:[13 /52] CauLoss:[0.7927], AdvLoss:[0.1046]
Train Iter:[26 /52] CauLoss:[0.8131], AdvLoss:[0.1292]
Train Iter:[39 /52] CauLoss:[0.8257], AdvLoss:[0.1520]
--------------------------------------------------------------------------------------------------------------------------------------------------------------------------------------------------------
Epoch:[98/100], CauAdvLoss:[0.8574/0.1379] valid:[77.29], test:[80.31]
--------------------------------------------------------------------------------------------------------------------------------------------------------------------------------------------------------
Train Iter:[0  /52] CauLoss:[0.6941], AdvLoss:[0.1070]
Train Iter:[13 /52] CauLoss:[0.9125], AdvLoss:[0.1841]
Train Iter:[26 /52] CauLoss:[0.8518], AdvLoss:[0.1469]
Train Iter:[39 /52] CauLoss:[0.8562], AdvLoss:[0.1479]
--------------------------------------------------------------------------------------------------------------------------------------------------------------------------------------------------------
Epoch:[99/100], CauAdvLoss:[0.8384/0.1390] valid:[75.53], test:[79.26]
--------------------------------------------------------------------------------------------------------------------------------------------------------------------------------------------------------
Train Iter:[0  /52] CauLoss:[0.7747], AdvLoss:[0.0570]
Train Iter:[13 /52] CauLoss:[0.8351], AdvLoss:[0.1416]
Train Iter:[26 /52] CauLoss:[0.8167], AdvLoss:[0.1392]
Train Iter:[39 /52] CauLoss:[0.8204], AdvLoss:[0.1397]
--------------------------------------------------------------------------------------------------------------------------------------------------------------------------------------------------------
Epoch:[100/100], CauAdvLoss:[0.8119/0.1320] valid:[75.82], test:[79.07]
--------------------------------------------------------------------------------------------------------------------------------------------------------------------------------------------------------
Update test:[80.31] at epoch:[62] | Total time:00:03:25
initialize network with kaiming
Train Iter:[0  /52] CauLoss:[3.0838], AdvLoss:[-59.0628]
Train Iter:[13 /52] CauLoss:[1.9262], AdvLoss:[-1.2235]
Train Iter:[26 /52] CauLoss:[1.7536], AdvLoss:[-0.3689]
Train Iter:[39 /52] CauLoss:[1.6696], AdvLoss:[-0.1264]
--------------------------------------------------------------------------------------------------------------------------------------------------------------------------------------------------------
Epoch:[1/100], CauAdvLoss:[1.6230/-0.0157] valid:[68.20], test:[66.71]
--------------------------------------------------------------------------------------------------------------------------------------------------------------------------------------------------------
Train Iter:[0  /52] CauLoss:[1.6393], AdvLoss:[0.4792]
Train Iter:[13 /52] CauLoss:[1.5345], AdvLoss:[0.4320]
Train Iter:[26 /52] CauLoss:[1.4981], AdvLoss:[0.4195]
Train Iter:[39 /52] CauLoss:[1.4599], AdvLoss:[0.3982]
--------------------------------------------------------------------------------------------------------------------------------------------------------------------------------------------------------
Epoch:[2/100], CauAdvLoss:[1.4446/0.4011] valid:[69.82], test:[67.04]
--------------------------------------------------------------------------------------------------------------------------------------------------------------------------------------------------------
Train Iter:[0  /52] CauLoss:[1.5545], AdvLoss:[0.2777]
Train Iter:[13 /52] CauLoss:[1.4346], AdvLoss:[0.3971]
Train Iter:[26 /52] CauLoss:[1.4064], AdvLoss:[0.3761]
Train Iter:[39 /52] CauLoss:[1.3947], AdvLoss:[0.3752]
--------------------------------------------------------------------------------------------------------------------------------------------------------------------------------------------------------
Epoch:[3/100], CauAdvLoss:[1.3898/0.3772] valid:[75.13], test:[73.79]
--------------------------------------------------------------------------------------------------------------------------------------------------------------------------------------------------------
Train Iter:[0  /52] CauLoss:[1.3203], AdvLoss:[0.3281]
Train Iter:[13 /52] CauLoss:[1.3289], AdvLoss:[0.3587]
Train Iter:[26 /52] CauLoss:[1.3784], AdvLoss:[0.4260]
Train Iter:[39 /52] CauLoss:[1.3574], AdvLoss:[0.4097]
--------------------------------------------------------------------------------------------------------------------------------------------------------------------------------------------------------
Epoch:[4/100], CauAdvLoss:[1.3305/0.3950] valid:[79.07], test:[71.43]
--------------------------------------------------------------------------------------------------------------------------------------------------------------------------------------------------------
Train Iter:[0  /52] CauLoss:[1.0839], AdvLoss:[0.1956]
Train Iter:[13 /52] CauLoss:[1.4110], AdvLoss:[0.4214]
Train Iter:[26 /52] CauLoss:[1.3682], AdvLoss:[0.3810]
Train Iter:[39 /52] CauLoss:[1.3333], AdvLoss:[0.3590]
--------------------------------------------------------------------------------------------------------------------------------------------------------------------------------------------------------
Epoch:[5/100], CauAdvLoss:[1.3036/0.3823] valid:[72.99], test:[67.04]
--------------------------------------------------------------------------------------------------------------------------------------------------------------------------------------------------------
Train Iter:[0  /52] CauLoss:[1.0929], AdvLoss:[0.5354]
Train Iter:[13 /52] CauLoss:[1.2028], AdvLoss:[0.3904]
Train Iter:[26 /52] CauLoss:[1.2665], AdvLoss:[0.3927]
Train Iter:[39 /52] CauLoss:[1.2789], AdvLoss:[0.3906]
--------------------------------------------------------------------------------------------------------------------------------------------------------------------------------------------------------
Epoch:[6/100], CauAdvLoss:[1.2826/0.4041] valid:[73.60], test:[67.58]
--------------------------------------------------------------------------------------------------------------------------------------------------------------------------------------------------------
Train Iter:[0  /52] CauLoss:[1.0497], AdvLoss:[0.2961]
Train Iter:[13 /52] CauLoss:[1.1922], AdvLoss:[0.3054]
Train Iter:[26 /52] CauLoss:[1.2106], AdvLoss:[0.3324]
Train Iter:[39 /52] CauLoss:[1.2776], AdvLoss:[0.3690]
--------------------------------------------------------------------------------------------------------------------------------------------------------------------------------------------------------
Epoch:[7/100], CauAdvLoss:[1.2524/0.3487] valid:[77.89], test:[71.84]
--------------------------------------------------------------------------------------------------------------------------------------------------------------------------------------------------------
Train Iter:[0  /52] CauLoss:[0.9602], AdvLoss:[0.2410]
Train Iter:[13 /52] CauLoss:[1.1974], AdvLoss:[0.3392]
Train Iter:[26 /52] CauLoss:[1.2063], AdvLoss:[0.3381]
Train Iter:[39 /52] CauLoss:[1.2221], AdvLoss:[0.3545]
--------------------------------------------------------------------------------------------------------------------------------------------------------------------------------------------------------
Epoch:[8/100], CauAdvLoss:[1.2411/0.3559] valid:[77.84], test:[70.10]
--------------------------------------------------------------------------------------------------------------------------------------------------------------------------------------------------------
Train Iter:[0  /52] CauLoss:[1.1981], AdvLoss:[0.3383]
Train Iter:[13 /52] CauLoss:[1.2893], AdvLoss:[0.3272]
Train Iter:[26 /52] CauLoss:[1.2444], AdvLoss:[0.3285]
Train Iter:[39 /52] CauLoss:[1.2397], AdvLoss:[0.3305]
--------------------------------------------------------------------------------------------------------------------------------------------------------------------------------------------------------
Epoch:[9/100], CauAdvLoss:[1.2260/0.3537] valid:[72.12], test:[68.58]
--------------------------------------------------------------------------------------------------------------------------------------------------------------------------------------------------------
Train Iter:[0  /52] CauLoss:[1.2241], AdvLoss:[0.3466]
Train Iter:[13 /52] CauLoss:[1.2392], AdvLoss:[0.3838]
Train Iter:[26 /52] CauLoss:[1.1881], AdvLoss:[0.3820]
Train Iter:[39 /52] CauLoss:[1.2084], AdvLoss:[0.3695]
--------------------------------------------------------------------------------------------------------------------------------------------------------------------------------------------------------
Epoch:[10/100], CauAdvLoss:[1.1873/0.3468] valid:[73.45], test:[66.25]
--------------------------------------------------------------------------------------------------------------------------------------------------------------------------------------------------------
Train Iter:[0  /52] CauLoss:[1.1482], AdvLoss:[0.3187]
Train Iter:[13 /52] CauLoss:[1.2522], AdvLoss:[0.3372]
Train Iter:[26 /52] CauLoss:[1.2069], AdvLoss:[0.3228]
Train Iter:[39 /52] CauLoss:[1.2132], AdvLoss:[0.3220]
--------------------------------------------------------------------------------------------------------------------------------------------------------------------------------------------------------
Epoch:[11/100], CauAdvLoss:[1.2136/0.3377] valid:[77.55], test:[72.64]
--------------------------------------------------------------------------------------------------------------------------------------------------------------------------------------------------------
Train Iter:[0  /52] CauLoss:[1.1329], AdvLoss:[0.2879]
Train Iter:[13 /52] CauLoss:[1.1344], AdvLoss:[0.3998]
Train Iter:[26 /52] CauLoss:[1.1319], AdvLoss:[0.3459]
Train Iter:[39 /52] CauLoss:[1.1717], AdvLoss:[0.3512]
--------------------------------------------------------------------------------------------------------------------------------------------------------------------------------------------------------
Epoch:[12/100], CauAdvLoss:[1.1684/0.3314] valid:[72.20], test:[67.64]
--------------------------------------------------------------------------------------------------------------------------------------------------------------------------------------------------------
Train Iter:[0  /52] CauLoss:[1.0987], AdvLoss:[0.2493]
Train Iter:[13 /52] CauLoss:[1.1665], AdvLoss:[0.2925]
Train Iter:[26 /52] CauLoss:[1.1479], AdvLoss:[0.3108]
Train Iter:[39 /52] CauLoss:[1.1740], AdvLoss:[0.3239]
--------------------------------------------------------------------------------------------------------------------------------------------------------------------------------------------------------
Epoch:[13/100], CauAdvLoss:[1.1690/0.3155] valid:[79.82], test:[77.14]
--------------------------------------------------------------------------------------------------------------------------------------------------------------------------------------------------------
Train Iter:[0  /52] CauLoss:[1.1495], AdvLoss:[0.3798]
Train Iter:[13 /52] CauLoss:[1.1833], AdvLoss:[0.3169]
Train Iter:[26 /52] CauLoss:[1.1531], AdvLoss:[0.3019]
Train Iter:[39 /52] CauLoss:[1.1717], AdvLoss:[0.3088]
--------------------------------------------------------------------------------------------------------------------------------------------------------------------------------------------------------
Epoch:[14/100], CauAdvLoss:[1.1632/0.2942] valid:[77.73], test:[68.67]
--------------------------------------------------------------------------------------------------------------------------------------------------------------------------------------------------------
Train Iter:[0  /52] CauLoss:[1.2068], AdvLoss:[0.3275]
Train Iter:[13 /52] CauLoss:[1.2359], AdvLoss:[0.3824]
Train Iter:[26 /52] CauLoss:[1.1896], AdvLoss:[0.3521]
Train Iter:[39 /52] CauLoss:[1.1687], AdvLoss:[0.3623]
--------------------------------------------------------------------------------------------------------------------------------------------------------------------------------------------------------
Epoch:[15/100], CauAdvLoss:[1.1725/0.3853] valid:[80.56], test:[75.81]
--------------------------------------------------------------------------------------------------------------------------------------------------------------------------------------------------------
Train Iter:[0  /52] CauLoss:[1.2423], AdvLoss:[0.4425]
Train Iter:[13 /52] CauLoss:[1.1390], AdvLoss:[0.3006]
Train Iter:[26 /52] CauLoss:[1.1715], AdvLoss:[0.3037]
Train Iter:[39 /52] CauLoss:[1.1341], AdvLoss:[0.2835]
--------------------------------------------------------------------------------------------------------------------------------------------------------------------------------------------------------
Epoch:[16/100], CauAdvLoss:[1.1251/0.2748] valid:[77.98], test:[72.47]
--------------------------------------------------------------------------------------------------------------------------------------------------------------------------------------------------------
Train Iter:[0  /52] CauLoss:[1.2950], AdvLoss:[0.3234]
Train Iter:[13 /52] CauLoss:[1.1427], AdvLoss:[0.3109]
Train Iter:[26 /52] CauLoss:[1.1041], AdvLoss:[0.2799]
Train Iter:[39 /52] CauLoss:[1.1270], AdvLoss:[0.2835]
--------------------------------------------------------------------------------------------------------------------------------------------------------------------------------------------------------
Epoch:[17/100], CauAdvLoss:[1.1804/0.2904] valid:[79.29], test:[71.32]
--------------------------------------------------------------------------------------------------------------------------------------------------------------------------------------------------------
Train Iter:[0  /52] CauLoss:[0.8418], AdvLoss:[0.1277]
Train Iter:[13 /52] CauLoss:[1.0696], AdvLoss:[0.2548]
Train Iter:[26 /52] CauLoss:[1.1370], AdvLoss:[0.2843]
Train Iter:[39 /52] CauLoss:[1.1406], AdvLoss:[0.2770]
--------------------------------------------------------------------------------------------------------------------------------------------------------------------------------------------------------
Epoch:[18/100], CauAdvLoss:[1.1371/0.2685] valid:[79.10], test:[70.66]
--------------------------------------------------------------------------------------------------------------------------------------------------------------------------------------------------------
Train Iter:[0  /52] CauLoss:[1.2207], AdvLoss:[0.3260]
Train Iter:[13 /52] CauLoss:[1.2163], AdvLoss:[0.3463]
Train Iter:[26 /52] CauLoss:[1.1724], AdvLoss:[0.3050]
Train Iter:[39 /52] CauLoss:[1.1395], AdvLoss:[0.2869]
--------------------------------------------------------------------------------------------------------------------------------------------------------------------------------------------------------
Epoch:[19/100], CauAdvLoss:[1.1065/0.2702] valid:[75.51], test:[69.36]
--------------------------------------------------------------------------------------------------------------------------------------------------------------------------------------------------------
Train Iter:[0  /52] CauLoss:[1.0416], AdvLoss:[0.2609]
Train Iter:[13 /52] CauLoss:[1.1078], AdvLoss:[0.2625]
Train Iter:[26 /52] CauLoss:[1.1029], AdvLoss:[0.2558]
Train Iter:[39 /52] CauLoss:[1.0872], AdvLoss:[0.2660]
--------------------------------------------------------------------------------------------------------------------------------------------------------------------------------------------------------
Epoch:[20/100], CauAdvLoss:[1.1000/0.2685] valid:[83.82], test:[77.77]
--------------------------------------------------------------------------------------------------------------------------------------------------------------------------------------------------------
Train Iter:[0  /52] CauLoss:[1.1198], AdvLoss:[0.4199]
Train Iter:[13 /52] CauLoss:[1.1143], AdvLoss:[0.3168]
Train Iter:[26 /52] CauLoss:[1.1125], AdvLoss:[0.3208]
Train Iter:[39 /52] CauLoss:[1.1062], AdvLoss:[0.3220]
--------------------------------------------------------------------------------------------------------------------------------------------------------------------------------------------------------
Epoch:[21/100], CauAdvLoss:[1.1100/0.3059] valid:[78.51], test:[74.19]
--------------------------------------------------------------------------------------------------------------------------------------------------------------------------------------------------------
Train Iter:[0  /52] CauLoss:[0.9321], AdvLoss:[0.2306]
Train Iter:[13 /52] CauLoss:[0.9927], AdvLoss:[0.2383]
Train Iter:[26 /52] CauLoss:[1.0456], AdvLoss:[0.2803]
Train Iter:[39 /52] CauLoss:[1.0803], AdvLoss:[0.3014]
--------------------------------------------------------------------------------------------------------------------------------------------------------------------------------------------------------
Epoch:[22/100], CauAdvLoss:[1.1032/0.3174] valid:[82.62], test:[78.94]
--------------------------------------------------------------------------------------------------------------------------------------------------------------------------------------------------------
Train Iter:[0  /52] CauLoss:[1.0548], AdvLoss:[0.3604]
Train Iter:[13 /52] CauLoss:[1.1169], AdvLoss:[0.3486]
Train Iter:[26 /52] CauLoss:[1.1172], AdvLoss:[0.3185]
Train Iter:[39 /52] CauLoss:[1.1020], AdvLoss:[0.2960]
--------------------------------------------------------------------------------------------------------------------------------------------------------------------------------------------------------
Epoch:[23/100], CauAdvLoss:[1.0920/0.2910] valid:[83.16], test:[77.77]
--------------------------------------------------------------------------------------------------------------------------------------------------------------------------------------------------------
Train Iter:[0  /52] CauLoss:[1.2329], AdvLoss:[0.5918]
Train Iter:[13 /52] CauLoss:[1.1278], AdvLoss:[0.3561]
Train Iter:[26 /52] CauLoss:[1.0968], AdvLoss:[0.3386]
Train Iter:[39 /52] CauLoss:[1.0801], AdvLoss:[0.3131]
--------------------------------------------------------------------------------------------------------------------------------------------------------------------------------------------------------
Epoch:[24/100], CauAdvLoss:[1.1084/0.3048] valid:[81.10], test:[77.94]
--------------------------------------------------------------------------------------------------------------------------------------------------------------------------------------------------------
Train Iter:[0  /52] CauLoss:[0.9872], AdvLoss:[0.2133]
Train Iter:[13 /52] CauLoss:[1.0176], AdvLoss:[0.2571]
Train Iter:[26 /52] CauLoss:[1.0480], AdvLoss:[0.2512]
Train Iter:[39 /52] CauLoss:[1.0831], AdvLoss:[0.2652]
--------------------------------------------------------------------------------------------------------------------------------------------------------------------------------------------------------
Epoch:[25/100], CauAdvLoss:[1.1531/0.2595] valid:[80.60], test:[78.16]
--------------------------------------------------------------------------------------------------------------------------------------------------------------------------------------------------------
Train Iter:[0  /52] CauLoss:[0.9847], AdvLoss:[0.2035]
Train Iter:[13 /52] CauLoss:[1.0468], AdvLoss:[0.2534]
Train Iter:[26 /52] CauLoss:[1.0605], AdvLoss:[0.2621]
Train Iter:[39 /52] CauLoss:[1.0875], AdvLoss:[0.2604]
--------------------------------------------------------------------------------------------------------------------------------------------------------------------------------------------------------
Epoch:[26/100], CauAdvLoss:[1.0710/0.2546] valid:[71.93], test:[65.95]
--------------------------------------------------------------------------------------------------------------------------------------------------------------------------------------------------------
Train Iter:[0  /52] CauLoss:[0.8013], AdvLoss:[0.1941]
Train Iter:[13 /52] CauLoss:[1.0577], AdvLoss:[0.2487]
Train Iter:[26 /52] CauLoss:[1.0446], AdvLoss:[0.2474]
Train Iter:[39 /52] CauLoss:[1.0707], AdvLoss:[0.2586]
--------------------------------------------------------------------------------------------------------------------------------------------------------------------------------------------------------
Epoch:[27/100], CauAdvLoss:[1.1491/0.2665] valid:[79.02], test:[72.12]
--------------------------------------------------------------------------------------------------------------------------------------------------------------------------------------------------------
Train Iter:[0  /52] CauLoss:[0.8633], AdvLoss:[0.1633]
Train Iter:[13 /52] CauLoss:[1.0496], AdvLoss:[0.2429]
Train Iter:[26 /52] CauLoss:[1.0823], AdvLoss:[0.2631]
Train Iter:[39 /52] CauLoss:[1.0725], AdvLoss:[0.2596]
--------------------------------------------------------------------------------------------------------------------------------------------------------------------------------------------------------
Epoch:[28/100], CauAdvLoss:[1.0540/0.2436] valid:[81.36], test:[78.34]
--------------------------------------------------------------------------------------------------------------------------------------------------------------------------------------------------------
Train Iter:[0  /52] CauLoss:[0.9164], AdvLoss:[0.1637]
Train Iter:[13 /52] CauLoss:[1.0476], AdvLoss:[0.2369]
Train Iter:[26 /52] CauLoss:[1.0580], AdvLoss:[0.2873]
Train Iter:[39 /52] CauLoss:[1.0623], AdvLoss:[0.3271]
--------------------------------------------------------------------------------------------------------------------------------------------------------------------------------------------------------
Epoch:[29/100], CauAdvLoss:[1.1138/0.3113] valid:[77.60], test:[77.18]
--------------------------------------------------------------------------------------------------------------------------------------------------------------------------------------------------------
Train Iter:[0  /52] CauLoss:[1.4728], AdvLoss:[0.3883]
Train Iter:[13 /52] CauLoss:[1.1490], AdvLoss:[0.2818]
Train Iter:[26 /52] CauLoss:[1.1088], AdvLoss:[0.2764]
Train Iter:[39 /52] CauLoss:[1.0889], AdvLoss:[0.2641]
--------------------------------------------------------------------------------------------------------------------------------------------------------------------------------------------------------
Epoch:[30/100], CauAdvLoss:[1.0941/0.2722] valid:[79.68], test:[75.55]
--------------------------------------------------------------------------------------------------------------------------------------------------------------------------------------------------------
Train Iter:[0  /52] CauLoss:[0.7080], AdvLoss:[0.0848]
Train Iter:[13 /52] CauLoss:[1.0504], AdvLoss:[0.2317]
Train Iter:[26 /52] CauLoss:[1.0694], AdvLoss:[0.2461]
Train Iter:[39 /52] CauLoss:[1.0584], AdvLoss:[0.2453]
--------------------------------------------------------------------------------------------------------------------------------------------------------------------------------------------------------
Epoch:[31/100], CauAdvLoss:[1.0986/0.2442] valid:[80.22], test:[76.68]
--------------------------------------------------------------------------------------------------------------------------------------------------------------------------------------------------------
Train Iter:[0  /52] CauLoss:[0.8878], AdvLoss:[0.1250]
Train Iter:[13 /52] CauLoss:[0.9840], AdvLoss:[0.2108]
Train Iter:[26 /52] CauLoss:[1.0475], AdvLoss:[0.2385]
Train Iter:[39 /52] CauLoss:[1.0404], AdvLoss:[0.2366]
--------------------------------------------------------------------------------------------------------------------------------------------------------------------------------------------------------
Epoch:[32/100], CauAdvLoss:[1.0713/0.2415] valid:[78.72], test:[75.16]
--------------------------------------------------------------------------------------------------------------------------------------------------------------------------------------------------------
Train Iter:[0  /52] CauLoss:[1.0093], AdvLoss:[0.3545]
Train Iter:[13 /52] CauLoss:[1.0640], AdvLoss:[0.2687]
Train Iter:[26 /52] CauLoss:[1.0553], AdvLoss:[0.2566]
Train Iter:[39 /52] CauLoss:[1.0605], AdvLoss:[0.2549]
--------------------------------------------------------------------------------------------------------------------------------------------------------------------------------------------------------
Epoch:[33/100], CauAdvLoss:[1.1200/0.2512] valid:[82.70], test:[80.96]
--------------------------------------------------------------------------------------------------------------------------------------------------------------------------------------------------------
Train Iter:[0  /52] CauLoss:[1.2657], AdvLoss:[0.2921]
Train Iter:[13 /52] CauLoss:[1.0817], AdvLoss:[0.2578]
Train Iter:[26 /52] CauLoss:[1.0657], AdvLoss:[0.2532]
Train Iter:[39 /52] CauLoss:[1.0657], AdvLoss:[0.2556]
--------------------------------------------------------------------------------------------------------------------------------------------------------------------------------------------------------
Epoch:[34/100], CauAdvLoss:[1.0856/0.2484] valid:[81.36], test:[77.68]
--------------------------------------------------------------------------------------------------------------------------------------------------------------------------------------------------------
Train Iter:[0  /52] CauLoss:[0.9671], AdvLoss:[0.3181]
Train Iter:[13 /52] CauLoss:[1.0412], AdvLoss:[0.2270]
Train Iter:[26 /52] CauLoss:[1.0548], AdvLoss:[0.2367]
Train Iter:[39 /52] CauLoss:[1.0778], AdvLoss:[0.2592]
--------------------------------------------------------------------------------------------------------------------------------------------------------------------------------------------------------
Epoch:[35/100], CauAdvLoss:[1.0633/0.2502] valid:[82.10], test:[77.42]
--------------------------------------------------------------------------------------------------------------------------------------------------------------------------------------------------------
Train Iter:[0  /52] CauLoss:[0.8147], AdvLoss:[0.1648]
Train Iter:[13 /52] CauLoss:[1.0284], AdvLoss:[0.2386]
Train Iter:[26 /52] CauLoss:[0.9814], AdvLoss:[0.2191]
Train Iter:[39 /52] CauLoss:[1.0327], AdvLoss:[0.2443]
--------------------------------------------------------------------------------------------------------------------------------------------------------------------------------------------------------
Epoch:[36/100], CauAdvLoss:[1.0104/0.2465] valid:[80.45], test:[75.62]
--------------------------------------------------------------------------------------------------------------------------------------------------------------------------------------------------------
Train Iter:[0  /52] CauLoss:[1.1942], AdvLoss:[0.2953]
Train Iter:[13 /52] CauLoss:[1.0921], AdvLoss:[0.2423]
Train Iter:[26 /52] CauLoss:[1.0598], AdvLoss:[0.2709]
Train Iter:[39 /52] CauLoss:[1.0676], AdvLoss:[0.2667]
--------------------------------------------------------------------------------------------------------------------------------------------------------------------------------------------------------
Epoch:[37/100], CauAdvLoss:[1.0361/0.2400] valid:[80.03], test:[77.68]
--------------------------------------------------------------------------------------------------------------------------------------------------------------------------------------------------------
Train Iter:[0  /52] CauLoss:[0.9304], AdvLoss:[0.1362]
Train Iter:[13 /52] CauLoss:[0.9183], AdvLoss:[0.2007]
Train Iter:[26 /52] CauLoss:[0.9676], AdvLoss:[0.2159]
Train Iter:[39 /52] CauLoss:[0.9856], AdvLoss:[0.2161]
--------------------------------------------------------------------------------------------------------------------------------------------------------------------------------------------------------
Epoch:[38/100], CauAdvLoss:[1.0138/0.2337] valid:[82.11], test:[81.03]
--------------------------------------------------------------------------------------------------------------------------------------------------------------------------------------------------------
Train Iter:[0  /52] CauLoss:[1.0838], AdvLoss:[0.3271]
Train Iter:[13 /52] CauLoss:[1.0035], AdvLoss:[0.2230]
Train Iter:[26 /52] CauLoss:[1.0488], AdvLoss:[0.2464]
Train Iter:[39 /52] CauLoss:[1.0261], AdvLoss:[0.2302]
--------------------------------------------------------------------------------------------------------------------------------------------------------------------------------------------------------
Epoch:[39/100], CauAdvLoss:[1.0267/0.2256] valid:[81.26], test:[78.05]
--------------------------------------------------------------------------------------------------------------------------------------------------------------------------------------------------------
Train Iter:[0  /52] CauLoss:[0.7618], AdvLoss:[0.0614]
Train Iter:[13 /52] CauLoss:[0.9614], AdvLoss:[0.1783]
Train Iter:[26 /52] CauLoss:[0.9928], AdvLoss:[0.2036]
Train Iter:[39 /52] CauLoss:[1.0035], AdvLoss:[0.2167]
--------------------------------------------------------------------------------------------------------------------------------------------------------------------------------------------------------
Epoch:[40/100], CauAdvLoss:[1.0289/0.2236] valid:[77.69], test:[72.58]
--------------------------------------------------------------------------------------------------------------------------------------------------------------------------------------------------------
Train Iter:[0  /52] CauLoss:[0.9584], AdvLoss:[0.2003]
Train Iter:[13 /52] CauLoss:[0.9769], AdvLoss:[0.2194]
Train Iter:[26 /52] CauLoss:[1.0130], AdvLoss:[0.2241]
Train Iter:[39 /52] CauLoss:[1.0269], AdvLoss:[0.2309]
--------------------------------------------------------------------------------------------------------------------------------------------------------------------------------------------------------
Epoch:[41/100], CauAdvLoss:[1.0291/0.2372] valid:[82.32], test:[79.14]
--------------------------------------------------------------------------------------------------------------------------------------------------------------------------------------------------------
Train Iter:[0  /52] CauLoss:[0.8829], AdvLoss:[0.1410]
Train Iter:[13 /52] CauLoss:[0.9992], AdvLoss:[0.2346]
Train Iter:[26 /52] CauLoss:[0.9622], AdvLoss:[0.2126]
Train Iter:[39 /52] CauLoss:[1.0006], AdvLoss:[0.2265]
--------------------------------------------------------------------------------------------------------------------------------------------------------------------------------------------------------
Epoch:[42/100], CauAdvLoss:[0.9821/0.2145] valid:[76.73], test:[72.19]
--------------------------------------------------------------------------------------------------------------------------------------------------------------------------------------------------------
Train Iter:[0  /52] CauLoss:[1.0350], AdvLoss:[0.2204]
Train Iter:[13 /52] CauLoss:[0.9464], AdvLoss:[0.1922]
Train Iter:[26 /52] CauLoss:[0.9409], AdvLoss:[0.2136]
Train Iter:[39 /52] CauLoss:[0.9699], AdvLoss:[0.2278]
--------------------------------------------------------------------------------------------------------------------------------------------------------------------------------------------------------
Epoch:[43/100], CauAdvLoss:[0.9826/0.2351] valid:[81.98], test:[80.07]
--------------------------------------------------------------------------------------------------------------------------------------------------------------------------------------------------------
Train Iter:[0  /52] CauLoss:[1.3098], AdvLoss:[0.2954]
Train Iter:[13 /52] CauLoss:[1.0413], AdvLoss:[0.2446]
Train Iter:[26 /52] CauLoss:[1.0061], AdvLoss:[0.2226]
Train Iter:[39 /52] CauLoss:[1.0198], AdvLoss:[0.2298]
--------------------------------------------------------------------------------------------------------------------------------------------------------------------------------------------------------
Epoch:[44/100], CauAdvLoss:[1.0590/0.2180] valid:[81.92], test:[77.60]
--------------------------------------------------------------------------------------------------------------------------------------------------------------------------------------------------------
Train Iter:[0  /52] CauLoss:[1.0837], AdvLoss:[0.2497]
Train Iter:[13 /52] CauLoss:[1.0137], AdvLoss:[0.2530]
Train Iter:[26 /52] CauLoss:[0.9769], AdvLoss:[0.2205]
Train Iter:[39 /52] CauLoss:[0.9863], AdvLoss:[0.2173]
--------------------------------------------------------------------------------------------------------------------------------------------------------------------------------------------------------
Epoch:[45/100], CauAdvLoss:[0.9983/0.2131] valid:[80.77], test:[75.01]
--------------------------------------------------------------------------------------------------------------------------------------------------------------------------------------------------------
Train Iter:[0  /52] CauLoss:[0.7527], AdvLoss:[0.0490]
Train Iter:[13 /52] CauLoss:[0.9834], AdvLoss:[0.2112]
Train Iter:[26 /52] CauLoss:[0.9833], AdvLoss:[0.1964]
Train Iter:[39 /52] CauLoss:[0.9804], AdvLoss:[0.2037]
--------------------------------------------------------------------------------------------------------------------------------------------------------------------------------------------------------
Epoch:[46/100], CauAdvLoss:[0.9979/0.2151] valid:[77.53], test:[75.53]
--------------------------------------------------------------------------------------------------------------------------------------------------------------------------------------------------------
Train Iter:[0  /52] CauLoss:[0.9672], AdvLoss:[0.2545]
Train Iter:[13 /52] CauLoss:[1.0076], AdvLoss:[0.1951]
Train Iter:[26 /52] CauLoss:[1.0012], AdvLoss:[0.2056]
Train Iter:[39 /52] CauLoss:[0.9752], AdvLoss:[0.2008]
--------------------------------------------------------------------------------------------------------------------------------------------------------------------------------------------------------
Epoch:[47/100], CauAdvLoss:[0.9822/0.2114] valid:[77.26], test:[75.21]
--------------------------------------------------------------------------------------------------------------------------------------------------------------------------------------------------------
Train Iter:[0  /52] CauLoss:[0.9957], AdvLoss:[0.2736]
Train Iter:[13 /52] CauLoss:[1.0025], AdvLoss:[0.2145]
Train Iter:[26 /52] CauLoss:[0.9494], AdvLoss:[0.1861]
Train Iter:[39 /52] CauLoss:[0.9602], AdvLoss:[0.1969]
--------------------------------------------------------------------------------------------------------------------------------------------------------------------------------------------------------
Epoch:[48/100], CauAdvLoss:[0.9838/0.2154] valid:[83.51], test:[80.16]
--------------------------------------------------------------------------------------------------------------------------------------------------------------------------------------------------------
Train Iter:[0  /52] CauLoss:[0.9944], AdvLoss:[0.1924]
Train Iter:[13 /52] CauLoss:[0.9980], AdvLoss:[0.2090]
Train Iter:[26 /52] CauLoss:[0.9578], AdvLoss:[0.1898]
Train Iter:[39 /52] CauLoss:[0.9767], AdvLoss:[0.2000]
--------------------------------------------------------------------------------------------------------------------------------------------------------------------------------------------------------
Epoch:[49/100], CauAdvLoss:[0.9772/0.1966] valid:[82.39], test:[78.90]
--------------------------------------------------------------------------------------------------------------------------------------------------------------------------------------------------------
Train Iter:[0  /52] CauLoss:[1.1726], AdvLoss:[0.2128]
Train Iter:[13 /52] CauLoss:[1.0420], AdvLoss:[0.2435]
Train Iter:[26 /52] CauLoss:[0.9766], AdvLoss:[0.2033]
Train Iter:[39 /52] CauLoss:[0.9749], AdvLoss:[0.2021]
--------------------------------------------------------------------------------------------------------------------------------------------------------------------------------------------------------
Epoch:[50/100], CauAdvLoss:[1.0730/0.2140] valid:[79.60], test:[75.66]
--------------------------------------------------------------------------------------------------------------------------------------------------------------------------------------------------------
Train Iter:[0  /52] CauLoss:[1.2413], AdvLoss:[0.3341]
Train Iter:[13 /52] CauLoss:[0.9638], AdvLoss:[0.1908]
Train Iter:[26 /52] CauLoss:[0.9408], AdvLoss:[0.1979]
Train Iter:[39 /52] CauLoss:[0.9697], AdvLoss:[0.2145]
--------------------------------------------------------------------------------------------------------------------------------------------------------------------------------------------------------
Epoch:[51/100], CauAdvLoss:[1.0174/0.2223] valid:[79.45], test:[76.42]
--------------------------------------------------------------------------------------------------------------------------------------------------------------------------------------------------------
Train Iter:[0  /52] CauLoss:[0.8506], AdvLoss:[0.1311]
Train Iter:[13 /52] CauLoss:[1.0042], AdvLoss:[0.2211]
Train Iter:[26 /52] CauLoss:[0.9454], AdvLoss:[0.1979]
Train Iter:[39 /52] CauLoss:[0.9777], AdvLoss:[0.2068]
--------------------------------------------------------------------------------------------------------------------------------------------------------------------------------------------------------
Epoch:[52/100], CauAdvLoss:[0.9641/0.2000] valid:[80.87], test:[76.66]
--------------------------------------------------------------------------------------------------------------------------------------------------------------------------------------------------------
Train Iter:[0  /52] CauLoss:[0.9613], AdvLoss:[0.2409]
Train Iter:[13 /52] CauLoss:[1.0039], AdvLoss:[0.2270]
Train Iter:[26 /52] CauLoss:[0.9862], AdvLoss:[0.2217]
Train Iter:[39 /52] CauLoss:[0.9723], AdvLoss:[0.2122]
--------------------------------------------------------------------------------------------------------------------------------------------------------------------------------------------------------
Epoch:[53/100], CauAdvLoss:[0.9434/0.1998] valid:[81.27], test:[77.31]
--------------------------------------------------------------------------------------------------------------------------------------------------------------------------------------------------------
Train Iter:[0  /52] CauLoss:[0.7918], AdvLoss:[0.0860]
Train Iter:[13 /52] CauLoss:[0.9691], AdvLoss:[0.1862]
Train Iter:[26 /52] CauLoss:[0.9259], AdvLoss:[0.1772]
Train Iter:[39 /52] CauLoss:[0.9314], AdvLoss:[0.1879]
--------------------------------------------------------------------------------------------------------------------------------------------------------------------------------------------------------
Epoch:[54/100], CauAdvLoss:[0.9586/0.1932] valid:[78.92], test:[76.62]
--------------------------------------------------------------------------------------------------------------------------------------------------------------------------------------------------------
Train Iter:[0  /52] CauLoss:[1.0047], AdvLoss:[0.2460]
Train Iter:[13 /52] CauLoss:[0.8869], AdvLoss:[0.1610]
Train Iter:[26 /52] CauLoss:[0.8956], AdvLoss:[0.1747]
Train Iter:[39 /52] CauLoss:[0.9460], AdvLoss:[0.1858]
--------------------------------------------------------------------------------------------------------------------------------------------------------------------------------------------------------
Epoch:[55/100], CauAdvLoss:[1.0552/0.2035] valid:[81.92], test:[78.57]
--------------------------------------------------------------------------------------------------------------------------------------------------------------------------------------------------------
Train Iter:[0  /52] CauLoss:[0.8763], AdvLoss:[0.1891]
Train Iter:[13 /52] CauLoss:[1.0053], AdvLoss:[0.2073]
Train Iter:[26 /52] CauLoss:[1.0039], AdvLoss:[0.2145]
Train Iter:[39 /52] CauLoss:[1.0155], AdvLoss:[0.2247]
--------------------------------------------------------------------------------------------------------------------------------------------------------------------------------------------------------
Epoch:[56/100], CauAdvLoss:[1.0582/0.2217] valid:[82.28], test:[79.49]
--------------------------------------------------------------------------------------------------------------------------------------------------------------------------------------------------------
Train Iter:[0  /52] CauLoss:[1.0138], AdvLoss:[0.1970]
Train Iter:[13 /52] CauLoss:[0.9730], AdvLoss:[0.1780]
Train Iter:[26 /52] CauLoss:[1.0498], AdvLoss:[0.2113]
Train Iter:[39 /52] CauLoss:[1.0328], AdvLoss:[0.2071]
--------------------------------------------------------------------------------------------------------------------------------------------------------------------------------------------------------
Epoch:[57/100], CauAdvLoss:[1.0083/0.1961] valid:[79.07], test:[76.38]
--------------------------------------------------------------------------------------------------------------------------------------------------------------------------------------------------------
Train Iter:[0  /52] CauLoss:[0.9008], AdvLoss:[0.1150]
Train Iter:[13 /52] CauLoss:[0.9018], AdvLoss:[0.1920]
Train Iter:[26 /52] CauLoss:[0.9385], AdvLoss:[0.2011]
Train Iter:[39 /52] CauLoss:[0.9352], AdvLoss:[0.1975]
--------------------------------------------------------------------------------------------------------------------------------------------------------------------------------------------------------
Epoch:[58/100], CauAdvLoss:[0.9208/0.1912] valid:[80.09], test:[79.68]
--------------------------------------------------------------------------------------------------------------------------------------------------------------------------------------------------------
Train Iter:[0  /52] CauLoss:[1.1505], AdvLoss:[0.2119]
Train Iter:[13 /52] CauLoss:[0.9643], AdvLoss:[0.1810]
Train Iter:[26 /52] CauLoss:[0.9185], AdvLoss:[0.1703]
Train Iter:[39 /52] CauLoss:[0.9761], AdvLoss:[0.1953]
--------------------------------------------------------------------------------------------------------------------------------------------------------------------------------------------------------
Epoch:[59/100], CauAdvLoss:[1.0370/0.2138] valid:[78.43], test:[73.75]
--------------------------------------------------------------------------------------------------------------------------------------------------------------------------------------------------------
Train Iter:[0  /52] CauLoss:[0.7433], AdvLoss:[0.0754]
Train Iter:[13 /52] CauLoss:[0.9765], AdvLoss:[0.1896]
Train Iter:[26 /52] CauLoss:[0.9683], AdvLoss:[0.1796]
Train Iter:[39 /52] CauLoss:[0.9771], AdvLoss:[0.1823]
--------------------------------------------------------------------------------------------------------------------------------------------------------------------------------------------------------
Epoch:[60/100], CauAdvLoss:[0.9498/0.1780] valid:[81.50], test:[77.01]
--------------------------------------------------------------------------------------------------------------------------------------------------------------------------------------------------------
Train Iter:[0  /52] CauLoss:[0.9361], AdvLoss:[0.1396]
Train Iter:[13 /52] CauLoss:[0.9630], AdvLoss:[0.2090]
Train Iter:[26 /52] CauLoss:[0.9012], AdvLoss:[0.1691]
Train Iter:[39 /52] CauLoss:[0.9040], AdvLoss:[0.1690]
--------------------------------------------------------------------------------------------------------------------------------------------------------------------------------------------------------
Epoch:[61/100], CauAdvLoss:[0.9147/0.1777] valid:[80.22], test:[78.12]
--------------------------------------------------------------------------------------------------------------------------------------------------------------------------------------------------------
Train Iter:[0  /52] CauLoss:[0.7899], AdvLoss:[0.1726]
Train Iter:[13 /52] CauLoss:[0.8966], AdvLoss:[0.1674]
Train Iter:[26 /52] CauLoss:[0.8965], AdvLoss:[0.1753]
Train Iter:[39 /52] CauLoss:[0.9188], AdvLoss:[0.1775]
--------------------------------------------------------------------------------------------------------------------------------------------------------------------------------------------------------
Epoch:[62/100], CauAdvLoss:[0.9265/0.1756] valid:[79.55], test:[76.88]
--------------------------------------------------------------------------------------------------------------------------------------------------------------------------------------------------------
Train Iter:[0  /52] CauLoss:[0.9524], AdvLoss:[0.1531]
Train Iter:[13 /52] CauLoss:[0.9400], AdvLoss:[0.2043]
Train Iter:[26 /52] CauLoss:[0.9449], AdvLoss:[0.2038]
Train Iter:[39 /52] CauLoss:[0.9365], AdvLoss:[0.1895]
--------------------------------------------------------------------------------------------------------------------------------------------------------------------------------------------------------
Epoch:[63/100], CauAdvLoss:[0.9901/0.1857] valid:[79.92], test:[77.25]
--------------------------------------------------------------------------------------------------------------------------------------------------------------------------------------------------------
Train Iter:[0  /52] CauLoss:[1.0217], AdvLoss:[0.0621]
Train Iter:[13 /52] CauLoss:[0.9206], AdvLoss:[0.1828]
Train Iter:[26 /52] CauLoss:[0.9420], AdvLoss:[0.1957]
Train Iter:[39 /52] CauLoss:[0.9189], AdvLoss:[0.1821]
--------------------------------------------------------------------------------------------------------------------------------------------------------------------------------------------------------
Epoch:[64/100], CauAdvLoss:[0.9201/0.1776] valid:[81.50], test:[78.64]
--------------------------------------------------------------------------------------------------------------------------------------------------------------------------------------------------------
Train Iter:[0  /52] CauLoss:[0.9392], AdvLoss:[0.1742]
Train Iter:[13 /52] CauLoss:[0.9507], AdvLoss:[0.1632]
Train Iter:[26 /52] CauLoss:[0.9504], AdvLoss:[0.1746]
Train Iter:[39 /52] CauLoss:[0.9437], AdvLoss:[0.1856]
--------------------------------------------------------------------------------------------------------------------------------------------------------------------------------------------------------
Epoch:[65/100], CauAdvLoss:[1.0092/0.1811] valid:[79.40], test:[77.88]
--------------------------------------------------------------------------------------------------------------------------------------------------------------------------------------------------------
Train Iter:[0  /52] CauLoss:[0.8173], AdvLoss:[0.1331]
Train Iter:[13 /52] CauLoss:[0.9053], AdvLoss:[0.1855]
Train Iter:[26 /52] CauLoss:[0.9108], AdvLoss:[0.1857]
Train Iter:[39 /52] CauLoss:[0.9108], AdvLoss:[0.1855]
--------------------------------------------------------------------------------------------------------------------------------------------------------------------------------------------------------
Epoch:[66/100], CauAdvLoss:[0.8953/0.1709] valid:[79.27], test:[77.10]
--------------------------------------------------------------------------------------------------------------------------------------------------------------------------------------------------------
Train Iter:[0  /52] CauLoss:[0.9052], AdvLoss:[0.2917]
Train Iter:[13 /52] CauLoss:[0.8465], AdvLoss:[0.1377]
Train Iter:[26 /52] CauLoss:[0.8911], AdvLoss:[0.1573]
Train Iter:[39 /52] CauLoss:[0.9050], AdvLoss:[0.1754]
--------------------------------------------------------------------------------------------------------------------------------------------------------------------------------------------------------
Epoch:[67/100], CauAdvLoss:[0.9671/0.1693] valid:[79.72], test:[76.42]
--------------------------------------------------------------------------------------------------------------------------------------------------------------------------------------------------------
Train Iter:[0  /52] CauLoss:[0.7878], AdvLoss:[0.0982]
Train Iter:[13 /52] CauLoss:[0.9117], AdvLoss:[0.1718]
Train Iter:[26 /52] CauLoss:[0.8821], AdvLoss:[0.1635]
Train Iter:[39 /52] CauLoss:[0.9039], AdvLoss:[0.1651]
--------------------------------------------------------------------------------------------------------------------------------------------------------------------------------------------------------
Epoch:[68/100], CauAdvLoss:[0.9111/0.1698] valid:[80.22], test:[78.68]
--------------------------------------------------------------------------------------------------------------------------------------------------------------------------------------------------------
Train Iter:[0  /52] CauLoss:[0.7833], AdvLoss:[0.0780]
Train Iter:[13 /52] CauLoss:[0.8865], AdvLoss:[0.1568]
Train Iter:[26 /52] CauLoss:[0.8863], AdvLoss:[0.1683]
Train Iter:[39 /52] CauLoss:[0.8942], AdvLoss:[0.1663]
--------------------------------------------------------------------------------------------------------------------------------------------------------------------------------------------------------
Epoch:[69/100], CauAdvLoss:[0.8915/0.1674] valid:[81.23], test:[77.25]
--------------------------------------------------------------------------------------------------------------------------------------------------------------------------------------------------------
Train Iter:[0  /52] CauLoss:[0.6954], AdvLoss:[0.1680]
Train Iter:[13 /52] CauLoss:[0.8968], AdvLoss:[0.1517]
Train Iter:[26 /52] CauLoss:[0.8839], AdvLoss:[0.1512]
Train Iter:[39 /52] CauLoss:[0.8882], AdvLoss:[0.1583]
--------------------------------------------------------------------------------------------------------------------------------------------------------------------------------------------------------
Epoch:[70/100], CauAdvLoss:[0.8893/0.1634] valid:[80.03], test:[76.34]
--------------------------------------------------------------------------------------------------------------------------------------------------------------------------------------------------------
Train Iter:[0  /52] CauLoss:[0.7561], AdvLoss:[0.1121]
Train Iter:[13 /52] CauLoss:[0.8665], AdvLoss:[0.1378]
Train Iter:[26 /52] CauLoss:[0.9398], AdvLoss:[0.1623]
Train Iter:[39 /52] CauLoss:[0.9382], AdvLoss:[0.1662]
--------------------------------------------------------------------------------------------------------------------------------------------------------------------------------------------------------
Epoch:[71/100], CauAdvLoss:[0.9198/0.1576] valid:[81.29], test:[78.12]
--------------------------------------------------------------------------------------------------------------------------------------------------------------------------------------------------------
Train Iter:[0  /52] CauLoss:[0.9403], AdvLoss:[0.1612]
Train Iter:[13 /52] CauLoss:[0.9463], AdvLoss:[0.1911]
Train Iter:[26 /52] CauLoss:[0.9477], AdvLoss:[0.1778]
Train Iter:[39 /52] CauLoss:[0.9212], AdvLoss:[0.1704]
--------------------------------------------------------------------------------------------------------------------------------------------------------------------------------------------------------
Epoch:[72/100], CauAdvLoss:[0.9067/0.1732] valid:[80.16], test:[77.05]
--------------------------------------------------------------------------------------------------------------------------------------------------------------------------------------------------------
Train Iter:[0  /52] CauLoss:[0.8413], AdvLoss:[0.2193]
Train Iter:[13 /52] CauLoss:[0.8802], AdvLoss:[0.1579]
Train Iter:[26 /52] CauLoss:[0.9091], AdvLoss:[0.1741]
Train Iter:[39 /52] CauLoss:[0.9078], AdvLoss:[0.1695]
--------------------------------------------------------------------------------------------------------------------------------------------------------------------------------------------------------
Epoch:[73/100], CauAdvLoss:[0.8961/0.1696] valid:[80.45], test:[78.12]
--------------------------------------------------------------------------------------------------------------------------------------------------------------------------------------------------------
Train Iter:[0  /52] CauLoss:[0.7388], AdvLoss:[0.0488]
Train Iter:[13 /52] CauLoss:[0.9208], AdvLoss:[0.1700]
Train Iter:[26 /52] CauLoss:[0.8889], AdvLoss:[0.1535]
Train Iter:[39 /52] CauLoss:[0.9046], AdvLoss:[0.1633]
--------------------------------------------------------------------------------------------------------------------------------------------------------------------------------------------------------
Epoch:[74/100], CauAdvLoss:[0.9462/0.1558] valid:[80.45], test:[77.92]
--------------------------------------------------------------------------------------------------------------------------------------------------------------------------------------------------------
Train Iter:[0  /52] CauLoss:[0.7493], AdvLoss:[0.0835]
Train Iter:[13 /52] CauLoss:[0.8740], AdvLoss:[0.1452]
Train Iter:[26 /52] CauLoss:[0.8648], AdvLoss:[0.1432]
Train Iter:[39 /52] CauLoss:[0.9162], AdvLoss:[0.1736]
--------------------------------------------------------------------------------------------------------------------------------------------------------------------------------------------------------
Epoch:[75/100], CauAdvLoss:[0.9591/0.1572] valid:[79.50], test:[76.68]
--------------------------------------------------------------------------------------------------------------------------------------------------------------------------------------------------------
Train Iter:[0  /52] CauLoss:[1.0979], AdvLoss:[0.2534]
Train Iter:[13 /52] CauLoss:[0.8598], AdvLoss:[0.1475]
Train Iter:[26 /52] CauLoss:[0.9039], AdvLoss:[0.1716]
Train Iter:[39 /52] CauLoss:[0.9032], AdvLoss:[0.1705]
--------------------------------------------------------------------------------------------------------------------------------------------------------------------------------------------------------
Epoch:[76/100], CauAdvLoss:[0.8929/0.1596] valid:[80.66], test:[76.75]
--------------------------------------------------------------------------------------------------------------------------------------------------------------------------------------------------------
Train Iter:[0  /52] CauLoss:[0.8395], AdvLoss:[0.2255]
Train Iter:[13 /52] CauLoss:[0.7916], AdvLoss:[0.1371]
Train Iter:[26 /52] CauLoss:[0.8406], AdvLoss:[0.1493]
Train Iter:[39 /52] CauLoss:[0.8330], AdvLoss:[0.1463]
--------------------------------------------------------------------------------------------------------------------------------------------------------------------------------------------------------
Epoch:[77/100], CauAdvLoss:[0.8651/0.1585] valid:[81.40], test:[77.38]
--------------------------------------------------------------------------------------------------------------------------------------------------------------------------------------------------------
Train Iter:[0  /52] CauLoss:[0.7885], AdvLoss:[0.1026]
Train Iter:[13 /52] CauLoss:[0.8909], AdvLoss:[0.1490]
Train Iter:[26 /52] CauLoss:[0.8867], AdvLoss:[0.1485]
Train Iter:[39 /52] CauLoss:[0.8840], AdvLoss:[0.1460]
--------------------------------------------------------------------------------------------------------------------------------------------------------------------------------------------------------
Epoch:[78/100], CauAdvLoss:[0.9526/0.1541] valid:[80.89], test:[77.79]
--------------------------------------------------------------------------------------------------------------------------------------------------------------------------------------------------------
Train Iter:[0  /52] CauLoss:[1.1669], AdvLoss:[0.2856]
Train Iter:[13 /52] CauLoss:[0.8394], AdvLoss:[0.1288]
Train Iter:[26 /52] CauLoss:[0.9100], AdvLoss:[0.1547]
Train Iter:[39 /52] CauLoss:[0.8923], AdvLoss:[0.1554]
--------------------------------------------------------------------------------------------------------------------------------------------------------------------------------------------------------
Epoch:[79/100], CauAdvLoss:[0.8859/0.1551] valid:[80.68], test:[77.14]
--------------------------------------------------------------------------------------------------------------------------------------------------------------------------------------------------------
Train Iter:[0  /52] CauLoss:[1.1707], AdvLoss:[0.2928]
Train Iter:[13 /52] CauLoss:[0.9072], AdvLoss:[0.1957]
Train Iter:[26 /52] CauLoss:[0.8629], AdvLoss:[0.1580]
Train Iter:[39 /52] CauLoss:[0.8644], AdvLoss:[0.1546]
--------------------------------------------------------------------------------------------------------------------------------------------------------------------------------------------------------
Epoch:[80/100], CauAdvLoss:[0.8636/0.1510] valid:[79.73], test:[76.90]
--------------------------------------------------------------------------------------------------------------------------------------------------------------------------------------------------------
Train Iter:[0  /52] CauLoss:[1.1043], AdvLoss:[0.3022]
Train Iter:[13 /52] CauLoss:[0.9405], AdvLoss:[0.1744]
Train Iter:[26 /52] CauLoss:[0.9184], AdvLoss:[0.1672]
Train Iter:[39 /52] CauLoss:[0.8931], AdvLoss:[0.1627]
--------------------------------------------------------------------------------------------------------------------------------------------------------------------------------------------------------
Epoch:[81/100], CauAdvLoss:[0.8695/0.1582] valid:[80.63], test:[78.14]
--------------------------------------------------------------------------------------------------------------------------------------------------------------------------------------------------------
Train Iter:[0  /52] CauLoss:[0.8179], AdvLoss:[0.2553]
Train Iter:[13 /52] CauLoss:[0.8236], AdvLoss:[0.1549]
Train Iter:[26 /52] CauLoss:[0.8814], AdvLoss:[0.1593]
Train Iter:[39 /52] CauLoss:[0.8632], AdvLoss:[0.1507]
--------------------------------------------------------------------------------------------------------------------------------------------------------------------------------------------------------
Epoch:[82/100], CauAdvLoss:[0.8709/0.1537] valid:[81.21], test:[78.31]
--------------------------------------------------------------------------------------------------------------------------------------------------------------------------------------------------------
Train Iter:[0  /52] CauLoss:[0.8755], AdvLoss:[0.1237]
Train Iter:[13 /52] CauLoss:[0.9052], AdvLoss:[0.1678]
Train Iter:[26 /52] CauLoss:[0.8735], AdvLoss:[0.1595]
Train Iter:[39 /52] CauLoss:[0.8424], AdvLoss:[0.1476]
--------------------------------------------------------------------------------------------------------------------------------------------------------------------------------------------------------
Epoch:[83/100], CauAdvLoss:[0.8441/0.1467] valid:[79.63], test:[77.38]
--------------------------------------------------------------------------------------------------------------------------------------------------------------------------------------------------------
Train Iter:[0  /52] CauLoss:[0.7240], AdvLoss:[0.1501]
Train Iter:[13 /52] CauLoss:[0.8871], AdvLoss:[0.1803]
Train Iter:[26 /52] CauLoss:[0.8718], AdvLoss:[0.1534]
Train Iter:[39 /52] CauLoss:[0.8712], AdvLoss:[0.1502]
--------------------------------------------------------------------------------------------------------------------------------------------------------------------------------------------------------
Epoch:[84/100], CauAdvLoss:[0.9125/0.1455] valid:[80.53], test:[78.77]
--------------------------------------------------------------------------------------------------------------------------------------------------------------------------------------------------------
Train Iter:[0  /52] CauLoss:[0.7723], AdvLoss:[0.1170]
Train Iter:[13 /52] CauLoss:[0.8681], AdvLoss:[0.1533]
Train Iter:[26 /52] CauLoss:[0.8353], AdvLoss:[0.1454]
Train Iter:[39 /52] CauLoss:[0.8425], AdvLoss:[0.1420]
--------------------------------------------------------------------------------------------------------------------------------------------------------------------------------------------------------
Epoch:[85/100], CauAdvLoss:[0.8672/0.1493] valid:[80.62], test:[78.25]
--------------------------------------------------------------------------------------------------------------------------------------------------------------------------------------------------------
Train Iter:[0  /52] CauLoss:[1.0805], AdvLoss:[0.3740]
Train Iter:[13 /52] CauLoss:[0.8572], AdvLoss:[0.1560]
Train Iter:[26 /52] CauLoss:[0.8887], AdvLoss:[0.1611]
Train Iter:[39 /52] CauLoss:[0.8756], AdvLoss:[0.1487]
--------------------------------------------------------------------------------------------------------------------------------------------------------------------------------------------------------
Epoch:[86/100], CauAdvLoss:[0.8642/0.1444] valid:[79.95], test:[77.38]
--------------------------------------------------------------------------------------------------------------------------------------------------------------------------------------------------------
Train Iter:[0  /52] CauLoss:[0.8657], AdvLoss:[0.1441]
Train Iter:[13 /52] CauLoss:[0.8696], AdvLoss:[0.1456]
Train Iter:[26 /52] CauLoss:[0.8900], AdvLoss:[0.1424]
Train Iter:[39 /52] CauLoss:[0.8909], AdvLoss:[0.1532]
--------------------------------------------------------------------------------------------------------------------------------------------------------------------------------------------------------
Epoch:[87/100], CauAdvLoss:[0.8782/0.1470] valid:[81.06], test:[78.31]
--------------------------------------------------------------------------------------------------------------------------------------------------------------------------------------------------------
Train Iter:[0  /52] CauLoss:[0.8103], AdvLoss:[0.1249]
Train Iter:[13 /52] CauLoss:[0.8556], AdvLoss:[0.1468]
Train Iter:[26 /52] CauLoss:[0.8678], AdvLoss:[0.1395]
Train Iter:[39 /52] CauLoss:[0.8518], AdvLoss:[0.1363]
--------------------------------------------------------------------------------------------------------------------------------------------------------------------------------------------------------
Epoch:[88/100], CauAdvLoss:[0.8638/0.1437] valid:[80.94], test:[78.16]
--------------------------------------------------------------------------------------------------------------------------------------------------------------------------------------------------------
Train Iter:[0  /52] CauLoss:[0.7797], AdvLoss:[0.0973]
Train Iter:[13 /52] CauLoss:[0.8319], AdvLoss:[0.1311]
Train Iter:[26 /52] CauLoss:[0.8335], AdvLoss:[0.1336]
Train Iter:[39 /52] CauLoss:[0.8470], AdvLoss:[0.1448]
--------------------------------------------------------------------------------------------------------------------------------------------------------------------------------------------------------
Epoch:[89/100], CauAdvLoss:[0.9023/0.1414] valid:[81.33], test:[78.05]
--------------------------------------------------------------------------------------------------------------------------------------------------------------------------------------------------------
Train Iter:[0  /52] CauLoss:[0.7261], AdvLoss:[0.1267]
Train Iter:[13 /52] CauLoss:[0.8813], AdvLoss:[0.1717]
Train Iter:[26 /52] CauLoss:[0.8508], AdvLoss:[0.1412]
Train Iter:[39 /52] CauLoss:[0.8617], AdvLoss:[0.1496]
--------------------------------------------------------------------------------------------------------------------------------------------------------------------------------------------------------
Epoch:[90/100], CauAdvLoss:[0.9212/0.1445] valid:[80.74], test:[77.18]
--------------------------------------------------------------------------------------------------------------------------------------------------------------------------------------------------------
Train Iter:[0  /52] CauLoss:[0.8434], AdvLoss:[0.1254]
Train Iter:[13 /52] CauLoss:[0.8803], AdvLoss:[0.1549]
Train Iter:[26 /52] CauLoss:[0.8666], AdvLoss:[0.1429]
Train Iter:[39 /52] CauLoss:[0.8843], AdvLoss:[0.1529]
--------------------------------------------------------------------------------------------------------------------------------------------------------------------------------------------------------
Epoch:[91/100], CauAdvLoss:[0.8650/0.1440] valid:[80.77], test:[76.75]
--------------------------------------------------------------------------------------------------------------------------------------------------------------------------------------------------------
Train Iter:[0  /52] CauLoss:[0.8216], AdvLoss:[0.1799]
Train Iter:[13 /52] CauLoss:[0.8331], AdvLoss:[0.1562]
Train Iter:[26 /52] CauLoss:[0.8625], AdvLoss:[0.1609]
Train Iter:[39 /52] CauLoss:[0.8520], AdvLoss:[0.1515]
--------------------------------------------------------------------------------------------------------------------------------------------------------------------------------------------------------
Epoch:[92/100], CauAdvLoss:[0.8550/0.1484] valid:[80.28], test:[78.77]
--------------------------------------------------------------------------------------------------------------------------------------------------------------------------------------------------------
Train Iter:[0  /52] CauLoss:[1.0887], AdvLoss:[0.1142]
Train Iter:[13 /52] CauLoss:[0.8672], AdvLoss:[0.1454]
Train Iter:[26 /52] CauLoss:[0.8500], AdvLoss:[0.1427]
Train Iter:[39 /52] CauLoss:[0.8501], AdvLoss:[0.1458]
--------------------------------------------------------------------------------------------------------------------------------------------------------------------------------------------------------
Epoch:[93/100], CauAdvLoss:[0.8398/0.1449] valid:[80.32], test:[77.01]
--------------------------------------------------------------------------------------------------------------------------------------------------------------------------------------------------------
Train Iter:[0  /52] CauLoss:[1.0224], AdvLoss:[0.1305]
Train Iter:[13 /52] CauLoss:[0.8761], AdvLoss:[0.1328]
Train Iter:[26 /52] CauLoss:[0.8755], AdvLoss:[0.1335]
Train Iter:[39 /52] CauLoss:[0.8808], AdvLoss:[0.1435]
--------------------------------------------------------------------------------------------------------------------------------------------------------------------------------------------------------
Epoch:[94/100], CauAdvLoss:[0.8761/0.1443] valid:[80.24], test:[77.88]
--------------------------------------------------------------------------------------------------------------------------------------------------------------------------------------------------------
Train Iter:[0  /52] CauLoss:[0.7723], AdvLoss:[0.1415]
Train Iter:[13 /52] CauLoss:[0.8351], AdvLoss:[0.1516]
Train Iter:[26 /52] CauLoss:[0.8291], AdvLoss:[0.1427]
Train Iter:[39 /52] CauLoss:[0.8400], AdvLoss:[0.1415]
--------------------------------------------------------------------------------------------------------------------------------------------------------------------------------------------------------
Epoch:[95/100], CauAdvLoss:[0.9138/0.1404] valid:[80.33], test:[77.68]
--------------------------------------------------------------------------------------------------------------------------------------------------------------------------------------------------------
Train Iter:[0  /52] CauLoss:[0.8954], AdvLoss:[0.1890]
Train Iter:[13 /52] CauLoss:[0.8366], AdvLoss:[0.1230]
Train Iter:[26 /52] CauLoss:[0.8431], AdvLoss:[0.1197]
Train Iter:[39 /52] CauLoss:[0.8587], AdvLoss:[0.1357]
--------------------------------------------------------------------------------------------------------------------------------------------------------------------------------------------------------
Epoch:[96/100], CauAdvLoss:[0.8637/0.1389] valid:[80.43], test:[77.49]
--------------------------------------------------------------------------------------------------------------------------------------------------------------------------------------------------------
Train Iter:[0  /52] CauLoss:[0.7081], AdvLoss:[0.0770]
Train Iter:[13 /52] CauLoss:[0.8420], AdvLoss:[0.1515]
Train Iter:[26 /52] CauLoss:[0.8446], AdvLoss:[0.1384]
Train Iter:[39 /52] CauLoss:[0.8274], AdvLoss:[0.1349]
--------------------------------------------------------------------------------------------------------------------------------------------------------------------------------------------------------
Epoch:[97/100], CauAdvLoss:[0.8453/0.1412] valid:[80.20], test:[77.73]
--------------------------------------------------------------------------------------------------------------------------------------------------------------------------------------------------------
Train Iter:[0  /52] CauLoss:[0.8853], AdvLoss:[0.1478]
Train Iter:[13 /52] CauLoss:[0.8698], AdvLoss:[0.1468]
Train Iter:[26 /52] CauLoss:[0.8615], AdvLoss:[0.1433]
Train Iter:[39 /52] CauLoss:[0.8524], AdvLoss:[0.1423]
--------------------------------------------------------------------------------------------------------------------------------------------------------------------------------------------------------
Epoch:[98/100], CauAdvLoss:[0.8486/0.1400] valid:[79.67], test:[77.01]
--------------------------------------------------------------------------------------------------------------------------------------------------------------------------------------------------------
Train Iter:[0  /52] CauLoss:[0.9202], AdvLoss:[0.1382]
Train Iter:[13 /52] CauLoss:[0.8165], AdvLoss:[0.1235]
Train Iter:[26 /52] CauLoss:[0.8609], AdvLoss:[0.1278]
Train Iter:[39 /52] CauLoss:[0.8642], AdvLoss:[0.1397]
--------------------------------------------------------------------------------------------------------------------------------------------------------------------------------------------------------
Epoch:[99/100], CauAdvLoss:[0.8630/0.1401] valid:[80.56], test:[77.60]
--------------------------------------------------------------------------------------------------------------------------------------------------------------------------------------------------------
Train Iter:[0  /52] CauLoss:[0.9964], AdvLoss:[0.2499]
Train Iter:[13 /52] CauLoss:[0.8909], AdvLoss:[0.1700]
Train Iter:[26 /52] CauLoss:[0.8852], AdvLoss:[0.1648]
Train Iter:[39 /52] CauLoss:[0.8543], AdvLoss:[0.1533]
--------------------------------------------------------------------------------------------------------------------------------------------------------------------------------------------------------
Epoch:[100/100], CauAdvLoss:[0.8397/0.1383] valid:[80.28], test:[77.34]
--------------------------------------------------------------------------------------------------------------------------------------------------------------------------------------------------------
Update test:[77.77] at epoch:[20] | Total time:00:03:42
initialize network with kaiming
Train Iter:[0  /52] CauLoss:[2.3375], AdvLoss:[-181.0719]
Train Iter:[13 /52] CauLoss:[1.7304], AdvLoss:[-16.0952]
Train Iter:[26 /52] CauLoss:[1.6557], AdvLoss:[-8.0901]
Train Iter:[39 /52] CauLoss:[1.6260], AdvLoss:[-5.3356]
--------------------------------------------------------------------------------------------------------------------------------------------------------------------------------------------------------
Epoch:[1/100], CauAdvLoss:[1.6003/-4.0164] valid:[59.01], test:[56.21]
--------------------------------------------------------------------------------------------------------------------------------------------------------------------------------------------------------
Train Iter:[0  /52] CauLoss:[1.2402], AdvLoss:[0.2294]
Train Iter:[13 /52] CauLoss:[1.4880], AdvLoss:[0.4176]
Train Iter:[26 /52] CauLoss:[1.4208], AdvLoss:[0.3441]
Train Iter:[39 /52] CauLoss:[1.3861], AdvLoss:[0.3357]
--------------------------------------------------------------------------------------------------------------------------------------------------------------------------------------------------------
Epoch:[2/100], CauAdvLoss:[1.3925/0.3315] valid:[71.57], test:[68.60]
--------------------------------------------------------------------------------------------------------------------------------------------------------------------------------------------------------
Train Iter:[0  /52] CauLoss:[1.1775], AdvLoss:[0.3274]
Train Iter:[13 /52] CauLoss:[1.3860], AdvLoss:[0.4126]
Train Iter:[26 /52] CauLoss:[1.3481], AdvLoss:[0.4143]
Train Iter:[39 /52] CauLoss:[1.3925], AdvLoss:[0.4264]
--------------------------------------------------------------------------------------------------------------------------------------------------------------------------------------------------------
Epoch:[3/100], CauAdvLoss:[1.3703/0.3973] valid:[74.66], test:[73.38]
--------------------------------------------------------------------------------------------------------------------------------------------------------------------------------------------------------
Train Iter:[0  /52] CauLoss:[1.0048], AdvLoss:[0.2084]
Train Iter:[13 /52] CauLoss:[1.4520], AdvLoss:[0.4150]
Train Iter:[26 /52] CauLoss:[1.4112], AdvLoss:[0.3886]
Train Iter:[39 /52] CauLoss:[1.3503], AdvLoss:[0.3596]
--------------------------------------------------------------------------------------------------------------------------------------------------------------------------------------------------------
Epoch:[4/100], CauAdvLoss:[1.3317/0.3525] valid:[72.43], test:[68.84]
--------------------------------------------------------------------------------------------------------------------------------------------------------------------------------------------------------
Train Iter:[0  /52] CauLoss:[1.2299], AdvLoss:[0.0509]
Train Iter:[13 /52] CauLoss:[1.3030], AdvLoss:[0.4249]
Train Iter:[26 /52] CauLoss:[1.2798], AdvLoss:[0.3778]
Train Iter:[39 /52] CauLoss:[1.2592], AdvLoss:[0.3532]
--------------------------------------------------------------------------------------------------------------------------------------------------------------------------------------------------------
Epoch:[5/100], CauAdvLoss:[1.2902/0.3810] valid:[65.68], test:[58.17]
--------------------------------------------------------------------------------------------------------------------------------------------------------------------------------------------------------
Train Iter:[0  /52] CauLoss:[1.2471], AdvLoss:[1.0058]
Train Iter:[13 /52] CauLoss:[1.2144], AdvLoss:[0.5236]
Train Iter:[26 /52] CauLoss:[1.2278], AdvLoss:[0.4510]
Train Iter:[39 /52] CauLoss:[1.2712], AdvLoss:[0.4301]
--------------------------------------------------------------------------------------------------------------------------------------------------------------------------------------------------------
Epoch:[6/100], CauAdvLoss:[1.2611/0.4092] valid:[72.54], test:[68.56]
--------------------------------------------------------------------------------------------------------------------------------------------------------------------------------------------------------
Train Iter:[0  /52] CauLoss:[0.8873], AdvLoss:[0.1416]
Train Iter:[13 /52] CauLoss:[1.2088], AdvLoss:[0.3651]
Train Iter:[26 /52] CauLoss:[1.2601], AdvLoss:[0.3737]
Train Iter:[39 /52] CauLoss:[1.2220], AdvLoss:[0.3714]
--------------------------------------------------------------------------------------------------------------------------------------------------------------------------------------------------------
Epoch:[7/100], CauAdvLoss:[1.2360/0.4155] valid:[72.85], test:[72.45]
--------------------------------------------------------------------------------------------------------------------------------------------------------------------------------------------------------
Train Iter:[0  /52] CauLoss:[1.2721], AdvLoss:[0.3189]
Train Iter:[13 /52] CauLoss:[1.2747], AdvLoss:[0.3768]
Train Iter:[26 /52] CauLoss:[1.2252], AdvLoss:[0.3380]
Train Iter:[39 /52] CauLoss:[1.2272], AdvLoss:[0.3333]
--------------------------------------------------------------------------------------------------------------------------------------------------------------------------------------------------------
Epoch:[8/100], CauAdvLoss:[1.2130/0.3460] valid:[65.38], test:[56.50]
--------------------------------------------------------------------------------------------------------------------------------------------------------------------------------------------------------
Train Iter:[0  /52] CauLoss:[0.9900], AdvLoss:[0.1672]
Train Iter:[13 /52] CauLoss:[1.2409], AdvLoss:[0.3205]
Train Iter:[26 /52] CauLoss:[1.2195], AdvLoss:[0.3222]
Train Iter:[39 /52] CauLoss:[1.2347], AdvLoss:[0.3423]
--------------------------------------------------------------------------------------------------------------------------------------------------------------------------------------------------------
Epoch:[9/100], CauAdvLoss:[1.2036/0.3187] valid:[69.97], test:[66.19]
--------------------------------------------------------------------------------------------------------------------------------------------------------------------------------------------------------
Train Iter:[0  /52] CauLoss:[1.2813], AdvLoss:[0.4531]
Train Iter:[13 /52] CauLoss:[1.2035], AdvLoss:[0.3323]
Train Iter:[26 /52] CauLoss:[1.2017], AdvLoss:[0.3384]
Train Iter:[39 /52] CauLoss:[1.1772], AdvLoss:[0.3197]
--------------------------------------------------------------------------------------------------------------------------------------------------------------------------------------------------------
Epoch:[10/100], CauAdvLoss:[1.2623/0.3433] valid:[64.56], test:[59.63]
--------------------------------------------------------------------------------------------------------------------------------------------------------------------------------------------------------
Train Iter:[0  /52] CauLoss:[1.0918], AdvLoss:[0.3320]
Train Iter:[13 /52] CauLoss:[1.3531], AdvLoss:[0.5768]
Train Iter:[26 /52] CauLoss:[1.2565], AdvLoss:[0.4464]
Train Iter:[39 /52] CauLoss:[1.2346], AdvLoss:[0.3982]
--------------------------------------------------------------------------------------------------------------------------------------------------------------------------------------------------------
Epoch:[11/100], CauAdvLoss:[1.2111/0.3760] valid:[74.60], test:[74.42]
--------------------------------------------------------------------------------------------------------------------------------------------------------------------------------------------------------
Train Iter:[0  /52] CauLoss:[1.0940], AdvLoss:[0.3169]
Train Iter:[13 /52] CauLoss:[1.1431], AdvLoss:[0.2906]
Train Iter:[26 /52] CauLoss:[1.1570], AdvLoss:[0.2877]
Train Iter:[39 /52] CauLoss:[1.1747], AdvLoss:[0.2973]
--------------------------------------------------------------------------------------------------------------------------------------------------------------------------------------------------------
Epoch:[12/100], CauAdvLoss:[1.1641/0.2985] valid:[75.13], test:[72.14]
--------------------------------------------------------------------------------------------------------------------------------------------------------------------------------------------------------
Train Iter:[0  /52] CauLoss:[1.2463], AdvLoss:[0.3579]
Train Iter:[13 /52] CauLoss:[1.1340], AdvLoss:[0.2532]
Train Iter:[26 /52] CauLoss:[1.1519], AdvLoss:[0.3137]
Train Iter:[39 /52] CauLoss:[1.1506], AdvLoss:[0.3233]
--------------------------------------------------------------------------------------------------------------------------------------------------------------------------------------------------------
Epoch:[13/100], CauAdvLoss:[1.2307/0.3208] valid:[75.90], test:[76.94]
--------------------------------------------------------------------------------------------------------------------------------------------------------------------------------------------------------
Train Iter:[0  /52] CauLoss:[1.1205], AdvLoss:[0.2851]
Train Iter:[13 /52] CauLoss:[1.2022], AdvLoss:[0.3363]
Train Iter:[26 /52] CauLoss:[1.1946], AdvLoss:[0.3285]
Train Iter:[39 /52] CauLoss:[1.1720], AdvLoss:[0.3169]
--------------------------------------------------------------------------------------------------------------------------------------------------------------------------------------------------------
Epoch:[14/100], CauAdvLoss:[1.1717/0.3135] valid:[76.05], test:[78.05]
--------------------------------------------------------------------------------------------------------------------------------------------------------------------------------------------------------
Train Iter:[0  /52] CauLoss:[1.0562], AdvLoss:[0.2217]
Train Iter:[13 /52] CauLoss:[1.0984], AdvLoss:[0.3111]
Train Iter:[26 /52] CauLoss:[1.1506], AdvLoss:[0.3298]
Train Iter:[39 /52] CauLoss:[1.1402], AdvLoss:[0.3103]
--------------------------------------------------------------------------------------------------------------------------------------------------------------------------------------------------------
Epoch:[15/100], CauAdvLoss:[1.1499/0.3104] valid:[75.78], test:[79.49]
--------------------------------------------------------------------------------------------------------------------------------------------------------------------------------------------------------
Train Iter:[0  /52] CauLoss:[1.0480], AdvLoss:[0.2755]
Train Iter:[13 /52] CauLoss:[1.1469], AdvLoss:[0.2760]
Train Iter:[26 /52] CauLoss:[1.1149], AdvLoss:[0.3251]
Train Iter:[39 /52] CauLoss:[1.1256], AdvLoss:[0.3213]
--------------------------------------------------------------------------------------------------------------------------------------------------------------------------------------------------------
Epoch:[16/100], CauAdvLoss:[1.1404/0.3257] valid:[72.96], test:[70.30]
--------------------------------------------------------------------------------------------------------------------------------------------------------------------------------------------------------
Train Iter:[0  /52] CauLoss:[1.2990], AdvLoss:[0.4990]
Train Iter:[13 /52] CauLoss:[1.1629], AdvLoss:[0.2930]
Train Iter:[26 /52] CauLoss:[1.1295], AdvLoss:[0.2717]
Train Iter:[39 /52] CauLoss:[1.1229], AdvLoss:[0.2713]
--------------------------------------------------------------------------------------------------------------------------------------------------------------------------------------------------------
Epoch:[17/100], CauAdvLoss:[1.1266/0.2675] valid:[71.55], test:[71.06]
--------------------------------------------------------------------------------------------------------------------------------------------------------------------------------------------------------
Train Iter:[0  /52] CauLoss:[1.2270], AdvLoss:[0.4036]
Train Iter:[13 /52] CauLoss:[1.1449], AdvLoss:[0.2612]
Train Iter:[26 /52] CauLoss:[1.1430], AdvLoss:[0.2708]
Train Iter:[39 /52] CauLoss:[1.1391], AdvLoss:[0.3013]
--------------------------------------------------------------------------------------------------------------------------------------------------------------------------------------------------------
Epoch:[18/100], CauAdvLoss:[1.1135/0.3213] valid:[68.39], test:[63.41]
--------------------------------------------------------------------------------------------------------------------------------------------------------------------------------------------------------
Train Iter:[0  /52] CauLoss:[1.1598], AdvLoss:[0.3982]
Train Iter:[13 /52] CauLoss:[1.1701], AdvLoss:[0.3237]
Train Iter:[26 /52] CauLoss:[1.1172], AdvLoss:[0.2855]
Train Iter:[39 /52] CauLoss:[1.1177], AdvLoss:[0.2800]
--------------------------------------------------------------------------------------------------------------------------------------------------------------------------------------------------------
Epoch:[19/100], CauAdvLoss:[1.1756/0.2858] valid:[68.52], test:[65.71]
--------------------------------------------------------------------------------------------------------------------------------------------------------------------------------------------------------
Train Iter:[0  /52] CauLoss:[0.9383], AdvLoss:[0.3123]
Train Iter:[13 /52] CauLoss:[1.1721], AdvLoss:[0.4653]
Train Iter:[26 /52] CauLoss:[1.1496], AdvLoss:[0.3736]
Train Iter:[39 /52] CauLoss:[1.1575], AdvLoss:[0.3398]
--------------------------------------------------------------------------------------------------------------------------------------------------------------------------------------------------------
Epoch:[20/100], CauAdvLoss:[1.1583/0.3213] valid:[75.29], test:[72.29]
--------------------------------------------------------------------------------------------------------------------------------------------------------------------------------------------------------
Train Iter:[0  /52] CauLoss:[1.1113], AdvLoss:[0.3367]
Train Iter:[13 /52] CauLoss:[1.1342], AdvLoss:[0.2974]
Train Iter:[26 /52] CauLoss:[1.1150], AdvLoss:[0.2960]
Train Iter:[39 /52] CauLoss:[1.1053], AdvLoss:[0.3110]
--------------------------------------------------------------------------------------------------------------------------------------------------------------------------------------------------------
Epoch:[21/100], CauAdvLoss:[1.0947/0.3009] valid:[76.56], test:[77.16]
--------------------------------------------------------------------------------------------------------------------------------------------------------------------------------------------------------
Train Iter:[0  /52] CauLoss:[0.9834], AdvLoss:[0.3710]
Train Iter:[13 /52] CauLoss:[1.0113], AdvLoss:[0.3021]
Train Iter:[26 /52] CauLoss:[1.0942], AdvLoss:[0.3217]
Train Iter:[39 /52] CauLoss:[1.0747], AdvLoss:[0.3091]
--------------------------------------------------------------------------------------------------------------------------------------------------------------------------------------------------------
Epoch:[22/100], CauAdvLoss:[1.0790/0.3018] valid:[75.69], test:[71.30]
--------------------------------------------------------------------------------------------------------------------------------------------------------------------------------------------------------
Train Iter:[0  /52] CauLoss:[0.8931], AdvLoss:[0.3338]
Train Iter:[13 /52] CauLoss:[1.0078], AdvLoss:[0.2498]
Train Iter:[26 /52] CauLoss:[1.0366], AdvLoss:[0.2766]
Train Iter:[39 /52] CauLoss:[1.1059], AdvLoss:[0.2922]
--------------------------------------------------------------------------------------------------------------------------------------------------------------------------------------------------------
Epoch:[23/100], CauAdvLoss:[1.0929/0.2899] valid:[77.00], test:[76.49]
--------------------------------------------------------------------------------------------------------------------------------------------------------------------------------------------------------
Train Iter:[0  /52] CauLoss:[1.1752], AdvLoss:[0.2828]
Train Iter:[13 /52] CauLoss:[1.0175], AdvLoss:[0.2446]
Train Iter:[26 /52] CauLoss:[1.0512], AdvLoss:[0.2554]
Train Iter:[39 /52] CauLoss:[1.0811], AdvLoss:[0.2595]
--------------------------------------------------------------------------------------------------------------------------------------------------------------------------------------------------------
Epoch:[24/100], CauAdvLoss:[1.0583/0.2619] valid:[70.31], test:[67.54]
--------------------------------------------------------------------------------------------------------------------------------------------------------------------------------------------------------
Train Iter:[0  /52] CauLoss:[0.7138], AdvLoss:[0.1561]
Train Iter:[13 /52] CauLoss:[1.0506], AdvLoss:[0.2424]
Train Iter:[26 /52] CauLoss:[1.0947], AdvLoss:[0.2973]
Train Iter:[39 /52] CauLoss:[1.1058], AdvLoss:[0.2972]
--------------------------------------------------------------------------------------------------------------------------------------------------------------------------------------------------------
Epoch:[25/100], CauAdvLoss:[1.0835/0.2965] valid:[73.76], test:[69.21]
--------------------------------------------------------------------------------------------------------------------------------------------------------------------------------------------------------
Train Iter:[0  /52] CauLoss:[1.0361], AdvLoss:[0.3532]
Train Iter:[13 /52] CauLoss:[1.0313], AdvLoss:[0.3135]
Train Iter:[26 /52] CauLoss:[1.0445], AdvLoss:[0.2846]
Train Iter:[39 /52] CauLoss:[1.0566], AdvLoss:[0.2817]
--------------------------------------------------------------------------------------------------------------------------------------------------------------------------------------------------------
Epoch:[26/100], CauAdvLoss:[1.0546/0.2760] valid:[74.16], test:[72.77]
--------------------------------------------------------------------------------------------------------------------------------------------------------------------------------------------------------
Train Iter:[0  /52] CauLoss:[1.2630], AdvLoss:[0.3234]
Train Iter:[13 /52] CauLoss:[1.0895], AdvLoss:[0.2791]
Train Iter:[26 /52] CauLoss:[1.0649], AdvLoss:[0.3255]
Train Iter:[39 /52] CauLoss:[1.0899], AdvLoss:[0.3070]
--------------------------------------------------------------------------------------------------------------------------------------------------------------------------------------------------------
Epoch:[27/100], CauAdvLoss:[1.0678/0.2868] valid:[74.60], test:[72.08]
--------------------------------------------------------------------------------------------------------------------------------------------------------------------------------------------------------
Train Iter:[0  /52] CauLoss:[0.9328], AdvLoss:[0.1598]
Train Iter:[13 /52] CauLoss:[1.1232], AdvLoss:[0.2892]
Train Iter:[26 /52] CauLoss:[1.0909], AdvLoss:[0.2791]
Train Iter:[39 /52] CauLoss:[1.0883], AdvLoss:[0.2794]
--------------------------------------------------------------------------------------------------------------------------------------------------------------------------------------------------------
Epoch:[28/100], CauAdvLoss:[1.0567/0.2714] valid:[76.70], test:[79.90]
--------------------------------------------------------------------------------------------------------------------------------------------------------------------------------------------------------
Train Iter:[0  /52] CauLoss:[1.2043], AdvLoss:[0.3857]
Train Iter:[13 /52] CauLoss:[1.1457], AdvLoss:[0.2991]
Train Iter:[26 /52] CauLoss:[1.0880], AdvLoss:[0.2779]
Train Iter:[39 /52] CauLoss:[1.0804], AdvLoss:[0.2693]
--------------------------------------------------------------------------------------------------------------------------------------------------------------------------------------------------------
Epoch:[29/100], CauAdvLoss:[1.0666/0.2674] valid:[74.54], test:[71.36]
--------------------------------------------------------------------------------------------------------------------------------------------------------------------------------------------------------
Train Iter:[0  /52] CauLoss:[1.0895], AdvLoss:[0.2792]
Train Iter:[13 /52] CauLoss:[1.0589], AdvLoss:[0.2191]
Train Iter:[26 /52] CauLoss:[1.0750], AdvLoss:[0.2369]
Train Iter:[39 /52] CauLoss:[1.0886], AdvLoss:[0.2442]
--------------------------------------------------------------------------------------------------------------------------------------------------------------------------------------------------------
Epoch:[30/100], CauAdvLoss:[1.1400/0.2494] valid:[78.66], test:[80.42]
--------------------------------------------------------------------------------------------------------------------------------------------------------------------------------------------------------
Train Iter:[0  /52] CauLoss:[0.9980], AdvLoss:[0.1069]
Train Iter:[13 /52] CauLoss:[1.1016], AdvLoss:[0.2617]
Train Iter:[26 /52] CauLoss:[1.0469], AdvLoss:[0.2515]
Train Iter:[39 /52] CauLoss:[1.0493], AdvLoss:[0.2607]
--------------------------------------------------------------------------------------------------------------------------------------------------------------------------------------------------------
Epoch:[31/100], CauAdvLoss:[1.0979/0.2517] valid:[78.37], test:[78.70]
--------------------------------------------------------------------------------------------------------------------------------------------------------------------------------------------------------
Train Iter:[0  /52] CauLoss:[1.0324], AdvLoss:[0.1888]
Train Iter:[13 /52] CauLoss:[1.0210], AdvLoss:[0.2159]
Train Iter:[26 /52] CauLoss:[1.0517], AdvLoss:[0.2754]
Train Iter:[39 /52] CauLoss:[1.0285], AdvLoss:[0.2618]
--------------------------------------------------------------------------------------------------------------------------------------------------------------------------------------------------------
Epoch:[32/100], CauAdvLoss:[1.0409/0.2685] valid:[76.96], test:[80.68]
--------------------------------------------------------------------------------------------------------------------------------------------------------------------------------------------------------
Train Iter:[0  /52] CauLoss:[0.9873], AdvLoss:[0.2585]
Train Iter:[13 /52] CauLoss:[1.0157], AdvLoss:[0.2321]
Train Iter:[26 /52] CauLoss:[1.0718], AdvLoss:[0.3673]
Train Iter:[39 /52] CauLoss:[1.0925], AdvLoss:[0.3348]
--------------------------------------------------------------------------------------------------------------------------------------------------------------------------------------------------------
Epoch:[33/100], CauAdvLoss:[1.1027/0.3172] valid:[76.66], test:[79.88]
--------------------------------------------------------------------------------------------------------------------------------------------------------------------------------------------------------
Train Iter:[0  /52] CauLoss:[0.9553], AdvLoss:[0.2958]
Train Iter:[13 /52] CauLoss:[1.0546], AdvLoss:[0.2488]
Train Iter:[26 /52] CauLoss:[1.0256], AdvLoss:[0.2445]
Train Iter:[39 /52] CauLoss:[1.0377], AdvLoss:[0.2669]
--------------------------------------------------------------------------------------------------------------------------------------------------------------------------------------------------------
Epoch:[34/100], CauAdvLoss:[1.0521/0.2727] valid:[78.03], test:[80.38]
--------------------------------------------------------------------------------------------------------------------------------------------------------------------------------------------------------
Train Iter:[0  /52] CauLoss:[1.0120], AdvLoss:[0.2523]
Train Iter:[13 /52] CauLoss:[0.9297], AdvLoss:[0.1953]
Train Iter:[26 /52] CauLoss:[0.9963], AdvLoss:[0.2152]
Train Iter:[39 /52] CauLoss:[1.0034], AdvLoss:[0.2240]
--------------------------------------------------------------------------------------------------------------------------------------------------------------------------------------------------------
Epoch:[35/100], CauAdvLoss:[1.0182/0.2435] valid:[73.99], test:[69.14]
--------------------------------------------------------------------------------------------------------------------------------------------------------------------------------------------------------
Train Iter:[0  /52] CauLoss:[0.8863], AdvLoss:[0.1508]
Train Iter:[13 /52] CauLoss:[0.9376], AdvLoss:[0.2085]
Train Iter:[26 /52] CauLoss:[0.9899], AdvLoss:[0.2304]
Train Iter:[39 /52] CauLoss:[1.0327], AdvLoss:[0.2554]
--------------------------------------------------------------------------------------------------------------------------------------------------------------------------------------------------------
Epoch:[36/100], CauAdvLoss:[1.0186/0.2454] valid:[77.25], test:[72.45]
--------------------------------------------------------------------------------------------------------------------------------------------------------------------------------------------------------
Train Iter:[0  /52] CauLoss:[1.1416], AdvLoss:[0.2579]
Train Iter:[13 /52] CauLoss:[1.0364], AdvLoss:[0.2174]
Train Iter:[26 /52] CauLoss:[1.0155], AdvLoss:[0.2246]
Train Iter:[39 /52] CauLoss:[1.0271], AdvLoss:[0.2288]
--------------------------------------------------------------------------------------------------------------------------------------------------------------------------------------------------------
Epoch:[37/100], CauAdvLoss:[1.0884/0.2492] valid:[75.46], test:[71.86]
--------------------------------------------------------------------------------------------------------------------------------------------------------------------------------------------------------
Train Iter:[0  /52] CauLoss:[0.6984], AdvLoss:[0.0764]
Train Iter:[13 /52] CauLoss:[0.9684], AdvLoss:[0.2060]
Train Iter:[26 /52] CauLoss:[0.9972], AdvLoss:[0.2207]
Train Iter:[39 /52] CauLoss:[0.9962], AdvLoss:[0.2190]
--------------------------------------------------------------------------------------------------------------------------------------------------------------------------------------------------------
Epoch:[38/100], CauAdvLoss:[1.0101/0.2257] valid:[79.90], test:[77.66]
--------------------------------------------------------------------------------------------------------------------------------------------------------------------------------------------------------
Train Iter:[0  /52] CauLoss:[1.1088], AdvLoss:[0.1667]
Train Iter:[13 /52] CauLoss:[1.0535], AdvLoss:[0.3033]
Train Iter:[26 /52] CauLoss:[1.0540], AdvLoss:[0.2718]
Train Iter:[39 /52] CauLoss:[1.0579], AdvLoss:[0.2570]
--------------------------------------------------------------------------------------------------------------------------------------------------------------------------------------------------------
Epoch:[39/100], CauAdvLoss:[1.0291/0.2430] valid:[79.67], test:[82.18]
--------------------------------------------------------------------------------------------------------------------------------------------------------------------------------------------------------
Train Iter:[0  /52] CauLoss:[0.9705], AdvLoss:[0.2334]
Train Iter:[13 /52] CauLoss:[1.0058], AdvLoss:[0.2197]
Train Iter:[26 /52] CauLoss:[1.0282], AdvLoss:[0.2075]
Train Iter:[39 /52] CauLoss:[1.0401], AdvLoss:[0.2235]
--------------------------------------------------------------------------------------------------------------------------------------------------------------------------------------------------------
Epoch:[40/100], CauAdvLoss:[1.0221/0.2286] valid:[78.96], test:[79.88]
--------------------------------------------------------------------------------------------------------------------------------------------------------------------------------------------------------
Train Iter:[0  /52] CauLoss:[0.8947], AdvLoss:[0.2442]
Train Iter:[13 /52] CauLoss:[1.0125], AdvLoss:[0.2421]
Train Iter:[26 /52] CauLoss:[0.9865], AdvLoss:[0.2195]
Train Iter:[39 /52] CauLoss:[0.9716], AdvLoss:[0.2225]
--------------------------------------------------------------------------------------------------------------------------------------------------------------------------------------------------------
Epoch:[41/100], CauAdvLoss:[0.9766/0.2108] valid:[80.01], test:[82.90]
--------------------------------------------------------------------------------------------------------------------------------------------------------------------------------------------------------
Train Iter:[0  /52] CauLoss:[1.3288], AdvLoss:[0.3243]
Train Iter:[13 /52] CauLoss:[0.9903], AdvLoss:[0.2350]
Train Iter:[26 /52] CauLoss:[0.9407], AdvLoss:[0.2271]
Train Iter:[39 /52] CauLoss:[0.9517], AdvLoss:[0.2214]
--------------------------------------------------------------------------------------------------------------------------------------------------------------------------------------------------------
Epoch:[42/100], CauAdvLoss:[0.9705/0.2177] valid:[75.72], test:[80.29]
--------------------------------------------------------------------------------------------------------------------------------------------------------------------------------------------------------
Train Iter:[0  /52] CauLoss:[0.8837], AdvLoss:[0.2341]
Train Iter:[13 /52] CauLoss:[0.9475], AdvLoss:[0.1971]
Train Iter:[26 /52] CauLoss:[0.9663], AdvLoss:[0.1877]
Train Iter:[39 /52] CauLoss:[1.0027], AdvLoss:[0.2133]
--------------------------------------------------------------------------------------------------------------------------------------------------------------------------------------------------------
Epoch:[43/100], CauAdvLoss:[1.0906/0.2233] valid:[76.12], test:[74.77]
--------------------------------------------------------------------------------------------------------------------------------------------------------------------------------------------------------
Train Iter:[0  /52] CauLoss:[0.7602], AdvLoss:[0.1895]
Train Iter:[13 /52] CauLoss:[0.9418], AdvLoss:[0.2227]
Train Iter:[26 /52] CauLoss:[0.9777], AdvLoss:[0.2364]
Train Iter:[39 /52] CauLoss:[1.0153], AdvLoss:[0.2402]
--------------------------------------------------------------------------------------------------------------------------------------------------------------------------------------------------------
Epoch:[44/100], CauAdvLoss:[1.0227/0.2345] valid:[78.85], test:[78.62]
--------------------------------------------------------------------------------------------------------------------------------------------------------------------------------------------------------
Train Iter:[0  /52] CauLoss:[0.9745], AdvLoss:[0.1995]
Train Iter:[13 /52] CauLoss:[0.9541], AdvLoss:[0.2111]
Train Iter:[26 /52] CauLoss:[0.9747], AdvLoss:[0.2142]
Train Iter:[39 /52] CauLoss:[0.9725], AdvLoss:[0.2105]
--------------------------------------------------------------------------------------------------------------------------------------------------------------------------------------------------------
Epoch:[45/100], CauAdvLoss:[1.0287/0.2040] valid:[77.44], test:[77.62]
--------------------------------------------------------------------------------------------------------------------------------------------------------------------------------------------------------
Train Iter:[0  /52] CauLoss:[0.9261], AdvLoss:[0.1703]
Train Iter:[13 /52] CauLoss:[1.0413], AdvLoss:[0.2068]
Train Iter:[26 /52] CauLoss:[1.0028], AdvLoss:[0.2002]
Train Iter:[39 /52] CauLoss:[1.0082], AdvLoss:[0.2075]
--------------------------------------------------------------------------------------------------------------------------------------------------------------------------------------------------------
Epoch:[46/100], CauAdvLoss:[1.0578/0.2032] valid:[77.90], test:[78.34]
--------------------------------------------------------------------------------------------------------------------------------------------------------------------------------------------------------
Train Iter:[0  /52] CauLoss:[0.8878], AdvLoss:[0.1391]
Train Iter:[13 /52] CauLoss:[0.9629], AdvLoss:[0.1937]
Train Iter:[26 /52] CauLoss:[0.9717], AdvLoss:[0.2106]
Train Iter:[39 /52] CauLoss:[0.9684], AdvLoss:[0.2119]
--------------------------------------------------------------------------------------------------------------------------------------------------------------------------------------------------------
Epoch:[47/100], CauAdvLoss:[0.9643/0.2004] valid:[77.97], test:[77.38]
--------------------------------------------------------------------------------------------------------------------------------------------------------------------------------------------------------
Train Iter:[0  /52] CauLoss:[0.9346], AdvLoss:[0.1277]
Train Iter:[13 /52] CauLoss:[0.9421], AdvLoss:[0.2154]
Train Iter:[26 /52] CauLoss:[0.9399], AdvLoss:[0.2171]
Train Iter:[39 /52] CauLoss:[0.9347], AdvLoss:[0.2062]
--------------------------------------------------------------------------------------------------------------------------------------------------------------------------------------------------------
Epoch:[48/100], CauAdvLoss:[0.9222/0.1989] valid:[77.74], test:[75.66]
--------------------------------------------------------------------------------------------------------------------------------------------------------------------------------------------------------
Train Iter:[0  /52] CauLoss:[1.3227], AdvLoss:[0.4278]
Train Iter:[13 /52] CauLoss:[0.8720], AdvLoss:[0.1678]
Train Iter:[26 /52] CauLoss:[0.9373], AdvLoss:[0.1968]
Train Iter:[39 /52] CauLoss:[0.9238], AdvLoss:[0.1803]
--------------------------------------------------------------------------------------------------------------------------------------------------------------------------------------------------------
Epoch:[49/100], CauAdvLoss:[0.9481/0.1974] valid:[77.65], test:[77.94]
--------------------------------------------------------------------------------------------------------------------------------------------------------------------------------------------------------
Train Iter:[0  /52] CauLoss:[0.7720], AdvLoss:[0.1972]
Train Iter:[13 /52] CauLoss:[0.9718], AdvLoss:[0.2332]
Train Iter:[26 /52] CauLoss:[0.9606], AdvLoss:[0.2132]
Train Iter:[39 /52] CauLoss:[0.9540], AdvLoss:[0.2100]
--------------------------------------------------------------------------------------------------------------------------------------------------------------------------------------------------------
Epoch:[50/100], CauAdvLoss:[0.9478/0.2101] valid:[75.65], test:[72.86]
--------------------------------------------------------------------------------------------------------------------------------------------------------------------------------------------------------
Train Iter:[0  /52] CauLoss:[1.0842], AdvLoss:[0.3875]
Train Iter:[13 /52] CauLoss:[1.0009], AdvLoss:[0.2461]
Train Iter:[26 /52] CauLoss:[0.9605], AdvLoss:[0.2290]
Train Iter:[39 /52] CauLoss:[0.9454], AdvLoss:[0.2131]
--------------------------------------------------------------------------------------------------------------------------------------------------------------------------------------------------------
Epoch:[51/100], CauAdvLoss:[1.0306/0.2110] valid:[79.15], test:[77.18]
--------------------------------------------------------------------------------------------------------------------------------------------------------------------------------------------------------
Train Iter:[0  /52] CauLoss:[1.1760], AdvLoss:[0.4304]
Train Iter:[13 /52] CauLoss:[0.9692], AdvLoss:[0.1810]
Train Iter:[26 /52] CauLoss:[0.9682], AdvLoss:[0.2136]
Train Iter:[39 /52] CauLoss:[0.9899], AdvLoss:[0.2127]
--------------------------------------------------------------------------------------------------------------------------------------------------------------------------------------------------------
Epoch:[52/100], CauAdvLoss:[0.9543/0.1944] valid:[78.60], test:[77.49]
--------------------------------------------------------------------------------------------------------------------------------------------------------------------------------------------------------
Train Iter:[0  /52] CauLoss:[0.6351], AdvLoss:[0.0727]
Train Iter:[13 /52] CauLoss:[0.8989], AdvLoss:[0.1890]
Train Iter:[26 /52] CauLoss:[0.9575], AdvLoss:[0.1936]
Train Iter:[39 /52] CauLoss:[0.9723], AdvLoss:[0.1952]
--------------------------------------------------------------------------------------------------------------------------------------------------------------------------------------------------------
Epoch:[53/100], CauAdvLoss:[0.9604/0.1889] valid:[79.61], test:[76.64]
--------------------------------------------------------------------------------------------------------------------------------------------------------------------------------------------------------
Train Iter:[0  /52] CauLoss:[0.7407], AdvLoss:[0.1730]
Train Iter:[13 /52] CauLoss:[0.9206], AdvLoss:[0.2237]
Train Iter:[26 /52] CauLoss:[0.9077], AdvLoss:[0.2024]
Train Iter:[39 /52] CauLoss:[0.9106], AdvLoss:[0.1976]
--------------------------------------------------------------------------------------------------------------------------------------------------------------------------------------------------------
Epoch:[54/100], CauAdvLoss:[0.9070/0.1875] valid:[78.32], test:[77.71]
--------------------------------------------------------------------------------------------------------------------------------------------------------------------------------------------------------
Train Iter:[0  /52] CauLoss:[0.6346], AdvLoss:[0.0277]
Train Iter:[13 /52] CauLoss:[0.8606], AdvLoss:[0.1824]
Train Iter:[26 /52] CauLoss:[0.8812], AdvLoss:[0.1785]
Train Iter:[39 /52] CauLoss:[0.8920], AdvLoss:[0.1843]
--------------------------------------------------------------------------------------------------------------------------------------------------------------------------------------------------------
Epoch:[55/100], CauAdvLoss:[0.8992/0.1814] valid:[80.16], test:[80.96]
--------------------------------------------------------------------------------------------------------------------------------------------------------------------------------------------------------
Train Iter:[0  /52] CauLoss:[1.2634], AdvLoss:[0.2253]
Train Iter:[13 /52] CauLoss:[0.9283], AdvLoss:[0.1616]
Train Iter:[26 /52] CauLoss:[0.9263], AdvLoss:[0.1771]
Train Iter:[39 /52] CauLoss:[0.9268], AdvLoss:[0.2037]
--------------------------------------------------------------------------------------------------------------------------------------------------------------------------------------------------------
Epoch:[56/100], CauAdvLoss:[0.9289/0.2130] valid:[76.33], test:[75.18]
--------------------------------------------------------------------------------------------------------------------------------------------------------------------------------------------------------
Train Iter:[0  /52] CauLoss:[0.9189], AdvLoss:[0.2270]
Train Iter:[13 /52] CauLoss:[0.9160], AdvLoss:[0.1931]
Train Iter:[26 /52] CauLoss:[0.9040], AdvLoss:[0.1770]
Train Iter:[39 /52] CauLoss:[0.9123], AdvLoss:[0.1919]
--------------------------------------------------------------------------------------------------------------------------------------------------------------------------------------------------------
Epoch:[57/100], CauAdvLoss:[0.9310/0.1897] valid:[79.50], test:[79.38]
--------------------------------------------------------------------------------------------------------------------------------------------------------------------------------------------------------
Train Iter:[0  /52] CauLoss:[0.8811], AdvLoss:[0.2081]
Train Iter:[13 /52] CauLoss:[0.9454], AdvLoss:[0.2172]
Train Iter:[26 /52] CauLoss:[0.9218], AdvLoss:[0.2068]
Train Iter:[39 /52] CauLoss:[0.9171], AdvLoss:[0.2054]
--------------------------------------------------------------------------------------------------------------------------------------------------------------------------------------------------------
Epoch:[58/100], CauAdvLoss:[1.0037/0.2718] valid:[80.85], test:[81.42]
--------------------------------------------------------------------------------------------------------------------------------------------------------------------------------------------------------
Train Iter:[0  /52] CauLoss:[0.7500], AdvLoss:[0.0231]
Train Iter:[13 /52] CauLoss:[0.8912], AdvLoss:[0.1443]
Train Iter:[26 /52] CauLoss:[0.8934], AdvLoss:[0.1764]
Train Iter:[39 /52] CauLoss:[0.9127], AdvLoss:[0.1872]
--------------------------------------------------------------------------------------------------------------------------------------------------------------------------------------------------------
Epoch:[59/100], CauAdvLoss:[0.9234/0.1874] valid:[80.45], test:[78.53]
--------------------------------------------------------------------------------------------------------------------------------------------------------------------------------------------------------
Train Iter:[0  /52] CauLoss:[0.6926], AdvLoss:[0.0759]
Train Iter:[13 /52] CauLoss:[0.8312], AdvLoss:[0.1566]
Train Iter:[26 /52] CauLoss:[0.8603], AdvLoss:[0.1742]
Train Iter:[39 /52] CauLoss:[0.8559], AdvLoss:[0.1707]
--------------------------------------------------------------------------------------------------------------------------------------------------------------------------------------------------------
Epoch:[60/100], CauAdvLoss:[0.9279/0.1749] valid:[80.83], test:[79.68]
--------------------------------------------------------------------------------------------------------------------------------------------------------------------------------------------------------
Train Iter:[0  /52] CauLoss:[0.7533], AdvLoss:[0.0574]
Train Iter:[13 /52] CauLoss:[0.9246], AdvLoss:[0.1865]
Train Iter:[26 /52] CauLoss:[0.9188], AdvLoss:[0.2042]
Train Iter:[39 /52] CauLoss:[0.9179], AdvLoss:[0.2012]
--------------------------------------------------------------------------------------------------------------------------------------------------------------------------------------------------------
Epoch:[61/100], CauAdvLoss:[0.9866/0.1956] valid:[81.00], test:[80.92]
--------------------------------------------------------------------------------------------------------------------------------------------------------------------------------------------------------
Train Iter:[0  /52] CauLoss:[0.7571], AdvLoss:[0.0552]
Train Iter:[13 /52] CauLoss:[0.8916], AdvLoss:[0.1734]
Train Iter:[26 /52] CauLoss:[0.9055], AdvLoss:[0.1747]
Train Iter:[39 /52] CauLoss:[0.9124], AdvLoss:[0.1813]
--------------------------------------------------------------------------------------------------------------------------------------------------------------------------------------------------------
Epoch:[62/100], CauAdvLoss:[0.9225/0.1774] valid:[80.85], test:[78.64]
--------------------------------------------------------------------------------------------------------------------------------------------------------------------------------------------------------
Train Iter:[0  /52] CauLoss:[1.1987], AdvLoss:[0.2686]
Train Iter:[13 /52] CauLoss:[0.9182], AdvLoss:[0.1681]
Train Iter:[26 /52] CauLoss:[0.8876], AdvLoss:[0.1627]
Train Iter:[39 /52] CauLoss:[0.8938], AdvLoss:[0.1714]
--------------------------------------------------------------------------------------------------------------------------------------------------------------------------------------------------------
Epoch:[63/100], CauAdvLoss:[0.8888/0.1679] valid:[79.80], test:[77.34]
--------------------------------------------------------------------------------------------------------------------------------------------------------------------------------------------------------
Train Iter:[0  /52] CauLoss:[0.8731], AdvLoss:[0.0613]
Train Iter:[13 /52] CauLoss:[0.8507], AdvLoss:[0.1272]
Train Iter:[26 /52] CauLoss:[0.8820], AdvLoss:[0.1538]
Train Iter:[39 /52] CauLoss:[0.9070], AdvLoss:[0.1683]
--------------------------------------------------------------------------------------------------------------------------------------------------------------------------------------------------------
Epoch:[64/100], CauAdvLoss:[0.9559/0.1703] valid:[82.03], test:[78.29]
--------------------------------------------------------------------------------------------------------------------------------------------------------------------------------------------------------
Train Iter:[0  /52] CauLoss:[0.8039], AdvLoss:[0.0460]
Train Iter:[13 /52] CauLoss:[0.8432], AdvLoss:[0.1228]
Train Iter:[26 /52] CauLoss:[0.9277], AdvLoss:[0.1776]
Train Iter:[39 /52] CauLoss:[0.9259], AdvLoss:[0.1756]
--------------------------------------------------------------------------------------------------------------------------------------------------------------------------------------------------------
Epoch:[65/100], CauAdvLoss:[0.9479/0.1635] valid:[79.00], test:[77.79]
--------------------------------------------------------------------------------------------------------------------------------------------------------------------------------------------------------
Train Iter:[0  /52] CauLoss:[0.7918], AdvLoss:[0.1391]
Train Iter:[13 /52] CauLoss:[0.8991], AdvLoss:[0.1677]
Train Iter:[26 /52] CauLoss:[0.8573], AdvLoss:[0.1597]
Train Iter:[39 /52] CauLoss:[0.9129], AdvLoss:[0.1891]
--------------------------------------------------------------------------------------------------------------------------------------------------------------------------------------------------------
Epoch:[66/100], CauAdvLoss:[0.8869/0.1686] valid:[80.35], test:[77.12]
--------------------------------------------------------------------------------------------------------------------------------------------------------------------------------------------------------
Train Iter:[0  /52] CauLoss:[0.9060], AdvLoss:[0.2259]
Train Iter:[13 /52] CauLoss:[0.8371], AdvLoss:[0.1486]
Train Iter:[26 /52] CauLoss:[0.8660], AdvLoss:[0.1579]
Train Iter:[39 /52] CauLoss:[0.8712], AdvLoss:[0.1642]
--------------------------------------------------------------------------------------------------------------------------------------------------------------------------------------------------------
Epoch:[67/100], CauAdvLoss:[0.8670/0.1587] valid:[79.86], test:[77.75]
--------------------------------------------------------------------------------------------------------------------------------------------------------------------------------------------------------
Train Iter:[0  /52] CauLoss:[0.7770], AdvLoss:[0.1252]
Train Iter:[13 /52] CauLoss:[0.8302], AdvLoss:[0.1510]
Train Iter:[26 /52] CauLoss:[0.8581], AdvLoss:[0.1467]
Train Iter:[39 /52] CauLoss:[0.8641], AdvLoss:[0.1534]
--------------------------------------------------------------------------------------------------------------------------------------------------------------------------------------------------------
Epoch:[68/100], CauAdvLoss:[0.8788/0.1532] valid:[80.60], test:[78.81]
--------------------------------------------------------------------------------------------------------------------------------------------------------------------------------------------------------
Train Iter:[0  /52] CauLoss:[0.8649], AdvLoss:[0.3069]
Train Iter:[13 /52] CauLoss:[0.7998], AdvLoss:[0.1351]
Train Iter:[26 /52] CauLoss:[0.8209], AdvLoss:[0.1327]
Train Iter:[39 /52] CauLoss:[0.8584], AdvLoss:[0.1473]
--------------------------------------------------------------------------------------------------------------------------------------------------------------------------------------------------------
Epoch:[69/100], CauAdvLoss:[0.8665/0.1557] valid:[80.72], test:[78.44]
--------------------------------------------------------------------------------------------------------------------------------------------------------------------------------------------------------
Train Iter:[0  /52] CauLoss:[0.8973], AdvLoss:[0.3182]
Train Iter:[13 /52] CauLoss:[0.8919], AdvLoss:[0.1551]
Train Iter:[26 /52] CauLoss:[0.8705], AdvLoss:[0.1508]
Train Iter:[39 /52] CauLoss:[0.8800], AdvLoss:[0.1594]
--------------------------------------------------------------------------------------------------------------------------------------------------------------------------------------------------------
Epoch:[70/100], CauAdvLoss:[0.8687/0.1486] valid:[80.30], test:[78.18]
--------------------------------------------------------------------------------------------------------------------------------------------------------------------------------------------------------
Train Iter:[0  /52] CauLoss:[0.8518], AdvLoss:[0.1365]
Train Iter:[13 /52] CauLoss:[0.8232], AdvLoss:[0.1229]
Train Iter:[26 /52] CauLoss:[0.8620], AdvLoss:[0.1499]
Train Iter:[39 /52] CauLoss:[0.8587], AdvLoss:[0.1451]
--------------------------------------------------------------------------------------------------------------------------------------------------------------------------------------------------------
Epoch:[71/100], CauAdvLoss:[0.8786/0.1426] valid:[79.88], test:[77.71]
--------------------------------------------------------------------------------------------------------------------------------------------------------------------------------------------------------
Train Iter:[0  /52] CauLoss:[0.6653], AdvLoss:[0.0585]
Train Iter:[13 /52] CauLoss:[0.8403], AdvLoss:[0.1543]
Train Iter:[26 /52] CauLoss:[0.8476], AdvLoss:[0.1518]
Train Iter:[39 /52] CauLoss:[0.8314], AdvLoss:[0.1400]
--------------------------------------------------------------------------------------------------------------------------------------------------------------------------------------------------------
Epoch:[72/100], CauAdvLoss:[0.8245/0.1491] valid:[80.70], test:[77.57]
--------------------------------------------------------------------------------------------------------------------------------------------------------------------------------------------------------
Train Iter:[0  /52] CauLoss:[0.9542], AdvLoss:[0.1963]
Train Iter:[13 /52] CauLoss:[0.9179], AdvLoss:[0.1686]
Train Iter:[26 /52] CauLoss:[0.8682], AdvLoss:[0.1560]
Train Iter:[39 /52] CauLoss:[0.8832], AdvLoss:[0.1571]
--------------------------------------------------------------------------------------------------------------------------------------------------------------------------------------------------------
Epoch:[73/100], CauAdvLoss:[0.8535/0.1456] valid:[81.02], test:[77.25]
--------------------------------------------------------------------------------------------------------------------------------------------------------------------------------------------------------
Train Iter:[0  /52] CauLoss:[0.5762], AdvLoss:[0.0215]
Train Iter:[13 /52] CauLoss:[0.8389], AdvLoss:[0.1285]
Train Iter:[26 /52] CauLoss:[0.8444], AdvLoss:[0.1362]
Train Iter:[39 /52] CauLoss:[0.8662], AdvLoss:[0.1439]
--------------------------------------------------------------------------------------------------------------------------------------------------------------------------------------------------------
Epoch:[74/100], CauAdvLoss:[0.8672/0.1408] valid:[81.44], test:[77.44]
--------------------------------------------------------------------------------------------------------------------------------------------------------------------------------------------------------
Train Iter:[0  /52] CauLoss:[0.9348], AdvLoss:[0.2986]
Train Iter:[13 /52] CauLoss:[0.8135], AdvLoss:[0.1296]
Train Iter:[26 /52] CauLoss:[0.8159], AdvLoss:[0.1381]
Train Iter:[39 /52] CauLoss:[0.8456], AdvLoss:[0.1421]
--------------------------------------------------------------------------------------------------------------------------------------------------------------------------------------------------------
Epoch:[75/100], CauAdvLoss:[0.8457/0.1363] valid:[80.70], test:[77.55]
--------------------------------------------------------------------------------------------------------------------------------------------------------------------------------------------------------
Train Iter:[0  /52] CauLoss:[0.7158], AdvLoss:[0.0363]
Train Iter:[13 /52] CauLoss:[0.8418], AdvLoss:[0.1315]
Train Iter:[26 /52] CauLoss:[0.8284], AdvLoss:[0.1331]
Train Iter:[39 /52] CauLoss:[0.8598], AdvLoss:[0.1560]
--------------------------------------------------------------------------------------------------------------------------------------------------------------------------------------------------------
Epoch:[76/100], CauAdvLoss:[0.8671/0.1434] valid:[79.86], test:[76.29]
--------------------------------------------------------------------------------------------------------------------------------------------------------------------------------------------------------
Train Iter:[0  /52] CauLoss:[0.7564], AdvLoss:[0.1360]
Train Iter:[13 /52] CauLoss:[0.7758], AdvLoss:[0.1193]
Train Iter:[26 /52] CauLoss:[0.8369], AdvLoss:[0.1345]
Train Iter:[39 /52] CauLoss:[0.8400], AdvLoss:[0.1412]
--------------------------------------------------------------------------------------------------------------------------------------------------------------------------------------------------------
Epoch:[77/100], CauAdvLoss:[0.8416/0.1374] valid:[80.16], test:[76.18]
--------------------------------------------------------------------------------------------------------------------------------------------------------------------------------------------------------
Train Iter:[0  /52] CauLoss:[0.9485], AdvLoss:[0.3835]
Train Iter:[13 /52] CauLoss:[0.8134], AdvLoss:[0.1330]
Train Iter:[26 /52] CauLoss:[0.8335], AdvLoss:[0.1411]
Train Iter:[39 /52] CauLoss:[0.8415], AdvLoss:[0.1384]
--------------------------------------------------------------------------------------------------------------------------------------------------------------------------------------------------------
Epoch:[78/100], CauAdvLoss:[0.8272/0.1286] valid:[80.32], test:[78.29]
--------------------------------------------------------------------------------------------------------------------------------------------------------------------------------------------------------
Train Iter:[0  /52] CauLoss:[0.6157], AdvLoss:[0.0295]
Train Iter:[13 /52] CauLoss:[0.8000], AdvLoss:[0.1331]
Train Iter:[26 /52] CauLoss:[0.8114], AdvLoss:[0.1378]
Train Iter:[39 /52] CauLoss:[0.8268], AdvLoss:[0.1362]
--------------------------------------------------------------------------------------------------------------------------------------------------------------------------------------------------------
Epoch:[79/100], CauAdvLoss:[0.9366/0.1404] valid:[81.44], test:[78.47]
--------------------------------------------------------------------------------------------------------------------------------------------------------------------------------------------------------
Train Iter:[0  /52] CauLoss:[0.7614], AdvLoss:[0.0584]
Train Iter:[13 /52] CauLoss:[0.8804], AdvLoss:[0.1287]
Train Iter:[26 /52] CauLoss:[0.8317], AdvLoss:[0.1227]
Train Iter:[39 /52] CauLoss:[0.8513], AdvLoss:[0.1438]
--------------------------------------------------------------------------------------------------------------------------------------------------------------------------------------------------------
Epoch:[80/100], CauAdvLoss:[0.9308/0.1373] valid:[80.83], test:[78.40]
--------------------------------------------------------------------------------------------------------------------------------------------------------------------------------------------------------
Train Iter:[0  /52] CauLoss:[0.7539], AdvLoss:[0.1646]
Train Iter:[13 /52] CauLoss:[0.8162], AdvLoss:[0.1377]
Train Iter:[26 /52] CauLoss:[0.8644], AdvLoss:[0.1545]
Train Iter:[39 /52] CauLoss:[0.8594], AdvLoss:[0.1465]
--------------------------------------------------------------------------------------------------------------------------------------------------------------------------------------------------------
Epoch:[81/100], CauAdvLoss:[0.8404/0.1349] valid:[79.55], test:[75.45]
--------------------------------------------------------------------------------------------------------------------------------------------------------------------------------------------------------
Train Iter:[0  /52] CauLoss:[0.8986], AdvLoss:[0.2242]
Train Iter:[13 /52] CauLoss:[0.8162], AdvLoss:[0.1492]
Train Iter:[26 /52] CauLoss:[0.8095], AdvLoss:[0.1339]
Train Iter:[39 /52] CauLoss:[0.8281], AdvLoss:[0.1349]
--------------------------------------------------------------------------------------------------------------------------------------------------------------------------------------------------------
Epoch:[82/100], CauAdvLoss:[0.9100/0.1344] valid:[81.33], test:[78.90]
--------------------------------------------------------------------------------------------------------------------------------------------------------------------------------------------------------
Train Iter:[0  /52] CauLoss:[0.8976], AdvLoss:[0.1821]
Train Iter:[13 /52] CauLoss:[0.8134], AdvLoss:[0.1209]
Train Iter:[26 /52] CauLoss:[0.8328], AdvLoss:[0.1236]
Train Iter:[39 /52] CauLoss:[0.8446], AdvLoss:[0.1318]
--------------------------------------------------------------------------------------------------------------------------------------------------------------------------------------------------------
Epoch:[83/100], CauAdvLoss:[0.8446/0.1310] valid:[80.03], test:[75.73]
--------------------------------------------------------------------------------------------------------------------------------------------------------------------------------------------------------
Train Iter:[0  /52] CauLoss:[0.8321], AdvLoss:[0.1459]
Train Iter:[13 /52] CauLoss:[0.7956], AdvLoss:[0.1387]
Train Iter:[26 /52] CauLoss:[0.8141], AdvLoss:[0.1513]
Train Iter:[39 /52] CauLoss:[0.8385], AdvLoss:[0.1421]
--------------------------------------------------------------------------------------------------------------------------------------------------------------------------------------------------------
Epoch:[84/100], CauAdvLoss:[0.8246/0.1346] valid:[80.83], test:[77.25]
--------------------------------------------------------------------------------------------------------------------------------------------------------------------------------------------------------
Train Iter:[0  /52] CauLoss:[0.8782], AdvLoss:[0.1589]
Train Iter:[13 /52] CauLoss:[0.8162], AdvLoss:[0.1062]
Train Iter:[26 /52] CauLoss:[0.8824], AdvLoss:[0.1475]
Train Iter:[39 /52] CauLoss:[0.8689], AdvLoss:[0.1390]
--------------------------------------------------------------------------------------------------------------------------------------------------------------------------------------------------------
Epoch:[85/100], CauAdvLoss:[0.8467/0.1307] valid:[80.47], test:[77.03]
--------------------------------------------------------------------------------------------------------------------------------------------------------------------------------------------------------
Train Iter:[0  /52] CauLoss:[0.6922], AdvLoss:[0.2400]
Train Iter:[13 /52] CauLoss:[0.8146], AdvLoss:[0.1112]
Train Iter:[26 /52] CauLoss:[0.7769], AdvLoss:[0.1024]
Train Iter:[39 /52] CauLoss:[0.8068], AdvLoss:[0.1250]
--------------------------------------------------------------------------------------------------------------------------------------------------------------------------------------------------------
Epoch:[86/100], CauAdvLoss:[0.8129/0.1295] valid:[79.90], test:[77.42]
--------------------------------------------------------------------------------------------------------------------------------------------------------------------------------------------------------
Train Iter:[0  /52] CauLoss:[1.0882], AdvLoss:[0.1485]
Train Iter:[13 /52] CauLoss:[0.7969], AdvLoss:[0.1184]
Train Iter:[26 /52] CauLoss:[0.8269], AdvLoss:[0.1311]
Train Iter:[39 /52] CauLoss:[0.8295], AdvLoss:[0.1316]
--------------------------------------------------------------------------------------------------------------------------------------------------------------------------------------------------------
Epoch:[87/100], CauAdvLoss:[0.8656/0.1238] valid:[80.72], test:[77.14]
--------------------------------------------------------------------------------------------------------------------------------------------------------------------------------------------------------
Train Iter:[0  /52] CauLoss:[1.0163], AdvLoss:[0.2117]
Train Iter:[13 /52] CauLoss:[0.9000], AdvLoss:[0.1409]
Train Iter:[26 /52] CauLoss:[0.8684], AdvLoss:[0.1324]
Train Iter:[39 /52] CauLoss:[0.8373], AdvLoss:[0.1231]
--------------------------------------------------------------------------------------------------------------------------------------------------------------------------------------------------------
Epoch:[88/100], CauAdvLoss:[0.8385/0.1258] valid:[79.71], test:[73.73]
--------------------------------------------------------------------------------------------------------------------------------------------------------------------------------------------------------
Train Iter:[0  /52] CauLoss:[0.9239], AdvLoss:[0.2073]
Train Iter:[13 /52] CauLoss:[0.7983], AdvLoss:[0.1408]
Train Iter:[26 /52] CauLoss:[0.8149], AdvLoss:[0.1378]
Train Iter:[39 /52] CauLoss:[0.8061], AdvLoss:[0.1367]
--------------------------------------------------------------------------------------------------------------------------------------------------------------------------------------------------------
Epoch:[89/100], CauAdvLoss:[0.8000/0.1272] valid:[80.22], test:[76.73]
--------------------------------------------------------------------------------------------------------------------------------------------------------------------------------------------------------
Train Iter:[0  /52] CauLoss:[0.7295], AdvLoss:[0.0868]
Train Iter:[13 /52] CauLoss:[0.8642], AdvLoss:[0.1500]
Train Iter:[26 /52] CauLoss:[0.8634], AdvLoss:[0.1458]
Train Iter:[39 /52] CauLoss:[0.8591], AdvLoss:[0.1341]
--------------------------------------------------------------------------------------------------------------------------------------------------------------------------------------------------------
Epoch:[90/100], CauAdvLoss:[0.8391/0.1230] valid:[79.34], test:[75.64]
--------------------------------------------------------------------------------------------------------------------------------------------------------------------------------------------------------
Train Iter:[0  /52] CauLoss:[0.9410], AdvLoss:[0.1546]
Train Iter:[13 /52] CauLoss:[0.8223], AdvLoss:[0.1455]
Train Iter:[26 /52] CauLoss:[0.8136], AdvLoss:[0.1409]
Train Iter:[39 /52] CauLoss:[0.8119], AdvLoss:[0.1332]
--------------------------------------------------------------------------------------------------------------------------------------------------------------------------------------------------------
Epoch:[91/100], CauAdvLoss:[0.8006/0.1219] valid:[79.71], test:[75.95]
--------------------------------------------------------------------------------------------------------------------------------------------------------------------------------------------------------
Train Iter:[0  /52] CauLoss:[0.7096], AdvLoss:[0.1088]
Train Iter:[13 /52] CauLoss:[0.8490], AdvLoss:[0.1462]
Train Iter:[26 /52] CauLoss:[0.8138], AdvLoss:[0.1222]
Train Iter:[39 /52] CauLoss:[0.8064], AdvLoss:[0.1227]
--------------------------------------------------------------------------------------------------------------------------------------------------------------------------------------------------------
Epoch:[92/100], CauAdvLoss:[0.8066/0.1239] valid:[79.36], test:[76.27]
--------------------------------------------------------------------------------------------------------------------------------------------------------------------------------------------------------
Train Iter:[0  /52] CauLoss:[1.0580], AdvLoss:[0.2540]
Train Iter:[13 /52] CauLoss:[0.7853], AdvLoss:[0.1215]
Train Iter:[26 /52] CauLoss:[0.8351], AdvLoss:[0.1256]
Train Iter:[39 /52] CauLoss:[0.8313], AdvLoss:[0.1224]
--------------------------------------------------------------------------------------------------------------------------------------------------------------------------------------------------------
Epoch:[93/100], CauAdvLoss:[0.8211/0.1217] valid:[79.40], test:[75.99]
--------------------------------------------------------------------------------------------------------------------------------------------------------------------------------------------------------
Train Iter:[0  /52] CauLoss:[0.7335], AdvLoss:[0.0450]
Train Iter:[13 /52] CauLoss:[0.7988], AdvLoss:[0.0922]
Train Iter:[26 /52] CauLoss:[0.8552], AdvLoss:[0.1257]
Train Iter:[39 /52] CauLoss:[0.8149], AdvLoss:[0.1180]
--------------------------------------------------------------------------------------------------------------------------------------------------------------------------------------------------------
Epoch:[94/100], CauAdvLoss:[0.8137/0.1219] valid:[79.52], test:[75.77]
--------------------------------------------------------------------------------------------------------------------------------------------------------------------------------------------------------
Train Iter:[0  /52] CauLoss:[0.8126], AdvLoss:[0.2088]
Train Iter:[13 /52] CauLoss:[0.7906], AdvLoss:[0.1325]
Train Iter:[26 /52] CauLoss:[0.8335], AdvLoss:[0.1385]
Train Iter:[39 /52] CauLoss:[0.8059], AdvLoss:[0.1248]
--------------------------------------------------------------------------------------------------------------------------------------------------------------------------------------------------------
Epoch:[95/100], CauAdvLoss:[0.8060/0.1233] valid:[79.46], test:[75.51]
--------------------------------------------------------------------------------------------------------------------------------------------------------------------------------------------------------
Train Iter:[0  /52] CauLoss:[0.7727], AdvLoss:[0.1241]
Train Iter:[13 /52] CauLoss:[0.7924], AdvLoss:[0.1391]
Train Iter:[26 /52] CauLoss:[0.8182], AdvLoss:[0.1328]
Train Iter:[39 /52] CauLoss:[0.8079], AdvLoss:[0.1225]
--------------------------------------------------------------------------------------------------------------------------------------------------------------------------------------------------------
Epoch:[96/100], CauAdvLoss:[0.8700/0.1245] valid:[80.03], test:[77.38]
--------------------------------------------------------------------------------------------------------------------------------------------------------------------------------------------------------
Train Iter:[0  /52] CauLoss:[0.8088], AdvLoss:[0.1667]
Train Iter:[13 /52] CauLoss:[0.7288], AdvLoss:[0.1020]
Train Iter:[26 /52] CauLoss:[0.7832], AdvLoss:[0.1146]
Train Iter:[39 /52] CauLoss:[0.8007], AdvLoss:[0.1171]
--------------------------------------------------------------------------------------------------------------------------------------------------------------------------------------------------------
Epoch:[97/100], CauAdvLoss:[0.8163/0.1231] valid:[80.32], test:[76.05]
--------------------------------------------------------------------------------------------------------------------------------------------------------------------------------------------------------
Train Iter:[0  /52] CauLoss:[0.7335], AdvLoss:[0.1137]
Train Iter:[13 /52] CauLoss:[0.7799], AdvLoss:[0.1218]
Train Iter:[26 /52] CauLoss:[0.8105], AdvLoss:[0.1294]
Train Iter:[39 /52] CauLoss:[0.8129], AdvLoss:[0.1348]
--------------------------------------------------------------------------------------------------------------------------------------------------------------------------------------------------------
Epoch:[98/100], CauAdvLoss:[0.8018/0.1250] valid:[79.59], test:[75.34]
--------------------------------------------------------------------------------------------------------------------------------------------------------------------------------------------------------
Train Iter:[0  /52] CauLoss:[0.8915], AdvLoss:[0.1550]
Train Iter:[13 /52] CauLoss:[0.7806], AdvLoss:[0.1229]
Train Iter:[26 /52] CauLoss:[0.8370], AdvLoss:[0.1245]
Train Iter:[39 /52] CauLoss:[0.8405], AdvLoss:[0.1221]
--------------------------------------------------------------------------------------------------------------------------------------------------------------------------------------------------------
Epoch:[99/100], CauAdvLoss:[0.8397/0.1233] valid:[80.24], test:[75.75]
--------------------------------------------------------------------------------------------------------------------------------------------------------------------------------------------------------
Train Iter:[0  /52] CauLoss:[0.8207], AdvLoss:[0.1445]
Train Iter:[13 /52] CauLoss:[0.8044], AdvLoss:[0.1410]
Train Iter:[26 /52] CauLoss:[0.7769], AdvLoss:[0.1224]
Train Iter:[39 /52] CauLoss:[0.7964], AdvLoss:[0.1222]
--------------------------------------------------------------------------------------------------------------------------------------------------------------------------------------------------------
Epoch:[100/100], CauAdvLoss:[0.8654/0.1239] valid:[80.53], test:[77.62]
--------------------------------------------------------------------------------------------------------------------------------------------------------------------------------------------------------
Update test:[78.29] at epoch:[64] | Total time:00:04:19
initialize network with kaiming
Train Iter:[0  /52] CauLoss:[2.1167], AdvLoss:[-176.2053]
Train Iter:[13 /52] CauLoss:[1.8174], AdvLoss:[-16.4986]
Train Iter:[26 /52] CauLoss:[1.7483], AdvLoss:[-8.7180]
Train Iter:[39 /52] CauLoss:[1.6759], AdvLoss:[-5.8576]
--------------------------------------------------------------------------------------------------------------------------------------------------------------------------------------------------------
Epoch:[1/100], CauAdvLoss:[1.6288/-4.4602] valid:[55.81], test:[65.57]
--------------------------------------------------------------------------------------------------------------------------------------------------------------------------------------------------------
Train Iter:[0  /52] CauLoss:[1.1725], AdvLoss:[0.0806]
Train Iter:[13 /52] CauLoss:[1.3664], AdvLoss:[0.2910]
Train Iter:[26 /52] CauLoss:[1.4312], AdvLoss:[0.3667]
Train Iter:[39 /52] CauLoss:[1.4285], AdvLoss:[0.3583]
--------------------------------------------------------------------------------------------------------------------------------------------------------------------------------------------------------
Epoch:[2/100], CauAdvLoss:[1.4077/0.3515] valid:[64.14], test:[77.17]
--------------------------------------------------------------------------------------------------------------------------------------------------------------------------------------------------------
Train Iter:[0  /52] CauLoss:[1.3341], AdvLoss:[0.2814]
Train Iter:[13 /52] CauLoss:[1.4527], AdvLoss:[0.4082]
Train Iter:[26 /52] CauLoss:[1.3581], AdvLoss:[0.3431]
Train Iter:[39 /52] CauLoss:[1.3564], AdvLoss:[0.3894]
--------------------------------------------------------------------------------------------------------------------------------------------------------------------------------------------------------
Epoch:[3/100], CauAdvLoss:[1.3572/0.3998] valid:[64.98], test:[76.86]
--------------------------------------------------------------------------------------------------------------------------------------------------------------------------------------------------------
Train Iter:[0  /52] CauLoss:[1.1800], AdvLoss:[0.2702]
Train Iter:[13 /52] CauLoss:[1.3610], AdvLoss:[0.3981]
Train Iter:[26 /52] CauLoss:[1.3739], AdvLoss:[0.3986]
Train Iter:[39 /52] CauLoss:[1.3115], AdvLoss:[0.3676]
--------------------------------------------------------------------------------------------------------------------------------------------------------------------------------------------------------
Epoch:[4/100], CauAdvLoss:[1.3701/0.3695] valid:[70.03], test:[79.27]
--------------------------------------------------------------------------------------------------------------------------------------------------------------------------------------------------------
Train Iter:[0  /52] CauLoss:[0.9931], AdvLoss:[0.3880]
Train Iter:[13 /52] CauLoss:[1.2681], AdvLoss:[0.4006]
Train Iter:[26 /52] CauLoss:[1.2660], AdvLoss:[0.3614]
Train Iter:[39 /52] CauLoss:[1.2828], AdvLoss:[0.3604]
--------------------------------------------------------------------------------------------------------------------------------------------------------------------------------------------------------
Epoch:[5/100], CauAdvLoss:[1.2727/0.3465] valid:[71.92], test:[81.39]
--------------------------------------------------------------------------------------------------------------------------------------------------------------------------------------------------------
Train Iter:[0  /52] CauLoss:[1.2056], AdvLoss:[0.1760]
Train Iter:[13 /52] CauLoss:[1.3178], AdvLoss:[0.3577]
Train Iter:[26 /52] CauLoss:[1.2625], AdvLoss:[0.3274]
Train Iter:[39 /52] CauLoss:[1.2393], AdvLoss:[0.3240]
--------------------------------------------------------------------------------------------------------------------------------------------------------------------------------------------------------
Epoch:[6/100], CauAdvLoss:[1.2487/0.3267] valid:[70.78], test:[77.90]
--------------------------------------------------------------------------------------------------------------------------------------------------------------------------------------------------------
Train Iter:[0  /52] CauLoss:[0.9264], AdvLoss:[0.4124]
Train Iter:[13 /52] CauLoss:[1.1004], AdvLoss:[0.2868]
Train Iter:[26 /52] CauLoss:[1.1571], AdvLoss:[0.3231]
Train Iter:[39 /52] CauLoss:[1.1999], AdvLoss:[0.3565]
--------------------------------------------------------------------------------------------------------------------------------------------------------------------------------------------------------
Epoch:[7/100], CauAdvLoss:[1.2360/0.4113] valid:[69.75], test:[78.15]
--------------------------------------------------------------------------------------------------------------------------------------------------------------------------------------------------------
Train Iter:[0  /52] CauLoss:[1.4856], AdvLoss:[0.5725]
Train Iter:[13 /52] CauLoss:[1.2484], AdvLoss:[0.3649]
Train Iter:[26 /52] CauLoss:[1.2297], AdvLoss:[0.3422]
Train Iter:[39 /52] CauLoss:[1.2428], AdvLoss:[0.3457]
--------------------------------------------------------------------------------------------------------------------------------------------------------------------------------------------------------
Epoch:[8/100], CauAdvLoss:[1.2171/0.3281] valid:[60.03], test:[72.12]
--------------------------------------------------------------------------------------------------------------------------------------------------------------------------------------------------------
Train Iter:[0  /52] CauLoss:[1.0037], AdvLoss:[0.9190]
Train Iter:[13 /52] CauLoss:[1.2224], AdvLoss:[0.4137]
Train Iter:[26 /52] CauLoss:[1.2102], AdvLoss:[0.3676]
Train Iter:[39 /52] CauLoss:[1.2213], AdvLoss:[0.3497]
--------------------------------------------------------------------------------------------------------------------------------------------------------------------------------------------------------
Epoch:[9/100], CauAdvLoss:[1.1953/0.3334] valid:[69.39], test:[81.59]
--------------------------------------------------------------------------------------------------------------------------------------------------------------------------------------------------------
Train Iter:[0  /52] CauLoss:[1.2181], AdvLoss:[0.5090]
Train Iter:[13 /52] CauLoss:[1.1841], AdvLoss:[0.3423]
Train Iter:[26 /52] CauLoss:[1.2057], AdvLoss:[0.3246]
Train Iter:[39 /52] CauLoss:[1.2115], AdvLoss:[0.3460]
--------------------------------------------------------------------------------------------------------------------------------------------------------------------------------------------------------
Epoch:[10/100], CauAdvLoss:[1.1877/0.3246] valid:[70.03], test:[79.77]
--------------------------------------------------------------------------------------------------------------------------------------------------------------------------------------------------------
Train Iter:[0  /52] CauLoss:[1.1477], AdvLoss:[0.2095]
Train Iter:[13 /52] CauLoss:[1.1347], AdvLoss:[0.2871]
Train Iter:[26 /52] CauLoss:[1.1659], AdvLoss:[0.2810]
Train Iter:[39 /52] CauLoss:[1.1838], AdvLoss:[0.2920]
--------------------------------------------------------------------------------------------------------------------------------------------------------------------------------------------------------
Epoch:[11/100], CauAdvLoss:[1.2360/0.3362] valid:[73.93], test:[80.15]
--------------------------------------------------------------------------------------------------------------------------------------------------------------------------------------------------------
Train Iter:[0  /52] CauLoss:[1.3450], AdvLoss:[0.2764]
Train Iter:[13 /52] CauLoss:[1.1799], AdvLoss:[0.2820]
Train Iter:[26 /52] CauLoss:[1.1973], AdvLoss:[0.2983]
Train Iter:[39 /52] CauLoss:[1.1785], AdvLoss:[0.3095]
--------------------------------------------------------------------------------------------------------------------------------------------------------------------------------------------------------
Epoch:[12/100], CauAdvLoss:[1.1731/0.3069] valid:[65.38], test:[73.18]
--------------------------------------------------------------------------------------------------------------------------------------------------------------------------------------------------------
Train Iter:[0  /52] CauLoss:[1.6358], AdvLoss:[0.3617]
Train Iter:[13 /52] CauLoss:[1.0883], AdvLoss:[0.2865]
Train Iter:[26 /52] CauLoss:[1.0838], AdvLoss:[0.2816]
Train Iter:[39 /52] CauLoss:[1.1084], AdvLoss:[0.2795]
--------------------------------------------------------------------------------------------------------------------------------------------------------------------------------------------------------
Epoch:[13/100], CauAdvLoss:[1.1389/0.2827] valid:[62.02], test:[74.03]
--------------------------------------------------------------------------------------------------------------------------------------------------------------------------------------------------------
Train Iter:[0  /52] CauLoss:[0.8185], AdvLoss:[0.1685]
Train Iter:[13 /52] CauLoss:[1.1219], AdvLoss:[0.2819]
Train Iter:[26 /52] CauLoss:[1.1027], AdvLoss:[0.2789]
Train Iter:[39 /52] CauLoss:[1.1120], AdvLoss:[0.2742]
--------------------------------------------------------------------------------------------------------------------------------------------------------------------------------------------------------
Epoch:[14/100], CauAdvLoss:[1.1378/0.3105] valid:[62.75], test:[70.69]
--------------------------------------------------------------------------------------------------------------------------------------------------------------------------------------------------------
Train Iter:[0  /52] CauLoss:[1.5375], AdvLoss:[0.6114]
Train Iter:[13 /52] CauLoss:[1.1555], AdvLoss:[0.3188]
Train Iter:[26 /52] CauLoss:[1.1354], AdvLoss:[0.3020]
Train Iter:[39 /52] CauLoss:[1.1587], AdvLoss:[0.2994]
--------------------------------------------------------------------------------------------------------------------------------------------------------------------------------------------------------
Epoch:[15/100], CauAdvLoss:[1.1766/0.2954] valid:[71.57], test:[78.74]
--------------------------------------------------------------------------------------------------------------------------------------------------------------------------------------------------------
Train Iter:[0  /52] CauLoss:[1.5179], AdvLoss:[0.4503]
Train Iter:[13 /52] CauLoss:[1.2472], AdvLoss:[0.2976]
Train Iter:[26 /52] CauLoss:[1.1875], AdvLoss:[0.2768]
Train Iter:[39 /52] CauLoss:[1.1663], AdvLoss:[0.2757]
--------------------------------------------------------------------------------------------------------------------------------------------------------------------------------------------------------
Epoch:[16/100], CauAdvLoss:[1.1555/0.2888] valid:[68.59], test:[80.34]
--------------------------------------------------------------------------------------------------------------------------------------------------------------------------------------------------------
Train Iter:[0  /52] CauLoss:[1.1458], AdvLoss:[0.2942]
Train Iter:[13 /52] CauLoss:[1.1750], AdvLoss:[0.3097]
Train Iter:[26 /52] CauLoss:[1.1412], AdvLoss:[0.2903]
Train Iter:[39 /52] CauLoss:[1.1273], AdvLoss:[0.2793]
--------------------------------------------------------------------------------------------------------------------------------------------------------------------------------------------------------
Epoch:[17/100], CauAdvLoss:[1.1234/0.2750] valid:[70.07], test:[77.40]
--------------------------------------------------------------------------------------------------------------------------------------------------------------------------------------------------------
Train Iter:[0  /52] CauLoss:[1.1628], AdvLoss:[0.2414]
Train Iter:[13 /52] CauLoss:[1.1160], AdvLoss:[0.2762]
Train Iter:[26 /52] CauLoss:[1.1276], AdvLoss:[0.2613]
Train Iter:[39 /52] CauLoss:[1.1130], AdvLoss:[0.2646]
--------------------------------------------------------------------------------------------------------------------------------------------------------------------------------------------------------
Epoch:[18/100], CauAdvLoss:[1.1396/0.2917] valid:[74.19], test:[78.43]
--------------------------------------------------------------------------------------------------------------------------------------------------------------------------------------------------------
Train Iter:[0  /52] CauLoss:[1.2419], AdvLoss:[0.3713]
Train Iter:[13 /52] CauLoss:[1.1691], AdvLoss:[0.3167]
Train Iter:[26 /52] CauLoss:[1.1333], AdvLoss:[0.2934]
Train Iter:[39 /52] CauLoss:[1.1019], AdvLoss:[0.2754]
--------------------------------------------------------------------------------------------------------------------------------------------------------------------------------------------------------
Epoch:[19/100], CauAdvLoss:[1.1027/0.2701] valid:[76.71], test:[80.54]
--------------------------------------------------------------------------------------------------------------------------------------------------------------------------------------------------------
Train Iter:[0  /52] CauLoss:[1.0323], AdvLoss:[0.2996]
Train Iter:[13 /52] CauLoss:[1.1064], AdvLoss:[0.2661]
Train Iter:[26 /52] CauLoss:[1.0831], AdvLoss:[0.2483]
Train Iter:[39 /52] CauLoss:[1.0706], AdvLoss:[0.2484]
--------------------------------------------------------------------------------------------------------------------------------------------------------------------------------------------------------
Epoch:[20/100], CauAdvLoss:[1.0841/0.2672] valid:[74.19], test:[80.73]
--------------------------------------------------------------------------------------------------------------------------------------------------------------------------------------------------------
Train Iter:[0  /52] CauLoss:[1.0286], AdvLoss:[0.1893]
Train Iter:[13 /52] CauLoss:[0.9593], AdvLoss:[0.1900]
Train Iter:[26 /52] CauLoss:[1.0349], AdvLoss:[0.2451]
Train Iter:[39 /52] CauLoss:[1.0591], AdvLoss:[0.2530]
--------------------------------------------------------------------------------------------------------------------------------------------------------------------------------------------------------
Epoch:[21/100], CauAdvLoss:[1.0724/0.2514] valid:[65.53], test:[74.36]
--------------------------------------------------------------------------------------------------------------------------------------------------------------------------------------------------------
Train Iter:[0  /52] CauLoss:[1.0922], AdvLoss:[0.3270]
Train Iter:[13 /52] CauLoss:[1.0762], AdvLoss:[0.2653]
Train Iter:[26 /52] CauLoss:[1.1011], AdvLoss:[0.3063]
Train Iter:[39 /52] CauLoss:[1.0955], AdvLoss:[0.2985]
--------------------------------------------------------------------------------------------------------------------------------------------------------------------------------------------------------
Epoch:[22/100], CauAdvLoss:[1.0695/0.2786] valid:[68.87], test:[80.09]
--------------------------------------------------------------------------------------------------------------------------------------------------------------------------------------------------------
Train Iter:[0  /52] CauLoss:[1.0890], AdvLoss:[0.2805]
Train Iter:[13 /52] CauLoss:[1.0067], AdvLoss:[0.2273]
Train Iter:[26 /52] CauLoss:[1.0591], AdvLoss:[0.2634]
Train Iter:[39 /52] CauLoss:[1.0671], AdvLoss:[0.2745]
--------------------------------------------------------------------------------------------------------------------------------------------------------------------------------------------------------
Epoch:[23/100], CauAdvLoss:[1.0663/0.2650] valid:[72.92], test:[79.42]
--------------------------------------------------------------------------------------------------------------------------------------------------------------------------------------------------------
Train Iter:[0  /52] CauLoss:[1.0496], AdvLoss:[0.2040]
Train Iter:[13 /52] CauLoss:[1.0171], AdvLoss:[0.2378]
Train Iter:[26 /52] CauLoss:[1.0817], AdvLoss:[0.2990]
Train Iter:[39 /52] CauLoss:[1.0709], AdvLoss:[0.2825]
--------------------------------------------------------------------------------------------------------------------------------------------------------------------------------------------------------
Epoch:[24/100], CauAdvLoss:[1.0712/0.2775] valid:[67.82], test:[74.96]
--------------------------------------------------------------------------------------------------------------------------------------------------------------------------------------------------------
Train Iter:[0  /52] CauLoss:[1.2745], AdvLoss:[0.3350]
Train Iter:[13 /52] CauLoss:[1.1155], AdvLoss:[0.2808]
Train Iter:[26 /52] CauLoss:[1.1212], AdvLoss:[0.2561]
Train Iter:[39 /52] CauLoss:[1.1217], AdvLoss:[0.2642]
--------------------------------------------------------------------------------------------------------------------------------------------------------------------------------------------------------
Epoch:[25/100], CauAdvLoss:[1.0849/0.2446] valid:[73.41], test:[78.92]
--------------------------------------------------------------------------------------------------------------------------------------------------------------------------------------------------------
Train Iter:[0  /52] CauLoss:[1.0072], AdvLoss:[0.1147]
Train Iter:[13 /52] CauLoss:[1.1368], AdvLoss:[0.2768]
Train Iter:[26 /52] CauLoss:[1.0859], AdvLoss:[0.2669]
Train Iter:[39 /52] CauLoss:[1.0966], AdvLoss:[0.2742]
--------------------------------------------------------------------------------------------------------------------------------------------------------------------------------------------------------
Epoch:[26/100], CauAdvLoss:[1.1120/0.2552] valid:[74.77], test:[80.66]
--------------------------------------------------------------------------------------------------------------------------------------------------------------------------------------------------------
Train Iter:[0  /52] CauLoss:[1.2851], AdvLoss:[0.3330]
Train Iter:[13 /52] CauLoss:[1.0197], AdvLoss:[0.1986]
Train Iter:[26 /52] CauLoss:[1.0510], AdvLoss:[0.2333]
Train Iter:[39 /52] CauLoss:[1.0857], AdvLoss:[0.2525]
--------------------------------------------------------------------------------------------------------------------------------------------------------------------------------------------------------
Epoch:[27/100], CauAdvLoss:[1.0521/0.2434] valid:[72.90], test:[77.75]
--------------------------------------------------------------------------------------------------------------------------------------------------------------------------------------------------------
Train Iter:[0  /52] CauLoss:[1.2548], AdvLoss:[0.3502]
Train Iter:[13 /52] CauLoss:[1.0587], AdvLoss:[0.3085]
Train Iter:[26 /52] CauLoss:[1.0467], AdvLoss:[0.2701]
Train Iter:[39 /52] CauLoss:[1.0310], AdvLoss:[0.2593]
--------------------------------------------------------------------------------------------------------------------------------------------------------------------------------------------------------
Epoch:[28/100], CauAdvLoss:[1.0964/0.2584] valid:[72.07], test:[80.46]
--------------------------------------------------------------------------------------------------------------------------------------------------------------------------------------------------------
Train Iter:[0  /52] CauLoss:[0.9129], AdvLoss:[0.1640]
Train Iter:[13 /52] CauLoss:[1.0903], AdvLoss:[0.2318]
Train Iter:[26 /52] CauLoss:[1.0911], AdvLoss:[0.2540]
Train Iter:[39 /52] CauLoss:[1.0626], AdvLoss:[0.2418]
--------------------------------------------------------------------------------------------------------------------------------------------------------------------------------------------------------
Epoch:[29/100], CauAdvLoss:[1.0710/0.2354] valid:[72.54], test:[81.24]
--------------------------------------------------------------------------------------------------------------------------------------------------------------------------------------------------------
Train Iter:[0  /52] CauLoss:[0.9854], AdvLoss:[0.1705]
Train Iter:[13 /52] CauLoss:[1.1048], AdvLoss:[0.2835]
Train Iter:[26 /52] CauLoss:[1.0915], AdvLoss:[0.2635]
Train Iter:[39 /52] CauLoss:[1.0517], AdvLoss:[0.2640]
--------------------------------------------------------------------------------------------------------------------------------------------------------------------------------------------------------
Epoch:[30/100], CauAdvLoss:[1.0250/0.2487] valid:[74.34], test:[82.48]
--------------------------------------------------------------------------------------------------------------------------------------------------------------------------------------------------------
Train Iter:[0  /52] CauLoss:[1.0702], AdvLoss:[0.2904]
Train Iter:[13 /52] CauLoss:[0.9407], AdvLoss:[0.2079]
Train Iter:[26 /52] CauLoss:[0.9929], AdvLoss:[0.2264]
Train Iter:[39 /52] CauLoss:[0.9950], AdvLoss:[0.2123]
--------------------------------------------------------------------------------------------------------------------------------------------------------------------------------------------------------
Epoch:[31/100], CauAdvLoss:[1.0177/0.2266] valid:[75.54], test:[83.50]
--------------------------------------------------------------------------------------------------------------------------------------------------------------------------------------------------------
Train Iter:[0  /52] CauLoss:[0.7176], AdvLoss:[0.0917]
Train Iter:[13 /52] CauLoss:[0.9851], AdvLoss:[0.2121]
Train Iter:[26 /52] CauLoss:[1.0029], AdvLoss:[0.2273]
Train Iter:[39 /52] CauLoss:[1.0386], AdvLoss:[0.2444]
--------------------------------------------------------------------------------------------------------------------------------------------------------------------------------------------------------
Epoch:[32/100], CauAdvLoss:[1.0067/0.2294] valid:[69.86], test:[80.19]
--------------------------------------------------------------------------------------------------------------------------------------------------------------------------------------------------------
Train Iter:[0  /52] CauLoss:[1.4101], AdvLoss:[0.3311]
Train Iter:[13 /52] CauLoss:[1.0557], AdvLoss:[0.2487]
Train Iter:[26 /52] CauLoss:[0.9792], AdvLoss:[0.2123]
Train Iter:[39 /52] CauLoss:[0.9912], AdvLoss:[0.2186]
--------------------------------------------------------------------------------------------------------------------------------------------------------------------------------------------------------
Epoch:[33/100], CauAdvLoss:[1.0013/0.2190] valid:[71.02], test:[81.24]
--------------------------------------------------------------------------------------------------------------------------------------------------------------------------------------------------------
Train Iter:[0  /52] CauLoss:[0.8641], AdvLoss:[0.0860]
Train Iter:[13 /52] CauLoss:[1.0358], AdvLoss:[0.2283]
Train Iter:[26 /52] CauLoss:[1.0103], AdvLoss:[0.2255]
Train Iter:[39 /52] CauLoss:[1.0227], AdvLoss:[0.2290]
--------------------------------------------------------------------------------------------------------------------------------------------------------------------------------------------------------
Epoch:[34/100], CauAdvLoss:[1.0130/0.2264] valid:[72.84], test:[77.77]
--------------------------------------------------------------------------------------------------------------------------------------------------------------------------------------------------------
Train Iter:[0  /52] CauLoss:[1.2494], AdvLoss:[0.4264]
Train Iter:[13 /52] CauLoss:[1.0630], AdvLoss:[0.2343]
Train Iter:[26 /52] CauLoss:[1.0300], AdvLoss:[0.2270]
Train Iter:[39 /52] CauLoss:[1.0087], AdvLoss:[0.2284]
--------------------------------------------------------------------------------------------------------------------------------------------------------------------------------------------------------
Epoch:[35/100], CauAdvLoss:[1.0155/0.2327] valid:[69.56], test:[80.06]
--------------------------------------------------------------------------------------------------------------------------------------------------------------------------------------------------------
Train Iter:[0  /52] CauLoss:[1.3398], AdvLoss:[0.2993]
Train Iter:[13 /52] CauLoss:[1.0542], AdvLoss:[0.2384]
Train Iter:[26 /52] CauLoss:[1.0084], AdvLoss:[0.2070]
Train Iter:[39 /52] CauLoss:[1.0117], AdvLoss:[0.2106]
--------------------------------------------------------------------------------------------------------------------------------------------------------------------------------------------------------
Epoch:[36/100], CauAdvLoss:[1.0087/0.2120] valid:[66.90], test:[77.47]
--------------------------------------------------------------------------------------------------------------------------------------------------------------------------------------------------------
Train Iter:[0  /52] CauLoss:[0.6252], AdvLoss:[0.0198]
Train Iter:[13 /52] CauLoss:[0.9265], AdvLoss:[0.1935]
Train Iter:[26 /52] CauLoss:[1.0048], AdvLoss:[0.2373]
Train Iter:[39 /52] CauLoss:[0.9941], AdvLoss:[0.2190]
--------------------------------------------------------------------------------------------------------------------------------------------------------------------------------------------------------
Epoch:[37/100], CauAdvLoss:[1.0197/0.2354] valid:[72.21], test:[81.93]
--------------------------------------------------------------------------------------------------------------------------------------------------------------------------------------------------------
Train Iter:[0  /52] CauLoss:[1.0136], AdvLoss:[0.2178]
Train Iter:[13 /52] CauLoss:[1.0114], AdvLoss:[0.2190]
Train Iter:[26 /52] CauLoss:[1.0230], AdvLoss:[0.2188]
Train Iter:[39 /52] CauLoss:[0.9915], AdvLoss:[0.2178]
--------------------------------------------------------------------------------------------------------------------------------------------------------------------------------------------------------
Epoch:[38/100], CauAdvLoss:[0.9802/0.2158] valid:[70.31], test:[82.27]
--------------------------------------------------------------------------------------------------------------------------------------------------------------------------------------------------------
Train Iter:[0  /52] CauLoss:[1.0558], AdvLoss:[0.2609]
Train Iter:[13 /52] CauLoss:[1.0053], AdvLoss:[0.1954]
Train Iter:[26 /52] CauLoss:[0.9931], AdvLoss:[0.1946]
Train Iter:[39 /52] CauLoss:[0.9963], AdvLoss:[0.2066]
--------------------------------------------------------------------------------------------------------------------------------------------------------------------------------------------------------
Epoch:[39/100], CauAdvLoss:[1.0027/0.2098] valid:[72.41], test:[81.52]
--------------------------------------------------------------------------------------------------------------------------------------------------------------------------------------------------------
Train Iter:[0  /52] CauLoss:[1.0569], AdvLoss:[0.0991]
Train Iter:[13 /52] CauLoss:[0.9277], AdvLoss:[0.1980]
Train Iter:[26 /52] CauLoss:[0.9731], AdvLoss:[0.2207]
Train Iter:[39 /52] CauLoss:[0.9634], AdvLoss:[0.2127]
--------------------------------------------------------------------------------------------------------------------------------------------------------------------------------------------------------
Epoch:[40/100], CauAdvLoss:[1.0095/0.2073] valid:[69.90], test:[81.05]
--------------------------------------------------------------------------------------------------------------------------------------------------------------------------------------------------------
Train Iter:[0  /52] CauLoss:[0.7339], AdvLoss:[0.1021]
Train Iter:[13 /52] CauLoss:[1.0177], AdvLoss:[0.2355]
Train Iter:[26 /52] CauLoss:[1.0060], AdvLoss:[0.2269]
Train Iter:[39 /52] CauLoss:[1.0124], AdvLoss:[0.2281]
--------------------------------------------------------------------------------------------------------------------------------------------------------------------------------------------------------
Epoch:[41/100], CauAdvLoss:[1.0376/0.2137] valid:[74.04], test:[81.55]
--------------------------------------------------------------------------------------------------------------------------------------------------------------------------------------------------------
Train Iter:[0  /52] CauLoss:[1.1424], AdvLoss:[0.3949]
Train Iter:[13 /52] CauLoss:[0.9798], AdvLoss:[0.2164]
Train Iter:[26 /52] CauLoss:[0.9810], AdvLoss:[0.2028]
Train Iter:[39 /52] CauLoss:[1.0037], AdvLoss:[0.2104]
--------------------------------------------------------------------------------------------------------------------------------------------------------------------------------------------------------
Epoch:[42/100], CauAdvLoss:[0.9841/0.2069] valid:[69.64], test:[78.03]
--------------------------------------------------------------------------------------------------------------------------------------------------------------------------------------------------------
Train Iter:[0  /52] CauLoss:[0.9647], AdvLoss:[0.2087]
Train Iter:[13 /52] CauLoss:[0.9421], AdvLoss:[0.2281]
Train Iter:[26 /52] CauLoss:[0.9366], AdvLoss:[0.2102]
Train Iter:[39 /52] CauLoss:[0.9740], AdvLoss:[0.2113]
--------------------------------------------------------------------------------------------------------------------------------------------------------------------------------------------------------
Epoch:[43/100], CauAdvLoss:[1.0183/0.2510] valid:[69.99], test:[80.16]
--------------------------------------------------------------------------------------------------------------------------------------------------------------------------------------------------------
Train Iter:[0  /52] CauLoss:[0.9010], AdvLoss:[0.2132]
Train Iter:[13 /52] CauLoss:[0.9364], AdvLoss:[0.1993]
Train Iter:[26 /52] CauLoss:[0.9736], AdvLoss:[0.2063]
Train Iter:[39 /52] CauLoss:[0.9611], AdvLoss:[0.1978]
--------------------------------------------------------------------------------------------------------------------------------------------------------------------------------------------------------
Epoch:[44/100], CauAdvLoss:[1.0527/0.2293] valid:[72.94], test:[81.37]
--------------------------------------------------------------------------------------------------------------------------------------------------------------------------------------------------------
Train Iter:[0  /52] CauLoss:[1.1960], AdvLoss:[0.3594]
Train Iter:[13 /52] CauLoss:[0.9735], AdvLoss:[0.2364]
Train Iter:[26 /52] CauLoss:[0.9355], AdvLoss:[0.2234]
Train Iter:[39 /52] CauLoss:[0.9573], AdvLoss:[0.2191]
--------------------------------------------------------------------------------------------------------------------------------------------------------------------------------------------------------
Epoch:[45/100], CauAdvLoss:[1.0085/0.2086] valid:[73.50], test:[82.52]
--------------------------------------------------------------------------------------------------------------------------------------------------------------------------------------------------------
Train Iter:[0  /52] CauLoss:[0.6704], AdvLoss:[0.0456]
Train Iter:[13 /52] CauLoss:[0.9537], AdvLoss:[0.2010]
Train Iter:[26 /52] CauLoss:[0.9856], AdvLoss:[0.2202]
Train Iter:[39 /52] CauLoss:[0.9808], AdvLoss:[0.2124]
--------------------------------------------------------------------------------------------------------------------------------------------------------------------------------------------------------
Epoch:[46/100], CauAdvLoss:[0.9668/0.2038] valid:[70.22], test:[80.49]
--------------------------------------------------------------------------------------------------------------------------------------------------------------------------------------------------------
Train Iter:[0  /52] CauLoss:[1.2680], AdvLoss:[0.4040]
Train Iter:[13 /52] CauLoss:[1.0240], AdvLoss:[0.2067]
Train Iter:[26 /52] CauLoss:[1.0155], AdvLoss:[0.2143]
Train Iter:[39 /52] CauLoss:[0.9848], AdvLoss:[0.2054]
--------------------------------------------------------------------------------------------------------------------------------------------------------------------------------------------------------
Epoch:[47/100], CauAdvLoss:[1.0304/0.2024] valid:[73.03], test:[83.16]
--------------------------------------------------------------------------------------------------------------------------------------------------------------------------------------------------------
Train Iter:[0  /52] CauLoss:[1.0006], AdvLoss:[0.1719]
Train Iter:[13 /52] CauLoss:[0.8738], AdvLoss:[0.1558]
Train Iter:[26 /52] CauLoss:[0.9302], AdvLoss:[0.1902]
Train Iter:[39 /52] CauLoss:[0.9515], AdvLoss:[0.1989]
--------------------------------------------------------------------------------------------------------------------------------------------------------------------------------------------------------
Epoch:[48/100], CauAdvLoss:[0.9336/0.1959] valid:[71.38], test:[80.16]
--------------------------------------------------------------------------------------------------------------------------------------------------------------------------------------------------------
Train Iter:[0  /52] CauLoss:[0.7593], AdvLoss:[0.0489]
Train Iter:[13 /52] CauLoss:[0.9995], AdvLoss:[0.2467]
Train Iter:[26 /52] CauLoss:[0.9203], AdvLoss:[0.1891]
Train Iter:[39 /52] CauLoss:[0.9542], AdvLoss:[0.2074]
--------------------------------------------------------------------------------------------------------------------------------------------------------------------------------------------------------
Epoch:[49/100], CauAdvLoss:[0.9477/0.1904] valid:[70.46], test:[80.71]
--------------------------------------------------------------------------------------------------------------------------------------------------------------------------------------------------------
Train Iter:[0  /52] CauLoss:[0.9143], AdvLoss:[0.3581]
Train Iter:[13 /52] CauLoss:[0.9156], AdvLoss:[0.2141]
Train Iter:[26 /52] CauLoss:[0.9510], AdvLoss:[0.2074]
Train Iter:[39 /52] CauLoss:[0.9205], AdvLoss:[0.1908]
--------------------------------------------------------------------------------------------------------------------------------------------------------------------------------------------------------
Epoch:[50/100], CauAdvLoss:[0.9344/0.2053] valid:[72.06], test:[82.25]
--------------------------------------------------------------------------------------------------------------------------------------------------------------------------------------------------------
Train Iter:[0  /52] CauLoss:[0.7618], AdvLoss:[0.0927]
Train Iter:[13 /52] CauLoss:[0.9415], AdvLoss:[0.1917]
Train Iter:[26 /52] CauLoss:[0.9450], AdvLoss:[0.1990]
Train Iter:[39 /52] CauLoss:[0.9281], AdvLoss:[0.1848]
--------------------------------------------------------------------------------------------------------------------------------------------------------------------------------------------------------
Epoch:[51/100], CauAdvLoss:[1.0117/0.1922] valid:[70.37], test:[79.18]
--------------------------------------------------------------------------------------------------------------------------------------------------------------------------------------------------------
Train Iter:[0  /52] CauLoss:[0.9280], AdvLoss:[0.2201]
Train Iter:[13 /52] CauLoss:[0.9569], AdvLoss:[0.2928]
Train Iter:[26 /52] CauLoss:[0.9337], AdvLoss:[0.2451]
Train Iter:[39 /52] CauLoss:[0.9295], AdvLoss:[0.2280]
--------------------------------------------------------------------------------------------------------------------------------------------------------------------------------------------------------
Epoch:[52/100], CauAdvLoss:[0.9731/0.2158] valid:[74.57], test:[82.30]
--------------------------------------------------------------------------------------------------------------------------------------------------------------------------------------------------------
Train Iter:[0  /52] CauLoss:[0.8517], AdvLoss:[0.1440]
Train Iter:[13 /52] CauLoss:[0.9216], AdvLoss:[0.1616]
Train Iter:[26 /52] CauLoss:[0.9379], AdvLoss:[0.1750]
Train Iter:[39 /52] CauLoss:[0.9431], AdvLoss:[0.1822]
--------------------------------------------------------------------------------------------------------------------------------------------------------------------------------------------------------
Epoch:[53/100], CauAdvLoss:[0.9579/0.1856] valid:[73.42], test:[83.04]
--------------------------------------------------------------------------------------------------------------------------------------------------------------------------------------------------------
Train Iter:[0  /52] CauLoss:[0.6141], AdvLoss:[0.0594]
Train Iter:[13 /52] CauLoss:[0.8863], AdvLoss:[0.1694]
Train Iter:[26 /52] CauLoss:[0.8631], AdvLoss:[0.1549]
Train Iter:[39 /52] CauLoss:[0.8971], AdvLoss:[0.1671]
--------------------------------------------------------------------------------------------------------------------------------------------------------------------------------------------------------
Epoch:[54/100], CauAdvLoss:[1.0017/0.1968] valid:[73.41], test:[81.88]
--------------------------------------------------------------------------------------------------------------------------------------------------------------------------------------------------------
Train Iter:[0  /52] CauLoss:[0.7225], AdvLoss:[0.1459]
Train Iter:[13 /52] CauLoss:[0.9399], AdvLoss:[0.2063]
Train Iter:[26 /52] CauLoss:[0.9510], AdvLoss:[0.1910]
Train Iter:[39 /52] CauLoss:[0.9822], AdvLoss:[0.1965]
--------------------------------------------------------------------------------------------------------------------------------------------------------------------------------------------------------
Epoch:[55/100], CauAdvLoss:[0.9636/0.1961] valid:[73.37], test:[82.94]
--------------------------------------------------------------------------------------------------------------------------------------------------------------------------------------------------------
Train Iter:[0  /52] CauLoss:[0.8465], AdvLoss:[0.1886]
Train Iter:[13 /52] CauLoss:[0.9207], AdvLoss:[0.2125]
Train Iter:[26 /52] CauLoss:[0.8852], AdvLoss:[0.1908]
Train Iter:[39 /52] CauLoss:[0.8913], AdvLoss:[0.1913]
--------------------------------------------------------------------------------------------------------------------------------------------------------------------------------------------------------
Epoch:[56/100], CauAdvLoss:[0.9303/0.1789] valid:[72.21], test:[79.17]
--------------------------------------------------------------------------------------------------------------------------------------------------------------------------------------------------------
Train Iter:[0  /52] CauLoss:[1.1176], AdvLoss:[0.3503]
Train Iter:[13 /52] CauLoss:[1.0271], AdvLoss:[0.2243]
Train Iter:[26 /52] CauLoss:[0.9709], AdvLoss:[0.1911]
Train Iter:[39 /52] CauLoss:[0.9605], AdvLoss:[0.1854]
--------------------------------------------------------------------------------------------------------------------------------------------------------------------------------------------------------
Epoch:[57/100], CauAdvLoss:[1.0034/0.1747] valid:[75.26], test:[83.60]
--------------------------------------------------------------------------------------------------------------------------------------------------------------------------------------------------------
Train Iter:[0  /52] CauLoss:[1.1081], AdvLoss:[0.2102]
Train Iter:[13 /52] CauLoss:[0.9346], AdvLoss:[0.1660]
Train Iter:[26 /52] CauLoss:[0.9191], AdvLoss:[0.1721]
Train Iter:[39 /52] CauLoss:[0.9134], AdvLoss:[0.1731]
--------------------------------------------------------------------------------------------------------------------------------------------------------------------------------------------------------
Epoch:[58/100], CauAdvLoss:[0.9223/0.1766] valid:[74.46], test:[84.00]
--------------------------------------------------------------------------------------------------------------------------------------------------------------------------------------------------------
Train Iter:[0  /52] CauLoss:[0.8873], AdvLoss:[0.1553]
Train Iter:[13 /52] CauLoss:[0.9550], AdvLoss:[0.1920]
Train Iter:[26 /52] CauLoss:[0.9136], AdvLoss:[0.1765]
Train Iter:[39 /52] CauLoss:[0.8984], AdvLoss:[0.1662]
--------------------------------------------------------------------------------------------------------------------------------------------------------------------------------------------------------
Epoch:[59/100], CauAdvLoss:[0.9021/0.1700] valid:[75.04], test:[83.73]
--------------------------------------------------------------------------------------------------------------------------------------------------------------------------------------------------------
Train Iter:[0  /52] CauLoss:[0.9304], AdvLoss:[0.1988]
Train Iter:[13 /52] CauLoss:[0.8905], AdvLoss:[0.1585]
Train Iter:[26 /52] CauLoss:[0.9239], AdvLoss:[0.1856]
Train Iter:[39 /52] CauLoss:[0.9143], AdvLoss:[0.1696]
--------------------------------------------------------------------------------------------------------------------------------------------------------------------------------------------------------
Epoch:[60/100], CauAdvLoss:[0.9061/0.1692] valid:[76.44], test:[84.28]
--------------------------------------------------------------------------------------------------------------------------------------------------------------------------------------------------------
Train Iter:[0  /52] CauLoss:[0.8952], AdvLoss:[0.1681]
Train Iter:[13 /52] CauLoss:[0.8826], AdvLoss:[0.1570]
Train Iter:[26 /52] CauLoss:[0.8938], AdvLoss:[0.1749]
Train Iter:[39 /52] CauLoss:[0.8793], AdvLoss:[0.1566]
--------------------------------------------------------------------------------------------------------------------------------------------------------------------------------------------------------
Epoch:[61/100], CauAdvLoss:[0.8913/0.1618] valid:[74.68], test:[81.93]
--------------------------------------------------------------------------------------------------------------------------------------------------------------------------------------------------------
Train Iter:[0  /52] CauLoss:[0.9186], AdvLoss:[0.1905]
Train Iter:[13 /52] CauLoss:[0.8405], AdvLoss:[0.1333]
Train Iter:[26 /52] CauLoss:[0.8854], AdvLoss:[0.1631]
Train Iter:[39 /52] CauLoss:[0.9006], AdvLoss:[0.1660]
--------------------------------------------------------------------------------------------------------------------------------------------------------------------------------------------------------
Epoch:[62/100], CauAdvLoss:[0.9425/0.1967] valid:[73.97], test:[80.46]
--------------------------------------------------------------------------------------------------------------------------------------------------------------------------------------------------------
Train Iter:[0  /52] CauLoss:[0.7869], AdvLoss:[0.0706]
Train Iter:[13 /52] CauLoss:[0.8206], AdvLoss:[0.1489]
Train Iter:[26 /52] CauLoss:[0.8622], AdvLoss:[0.1728]
Train Iter:[39 /52] CauLoss:[0.8859], AdvLoss:[0.1867]
--------------------------------------------------------------------------------------------------------------------------------------------------------------------------------------------------------
Epoch:[63/100], CauAdvLoss:[0.9437/0.1833] valid:[74.66], test:[80.68]
--------------------------------------------------------------------------------------------------------------------------------------------------------------------------------------------------------
Train Iter:[0  /52] CauLoss:[0.8672], AdvLoss:[0.1180]
Train Iter:[13 /52] CauLoss:[0.9236], AdvLoss:[0.1496]
Train Iter:[26 /52] CauLoss:[0.9357], AdvLoss:[0.1723]
Train Iter:[39 /52] CauLoss:[0.9204], AdvLoss:[0.1593]
--------------------------------------------------------------------------------------------------------------------------------------------------------------------------------------------------------
Epoch:[64/100], CauAdvLoss:[0.9577/0.1953] valid:[76.41], test:[84.17]
--------------------------------------------------------------------------------------------------------------------------------------------------------------------------------------------------------
Train Iter:[0  /52] CauLoss:[0.8060], AdvLoss:[0.0721]
Train Iter:[13 /52] CauLoss:[0.8277], AdvLoss:[0.1331]
Train Iter:[26 /52] CauLoss:[0.8793], AdvLoss:[0.1510]
Train Iter:[39 /52] CauLoss:[0.8907], AdvLoss:[0.1655]
--------------------------------------------------------------------------------------------------------------------------------------------------------------------------------------------------------
Epoch:[65/100], CauAdvLoss:[0.8862/0.1634] valid:[72.67], test:[82.97]
--------------------------------------------------------------------------------------------------------------------------------------------------------------------------------------------------------
Train Iter:[0  /52] CauLoss:[0.6772], AdvLoss:[0.0192]
Train Iter:[13 /52] CauLoss:[0.9229], AdvLoss:[0.1737]
Train Iter:[26 /52] CauLoss:[0.8990], AdvLoss:[0.1606]
Train Iter:[39 /52] CauLoss:[0.9075], AdvLoss:[0.1557]
--------------------------------------------------------------------------------------------------------------------------------------------------------------------------------------------------------
Epoch:[66/100], CauAdvLoss:[0.9816/0.1796] valid:[71.12], test:[80.11]
--------------------------------------------------------------------------------------------------------------------------------------------------------------------------------------------------------
Train Iter:[0  /52] CauLoss:[0.9577], AdvLoss:[0.1860]
Train Iter:[13 /52] CauLoss:[0.8829], AdvLoss:[0.1685]
Train Iter:[26 /52] CauLoss:[0.8655], AdvLoss:[0.1597]
Train Iter:[39 /52] CauLoss:[0.8623], AdvLoss:[0.1597]
--------------------------------------------------------------------------------------------------------------------------------------------------------------------------------------------------------
Epoch:[67/100], CauAdvLoss:[0.8736/0.1683] valid:[75.06], test:[82.95]
--------------------------------------------------------------------------------------------------------------------------------------------------------------------------------------------------------
Train Iter:[0  /52] CauLoss:[1.1828], AdvLoss:[0.4852]
Train Iter:[13 /52] CauLoss:[0.8196], AdvLoss:[0.1603]
Train Iter:[26 /52] CauLoss:[0.8123], AdvLoss:[0.1511]
Train Iter:[39 /52] CauLoss:[0.8451], AdvLoss:[0.1619]
--------------------------------------------------------------------------------------------------------------------------------------------------------------------------------------------------------
Epoch:[68/100], CauAdvLoss:[0.8557/0.1669] valid:[73.05], test:[80.78]
--------------------------------------------------------------------------------------------------------------------------------------------------------------------------------------------------------
Train Iter:[0  /52] CauLoss:[0.8593], AdvLoss:[0.1674]
Train Iter:[13 /52] CauLoss:[0.8486], AdvLoss:[0.1393]
Train Iter:[26 /52] CauLoss:[0.8574], AdvLoss:[0.1492]
Train Iter:[39 /52] CauLoss:[0.8457], AdvLoss:[0.1456]
--------------------------------------------------------------------------------------------------------------------------------------------------------------------------------------------------------
Epoch:[69/100], CauAdvLoss:[0.8589/0.1558] valid:[73.35], test:[81.64]
--------------------------------------------------------------------------------------------------------------------------------------------------------------------------------------------------------
Train Iter:[0  /52] CauLoss:[0.7516], AdvLoss:[0.0392]
Train Iter:[13 /52] CauLoss:[0.8356], AdvLoss:[0.1333]
Train Iter:[26 /52] CauLoss:[0.8538], AdvLoss:[0.1495]
Train Iter:[39 /52] CauLoss:[0.8545], AdvLoss:[0.1607]
--------------------------------------------------------------------------------------------------------------------------------------------------------------------------------------------------------
Epoch:[70/100], CauAdvLoss:[0.8567/0.1526] valid:[74.32], test:[83.12]
--------------------------------------------------------------------------------------------------------------------------------------------------------------------------------------------------------
Train Iter:[0  /52] CauLoss:[0.7062], AdvLoss:[0.0518]
Train Iter:[13 /52] CauLoss:[0.8921], AdvLoss:[0.1740]
Train Iter:[26 /52] CauLoss:[0.8746], AdvLoss:[0.1626]
Train Iter:[39 /52] CauLoss:[0.8508], AdvLoss:[0.1568]
--------------------------------------------------------------------------------------------------------------------------------------------------------------------------------------------------------
Epoch:[71/100], CauAdvLoss:[0.8380/0.1483] valid:[71.74], test:[81.34]
--------------------------------------------------------------------------------------------------------------------------------------------------------------------------------------------------------
Train Iter:[0  /52] CauLoss:[0.9334], AdvLoss:[0.1756]
Train Iter:[13 /52] CauLoss:[0.8939], AdvLoss:[0.1472]
Train Iter:[26 /52] CauLoss:[0.8908], AdvLoss:[0.1531]
Train Iter:[39 /52] CauLoss:[0.8762], AdvLoss:[0.1440]
--------------------------------------------------------------------------------------------------------------------------------------------------------------------------------------------------------
Epoch:[72/100], CauAdvLoss:[0.8595/0.1413] valid:[73.87], test:[81.99]
--------------------------------------------------------------------------------------------------------------------------------------------------------------------------------------------------------
Train Iter:[0  /52] CauLoss:[0.9395], AdvLoss:[0.2506]
Train Iter:[13 /52] CauLoss:[0.8007], AdvLoss:[0.1381]
Train Iter:[26 /52] CauLoss:[0.7992], AdvLoss:[0.1303]
Train Iter:[39 /52] CauLoss:[0.8351], AdvLoss:[0.1481]
--------------------------------------------------------------------------------------------------------------------------------------------------------------------------------------------------------
Epoch:[73/100], CauAdvLoss:[0.8441/0.1412] valid:[72.39], test:[81.47]
--------------------------------------------------------------------------------------------------------------------------------------------------------------------------------------------------------
Train Iter:[0  /52] CauLoss:[0.9749], AdvLoss:[0.2247]
Train Iter:[13 /52] CauLoss:[0.8246], AdvLoss:[0.1288]
Train Iter:[26 /52] CauLoss:[0.8562], AdvLoss:[0.1452]
Train Iter:[39 /52] CauLoss:[0.8352], AdvLoss:[0.1435]
--------------------------------------------------------------------------------------------------------------------------------------------------------------------------------------------------------
Epoch:[74/100], CauAdvLoss:[0.8387/0.1489] valid:[73.42], test:[81.13]
--------------------------------------------------------------------------------------------------------------------------------------------------------------------------------------------------------
Train Iter:[0  /52] CauLoss:[1.0234], AdvLoss:[0.2563]
Train Iter:[13 /52] CauLoss:[0.7839], AdvLoss:[0.1072]
Train Iter:[26 /52] CauLoss:[0.8478], AdvLoss:[0.1410]
Train Iter:[39 /52] CauLoss:[0.8306], AdvLoss:[0.1421]
--------------------------------------------------------------------------------------------------------------------------------------------------------------------------------------------------------
Epoch:[75/100], CauAdvLoss:[0.8283/0.1361] valid:[72.62], test:[81.58]
--------------------------------------------------------------------------------------------------------------------------------------------------------------------------------------------------------
Train Iter:[0  /52] CauLoss:[1.1870], AdvLoss:[0.3693]
Train Iter:[13 /52] CauLoss:[0.8106], AdvLoss:[0.1101]
Train Iter:[26 /52] CauLoss:[0.8315], AdvLoss:[0.1255]
Train Iter:[39 /52] CauLoss:[0.8196], AdvLoss:[0.1223]
--------------------------------------------------------------------------------------------------------------------------------------------------------------------------------------------------------
Epoch:[76/100], CauAdvLoss:[0.8601/0.1419] valid:[71.87], test:[81.63]
--------------------------------------------------------------------------------------------------------------------------------------------------------------------------------------------------------
Train Iter:[0  /52] CauLoss:[0.9595], AdvLoss:[0.2064]
Train Iter:[13 /52] CauLoss:[0.7934], AdvLoss:[0.1371]
Train Iter:[26 /52] CauLoss:[0.8354], AdvLoss:[0.1532]
Train Iter:[39 /52] CauLoss:[0.8393], AdvLoss:[0.1498]
--------------------------------------------------------------------------------------------------------------------------------------------------------------------------------------------------------
Epoch:[77/100], CauAdvLoss:[0.8237/0.1381] valid:[73.71], test:[81.94]
--------------------------------------------------------------------------------------------------------------------------------------------------------------------------------------------------------
Train Iter:[0  /52] CauLoss:[0.6276], AdvLoss:[0.1327]
Train Iter:[13 /52] CauLoss:[0.8031], AdvLoss:[0.1280]
Train Iter:[26 /52] CauLoss:[0.8253], AdvLoss:[0.1401]
Train Iter:[39 /52] CauLoss:[0.8270], AdvLoss:[0.1416]
--------------------------------------------------------------------------------------------------------------------------------------------------------------------------------------------------------
Epoch:[78/100], CauAdvLoss:[0.8235/0.1392] valid:[75.60], test:[82.92]
--------------------------------------------------------------------------------------------------------------------------------------------------------------------------------------------------------
Train Iter:[0  /52] CauLoss:[0.8548], AdvLoss:[0.2305]
Train Iter:[13 /52] CauLoss:[0.8730], AdvLoss:[0.1818]
Train Iter:[26 /52] CauLoss:[0.8542], AdvLoss:[0.1492]
Train Iter:[39 /52] CauLoss:[0.8443], AdvLoss:[0.1486]
--------------------------------------------------------------------------------------------------------------------------------------------------------------------------------------------------------
Epoch:[79/100], CauAdvLoss:[0.8344/0.1360] valid:[73.48], test:[81.98]
--------------------------------------------------------------------------------------------------------------------------------------------------------------------------------------------------------
Train Iter:[0  /52] CauLoss:[0.7891], AdvLoss:[0.2042]
Train Iter:[13 /52] CauLoss:[0.7328], AdvLoss:[0.0944]
Train Iter:[26 /52] CauLoss:[0.8303], AdvLoss:[0.1300]
Train Iter:[39 /52] CauLoss:[0.8575], AdvLoss:[0.1408]
--------------------------------------------------------------------------------------------------------------------------------------------------------------------------------------------------------
Epoch:[80/100], CauAdvLoss:[0.8541/0.1500] valid:[75.34], test:[82.32]
--------------------------------------------------------------------------------------------------------------------------------------------------------------------------------------------------------
Train Iter:[0  /52] CauLoss:[0.6033], AdvLoss:[0.0860]
Train Iter:[13 /52] CauLoss:[0.7950], AdvLoss:[0.1564]
Train Iter:[26 /52] CauLoss:[0.7685], AdvLoss:[0.1309]
Train Iter:[39 /52] CauLoss:[0.7852], AdvLoss:[0.1372]
--------------------------------------------------------------------------------------------------------------------------------------------------------------------------------------------------------
Epoch:[81/100], CauAdvLoss:[0.8857/0.1441] valid:[75.96], test:[83.45]
--------------------------------------------------------------------------------------------------------------------------------------------------------------------------------------------------------
Train Iter:[0  /52] CauLoss:[0.7456], AdvLoss:[0.1181]
Train Iter:[13 /52] CauLoss:[0.8039], AdvLoss:[0.1571]
Train Iter:[26 /52] CauLoss:[0.8160], AdvLoss:[0.1433]
Train Iter:[39 /52] CauLoss:[0.7970], AdvLoss:[0.1432]
--------------------------------------------------------------------------------------------------------------------------------------------------------------------------------------------------------
Epoch:[82/100], CauAdvLoss:[0.8041/0.1414] valid:[75.43], test:[82.40]
--------------------------------------------------------------------------------------------------------------------------------------------------------------------------------------------------------
Train Iter:[0  /52] CauLoss:[0.8306], AdvLoss:[0.2327]
Train Iter:[13 /52] CauLoss:[0.8145], AdvLoss:[0.1655]
Train Iter:[26 /52] CauLoss:[0.8258], AdvLoss:[0.1439]
Train Iter:[39 /52] CauLoss:[0.8005], AdvLoss:[0.1285]
--------------------------------------------------------------------------------------------------------------------------------------------------------------------------------------------------------
Epoch:[83/100], CauAdvLoss:[0.8869/0.1350] valid:[75.43], test:[81.97]
--------------------------------------------------------------------------------------------------------------------------------------------------------------------------------------------------------
Train Iter:[0  /52] CauLoss:[0.7684], AdvLoss:[0.1353]
Train Iter:[13 /52] CauLoss:[0.7884], AdvLoss:[0.1033]
Train Iter:[26 /52] CauLoss:[0.8098], AdvLoss:[0.1405]
Train Iter:[39 /52] CauLoss:[0.8443], AdvLoss:[0.1384]
--------------------------------------------------------------------------------------------------------------------------------------------------------------------------------------------------------
Epoch:[84/100], CauAdvLoss:[0.8354/0.1398] valid:[74.08], test:[81.20]
--------------------------------------------------------------------------------------------------------------------------------------------------------------------------------------------------------
Train Iter:[0  /52] CauLoss:[0.7675], AdvLoss:[0.0939]
Train Iter:[13 /52] CauLoss:[0.8523], AdvLoss:[0.1618]
Train Iter:[26 /52] CauLoss:[0.8045], AdvLoss:[0.1311]
Train Iter:[39 /52] CauLoss:[0.7899], AdvLoss:[0.1327]
--------------------------------------------------------------------------------------------------------------------------------------------------------------------------------------------------------
Epoch:[85/100], CauAdvLoss:[0.8066/0.1332] valid:[73.26], test:[81.94]
--------------------------------------------------------------------------------------------------------------------------------------------------------------------------------------------------------
Train Iter:[0  /52] CauLoss:[0.7059], AdvLoss:[0.1161]
Train Iter:[13 /52] CauLoss:[0.7530], AdvLoss:[0.0988]
Train Iter:[26 /52] CauLoss:[0.8073], AdvLoss:[0.1240]
Train Iter:[39 /52] CauLoss:[0.8402], AdvLoss:[0.1423]
--------------------------------------------------------------------------------------------------------------------------------------------------------------------------------------------------------
Epoch:[86/100], CauAdvLoss:[0.8226/0.1294] valid:[75.39], test:[82.08]
--------------------------------------------------------------------------------------------------------------------------------------------------------------------------------------------------------
Train Iter:[0  /52] CauLoss:[0.7556], AdvLoss:[0.0327]
Train Iter:[13 /52] CauLoss:[0.8205], AdvLoss:[0.1534]
Train Iter:[26 /52] CauLoss:[0.8175], AdvLoss:[0.1355]
Train Iter:[39 /52] CauLoss:[0.8289], AdvLoss:[0.1301]
--------------------------------------------------------------------------------------------------------------------------------------------------------------------------------------------------------
Epoch:[87/100], CauAdvLoss:[0.8192/0.1323] valid:[74.23], test:[81.40]
--------------------------------------------------------------------------------------------------------------------------------------------------------------------------------------------------------
Train Iter:[0  /52] CauLoss:[0.5339], AdvLoss:[0.0028]
Train Iter:[13 /52] CauLoss:[0.8319], AdvLoss:[0.1588]
Train Iter:[26 /52] CauLoss:[0.8141], AdvLoss:[0.1443]
Train Iter:[39 /52] CauLoss:[0.8046], AdvLoss:[0.1323]
--------------------------------------------------------------------------------------------------------------------------------------------------------------------------------------------------------
Epoch:[88/100], CauAdvLoss:[0.8072/0.1306] valid:[74.10], test:[81.18]
--------------------------------------------------------------------------------------------------------------------------------------------------------------------------------------------------------
Train Iter:[0  /52] CauLoss:[0.5855], AdvLoss:[0.0557]
Train Iter:[13 /52] CauLoss:[0.8404], AdvLoss:[0.1712]
Train Iter:[26 /52] CauLoss:[0.8321], AdvLoss:[0.1474]
Train Iter:[39 /52] CauLoss:[0.8278], AdvLoss:[0.1400]
--------------------------------------------------------------------------------------------------------------------------------------------------------------------------------------------------------
Epoch:[89/100], CauAdvLoss:[0.8195/0.1324] valid:[74.36], test:[82.04]
--------------------------------------------------------------------------------------------------------------------------------------------------------------------------------------------------------
Train Iter:[0  /52] CauLoss:[0.9440], AdvLoss:[0.2098]
Train Iter:[13 /52] CauLoss:[0.8215], AdvLoss:[0.1367]
Train Iter:[26 /52] CauLoss:[0.8076], AdvLoss:[0.1401]
Train Iter:[39 /52] CauLoss:[0.8083], AdvLoss:[0.1324]
--------------------------------------------------------------------------------------------------------------------------------------------------------------------------------------------------------
Epoch:[90/100], CauAdvLoss:[0.8154/0.1340] valid:[74.06], test:[81.30]
--------------------------------------------------------------------------------------------------------------------------------------------------------------------------------------------------------
Train Iter:[0  /52] CauLoss:[0.8901], AdvLoss:[0.1460]
Train Iter:[13 /52] CauLoss:[0.8298], AdvLoss:[0.1291]
Train Iter:[26 /52] CauLoss:[0.8291], AdvLoss:[0.1530]
Train Iter:[39 /52] CauLoss:[0.7999], AdvLoss:[0.1396]
--------------------------------------------------------------------------------------------------------------------------------------------------------------------------------------------------------
Epoch:[91/100], CauAdvLoss:[0.7965/0.1310] valid:[74.62], test:[82.06]
--------------------------------------------------------------------------------------------------------------------------------------------------------------------------------------------------------
Train Iter:[0  /52] CauLoss:[1.0271], AdvLoss:[0.0731]
Train Iter:[13 /52] CauLoss:[0.8426], AdvLoss:[0.1412]
Train Iter:[26 /52] CauLoss:[0.8514], AdvLoss:[0.1463]
Train Iter:[39 /52] CauLoss:[0.8225], AdvLoss:[0.1276]
--------------------------------------------------------------------------------------------------------------------------------------------------------------------------------------------------------
Epoch:[92/100], CauAdvLoss:[0.8387/0.1312] valid:[73.99], test:[81.74]
--------------------------------------------------------------------------------------------------------------------------------------------------------------------------------------------------------
Train Iter:[0  /52] CauLoss:[0.8011], AdvLoss:[0.0462]
Train Iter:[13 /52] CauLoss:[0.7924], AdvLoss:[0.1159]
Train Iter:[26 /52] CauLoss:[0.8384], AdvLoss:[0.1365]
Train Iter:[39 /52] CauLoss:[0.8329], AdvLoss:[0.1340]
--------------------------------------------------------------------------------------------------------------------------------------------------------------------------------------------------------
Epoch:[93/100], CauAdvLoss:[0.8804/0.1304] valid:[76.16], test:[82.40]
--------------------------------------------------------------------------------------------------------------------------------------------------------------------------------------------------------
Train Iter:[0  /52] CauLoss:[0.9103], AdvLoss:[0.2415]
Train Iter:[13 /52] CauLoss:[0.7693], AdvLoss:[0.1329]
Train Iter:[26 /52] CauLoss:[0.8026], AdvLoss:[0.1360]
Train Iter:[39 /52] CauLoss:[0.7804], AdvLoss:[0.1201]
--------------------------------------------------------------------------------------------------------------------------------------------------------------------------------------------------------
Epoch:[94/100], CauAdvLoss:[0.8011/0.1276] valid:[75.13], test:[83.11]
--------------------------------------------------------------------------------------------------------------------------------------------------------------------------------------------------------
Train Iter:[0  /52] CauLoss:[0.8458], AdvLoss:[0.0389]
Train Iter:[13 /52] CauLoss:[0.7267], AdvLoss:[0.0931]
Train Iter:[26 /52] CauLoss:[0.7751], AdvLoss:[0.1184]
Train Iter:[39 /52] CauLoss:[0.7777], AdvLoss:[0.1189]
--------------------------------------------------------------------------------------------------------------------------------------------------------------------------------------------------------
Epoch:[95/100], CauAdvLoss:[0.8736/0.1251] valid:[75.77], test:[82.90]
--------------------------------------------------------------------------------------------------------------------------------------------------------------------------------------------------------
Train Iter:[0  /52] CauLoss:[1.0939], AdvLoss:[0.3935]
Train Iter:[13 /52] CauLoss:[0.8905], AdvLoss:[0.1897]
Train Iter:[26 /52] CauLoss:[0.8301], AdvLoss:[0.1513]
Train Iter:[39 /52] CauLoss:[0.8013], AdvLoss:[0.1329]
--------------------------------------------------------------------------------------------------------------------------------------------------------------------------------------------------------
Epoch:[96/100], CauAdvLoss:[0.7933/0.1258] valid:[74.62], test:[82.17]
--------------------------------------------------------------------------------------------------------------------------------------------------------------------------------------------------------
Train Iter:[0  /52] CauLoss:[0.8967], AdvLoss:[0.1518]
Train Iter:[13 /52] CauLoss:[0.8207], AdvLoss:[0.1332]
Train Iter:[26 /52] CauLoss:[0.8226], AdvLoss:[0.1320]
Train Iter:[39 /52] CauLoss:[0.8003], AdvLoss:[0.1239]
--------------------------------------------------------------------------------------------------------------------------------------------------------------------------------------------------------
Epoch:[97/100], CauAdvLoss:[0.8063/0.1267] valid:[74.51], test:[82.07]
--------------------------------------------------------------------------------------------------------------------------------------------------------------------------------------------------------
Train Iter:[0  /52] CauLoss:[0.7098], AdvLoss:[0.1284]
Train Iter:[13 /52] CauLoss:[0.8229], AdvLoss:[0.1324]
Train Iter:[26 /52] CauLoss:[0.8164], AdvLoss:[0.1340]
Train Iter:[39 /52] CauLoss:[0.8061], AdvLoss:[0.1378]
--------------------------------------------------------------------------------------------------------------------------------------------------------------------------------------------------------
Epoch:[98/100], CauAdvLoss:[0.8066/0.1265] valid:[73.57], test:[81.37]
--------------------------------------------------------------------------------------------------------------------------------------------------------------------------------------------------------
Train Iter:[0  /52] CauLoss:[0.7973], AdvLoss:[0.0322]
Train Iter:[13 /52] CauLoss:[0.8436], AdvLoss:[0.1466]
Train Iter:[26 /52] CauLoss:[0.8399], AdvLoss:[0.1396]
Train Iter:[39 /52] CauLoss:[0.8087], AdvLoss:[0.1201]
--------------------------------------------------------------------------------------------------------------------------------------------------------------------------------------------------------
Epoch:[99/100], CauAdvLoss:[0.8086/0.1257] valid:[74.17], test:[82.12]
--------------------------------------------------------------------------------------------------------------------------------------------------------------------------------------------------------
Train Iter:[0  /52] CauLoss:[1.3392], AdvLoss:[0.2758]
Train Iter:[13 /52] CauLoss:[0.8297], AdvLoss:[0.1351]
Train Iter:[26 /52] CauLoss:[0.8288], AdvLoss:[0.1276]
Train Iter:[39 /52] CauLoss:[0.8089], AdvLoss:[0.1227]
--------------------------------------------------------------------------------------------------------------------------------------------------------------------------------------------------------
Epoch:[100/100], CauAdvLoss:[0.9025/0.1296] valid:[76.26], test:[82.51]
--------------------------------------------------------------------------------------------------------------------------------------------------------------------------------------------------------
Update test:[80.54] at epoch:[19] | Total time:00:04:17
initialize network with kaiming
Train Iter:[0  /52] CauLoss:[3.1067], AdvLoss:[-22.9199]
Train Iter:[13 /52] CauLoss:[1.7991], AdvLoss:[-2.2700]
Train Iter:[26 /52] CauLoss:[1.7633], AdvLoss:[-0.9383]
Train Iter:[39 /52] CauLoss:[1.6906], AdvLoss:[-0.4939]
--------------------------------------------------------------------------------------------------------------------------------------------------------------------------------------------------------
Epoch:[1/100], CauAdvLoss:[1.6356/-0.2503] valid:[66.71], test:[55.13]
--------------------------------------------------------------------------------------------------------------------------------------------------------------------------------------------------------
Train Iter:[0  /52] CauLoss:[1.6553], AdvLoss:[0.4977]
Train Iter:[13 /52] CauLoss:[1.5273], AdvLoss:[0.5607]
Train Iter:[26 /52] CauLoss:[1.4667], AdvLoss:[0.5323]
Train Iter:[39 /52] CauLoss:[1.4408], AdvLoss:[0.4944]
--------------------------------------------------------------------------------------------------------------------------------------------------------------------------------------------------------
Epoch:[2/100], CauAdvLoss:[1.4026/0.4574] valid:[66.88], test:[53.74]
--------------------------------------------------------------------------------------------------------------------------------------------------------------------------------------------------------
Train Iter:[0  /52] CauLoss:[1.4684], AdvLoss:[0.4170]
Train Iter:[13 /52] CauLoss:[1.3181], AdvLoss:[0.3677]
Train Iter:[26 /52] CauLoss:[1.2868], AdvLoss:[0.3323]
Train Iter:[39 /52] CauLoss:[1.3312], AdvLoss:[0.3567]
--------------------------------------------------------------------------------------------------------------------------------------------------------------------------------------------------------
Epoch:[3/100], CauAdvLoss:[1.3550/0.3730] valid:[61.33], test:[51.20]
--------------------------------------------------------------------------------------------------------------------------------------------------------------------------------------------------------
Train Iter:[0  /52] CauLoss:[1.3593], AdvLoss:[0.3921]
Train Iter:[13 /52] CauLoss:[1.4127], AdvLoss:[0.4318]
Train Iter:[26 /52] CauLoss:[1.3845], AdvLoss:[0.4067]
Train Iter:[39 /52] CauLoss:[1.3172], AdvLoss:[0.3730]
--------------------------------------------------------------------------------------------------------------------------------------------------------------------------------------------------------
Epoch:[4/100], CauAdvLoss:[1.2953/0.3644] valid:[71.93], test:[70.27]
--------------------------------------------------------------------------------------------------------------------------------------------------------------------------------------------------------
Train Iter:[0  /52] CauLoss:[1.1376], AdvLoss:[0.4905]
Train Iter:[13 /52] CauLoss:[1.2762], AdvLoss:[0.4268]
Train Iter:[26 /52] CauLoss:[1.2565], AdvLoss:[0.3787]
Train Iter:[39 /52] CauLoss:[1.2699], AdvLoss:[0.3728]
--------------------------------------------------------------------------------------------------------------------------------------------------------------------------------------------------------
Epoch:[5/100], CauAdvLoss:[1.2463/0.3657] valid:[65.13], test:[62.34]
--------------------------------------------------------------------------------------------------------------------------------------------------------------------------------------------------------
Train Iter:[0  /52] CauLoss:[1.1743], AdvLoss:[0.5279]
Train Iter:[13 /52] CauLoss:[1.1983], AdvLoss:[0.3606]
Train Iter:[26 /52] CauLoss:[1.2540], AdvLoss:[0.3732]
Train Iter:[39 /52] CauLoss:[1.2370], AdvLoss:[0.3565]
--------------------------------------------------------------------------------------------------------------------------------------------------------------------------------------------------------
Epoch:[6/100], CauAdvLoss:[1.2174/0.3344] valid:[68.24], test:[60.86]
--------------------------------------------------------------------------------------------------------------------------------------------------------------------------------------------------------
Train Iter:[0  /52] CauLoss:[1.0965], AdvLoss:[0.2293]
Train Iter:[13 /52] CauLoss:[1.2816], AdvLoss:[0.3830]
Train Iter:[26 /52] CauLoss:[1.2583], AdvLoss:[0.3865]
Train Iter:[39 /52] CauLoss:[1.2537], AdvLoss:[0.4147]
--------------------------------------------------------------------------------------------------------------------------------------------------------------------------------------------------------
Epoch:[7/100], CauAdvLoss:[1.2763/0.3995] valid:[71.86], test:[59.63]
--------------------------------------------------------------------------------------------------------------------------------------------------------------------------------------------------------
Train Iter:[0  /52] CauLoss:[0.8361], AdvLoss:[0.0933]
Train Iter:[13 /52] CauLoss:[1.1825], AdvLoss:[0.2972]
Train Iter:[26 /52] CauLoss:[1.2081], AdvLoss:[0.3094]
Train Iter:[39 /52] CauLoss:[1.2326], AdvLoss:[0.3270]
--------------------------------------------------------------------------------------------------------------------------------------------------------------------------------------------------------
Epoch:[8/100], CauAdvLoss:[1.2128/0.3186] valid:[67.42], test:[58.02]
--------------------------------------------------------------------------------------------------------------------------------------------------------------------------------------------------------
Train Iter:[0  /52] CauLoss:[1.2448], AdvLoss:[0.2423]
Train Iter:[13 /52] CauLoss:[1.1752], AdvLoss:[0.2919]
Train Iter:[26 /52] CauLoss:[1.1888], AdvLoss:[0.3111]
Train Iter:[39 /52] CauLoss:[1.1701], AdvLoss:[0.2976]
--------------------------------------------------------------------------------------------------------------------------------------------------------------------------------------------------------
Epoch:[9/100], CauAdvLoss:[1.2547/0.3036] valid:[73.31], test:[63.49]
--------------------------------------------------------------------------------------------------------------------------------------------------------------------------------------------------------
Train Iter:[0  /52] CauLoss:[1.1960], AdvLoss:[0.1768]
Train Iter:[13 /52] CauLoss:[1.3124], AdvLoss:[0.3355]
Train Iter:[26 /52] CauLoss:[1.2274], AdvLoss:[0.3536]
Train Iter:[39 /52] CauLoss:[1.1915], AdvLoss:[0.3267]
--------------------------------------------------------------------------------------------------------------------------------------------------------------------------------------------------------
Epoch:[10/100], CauAdvLoss:[1.1925/0.3186] valid:[76.32], test:[66.91]
--------------------------------------------------------------------------------------------------------------------------------------------------------------------------------------------------------
Train Iter:[0  /52] CauLoss:[0.8718], AdvLoss:[0.1328]
Train Iter:[13 /52] CauLoss:[1.1605], AdvLoss:[0.3724]
Train Iter:[26 /52] CauLoss:[1.1628], AdvLoss:[0.3319]
Train Iter:[39 /52] CauLoss:[1.1700], AdvLoss:[0.3331]
--------------------------------------------------------------------------------------------------------------------------------------------------------------------------------------------------------
Epoch:[11/100], CauAdvLoss:[1.1631/0.3209] valid:[75.86], test:[66.91]
--------------------------------------------------------------------------------------------------------------------------------------------------------------------------------------------------------
Train Iter:[0  /52] CauLoss:[1.0749], AdvLoss:[0.2702]
Train Iter:[13 /52] CauLoss:[1.1278], AdvLoss:[0.2684]
Train Iter:[26 /52] CauLoss:[1.1603], AdvLoss:[0.2840]
Train Iter:[39 /52] CauLoss:[1.1610], AdvLoss:[0.2899]
--------------------------------------------------------------------------------------------------------------------------------------------------------------------------------------------------------
Epoch:[12/100], CauAdvLoss:[1.1446/0.2807] valid:[72.36], test:[63.93]
--------------------------------------------------------------------------------------------------------------------------------------------------------------------------------------------------------
Train Iter:[0  /52] CauLoss:[1.1110], AdvLoss:[0.2047]
Train Iter:[13 /52] CauLoss:[1.2347], AdvLoss:[0.3152]
Train Iter:[26 /52] CauLoss:[1.2092], AdvLoss:[0.3102]
Train Iter:[39 /52] CauLoss:[1.1687], AdvLoss:[0.3074]
--------------------------------------------------------------------------------------------------------------------------------------------------------------------------------------------------------
Epoch:[13/100], CauAdvLoss:[1.1333/0.2816] valid:[80.10], test:[69.71]
--------------------------------------------------------------------------------------------------------------------------------------------------------------------------------------------------------
Train Iter:[0  /52] CauLoss:[1.1824], AdvLoss:[0.3075]
Train Iter:[13 /52] CauLoss:[1.1091], AdvLoss:[0.2640]
Train Iter:[26 /52] CauLoss:[1.2042], AdvLoss:[0.3259]
Train Iter:[39 /52] CauLoss:[1.1561], AdvLoss:[0.2977]
--------------------------------------------------------------------------------------------------------------------------------------------------------------------------------------------------------
Epoch:[14/100], CauAdvLoss:[1.1424/0.2969] valid:[78.91], test:[66.25]
--------------------------------------------------------------------------------------------------------------------------------------------------------------------------------------------------------
Train Iter:[0  /52] CauLoss:[1.1504], AdvLoss:[0.3664]
Train Iter:[13 /52] CauLoss:[1.1613], AdvLoss:[0.3730]
Train Iter:[26 /52] CauLoss:[1.1453], AdvLoss:[0.3160]
Train Iter:[39 /52] CauLoss:[1.1163], AdvLoss:[0.3299]
--------------------------------------------------------------------------------------------------------------------------------------------------------------------------------------------------------
Epoch:[15/100], CauAdvLoss:[1.1120/0.3170] valid:[80.36], test:[64.52]
--------------------------------------------------------------------------------------------------------------------------------------------------------------------------------------------------------
Train Iter:[0  /52] CauLoss:[0.9360], AdvLoss:[0.1723]
Train Iter:[13 /52] CauLoss:[1.0536], AdvLoss:[0.2255]
Train Iter:[26 /52] CauLoss:[1.0852], AdvLoss:[0.2501]
Train Iter:[39 /52] CauLoss:[1.0844], AdvLoss:[0.2553]
--------------------------------------------------------------------------------------------------------------------------------------------------------------------------------------------------------
Epoch:[16/100], CauAdvLoss:[1.1002/0.2613] valid:[72.06], test:[56.76]
--------------------------------------------------------------------------------------------------------------------------------------------------------------------------------------------------------
Train Iter:[0  /52] CauLoss:[1.1189], AdvLoss:[0.4641]
Train Iter:[13 /52] CauLoss:[1.1078], AdvLoss:[0.2997]
Train Iter:[26 /52] CauLoss:[1.0804], AdvLoss:[0.2785]
Train Iter:[39 /52] CauLoss:[1.0910], AdvLoss:[0.2893]
--------------------------------------------------------------------------------------------------------------------------------------------------------------------------------------------------------
Epoch:[17/100], CauAdvLoss:[1.0993/0.3018] valid:[67.92], test:[60.86]
--------------------------------------------------------------------------------------------------------------------------------------------------------------------------------------------------------
Train Iter:[0  /52] CauLoss:[0.9259], AdvLoss:[0.2117]
Train Iter:[13 /52] CauLoss:[1.1205], AdvLoss:[0.3134]
Train Iter:[26 /52] CauLoss:[1.1086], AdvLoss:[0.2827]
Train Iter:[39 /52] CauLoss:[1.1027], AdvLoss:[0.2702]
--------------------------------------------------------------------------------------------------------------------------------------------------------------------------------------------------------
Epoch:[18/100], CauAdvLoss:[1.0990/0.2752] valid:[79.86], test:[70.30]
--------------------------------------------------------------------------------------------------------------------------------------------------------------------------------------------------------
Train Iter:[0  /52] CauLoss:[1.2136], AdvLoss:[0.2731]
Train Iter:[13 /52] CauLoss:[1.0841], AdvLoss:[0.2502]
Train Iter:[26 /52] CauLoss:[1.0966], AdvLoss:[0.2554]
Train Iter:[39 /52] CauLoss:[1.0827], AdvLoss:[0.2529]
--------------------------------------------------------------------------------------------------------------------------------------------------------------------------------------------------------
Epoch:[19/100], CauAdvLoss:[1.1892/0.2646] valid:[66.47], test:[58.04]
--------------------------------------------------------------------------------------------------------------------------------------------------------------------------------------------------------
Train Iter:[0  /52] CauLoss:[1.1631], AdvLoss:[0.3260]
Train Iter:[13 /52] CauLoss:[1.1906], AdvLoss:[0.3033]
Train Iter:[26 /52] CauLoss:[1.1655], AdvLoss:[0.2976]
Train Iter:[39 /52] CauLoss:[1.1519], AdvLoss:[0.2994]
--------------------------------------------------------------------------------------------------------------------------------------------------------------------------------------------------------
Epoch:[20/100], CauAdvLoss:[1.1240/0.2852] valid:[76.99], test:[63.06]
--------------------------------------------------------------------------------------------------------------------------------------------------------------------------------------------------------
Train Iter:[0  /52] CauLoss:[1.2940], AdvLoss:[0.3931]
Train Iter:[13 /52] CauLoss:[1.0902], AdvLoss:[0.2828]
Train Iter:[26 /52] CauLoss:[1.0792], AdvLoss:[0.2832]
Train Iter:[39 /52] CauLoss:[1.0572], AdvLoss:[0.2712]
--------------------------------------------------------------------------------------------------------------------------------------------------------------------------------------------------------
Epoch:[21/100], CauAdvLoss:[1.0639/0.2582] valid:[80.60], test:[70.80]
--------------------------------------------------------------------------------------------------------------------------------------------------------------------------------------------------------
Train Iter:[0  /52] CauLoss:[1.1958], AdvLoss:[0.2611]
Train Iter:[13 /52] CauLoss:[1.0412], AdvLoss:[0.2145]
Train Iter:[26 /52] CauLoss:[1.0316], AdvLoss:[0.2354]
Train Iter:[39 /52] CauLoss:[1.0506], AdvLoss:[0.2697]
--------------------------------------------------------------------------------------------------------------------------------------------------------------------------------------------------------
Epoch:[22/100], CauAdvLoss:[1.0614/0.2650] valid:[80.06], test:[68.49]
--------------------------------------------------------------------------------------------------------------------------------------------------------------------------------------------------------
Train Iter:[0  /52] CauLoss:[0.8848], AdvLoss:[0.1968]
Train Iter:[13 /52] CauLoss:[1.0369], AdvLoss:[0.2539]
Train Iter:[26 /52] CauLoss:[1.0901], AdvLoss:[0.2798]
Train Iter:[39 /52] CauLoss:[1.0900], AdvLoss:[0.2711]
--------------------------------------------------------------------------------------------------------------------------------------------------------------------------------------------------------
Epoch:[23/100], CauAdvLoss:[1.1284/0.2539] valid:[78.25], test:[67.64]
--------------------------------------------------------------------------------------------------------------------------------------------------------------------------------------------------------
Train Iter:[0  /52] CauLoss:[0.9308], AdvLoss:[0.3794]
Train Iter:[13 /52] CauLoss:[1.1035], AdvLoss:[0.3760]
Train Iter:[26 /52] CauLoss:[1.1428], AdvLoss:[0.3781]
Train Iter:[39 /52] CauLoss:[1.1188], AdvLoss:[0.3788]
--------------------------------------------------------------------------------------------------------------------------------------------------------------------------------------------------------
Epoch:[24/100], CauAdvLoss:[1.1565/0.3521] valid:[79.05], test:[63.06]
--------------------------------------------------------------------------------------------------------------------------------------------------------------------------------------------------------
Train Iter:[0  /52] CauLoss:[1.1303], AdvLoss:[0.4286]
Train Iter:[13 /52] CauLoss:[1.0148], AdvLoss:[0.6577]
Train Iter:[26 /52] CauLoss:[1.0295], AdvLoss:[0.4814]
Train Iter:[39 /52] CauLoss:[1.0524], AdvLoss:[0.4180]
--------------------------------------------------------------------------------------------------------------------------------------------------------------------------------------------------------
Epoch:[25/100], CauAdvLoss:[1.1069/0.3946] valid:[82.82], test:[69.38]
--------------------------------------------------------------------------------------------------------------------------------------------------------------------------------------------------------
Train Iter:[0  /52] CauLoss:[0.9604], AdvLoss:[0.2406]
Train Iter:[13 /52] CauLoss:[1.0528], AdvLoss:[0.2342]
Train Iter:[26 /52] CauLoss:[1.0667], AdvLoss:[0.2579]
Train Iter:[39 /52] CauLoss:[1.0893], AdvLoss:[0.2611]
--------------------------------------------------------------------------------------------------------------------------------------------------------------------------------------------------------
Epoch:[26/100], CauAdvLoss:[1.0656/0.2577] valid:[77.09], test:[61.28]
--------------------------------------------------------------------------------------------------------------------------------------------------------------------------------------------------------
Train Iter:[0  /52] CauLoss:[1.1598], AdvLoss:[0.3221]
Train Iter:[13 /52] CauLoss:[1.0505], AdvLoss:[0.2739]
Train Iter:[26 /52] CauLoss:[1.0194], AdvLoss:[0.2606]
Train Iter:[39 /52] CauLoss:[1.0710], AdvLoss:[0.2684]
--------------------------------------------------------------------------------------------------------------------------------------------------------------------------------------------------------
Epoch:[27/100], CauAdvLoss:[1.1195/0.3104] valid:[73.20], test:[59.65]
--------------------------------------------------------------------------------------------------------------------------------------------------------------------------------------------------------
Train Iter:[0  /52] CauLoss:[1.3178], AdvLoss:[0.5838]
Train Iter:[13 /52] CauLoss:[1.1332], AdvLoss:[0.3382]
Train Iter:[26 /52] CauLoss:[1.0838], AdvLoss:[0.2866]
Train Iter:[39 /52] CauLoss:[1.0752], AdvLoss:[0.2655]
--------------------------------------------------------------------------------------------------------------------------------------------------------------------------------------------------------
Epoch:[28/100], CauAdvLoss:[1.0665/0.2647] valid:[77.43], test:[66.08]
--------------------------------------------------------------------------------------------------------------------------------------------------------------------------------------------------------
Train Iter:[0  /52] CauLoss:[1.0798], AdvLoss:[0.2084]
Train Iter:[13 /52] CauLoss:[1.0080], AdvLoss:[0.2419]
Train Iter:[26 /52] CauLoss:[0.9940], AdvLoss:[0.2275]
Train Iter:[39 /52] CauLoss:[1.0073], AdvLoss:[0.2252]
--------------------------------------------------------------------------------------------------------------------------------------------------------------------------------------------------------
Epoch:[29/100], CauAdvLoss:[1.0212/0.2300] valid:[76.96], test:[69.53]
--------------------------------------------------------------------------------------------------------------------------------------------------------------------------------------------------------
Train Iter:[0  /52] CauLoss:[0.9284], AdvLoss:[0.1360]
Train Iter:[13 /52] CauLoss:[1.0518], AdvLoss:[0.2032]
Train Iter:[26 /52] CauLoss:[1.0709], AdvLoss:[0.2295]
Train Iter:[39 /52] CauLoss:[1.0606], AdvLoss:[0.2318]
--------------------------------------------------------------------------------------------------------------------------------------------------------------------------------------------------------
Epoch:[30/100], CauAdvLoss:[1.1070/0.2335] valid:[77.21], test:[63.32]
--------------------------------------------------------------------------------------------------------------------------------------------------------------------------------------------------------
Train Iter:[0  /52] CauLoss:[1.3258], AdvLoss:[0.5133]
Train Iter:[13 /52] CauLoss:[1.1153], AdvLoss:[0.3113]
Train Iter:[26 /52] CauLoss:[1.0557], AdvLoss:[0.2570]
Train Iter:[39 /52] CauLoss:[1.0677], AdvLoss:[0.2535]
--------------------------------------------------------------------------------------------------------------------------------------------------------------------------------------------------------
Epoch:[31/100], CauAdvLoss:[1.0396/0.2402] valid:[80.10], test:[66.28]
--------------------------------------------------------------------------------------------------------------------------------------------------------------------------------------------------------
Train Iter:[0  /52] CauLoss:[0.8387], AdvLoss:[0.1430]
Train Iter:[13 /52] CauLoss:[1.0070], AdvLoss:[0.2141]
Train Iter:[26 /52] CauLoss:[1.0016], AdvLoss:[0.1999]
Train Iter:[39 /52] CauLoss:[1.0157], AdvLoss:[0.2257]
--------------------------------------------------------------------------------------------------------------------------------------------------------------------------------------------------------
Epoch:[32/100], CauAdvLoss:[1.0242/0.2423] valid:[76.88], test:[68.30]
--------------------------------------------------------------------------------------------------------------------------------------------------------------------------------------------------------
Train Iter:[0  /52] CauLoss:[1.0202], AdvLoss:[0.1979]
Train Iter:[13 /52] CauLoss:[1.0202], AdvLoss:[0.2420]
Train Iter:[26 /52] CauLoss:[1.0510], AdvLoss:[0.2375]
Train Iter:[39 /52] CauLoss:[1.0428], AdvLoss:[0.2196]
--------------------------------------------------------------------------------------------------------------------------------------------------------------------------------------------------------
Epoch:[33/100], CauAdvLoss:[1.0370/0.2179] valid:[75.72], test:[66.41]
--------------------------------------------------------------------------------------------------------------------------------------------------------------------------------------------------------
Train Iter:[0  /52] CauLoss:[1.2144], AdvLoss:[0.2166]
Train Iter:[13 /52] CauLoss:[1.0582], AdvLoss:[0.2436]
Train Iter:[26 /52] CauLoss:[1.0662], AdvLoss:[0.2402]
Train Iter:[39 /52] CauLoss:[1.0396], AdvLoss:[0.2224]
--------------------------------------------------------------------------------------------------------------------------------------------------------------------------------------------------------
Epoch:[34/100], CauAdvLoss:[1.0143/0.2183] valid:[77.94], test:[66.19]
--------------------------------------------------------------------------------------------------------------------------------------------------------------------------------------------------------
Train Iter:[0  /52] CauLoss:[1.0637], AdvLoss:[0.3238]
Train Iter:[13 /52] CauLoss:[0.9107], AdvLoss:[0.1787]
Train Iter:[26 /52] CauLoss:[0.9452], AdvLoss:[0.1895]
Train Iter:[39 /52] CauLoss:[0.9976], AdvLoss:[0.2347]
--------------------------------------------------------------------------------------------------------------------------------------------------------------------------------------------------------
Epoch:[35/100], CauAdvLoss:[1.0810/0.2324] valid:[78.17], test:[66.82]
--------------------------------------------------------------------------------------------------------------------------------------------------------------------------------------------------------
Train Iter:[0  /52] CauLoss:[0.6922], AdvLoss:[0.1140]
Train Iter:[13 /52] CauLoss:[1.0586], AdvLoss:[0.3733]
Train Iter:[26 /52] CauLoss:[1.0853], AdvLoss:[0.3204]
Train Iter:[39 /52] CauLoss:[1.0492], AdvLoss:[0.2820]
--------------------------------------------------------------------------------------------------------------------------------------------------------------------------------------------------------
Epoch:[36/100], CauAdvLoss:[1.0538/0.2883] valid:[80.10], test:[67.43]
--------------------------------------------------------------------------------------------------------------------------------------------------------------------------------------------------------
Train Iter:[0  /52] CauLoss:[1.0359], AdvLoss:[0.2778]
Train Iter:[13 /52] CauLoss:[0.9828], AdvLoss:[0.2337]
Train Iter:[26 /52] CauLoss:[0.9666], AdvLoss:[0.2099]
Train Iter:[39 /52] CauLoss:[0.9788], AdvLoss:[0.2074]
--------------------------------------------------------------------------------------------------------------------------------------------------------------------------------------------------------
Epoch:[37/100], CauAdvLoss:[0.9881/0.2137] valid:[82.02], test:[72.75]
--------------------------------------------------------------------------------------------------------------------------------------------------------------------------------------------------------
Train Iter:[0  /52] CauLoss:[0.9518], AdvLoss:[0.2044]
Train Iter:[13 /52] CauLoss:[0.9845], AdvLoss:[0.2011]
Train Iter:[26 /52] CauLoss:[0.9620], AdvLoss:[0.1921]
Train Iter:[39 /52] CauLoss:[0.9686], AdvLoss:[0.2013]
--------------------------------------------------------------------------------------------------------------------------------------------------------------------------------------------------------
Epoch:[38/100], CauAdvLoss:[1.0032/0.2146] valid:[81.00], test:[70.71]
--------------------------------------------------------------------------------------------------------------------------------------------------------------------------------------------------------
Train Iter:[0  /52] CauLoss:[0.9678], AdvLoss:[0.1972]
Train Iter:[13 /52] CauLoss:[0.8917], AdvLoss:[0.1406]
Train Iter:[26 /52] CauLoss:[0.9629], AdvLoss:[0.1830]
Train Iter:[39 /52] CauLoss:[0.9971], AdvLoss:[0.1982]
--------------------------------------------------------------------------------------------------------------------------------------------------------------------------------------------------------
Epoch:[39/100], CauAdvLoss:[1.0627/0.2137] valid:[81.43], test:[65.73]
--------------------------------------------------------------------------------------------------------------------------------------------------------------------------------------------------------
Train Iter:[0  /52] CauLoss:[0.9324], AdvLoss:[0.1742]
Train Iter:[13 /52] CauLoss:[1.0630], AdvLoss:[0.2162]
Train Iter:[26 /52] CauLoss:[1.0415], AdvLoss:[0.2120]
Train Iter:[39 /52] CauLoss:[1.0227], AdvLoss:[0.2238]
--------------------------------------------------------------------------------------------------------------------------------------------------------------------------------------------------------
Epoch:[40/100], CauAdvLoss:[1.0121/0.2201] valid:[81.09], test:[72.64]
--------------------------------------------------------------------------------------------------------------------------------------------------------------------------------------------------------
Train Iter:[0  /52] CauLoss:[0.8162], AdvLoss:[0.0866]
Train Iter:[13 /52] CauLoss:[0.9568], AdvLoss:[0.1885]
Train Iter:[26 /52] CauLoss:[0.9588], AdvLoss:[0.1769]
Train Iter:[39 /52] CauLoss:[1.0005], AdvLoss:[0.2102]
--------------------------------------------------------------------------------------------------------------------------------------------------------------------------------------------------------
Epoch:[41/100], CauAdvLoss:[1.0122/0.2041] valid:[79.63], test:[70.08]
--------------------------------------------------------------------------------------------------------------------------------------------------------------------------------------------------------
Train Iter:[0  /52] CauLoss:[0.8492], AdvLoss:[0.0603]
Train Iter:[13 /52] CauLoss:[1.0123], AdvLoss:[0.1899]
Train Iter:[26 /52] CauLoss:[1.0037], AdvLoss:[0.2149]
Train Iter:[39 /52] CauLoss:[1.0059], AdvLoss:[0.2111]
--------------------------------------------------------------------------------------------------------------------------------------------------------------------------------------------------------
Epoch:[42/100], CauAdvLoss:[0.9936/0.2181] valid:[82.07], test:[73.99]
--------------------------------------------------------------------------------------------------------------------------------------------------------------------------------------------------------
Train Iter:[0  /52] CauLoss:[0.8802], AdvLoss:[0.2043]
Train Iter:[13 /52] CauLoss:[0.9338], AdvLoss:[0.2046]
Train Iter:[26 /52] CauLoss:[0.9569], AdvLoss:[0.2086]
Train Iter:[39 /52] CauLoss:[0.9726], AdvLoss:[0.2237]
--------------------------------------------------------------------------------------------------------------------------------------------------------------------------------------------------------
Epoch:[43/100], CauAdvLoss:[0.9734/0.2108] valid:[79.48], test:[68.14]
--------------------------------------------------------------------------------------------------------------------------------------------------------------------------------------------------------
Train Iter:[0  /52] CauLoss:[0.9757], AdvLoss:[0.1816]
Train Iter:[13 /52] CauLoss:[0.8565], AdvLoss:[0.1734]
Train Iter:[26 /52] CauLoss:[0.9604], AdvLoss:[0.2175]
Train Iter:[39 /52] CauLoss:[0.9693], AdvLoss:[0.2079]
--------------------------------------------------------------------------------------------------------------------------------------------------------------------------------------------------------
Epoch:[44/100], CauAdvLoss:[0.9730/0.2040] valid:[78.14], test:[66.49]
--------------------------------------------------------------------------------------------------------------------------------------------------------------------------------------------------------
Train Iter:[0  /52] CauLoss:[0.8831], AdvLoss:[0.1728]
Train Iter:[13 /52] CauLoss:[0.9697], AdvLoss:[0.1918]
Train Iter:[26 /52] CauLoss:[0.9225], AdvLoss:[0.1678]
Train Iter:[39 /52] CauLoss:[0.9320], AdvLoss:[0.1779]
--------------------------------------------------------------------------------------------------------------------------------------------------------------------------------------------------------
Epoch:[45/100], CauAdvLoss:[0.9433/0.1871] valid:[81.89], test:[74.19]
--------------------------------------------------------------------------------------------------------------------------------------------------------------------------------------------------------
Train Iter:[0  /52] CauLoss:[0.7541], AdvLoss:[0.1808]
Train Iter:[13 /52] CauLoss:[0.8974], AdvLoss:[0.1827]
Train Iter:[26 /52] CauLoss:[0.9567], AdvLoss:[0.1971]
Train Iter:[39 /52] CauLoss:[0.9579], AdvLoss:[0.1996]
--------------------------------------------------------------------------------------------------------------------------------------------------------------------------------------------------------
Epoch:[46/100], CauAdvLoss:[0.9776/0.2130] valid:[82.48], test:[70.73]
--------------------------------------------------------------------------------------------------------------------------------------------------------------------------------------------------------
Train Iter:[0  /52] CauLoss:[0.9273], AdvLoss:[0.2046]
Train Iter:[13 /52] CauLoss:[0.8628], AdvLoss:[0.1522]
Train Iter:[26 /52] CauLoss:[0.9608], AdvLoss:[0.1916]
Train Iter:[39 /52] CauLoss:[0.9655], AdvLoss:[0.1904]
--------------------------------------------------------------------------------------------------------------------------------------------------------------------------------------------------------
Epoch:[47/100], CauAdvLoss:[0.9647/0.1946] valid:[78.62], test:[67.17]
--------------------------------------------------------------------------------------------------------------------------------------------------------------------------------------------------------
Train Iter:[0  /52] CauLoss:[0.7672], AdvLoss:[0.0735]
Train Iter:[13 /52] CauLoss:[0.9358], AdvLoss:[0.1549]
Train Iter:[26 /52] CauLoss:[0.9679], AdvLoss:[0.1775]
Train Iter:[39 /52] CauLoss:[0.9531], AdvLoss:[0.1809]
--------------------------------------------------------------------------------------------------------------------------------------------------------------------------------------------------------
Epoch:[48/100], CauAdvLoss:[0.9625/0.1984] valid:[83.83], test:[73.40]
--------------------------------------------------------------------------------------------------------------------------------------------------------------------------------------------------------
Train Iter:[0  /52] CauLoss:[0.8513], AdvLoss:[0.1333]
Train Iter:[13 /52] CauLoss:[0.9238], AdvLoss:[0.1633]
Train Iter:[26 /52] CauLoss:[0.9463], AdvLoss:[0.1989]
Train Iter:[39 /52] CauLoss:[0.9300], AdvLoss:[0.1924]
--------------------------------------------------------------------------------------------------------------------------------------------------------------------------------------------------------
Epoch:[49/100], CauAdvLoss:[0.9390/0.1953] valid:[81.40], test:[69.73]
--------------------------------------------------------------------------------------------------------------------------------------------------------------------------------------------------------
Train Iter:[0  /52] CauLoss:[0.7403], AdvLoss:[0.0748]
Train Iter:[13 /52] CauLoss:[0.9210], AdvLoss:[0.1718]
Train Iter:[26 /52] CauLoss:[0.9035], AdvLoss:[0.1768]
Train Iter:[39 /52] CauLoss:[0.9284], AdvLoss:[0.1919]
--------------------------------------------------------------------------------------------------------------------------------------------------------------------------------------------------------
Epoch:[50/100], CauAdvLoss:[1.0547/0.2201] valid:[79.48], test:[69.67]
--------------------------------------------------------------------------------------------------------------------------------------------------------------------------------------------------------
Train Iter:[0  /52] CauLoss:[0.9333], AdvLoss:[0.1755]
Train Iter:[13 /52] CauLoss:[0.9800], AdvLoss:[0.2035]
Train Iter:[26 /52] CauLoss:[0.9515], AdvLoss:[0.1891]
Train Iter:[39 /52] CauLoss:[0.9594], AdvLoss:[0.1864]
--------------------------------------------------------------------------------------------------------------------------------------------------------------------------------------------------------
Epoch:[51/100], CauAdvLoss:[0.9571/0.1837] valid:[78.45], test:[65.19]
--------------------------------------------------------------------------------------------------------------------------------------------------------------------------------------------------------
Train Iter:[0  /52] CauLoss:[0.8250], AdvLoss:[0.0875]
Train Iter:[13 /52] CauLoss:[0.9389], AdvLoss:[0.1520]
Train Iter:[26 /52] CauLoss:[0.9156], AdvLoss:[0.1720]
Train Iter:[39 /52] CauLoss:[0.9543], AdvLoss:[0.1910]
--------------------------------------------------------------------------------------------------------------------------------------------------------------------------------------------------------
Epoch:[52/100], CauAdvLoss:[1.0038/0.2116] valid:[80.93], test:[71.93]
--------------------------------------------------------------------------------------------------------------------------------------------------------------------------------------------------------
Train Iter:[0  /52] CauLoss:[1.1366], AdvLoss:[0.4164]
Train Iter:[13 /52] CauLoss:[0.9793], AdvLoss:[0.3959]
Train Iter:[26 /52] CauLoss:[0.9678], AdvLoss:[0.3096]
Train Iter:[39 /52] CauLoss:[0.9565], AdvLoss:[0.2773]
--------------------------------------------------------------------------------------------------------------------------------------------------------------------------------------------------------
Epoch:[53/100], CauAdvLoss:[1.0048/0.2470] valid:[80.71], test:[67.06]
--------------------------------------------------------------------------------------------------------------------------------------------------------------------------------------------------------
Train Iter:[0  /52] CauLoss:[1.2123], AdvLoss:[0.4613]
Train Iter:[13 /52] CauLoss:[0.9905], AdvLoss:[0.1982]
Train Iter:[26 /52] CauLoss:[0.9655], AdvLoss:[0.1821]
Train Iter:[39 /52] CauLoss:[0.9431], AdvLoss:[0.1747]
--------------------------------------------------------------------------------------------------------------------------------------------------------------------------------------------------------
Epoch:[54/100], CauAdvLoss:[1.0082/0.1932] valid:[80.46], test:[69.58]
--------------------------------------------------------------------------------------------------------------------------------------------------------------------------------------------------------
Train Iter:[0  /52] CauLoss:[0.8018], AdvLoss:[0.0890]
Train Iter:[13 /52] CauLoss:[0.9123], AdvLoss:[0.1478]
Train Iter:[26 /52] CauLoss:[0.9272], AdvLoss:[0.1839]
Train Iter:[39 /52] CauLoss:[0.9491], AdvLoss:[0.1947]
--------------------------------------------------------------------------------------------------------------------------------------------------------------------------------------------------------
Epoch:[55/100], CauAdvLoss:[0.9369/0.1802] valid:[79.99], test:[69.06]
--------------------------------------------------------------------------------------------------------------------------------------------------------------------------------------------------------
Train Iter:[0  /52] CauLoss:[0.6972], AdvLoss:[0.1223]
Train Iter:[13 /52] CauLoss:[0.8999], AdvLoss:[0.1690]
Train Iter:[26 /52] CauLoss:[0.9415], AdvLoss:[0.1744]
Train Iter:[39 /52] CauLoss:[0.9614], AdvLoss:[0.1879]
--------------------------------------------------------------------------------------------------------------------------------------------------------------------------------------------------------
Epoch:[56/100], CauAdvLoss:[0.9346/0.1887] valid:[81.10], test:[72.71]
--------------------------------------------------------------------------------------------------------------------------------------------------------------------------------------------------------
Train Iter:[0  /52] CauLoss:[0.7083], AdvLoss:[0.0721]
Train Iter:[13 /52] CauLoss:[0.8233], AdvLoss:[0.1355]
Train Iter:[26 /52] CauLoss:[0.8800], AdvLoss:[0.1529]
Train Iter:[39 /52] CauLoss:[0.9144], AdvLoss:[0.1730]
--------------------------------------------------------------------------------------------------------------------------------------------------------------------------------------------------------
Epoch:[57/100], CauAdvLoss:[0.9148/0.1695] valid:[82.21], test:[66.47]
--------------------------------------------------------------------------------------------------------------------------------------------------------------------------------------------------------
Train Iter:[0  /52] CauLoss:[0.6524], AdvLoss:[0.0865]
Train Iter:[13 /52] CauLoss:[0.8391], AdvLoss:[0.1431]
Train Iter:[26 /52] CauLoss:[0.8451], AdvLoss:[0.1536]
Train Iter:[39 /52] CauLoss:[0.8973], AdvLoss:[0.1801]
--------------------------------------------------------------------------------------------------------------------------------------------------------------------------------------------------------
Epoch:[58/100], CauAdvLoss:[0.9047/0.1827] valid:[82.32], test:[69.80]
--------------------------------------------------------------------------------------------------------------------------------------------------------------------------------------------------------
Train Iter:[0  /52] CauLoss:[0.8043], AdvLoss:[0.0324]
Train Iter:[13 /52] CauLoss:[0.8308], AdvLoss:[0.1199]
Train Iter:[26 /52] CauLoss:[0.8811], AdvLoss:[0.1561]
Train Iter:[39 /52] CauLoss:[0.8637], AdvLoss:[0.1467]
--------------------------------------------------------------------------------------------------------------------------------------------------------------------------------------------------------
Epoch:[59/100], CauAdvLoss:[0.9786/0.1828] valid:[81.53], test:[70.17]
--------------------------------------------------------------------------------------------------------------------------------------------------------------------------------------------------------
Train Iter:[0  /52] CauLoss:[0.7608], AdvLoss:[0.0703]
Train Iter:[13 /52] CauLoss:[0.8696], AdvLoss:[0.1370]
Train Iter:[26 /52] CauLoss:[0.9169], AdvLoss:[0.1602]
Train Iter:[39 /52] CauLoss:[0.9111], AdvLoss:[0.1621]
--------------------------------------------------------------------------------------------------------------------------------------------------------------------------------------------------------
Epoch:[60/100], CauAdvLoss:[0.8971/0.1571] valid:[79.49], test:[64.41]
--------------------------------------------------------------------------------------------------------------------------------------------------------------------------------------------------------
Train Iter:[0  /52] CauLoss:[0.6503], AdvLoss:[0.0713]
Train Iter:[13 /52] CauLoss:[0.8924], AdvLoss:[0.1889]
Train Iter:[26 /52] CauLoss:[0.8843], AdvLoss:[0.1844]
Train Iter:[39 /52] CauLoss:[0.8985], AdvLoss:[0.1757]
--------------------------------------------------------------------------------------------------------------------------------------------------------------------------------------------------------
Epoch:[61/100], CauAdvLoss:[0.9864/0.2264] valid:[79.32], test:[67.77]
--------------------------------------------------------------------------------------------------------------------------------------------------------------------------------------------------------
Train Iter:[0  /52] CauLoss:[0.9087], AdvLoss:[0.1381]
Train Iter:[13 /52] CauLoss:[0.9026], AdvLoss:[0.1467]
Train Iter:[26 /52] CauLoss:[0.8889], AdvLoss:[0.1452]
Train Iter:[39 /52] CauLoss:[0.8974], AdvLoss:[0.1593]
--------------------------------------------------------------------------------------------------------------------------------------------------------------------------------------------------------
Epoch:[62/100], CauAdvLoss:[0.9574/0.1636] valid:[78.11], test:[68.51]
--------------------------------------------------------------------------------------------------------------------------------------------------------------------------------------------------------
Train Iter:[0  /52] CauLoss:[0.9469], AdvLoss:[0.2047]
Train Iter:[13 /52] CauLoss:[0.8890], AdvLoss:[0.1425]
Train Iter:[26 /52] CauLoss:[0.8964], AdvLoss:[0.1498]
Train Iter:[39 /52] CauLoss:[0.8896], AdvLoss:[0.1673]
--------------------------------------------------------------------------------------------------------------------------------------------------------------------------------------------------------
Epoch:[63/100], CauAdvLoss:[0.9711/0.1583] valid:[79.06], test:[67.49]
--------------------------------------------------------------------------------------------------------------------------------------------------------------------------------------------------------
Train Iter:[0  /52] CauLoss:[0.7352], AdvLoss:[0.1299]
Train Iter:[13 /52] CauLoss:[0.8993], AdvLoss:[0.1859]
Train Iter:[26 /52] CauLoss:[0.8945], AdvLoss:[0.1659]
Train Iter:[39 /52] CauLoss:[0.9092], AdvLoss:[0.1622]
--------------------------------------------------------------------------------------------------------------------------------------------------------------------------------------------------------
Epoch:[64/100], CauAdvLoss:[0.8996/0.1562] valid:[80.26], test:[66.82]
--------------------------------------------------------------------------------------------------------------------------------------------------------------------------------------------------------
Train Iter:[0  /52] CauLoss:[0.8077], AdvLoss:[0.1390]
Train Iter:[13 /52] CauLoss:[0.9671], AdvLoss:[0.2725]
Train Iter:[26 /52] CauLoss:[0.9452], AdvLoss:[0.2260]
Train Iter:[39 /52] CauLoss:[0.9308], AdvLoss:[0.2034]
--------------------------------------------------------------------------------------------------------------------------------------------------------------------------------------------------------
Epoch:[65/100], CauAdvLoss:[0.9128/0.1825] valid:[81.26], test:[67.99]
--------------------------------------------------------------------------------------------------------------------------------------------------------------------------------------------------------
Train Iter:[0  /52] CauLoss:[0.9098], AdvLoss:[0.1097]
Train Iter:[13 /52] CauLoss:[0.8880], AdvLoss:[0.1430]
Train Iter:[26 /52] CauLoss:[0.8536], AdvLoss:[0.1358]
Train Iter:[39 /52] CauLoss:[0.8807], AdvLoss:[0.1597]
--------------------------------------------------------------------------------------------------------------------------------------------------------------------------------------------------------
Epoch:[66/100], CauAdvLoss:[0.9498/0.1623] valid:[81.03], test:[68.90]
--------------------------------------------------------------------------------------------------------------------------------------------------------------------------------------------------------
Train Iter:[0  /52] CauLoss:[0.9953], AdvLoss:[0.2692]
Train Iter:[13 /52] CauLoss:[0.9237], AdvLoss:[0.1679]
Train Iter:[26 /52] CauLoss:[0.9315], AdvLoss:[0.1730]
Train Iter:[39 /52] CauLoss:[0.9067], AdvLoss:[0.1671]
--------------------------------------------------------------------------------------------------------------------------------------------------------------------------------------------------------
Epoch:[67/100], CauAdvLoss:[0.8999/0.1611] valid:[78.49], test:[66.32]
--------------------------------------------------------------------------------------------------------------------------------------------------------------------------------------------------------
Train Iter:[0  /52] CauLoss:[0.9905], AdvLoss:[0.0839]
Train Iter:[13 /52] CauLoss:[0.7988], AdvLoss:[0.1111]
Train Iter:[26 /52] CauLoss:[0.8508], AdvLoss:[0.1466]
Train Iter:[39 /52] CauLoss:[0.8589], AdvLoss:[0.1562]
--------------------------------------------------------------------------------------------------------------------------------------------------------------------------------------------------------
Epoch:[68/100], CauAdvLoss:[0.8657/0.1611] valid:[80.78], test:[65.67]
--------------------------------------------------------------------------------------------------------------------------------------------------------------------------------------------------------
Train Iter:[0  /52] CauLoss:[1.1171], AdvLoss:[0.4334]
Train Iter:[13 /52] CauLoss:[0.8237], AdvLoss:[0.1398]
Train Iter:[26 /52] CauLoss:[0.8684], AdvLoss:[0.1745]
Train Iter:[39 /52] CauLoss:[0.8723], AdvLoss:[0.1698]
--------------------------------------------------------------------------------------------------------------------------------------------------------------------------------------------------------
Epoch:[69/100], CauAdvLoss:[0.8687/0.1591] valid:[76.77], test:[63.75]
--------------------------------------------------------------------------------------------------------------------------------------------------------------------------------------------------------
Train Iter:[0  /52] CauLoss:[1.1657], AdvLoss:[0.5055]
Train Iter:[13 /52] CauLoss:[0.8235], AdvLoss:[0.1411]
Train Iter:[26 /52] CauLoss:[0.8596], AdvLoss:[0.1560]
Train Iter:[39 /52] CauLoss:[0.8481], AdvLoss:[0.1489]
--------------------------------------------------------------------------------------------------------------------------------------------------------------------------------------------------------
Epoch:[70/100], CauAdvLoss:[0.8764/0.1529] valid:[80.29], test:[68.80]
--------------------------------------------------------------------------------------------------------------------------------------------------------------------------------------------------------
Train Iter:[0  /52] CauLoss:[0.7325], AdvLoss:[0.1314]
Train Iter:[13 /52] CauLoss:[0.8601], AdvLoss:[0.1674]
Train Iter:[26 /52] CauLoss:[0.8644], AdvLoss:[0.1592]
Train Iter:[39 /52] CauLoss:[0.8639], AdvLoss:[0.1520]
--------------------------------------------------------------------------------------------------------------------------------------------------------------------------------------------------------
Epoch:[71/100], CauAdvLoss:[0.8516/0.1551] valid:[80.06], test:[70.14]
--------------------------------------------------------------------------------------------------------------------------------------------------------------------------------------------------------
Train Iter:[0  /52] CauLoss:[0.9138], AdvLoss:[0.1702]
Train Iter:[13 /52] CauLoss:[0.8457], AdvLoss:[0.1381]
Train Iter:[26 /52] CauLoss:[0.8568], AdvLoss:[0.1566]
Train Iter:[39 /52] CauLoss:[0.8590], AdvLoss:[0.1547]
--------------------------------------------------------------------------------------------------------------------------------------------------------------------------------------------------------
Epoch:[72/100], CauAdvLoss:[0.8549/0.1634] valid:[80.33], test:[67.21]
--------------------------------------------------------------------------------------------------------------------------------------------------------------------------------------------------------
Train Iter:[0  /52] CauLoss:[0.8004], AdvLoss:[0.0609]
Train Iter:[13 /52] CauLoss:[0.8476], AdvLoss:[0.1129]
Train Iter:[26 /52] CauLoss:[0.8685], AdvLoss:[0.1567]
Train Iter:[39 /52] CauLoss:[0.8652], AdvLoss:[0.1500]
--------------------------------------------------------------------------------------------------------------------------------------------------------------------------------------------------------
Epoch:[73/100], CauAdvLoss:[0.8655/0.1542] valid:[81.57], test:[69.77]
--------------------------------------------------------------------------------------------------------------------------------------------------------------------------------------------------------
Train Iter:[0  /52] CauLoss:[0.9242], AdvLoss:[0.1421]
Train Iter:[13 /52] CauLoss:[0.8183], AdvLoss:[0.1546]
Train Iter:[26 /52] CauLoss:[0.8305], AdvLoss:[0.1591]
Train Iter:[39 /52] CauLoss:[0.8726], AdvLoss:[0.1752]
--------------------------------------------------------------------------------------------------------------------------------------------------------------------------------------------------------
Epoch:[74/100], CauAdvLoss:[0.8595/0.1632] valid:[78.70], test:[68.10]
--------------------------------------------------------------------------------------------------------------------------------------------------------------------------------------------------------
Train Iter:[0  /52] CauLoss:[0.8737], AdvLoss:[0.0208]
Train Iter:[13 /52] CauLoss:[0.8727], AdvLoss:[0.1303]
Train Iter:[26 /52] CauLoss:[0.8956], AdvLoss:[0.1809]
Train Iter:[39 /52] CauLoss:[0.8761], AdvLoss:[0.1777]
--------------------------------------------------------------------------------------------------------------------------------------------------------------------------------------------------------
Epoch:[75/100], CauAdvLoss:[0.8518/0.1593] valid:[81.53], test:[68.27]
--------------------------------------------------------------------------------------------------------------------------------------------------------------------------------------------------------
Train Iter:[0  /52] CauLoss:[0.7766], AdvLoss:[0.1627]
Train Iter:[13 /52] CauLoss:[0.8472], AdvLoss:[0.1472]
Train Iter:[26 /52] CauLoss:[0.8383], AdvLoss:[0.1490]
Train Iter:[39 /52] CauLoss:[0.8450], AdvLoss:[0.1600]
--------------------------------------------------------------------------------------------------------------------------------------------------------------------------------------------------------
Epoch:[76/100], CauAdvLoss:[0.8435/0.1601] valid:[79.80], test:[69.77]
--------------------------------------------------------------------------------------------------------------------------------------------------------------------------------------------------------
Train Iter:[0  /52] CauLoss:[1.0093], AdvLoss:[0.1525]
Train Iter:[13 /52] CauLoss:[0.8876], AdvLoss:[0.1544]
Train Iter:[26 /52] CauLoss:[0.8684], AdvLoss:[0.1567]
Train Iter:[39 /52] CauLoss:[0.8656], AdvLoss:[0.1540]
--------------------------------------------------------------------------------------------------------------------------------------------------------------------------------------------------------
Epoch:[77/100], CauAdvLoss:[0.8510/0.1511] valid:[80.84], test:[69.51]
--------------------------------------------------------------------------------------------------------------------------------------------------------------------------------------------------------
Train Iter:[0  /52] CauLoss:[0.6463], AdvLoss:[0.0131]
Train Iter:[13 /52] CauLoss:[0.8347], AdvLoss:[0.1534]
Train Iter:[26 /52] CauLoss:[0.8617], AdvLoss:[0.1566]
Train Iter:[39 /52] CauLoss:[0.8335], AdvLoss:[0.1501]
--------------------------------------------------------------------------------------------------------------------------------------------------------------------------------------------------------
Epoch:[78/100], CauAdvLoss:[0.8597/0.1500] valid:[80.11], test:[71.53]
--------------------------------------------------------------------------------------------------------------------------------------------------------------------------------------------------------
Train Iter:[0  /52] CauLoss:[0.6777], AdvLoss:[0.0738]
Train Iter:[13 /52] CauLoss:[0.8392], AdvLoss:[0.1911]
Train Iter:[26 /52] CauLoss:[0.8260], AdvLoss:[0.1612]
Train Iter:[39 /52] CauLoss:[0.8663], AdvLoss:[0.1509]
--------------------------------------------------------------------------------------------------------------------------------------------------------------------------------------------------------
Epoch:[79/100], CauAdvLoss:[0.8772/0.1548] valid:[81.20], test:[68.90]
--------------------------------------------------------------------------------------------------------------------------------------------------------------------------------------------------------
Train Iter:[0  /52] CauLoss:[0.7261], AdvLoss:[0.1229]
Train Iter:[13 /52] CauLoss:[0.8145], AdvLoss:[0.1256]
Train Iter:[26 /52] CauLoss:[0.8512], AdvLoss:[0.1505]
Train Iter:[39 /52] CauLoss:[0.8349], AdvLoss:[0.1395]
--------------------------------------------------------------------------------------------------------------------------------------------------------------------------------------------------------
Epoch:[80/100], CauAdvLoss:[0.9554/0.1486] valid:[80.10], test:[70.95]
--------------------------------------------------------------------------------------------------------------------------------------------------------------------------------------------------------
Train Iter:[0  /52] CauLoss:[0.7870], AdvLoss:[0.0798]
Train Iter:[13 /52] CauLoss:[0.8379], AdvLoss:[0.1224]
Train Iter:[26 /52] CauLoss:[0.8823], AdvLoss:[0.1619]
Train Iter:[39 /52] CauLoss:[0.8625], AdvLoss:[0.1451]
--------------------------------------------------------------------------------------------------------------------------------------------------------------------------------------------------------
Epoch:[81/100], CauAdvLoss:[0.8476/0.1370] valid:[80.18], test:[69.51]
--------------------------------------------------------------------------------------------------------------------------------------------------------------------------------------------------------
Train Iter:[0  /52] CauLoss:[0.8845], AdvLoss:[0.2370]
Train Iter:[13 /52] CauLoss:[0.8051], AdvLoss:[0.1522]
Train Iter:[26 /52] CauLoss:[0.8019], AdvLoss:[0.1347]
Train Iter:[39 /52] CauLoss:[0.7973], AdvLoss:[0.1342]
--------------------------------------------------------------------------------------------------------------------------------------------------------------------------------------------------------
Epoch:[82/100], CauAdvLoss:[0.8238/0.1434] valid:[79.17], test:[68.84]
--------------------------------------------------------------------------------------------------------------------------------------------------------------------------------------------------------
Train Iter:[0  /52] CauLoss:[0.6403], AdvLoss:[0.0367]
Train Iter:[13 /52] CauLoss:[0.8220], AdvLoss:[0.1439]
Train Iter:[26 /52] CauLoss:[0.8384], AdvLoss:[0.1278]
Train Iter:[39 /52] CauLoss:[0.8344], AdvLoss:[0.1327]
--------------------------------------------------------------------------------------------------------------------------------------------------------------------------------------------------------
Epoch:[83/100], CauAdvLoss:[0.8449/0.1473] valid:[79.30], test:[69.01]
--------------------------------------------------------------------------------------------------------------------------------------------------------------------------------------------------------
Train Iter:[0  /52] CauLoss:[0.6387], AdvLoss:[0.0316]
Train Iter:[13 /52] CauLoss:[0.7744], AdvLoss:[0.1432]
Train Iter:[26 /52] CauLoss:[0.7794], AdvLoss:[0.1227]
Train Iter:[39 /52] CauLoss:[0.7708], AdvLoss:[0.1221]
--------------------------------------------------------------------------------------------------------------------------------------------------------------------------------------------------------
Epoch:[84/100], CauAdvLoss:[0.8763/0.1467] valid:[80.71], test:[69.90]
--------------------------------------------------------------------------------------------------------------------------------------------------------------------------------------------------------
Train Iter:[0  /52] CauLoss:[0.6718], AdvLoss:[0.0725]
Train Iter:[13 /52] CauLoss:[0.7978], AdvLoss:[0.1550]
Train Iter:[26 /52] CauLoss:[0.8483], AdvLoss:[0.1714]
Train Iter:[39 /52] CauLoss:[0.8270], AdvLoss:[0.1558]
--------------------------------------------------------------------------------------------------------------------------------------------------------------------------------------------------------
Epoch:[85/100], CauAdvLoss:[0.8224/0.1463] valid:[80.68], test:[70.64]
--------------------------------------------------------------------------------------------------------------------------------------------------------------------------------------------------------
Train Iter:[0  /52] CauLoss:[0.7564], AdvLoss:[0.0303]
Train Iter:[13 /52] CauLoss:[0.8385], AdvLoss:[0.1338]
Train Iter:[26 /52] CauLoss:[0.8730], AdvLoss:[0.1457]
Train Iter:[39 /52] CauLoss:[0.8574], AdvLoss:[0.1378]
--------------------------------------------------------------------------------------------------------------------------------------------------------------------------------------------------------
Epoch:[86/100], CauAdvLoss:[0.9096/0.1474] valid:[80.08], test:[69.69]
--------------------------------------------------------------------------------------------------------------------------------------------------------------------------------------------------------
Train Iter:[0  /52] CauLoss:[0.7127], AdvLoss:[0.1749]
Train Iter:[13 /52] CauLoss:[0.8220], AdvLoss:[0.1504]
Train Iter:[26 /52] CauLoss:[0.8035], AdvLoss:[0.1396]
Train Iter:[39 /52] CauLoss:[0.8059], AdvLoss:[0.1374]
--------------------------------------------------------------------------------------------------------------------------------------------------------------------------------------------------------
Epoch:[87/100], CauAdvLoss:[0.8953/0.1386] valid:[79.85], test:[70.10]
--------------------------------------------------------------------------------------------------------------------------------------------------------------------------------------------------------
Train Iter:[0  /52] CauLoss:[0.9572], AdvLoss:[0.3585]
Train Iter:[13 /52] CauLoss:[0.8119], AdvLoss:[0.1222]
Train Iter:[26 /52] CauLoss:[0.8528], AdvLoss:[0.1397]
Train Iter:[39 /52] CauLoss:[0.8360], AdvLoss:[0.1383]
--------------------------------------------------------------------------------------------------------------------------------------------------------------------------------------------------------
Epoch:[88/100], CauAdvLoss:[0.8290/0.1309] valid:[79.88], test:[69.36]
--------------------------------------------------------------------------------------------------------------------------------------------------------------------------------------------------------
Train Iter:[0  /52] CauLoss:[0.7746], AdvLoss:[0.1747]
Train Iter:[13 /52] CauLoss:[0.8043], AdvLoss:[0.1492]
Train Iter:[26 /52] CauLoss:[0.7951], AdvLoss:[0.1293]
Train Iter:[39 /52] CauLoss:[0.7813], AdvLoss:[0.1243]
--------------------------------------------------------------------------------------------------------------------------------------------------------------------------------------------------------
Epoch:[89/100], CauAdvLoss:[0.7977/0.1346] valid:[79.29], test:[68.88]
--------------------------------------------------------------------------------------------------------------------------------------------------------------------------------------------------------
Train Iter:[0  /52] CauLoss:[1.0476], AdvLoss:[0.0779]
Train Iter:[13 /52] CauLoss:[0.7845], AdvLoss:[0.1081]
Train Iter:[26 /52] CauLoss:[0.8137], AdvLoss:[0.1327]
Train Iter:[39 /52] CauLoss:[0.8075], AdvLoss:[0.1265]
--------------------------------------------------------------------------------------------------------------------------------------------------------------------------------------------------------
Epoch:[90/100], CauAdvLoss:[0.8184/0.1328] valid:[79.63], test:[69.40]
--------------------------------------------------------------------------------------------------------------------------------------------------------------------------------------------------------
Train Iter:[0  /52] CauLoss:[0.9307], AdvLoss:[0.2503]
Train Iter:[13 /52] CauLoss:[0.8143], AdvLoss:[0.1449]
Train Iter:[26 /52] CauLoss:[0.8219], AdvLoss:[0.1275]
Train Iter:[39 /52] CauLoss:[0.8168], AdvLoss:[0.1284]
--------------------------------------------------------------------------------------------------------------------------------------------------------------------------------------------------------
Epoch:[91/100], CauAdvLoss:[0.8208/0.1345] valid:[78.84], test:[68.32]
--------------------------------------------------------------------------------------------------------------------------------------------------------------------------------------------------------
Train Iter:[0  /52] CauLoss:[0.6858], AdvLoss:[0.1853]
Train Iter:[13 /52] CauLoss:[0.8006], AdvLoss:[0.1442]
Train Iter:[26 /52] CauLoss:[0.8032], AdvLoss:[0.1394]
Train Iter:[39 /52] CauLoss:[0.8224], AdvLoss:[0.1403]
--------------------------------------------------------------------------------------------------------------------------------------------------------------------------------------------------------
Epoch:[92/100], CauAdvLoss:[0.8161/0.1554] valid:[80.01], test:[70.38]
--------------------------------------------------------------------------------------------------------------------------------------------------------------------------------------------------------
Train Iter:[0  /52] CauLoss:[0.7683], AdvLoss:[0.1987]
Train Iter:[13 /52] CauLoss:[0.7368], AdvLoss:[0.1016]
Train Iter:[26 /52] CauLoss:[0.8049], AdvLoss:[0.1472]
Train Iter:[39 /52] CauLoss:[0.8189], AdvLoss:[0.1504]
--------------------------------------------------------------------------------------------------------------------------------------------------------------------------------------------------------
Epoch:[93/100], CauAdvLoss:[0.8232/0.1368] valid:[80.09], test:[69.73]
--------------------------------------------------------------------------------------------------------------------------------------------------------------------------------------------------------
Train Iter:[0  /52] CauLoss:[1.2276], AdvLoss:[0.1142]
Train Iter:[13 /52] CauLoss:[0.8396], AdvLoss:[0.1067]
Train Iter:[26 /52] CauLoss:[0.8231], AdvLoss:[0.1201]
Train Iter:[39 /52] CauLoss:[0.8267], AdvLoss:[0.1336]
--------------------------------------------------------------------------------------------------------------------------------------------------------------------------------------------------------
Epoch:[94/100], CauAdvLoss:[0.8962/0.1626] valid:[80.27], test:[70.27]
--------------------------------------------------------------------------------------------------------------------------------------------------------------------------------------------------------
Train Iter:[0  /52] CauLoss:[0.9917], AdvLoss:[0.2322]
Train Iter:[13 /52] CauLoss:[0.7791], AdvLoss:[0.1638]
Train Iter:[26 /52] CauLoss:[0.7703], AdvLoss:[0.1336]
Train Iter:[39 /52] CauLoss:[0.8036], AdvLoss:[0.1384]
--------------------------------------------------------------------------------------------------------------------------------------------------------------------------------------------------------
Epoch:[95/100], CauAdvLoss:[0.8055/0.1376] valid:[79.62], test:[69.21]
--------------------------------------------------------------------------------------------------------------------------------------------------------------------------------------------------------
Train Iter:[0  /52] CauLoss:[0.7220], AdvLoss:[0.1657]
Train Iter:[13 /52] CauLoss:[0.8140], AdvLoss:[0.1361]
Train Iter:[26 /52] CauLoss:[0.8033], AdvLoss:[0.1290]
Train Iter:[39 /52] CauLoss:[0.7881], AdvLoss:[0.1250]
--------------------------------------------------------------------------------------------------------------------------------------------------------------------------------------------------------
Epoch:[96/100], CauAdvLoss:[0.8016/0.1336] valid:[80.59], test:[69.90]
--------------------------------------------------------------------------------------------------------------------------------------------------------------------------------------------------------
Train Iter:[0  /52] CauLoss:[1.1790], AdvLoss:[0.2622]
Train Iter:[13 /52] CauLoss:[0.8522], AdvLoss:[0.1549]
Train Iter:[26 /52] CauLoss:[0.8371], AdvLoss:[0.1499]
Train Iter:[39 /52] CauLoss:[0.8333], AdvLoss:[0.1439]
--------------------------------------------------------------------------------------------------------------------------------------------------------------------------------------------------------
Epoch:[97/100], CauAdvLoss:[0.8189/0.1328] valid:[79.80], test:[70.25]
--------------------------------------------------------------------------------------------------------------------------------------------------------------------------------------------------------
Train Iter:[0  /52] CauLoss:[0.7093], AdvLoss:[0.0749]
Train Iter:[13 /52] CauLoss:[0.8303], AdvLoss:[0.1607]
Train Iter:[26 /52] CauLoss:[0.8645], AdvLoss:[0.1783]
Train Iter:[39 /52] CauLoss:[0.8412], AdvLoss:[0.1562]
--------------------------------------------------------------------------------------------------------------------------------------------------------------------------------------------------------
Epoch:[98/100], CauAdvLoss:[0.8156/0.1385] valid:[79.96], test:[68.19]
--------------------------------------------------------------------------------------------------------------------------------------------------------------------------------------------------------
Train Iter:[0  /52] CauLoss:[1.0198], AdvLoss:[0.0962]
Train Iter:[13 /52] CauLoss:[0.8434], AdvLoss:[0.1720]
Train Iter:[26 /52] CauLoss:[0.8275], AdvLoss:[0.1470]
Train Iter:[39 /52] CauLoss:[0.8132], AdvLoss:[0.1325]
--------------------------------------------------------------------------------------------------------------------------------------------------------------------------------------------------------
Epoch:[99/100], CauAdvLoss:[0.8084/0.1342] valid:[79.55], test:[70.84]
--------------------------------------------------------------------------------------------------------------------------------------------------------------------------------------------------------
Train Iter:[0  /52] CauLoss:[0.7305], AdvLoss:[0.0510]
Train Iter:[13 /52] CauLoss:[0.8792], AdvLoss:[0.1494]
Train Iter:[26 /52] CauLoss:[0.8342], AdvLoss:[0.1259]
Train Iter:[39 /52] CauLoss:[0.8267], AdvLoss:[0.1335]
--------------------------------------------------------------------------------------------------------------------------------------------------------------------------------------------------------
Epoch:[100/100], CauAdvLoss:[0.8303/0.1359] valid:[79.36], test:[69.86]
--------------------------------------------------------------------------------------------------------------------------------------------------------------------------------------------------------
Update test:[73.40] at epoch:[48] | Total time:00:04:00
initialize network with kaiming
Train Iter:[0  /52] CauLoss:[2.2294], AdvLoss:[-394.5849]
Train Iter:[13 /52] CauLoss:[1.7200], AdvLoss:[-31.8728]
Train Iter:[26 /52] CauLoss:[1.6349], AdvLoss:[-16.3620]
Train Iter:[39 /52] CauLoss:[1.5742], AdvLoss:[-10.9277]
--------------------------------------------------------------------------------------------------------------------------------------------------------------------------------------------------------
Epoch:[1/100], CauAdvLoss:[1.5510/-8.3192] valid:[64.20], test:[49.17]
--------------------------------------------------------------------------------------------------------------------------------------------------------------------------------------------------------
Train Iter:[0  /52] CauLoss:[2.1219], AdvLoss:[0.6849]
Train Iter:[13 /52] CauLoss:[1.4124], AdvLoss:[0.3203]
Train Iter:[26 /52] CauLoss:[1.3651], AdvLoss:[0.3006]
Train Iter:[39 /52] CauLoss:[1.3663], AdvLoss:[0.3509]
--------------------------------------------------------------------------------------------------------------------------------------------------------------------------------------------------------
Epoch:[2/100], CauAdvLoss:[1.3743/0.3741] valid:[68.58], test:[65.10]
--------------------------------------------------------------------------------------------------------------------------------------------------------------------------------------------------------
Train Iter:[0  /52] CauLoss:[1.3290], AdvLoss:[0.3090]
Train Iter:[13 /52] CauLoss:[1.3561], AdvLoss:[0.3193]
Train Iter:[26 /52] CauLoss:[1.3368], AdvLoss:[0.4334]
Train Iter:[39 /52] CauLoss:[1.3539], AdvLoss:[0.4295]
--------------------------------------------------------------------------------------------------------------------------------------------------------------------------------------------------------
Epoch:[3/100], CauAdvLoss:[1.3446/0.4315] valid:[72.60], test:[62.60]
--------------------------------------------------------------------------------------------------------------------------------------------------------------------------------------------------------
Train Iter:[0  /52] CauLoss:[1.4080], AdvLoss:[0.4921]
Train Iter:[13 /52] CauLoss:[1.3240], AdvLoss:[0.4537]
Train Iter:[26 /52] CauLoss:[1.3378], AdvLoss:[0.3925]
Train Iter:[39 /52] CauLoss:[1.3237], AdvLoss:[0.3619]
--------------------------------------------------------------------------------------------------------------------------------------------------------------------------------------------------------
Epoch:[4/100], CauAdvLoss:[1.3447/0.3506] valid:[79.38], test:[73.21]
--------------------------------------------------------------------------------------------------------------------------------------------------------------------------------------------------------
Train Iter:[0  /52] CauLoss:[1.1330], AdvLoss:[0.3162]
Train Iter:[13 /52] CauLoss:[1.3822], AdvLoss:[0.3810]
Train Iter:[26 /52] CauLoss:[1.3579], AdvLoss:[0.4185]
Train Iter:[39 /52] CauLoss:[1.3443], AdvLoss:[0.4093]
--------------------------------------------------------------------------------------------------------------------------------------------------------------------------------------------------------
Epoch:[5/100], CauAdvLoss:[1.3597/0.3783] valid:[69.65], test:[63.42]
--------------------------------------------------------------------------------------------------------------------------------------------------------------------------------------------------------
Train Iter:[0  /52] CauLoss:[1.2287], AdvLoss:[0.2323]
Train Iter:[13 /52] CauLoss:[1.3673], AdvLoss:[0.3373]
Train Iter:[26 /52] CauLoss:[1.2968], AdvLoss:[0.3259]
Train Iter:[39 /52] CauLoss:[1.3024], AdvLoss:[0.3348]
--------------------------------------------------------------------------------------------------------------------------------------------------------------------------------------------------------
Epoch:[6/100], CauAdvLoss:[1.2863/0.3307] valid:[72.58], test:[69.58]
--------------------------------------------------------------------------------------------------------------------------------------------------------------------------------------------------------
Train Iter:[0  /52] CauLoss:[1.1666], AdvLoss:[0.3156]
Train Iter:[13 /52] CauLoss:[1.3244], AdvLoss:[0.3471]
Train Iter:[26 /52] CauLoss:[1.3182], AdvLoss:[0.4283]
Train Iter:[39 /52] CauLoss:[1.3212], AdvLoss:[0.4160]
--------------------------------------------------------------------------------------------------------------------------------------------------------------------------------------------------------
Epoch:[7/100], CauAdvLoss:[1.3405/0.4184] valid:[72.02], test:[66.01]
--------------------------------------------------------------------------------------------------------------------------------------------------------------------------------------------------------
Train Iter:[0  /52] CauLoss:[1.2974], AdvLoss:[0.2649]
Train Iter:[13 /52] CauLoss:[1.1524], AdvLoss:[0.2842]
Train Iter:[26 /52] CauLoss:[1.1910], AdvLoss:[0.3327]
Train Iter:[39 /52] CauLoss:[1.2195], AdvLoss:[0.3561]
--------------------------------------------------------------------------------------------------------------------------------------------------------------------------------------------------------
Epoch:[8/100], CauAdvLoss:[1.2165/0.3426] valid:[70.67], test:[62.25]
--------------------------------------------------------------------------------------------------------------------------------------------------------------------------------------------------------
Train Iter:[0  /52] CauLoss:[1.0046], AdvLoss:[0.3454]
Train Iter:[13 /52] CauLoss:[1.2148], AdvLoss:[0.4584]
Train Iter:[26 /52] CauLoss:[1.2554], AdvLoss:[0.4252]
Train Iter:[39 /52] CauLoss:[1.2574], AdvLoss:[0.4421]
--------------------------------------------------------------------------------------------------------------------------------------------------------------------------------------------------------
Epoch:[9/100], CauAdvLoss:[1.2458/0.4113] valid:[77.03], test:[75.47]
--------------------------------------------------------------------------------------------------------------------------------------------------------------------------------------------------------
Train Iter:[0  /52] CauLoss:[1.0440], AdvLoss:[0.3797]
Train Iter:[13 /52] CauLoss:[1.2141], AdvLoss:[0.3380]
Train Iter:[26 /52] CauLoss:[1.2591], AdvLoss:[0.3439]
Train Iter:[39 /52] CauLoss:[1.2291], AdvLoss:[0.3241]
--------------------------------------------------------------------------------------------------------------------------------------------------------------------------------------------------------
Epoch:[10/100], CauAdvLoss:[1.2113/0.3149] valid:[66.99], test:[63.28]
--------------------------------------------------------------------------------------------------------------------------------------------------------------------------------------------------------
Train Iter:[0  /52] CauLoss:[1.1325], AdvLoss:[0.3071]
Train Iter:[13 /52] CauLoss:[1.0902], AdvLoss:[0.2788]
Train Iter:[26 /52] CauLoss:[1.1491], AdvLoss:[0.3018]
Train Iter:[39 /52] CauLoss:[1.1791], AdvLoss:[0.3223]
--------------------------------------------------------------------------------------------------------------------------------------------------------------------------------------------------------
Epoch:[11/100], CauAdvLoss:[1.2232/0.3137] valid:[71.04], test:[68.17]
--------------------------------------------------------------------------------------------------------------------------------------------------------------------------------------------------------
Train Iter:[0  /52] CauLoss:[0.9242], AdvLoss:[0.0954]
Train Iter:[13 /52] CauLoss:[1.1265], AdvLoss:[0.2553]
Train Iter:[26 /52] CauLoss:[1.1421], AdvLoss:[0.2805]
Train Iter:[39 /52] CauLoss:[1.1431], AdvLoss:[0.2826]
--------------------------------------------------------------------------------------------------------------------------------------------------------------------------------------------------------
Epoch:[12/100], CauAdvLoss:[1.2227/0.3148] valid:[74.74], test:[68.95]
--------------------------------------------------------------------------------------------------------------------------------------------------------------------------------------------------------
Train Iter:[0  /52] CauLoss:[1.0273], AdvLoss:[0.1879]
Train Iter:[13 /52] CauLoss:[1.2193], AdvLoss:[0.2900]
Train Iter:[26 /52] CauLoss:[1.2060], AdvLoss:[0.3106]
Train Iter:[39 /52] CauLoss:[1.1675], AdvLoss:[0.3052]
--------------------------------------------------------------------------------------------------------------------------------------------------------------------------------------------------------
Epoch:[13/100], CauAdvLoss:[1.2462/0.3306] valid:[74.86], test:[70.67]
--------------------------------------------------------------------------------------------------------------------------------------------------------------------------------------------------------
Train Iter:[0  /52] CauLoss:[0.9498], AdvLoss:[0.1765]
Train Iter:[13 /52] CauLoss:[1.2491], AdvLoss:[0.3510]
Train Iter:[26 /52] CauLoss:[1.2225], AdvLoss:[0.3595]
Train Iter:[39 /52] CauLoss:[1.1880], AdvLoss:[0.3417]
--------------------------------------------------------------------------------------------------------------------------------------------------------------------------------------------------------
Epoch:[14/100], CauAdvLoss:[1.1708/0.3208] valid:[70.60], test:[63.63]
--------------------------------------------------------------------------------------------------------------------------------------------------------------------------------------------------------
Train Iter:[0  /52] CauLoss:[1.3331], AdvLoss:[0.3648]
Train Iter:[13 /52] CauLoss:[1.2385], AdvLoss:[0.3434]
Train Iter:[26 /52] CauLoss:[1.2176], AdvLoss:[0.3157]
Train Iter:[39 /52] CauLoss:[1.2057], AdvLoss:[0.3059]
--------------------------------------------------------------------------------------------------------------------------------------------------------------------------------------------------------
Epoch:[15/100], CauAdvLoss:[1.1765/0.2912] valid:[72.63], test:[67.08]
--------------------------------------------------------------------------------------------------------------------------------------------------------------------------------------------------------
Train Iter:[0  /52] CauLoss:[0.9059], AdvLoss:[0.2545]
Train Iter:[13 /52] CauLoss:[1.1026], AdvLoss:[0.2566]
Train Iter:[26 /52] CauLoss:[1.1969], AdvLoss:[0.4262]
Train Iter:[39 /52] CauLoss:[1.1520], AdvLoss:[0.3854]
--------------------------------------------------------------------------------------------------------------------------------------------------------------------------------------------------------
Epoch:[16/100], CauAdvLoss:[1.1543/0.3760] valid:[76.70], test:[74.89]
--------------------------------------------------------------------------------------------------------------------------------------------------------------------------------------------------------
Train Iter:[0  /52] CauLoss:[0.9382], AdvLoss:[0.1801]
Train Iter:[13 /52] CauLoss:[1.0929], AdvLoss:[0.2658]
Train Iter:[26 /52] CauLoss:[1.0684], AdvLoss:[0.2515]
Train Iter:[39 /52] CauLoss:[1.0982], AdvLoss:[0.2629]
--------------------------------------------------------------------------------------------------------------------------------------------------------------------------------------------------------
Epoch:[17/100], CauAdvLoss:[1.1112/0.2868] valid:[74.16], test:[72.06]
--------------------------------------------------------------------------------------------------------------------------------------------------------------------------------------------------------
Train Iter:[0  /52] CauLoss:[0.9216], AdvLoss:[0.1901]
Train Iter:[13 /52] CauLoss:[1.1826], AdvLoss:[0.3866]
Train Iter:[26 /52] CauLoss:[1.1325], AdvLoss:[0.3165]
Train Iter:[39 /52] CauLoss:[1.1236], AdvLoss:[0.3108]
--------------------------------------------------------------------------------------------------------------------------------------------------------------------------------------------------------
Epoch:[18/100], CauAdvLoss:[1.1331/0.3138] valid:[77.42], test:[74.61]
--------------------------------------------------------------------------------------------------------------------------------------------------------------------------------------------------------
Train Iter:[0  /52] CauLoss:[0.9112], AdvLoss:[0.2191]
Train Iter:[13 /52] CauLoss:[1.1333], AdvLoss:[0.3539]
Train Iter:[26 /52] CauLoss:[1.1173], AdvLoss:[0.3043]
Train Iter:[39 /52] CauLoss:[1.1086], AdvLoss:[0.3016]
--------------------------------------------------------------------------------------------------------------------------------------------------------------------------------------------------------
Epoch:[19/100], CauAdvLoss:[1.1247/0.2998] valid:[72.72], test:[68.35]
--------------------------------------------------------------------------------------------------------------------------------------------------------------------------------------------------------
Train Iter:[0  /52] CauLoss:[1.1873], AdvLoss:[0.2172]
Train Iter:[13 /52] CauLoss:[1.0481], AdvLoss:[0.2321]
Train Iter:[26 /52] CauLoss:[1.0790], AdvLoss:[0.2623]
Train Iter:[39 /52] CauLoss:[1.0999], AdvLoss:[0.2837]
--------------------------------------------------------------------------------------------------------------------------------------------------------------------------------------------------------
Epoch:[20/100], CauAdvLoss:[1.1104/0.2982] valid:[76.61], test:[74.91]
--------------------------------------------------------------------------------------------------------------------------------------------------------------------------------------------------------
Train Iter:[0  /52] CauLoss:[1.1662], AdvLoss:[0.1685]
Train Iter:[13 /52] CauLoss:[1.1533], AdvLoss:[0.3027]
Train Iter:[26 /52] CauLoss:[1.1467], AdvLoss:[0.2947]
Train Iter:[39 /52] CauLoss:[1.1017], AdvLoss:[0.2735]
--------------------------------------------------------------------------------------------------------------------------------------------------------------------------------------------------------
Epoch:[21/100], CauAdvLoss:[1.1115/0.2794] valid:[74.37], test:[73.86]
--------------------------------------------------------------------------------------------------------------------------------------------------------------------------------------------------------
Train Iter:[0  /52] CauLoss:[1.0279], AdvLoss:[0.2689]
Train Iter:[13 /52] CauLoss:[1.1451], AdvLoss:[0.2950]
Train Iter:[26 /52] CauLoss:[1.1296], AdvLoss:[0.2789]
Train Iter:[39 /52] CauLoss:[1.1240], AdvLoss:[0.2818]
--------------------------------------------------------------------------------------------------------------------------------------------------------------------------------------------------------
Epoch:[22/100], CauAdvLoss:[1.0850/0.2680] valid:[73.70], test:[73.40]
--------------------------------------------------------------------------------------------------------------------------------------------------------------------------------------------------------
Train Iter:[0  /52] CauLoss:[0.9793], AdvLoss:[0.2370]
Train Iter:[13 /52] CauLoss:[1.1378], AdvLoss:[0.3365]
Train Iter:[26 /52] CauLoss:[1.1318], AdvLoss:[0.3089]
Train Iter:[39 /52] CauLoss:[1.1180], AdvLoss:[0.2852]
--------------------------------------------------------------------------------------------------------------------------------------------------------------------------------------------------------
Epoch:[23/100], CauAdvLoss:[1.1453/0.2714] valid:[80.12], test:[76.26]
--------------------------------------------------------------------------------------------------------------------------------------------------------------------------------------------------------
Train Iter:[0  /52] CauLoss:[0.9571], AdvLoss:[0.2037]
Train Iter:[13 /52] CauLoss:[1.1119], AdvLoss:[0.2542]
Train Iter:[26 /52] CauLoss:[1.1450], AdvLoss:[0.3257]
Train Iter:[39 /52] CauLoss:[1.1044], AdvLoss:[0.3177]
--------------------------------------------------------------------------------------------------------------------------------------------------------------------------------------------------------
Epoch:[24/100], CauAdvLoss:[1.1467/0.2963] valid:[77.54], test:[75.90]
--------------------------------------------------------------------------------------------------------------------------------------------------------------------------------------------------------
Train Iter:[0  /52] CauLoss:[1.0109], AdvLoss:[0.2638]
Train Iter:[13 /52] CauLoss:[1.0686], AdvLoss:[0.2649]
Train Iter:[26 /52] CauLoss:[1.1081], AdvLoss:[0.2733]
Train Iter:[39 /52] CauLoss:[1.0945], AdvLoss:[0.2703]
--------------------------------------------------------------------------------------------------------------------------------------------------------------------------------------------------------
Epoch:[25/100], CauAdvLoss:[1.0764/0.2625] valid:[78.93], test:[77.01]
--------------------------------------------------------------------------------------------------------------------------------------------------------------------------------------------------------
Train Iter:[0  /52] CauLoss:[0.9103], AdvLoss:[0.2449]
Train Iter:[13 /52] CauLoss:[1.1091], AdvLoss:[0.2827]
Train Iter:[26 /52] CauLoss:[1.1090], AdvLoss:[0.3215]
Train Iter:[39 /52] CauLoss:[1.1035], AdvLoss:[0.3152]
--------------------------------------------------------------------------------------------------------------------------------------------------------------------------------------------------------
Epoch:[26/100], CauAdvLoss:[1.1334/0.2977] valid:[75.74], test:[77.21]
--------------------------------------------------------------------------------------------------------------------------------------------------------------------------------------------------------
Train Iter:[0  /52] CauLoss:[0.6744], AdvLoss:[0.0689]
Train Iter:[13 /52] CauLoss:[1.0158], AdvLoss:[0.2131]
Train Iter:[26 /52] CauLoss:[1.0302], AdvLoss:[0.2078]
Train Iter:[39 /52] CauLoss:[1.0436], AdvLoss:[0.2219]
--------------------------------------------------------------------------------------------------------------------------------------------------------------------------------------------------------
Epoch:[27/100], CauAdvLoss:[1.0788/0.2487] valid:[78.35], test:[77.69]
--------------------------------------------------------------------------------------------------------------------------------------------------------------------------------------------------------
Train Iter:[0  /52] CauLoss:[1.1556], AdvLoss:[0.2848]
Train Iter:[13 /52] CauLoss:[1.0633], AdvLoss:[0.2919]
Train Iter:[26 /52] CauLoss:[1.0731], AdvLoss:[0.2773]
Train Iter:[39 /52] CauLoss:[1.0589], AdvLoss:[0.2619]
--------------------------------------------------------------------------------------------------------------------------------------------------------------------------------------------------------
Epoch:[28/100], CauAdvLoss:[1.0511/0.2502] valid:[76.44], test:[76.63]
--------------------------------------------------------------------------------------------------------------------------------------------------------------------------------------------------------
Train Iter:[0  /52] CauLoss:[0.8495], AdvLoss:[0.1138]
Train Iter:[13 /52] CauLoss:[0.9955], AdvLoss:[0.2471]
Train Iter:[26 /52] CauLoss:[1.0456], AdvLoss:[0.2446]
Train Iter:[39 /52] CauLoss:[1.0389], AdvLoss:[0.2529]
--------------------------------------------------------------------------------------------------------------------------------------------------------------------------------------------------------
Epoch:[29/100], CauAdvLoss:[1.0850/0.2528] valid:[77.82], test:[75.43]
--------------------------------------------------------------------------------------------------------------------------------------------------------------------------------------------------------
Train Iter:[0  /52] CauLoss:[0.7825], AdvLoss:[0.1471]
Train Iter:[13 /52] CauLoss:[1.1465], AdvLoss:[0.3596]
Train Iter:[26 /52] CauLoss:[1.1249], AdvLoss:[0.3132]
Train Iter:[39 /52] CauLoss:[1.0888], AdvLoss:[0.2885]
--------------------------------------------------------------------------------------------------------------------------------------------------------------------------------------------------------
Epoch:[30/100], CauAdvLoss:[1.1050/0.2620] valid:[78.91], test:[79.33]
--------------------------------------------------------------------------------------------------------------------------------------------------------------------------------------------------------
Train Iter:[0  /52] CauLoss:[0.8184], AdvLoss:[0.1666]
Train Iter:[13 /52] CauLoss:[0.9763], AdvLoss:[0.2274]
Train Iter:[26 /52] CauLoss:[1.0506], AdvLoss:[0.2906]
Train Iter:[39 /52] CauLoss:[1.0355], AdvLoss:[0.2709]
--------------------------------------------------------------------------------------------------------------------------------------------------------------------------------------------------------
Epoch:[31/100], CauAdvLoss:[1.0479/0.2677] valid:[75.63], test:[74.53]
--------------------------------------------------------------------------------------------------------------------------------------------------------------------------------------------------------
Train Iter:[0  /52] CauLoss:[1.3346], AdvLoss:[0.3871]
Train Iter:[13 /52] CauLoss:[1.0692], AdvLoss:[0.2658]
Train Iter:[26 /52] CauLoss:[1.0919], AdvLoss:[0.2866]
Train Iter:[39 /52] CauLoss:[1.0814], AdvLoss:[0.2894]
--------------------------------------------------------------------------------------------------------------------------------------------------------------------------------------------------------
Epoch:[32/100], CauAdvLoss:[1.0563/0.2645] valid:[75.19], test:[75.78]
--------------------------------------------------------------------------------------------------------------------------------------------------------------------------------------------------------
Train Iter:[0  /52] CauLoss:[1.0750], AdvLoss:[0.2192]
Train Iter:[13 /52] CauLoss:[0.9768], AdvLoss:[0.2413]
Train Iter:[26 /52] CauLoss:[1.0002], AdvLoss:[0.2438]
Train Iter:[39 /52] CauLoss:[1.0063], AdvLoss:[0.2577]
--------------------------------------------------------------------------------------------------------------------------------------------------------------------------------------------------------
Epoch:[33/100], CauAdvLoss:[1.0149/0.2545] valid:[75.09], test:[76.06]
--------------------------------------------------------------------------------------------------------------------------------------------------------------------------------------------------------
Train Iter:[0  /52] CauLoss:[0.8885], AdvLoss:[0.0941]
Train Iter:[13 /52] CauLoss:[1.0131], AdvLoss:[0.2232]
Train Iter:[26 /52] CauLoss:[1.0170], AdvLoss:[0.2542]
Train Iter:[39 /52] CauLoss:[1.0437], AdvLoss:[0.2602]
--------------------------------------------------------------------------------------------------------------------------------------------------------------------------------------------------------
Epoch:[34/100], CauAdvLoss:[1.0479/0.2545] valid:[75.65], test:[75.49]
--------------------------------------------------------------------------------------------------------------------------------------------------------------------------------------------------------
Train Iter:[0  /52] CauLoss:[1.1855], AdvLoss:[0.3060]
Train Iter:[13 /52] CauLoss:[0.9649], AdvLoss:[0.2187]
Train Iter:[26 /52] CauLoss:[1.0256], AdvLoss:[0.2457]
Train Iter:[39 /52] CauLoss:[1.0040], AdvLoss:[0.2425]
--------------------------------------------------------------------------------------------------------------------------------------------------------------------------------------------------------
Epoch:[35/100], CauAdvLoss:[1.0066/0.2433] valid:[75.00], test:[75.96]
--------------------------------------------------------------------------------------------------------------------------------------------------------------------------------------------------------
Train Iter:[0  /52] CauLoss:[0.9000], AdvLoss:[0.1008]
Train Iter:[13 /52] CauLoss:[1.0578], AdvLoss:[0.2488]
Train Iter:[26 /52] CauLoss:[1.0193], AdvLoss:[0.2493]
Train Iter:[39 /52] CauLoss:[1.0351], AdvLoss:[0.2636]
--------------------------------------------------------------------------------------------------------------------------------------------------------------------------------------------------------
Epoch:[36/100], CauAdvLoss:[1.0782/0.2470] valid:[78.19], test:[78.64]
--------------------------------------------------------------------------------------------------------------------------------------------------------------------------------------------------------
Train Iter:[0  /52] CauLoss:[0.9494], AdvLoss:[0.1865]
Train Iter:[13 /52] CauLoss:[1.0933], AdvLoss:[0.2963]
Train Iter:[26 /52] CauLoss:[1.0335], AdvLoss:[0.2634]
Train Iter:[39 /52] CauLoss:[1.0081], AdvLoss:[0.2461]
--------------------------------------------------------------------------------------------------------------------------------------------------------------------------------------------------------
Epoch:[37/100], CauAdvLoss:[0.9950/0.2353] valid:[72.16], test:[72.14]
--------------------------------------------------------------------------------------------------------------------------------------------------------------------------------------------------------
Train Iter:[0  /52] CauLoss:[1.2057], AdvLoss:[0.2974]
Train Iter:[13 /52] CauLoss:[1.0274], AdvLoss:[0.2545]
Train Iter:[26 /52] CauLoss:[1.0183], AdvLoss:[0.2560]
Train Iter:[39 /52] CauLoss:[0.9994], AdvLoss:[0.2409]
--------------------------------------------------------------------------------------------------------------------------------------------------------------------------------------------------------
Epoch:[38/100], CauAdvLoss:[0.9894/0.2360] valid:[75.74], test:[78.46]
--------------------------------------------------------------------------------------------------------------------------------------------------------------------------------------------------------
Train Iter:[0  /52] CauLoss:[0.6805], AdvLoss:[0.0053]
Train Iter:[13 /52] CauLoss:[1.0378], AdvLoss:[0.2641]
Train Iter:[26 /52] CauLoss:[0.9953], AdvLoss:[0.2227]
Train Iter:[39 /52] CauLoss:[1.0000], AdvLoss:[0.2328]
--------------------------------------------------------------------------------------------------------------------------------------------------------------------------------------------------------
Epoch:[39/100], CauAdvLoss:[0.9841/0.2327] valid:[74.46], test:[77.53]
--------------------------------------------------------------------------------------------------------------------------------------------------------------------------------------------------------
Train Iter:[0  /52] CauLoss:[1.0288], AdvLoss:[0.0949]
Train Iter:[13 /52] CauLoss:[1.0644], AdvLoss:[0.2699]
Train Iter:[26 /52] CauLoss:[1.0214], AdvLoss:[0.2309]
Train Iter:[39 /52] CauLoss:[1.0390], AdvLoss:[0.2497]
--------------------------------------------------------------------------------------------------------------------------------------------------------------------------------------------------------
Epoch:[40/100], CauAdvLoss:[1.0214/0.2357] valid:[73.11], test:[76.75]
--------------------------------------------------------------------------------------------------------------------------------------------------------------------------------------------------------
Train Iter:[0  /52] CauLoss:[1.1026], AdvLoss:[0.3584]
Train Iter:[13 /52] CauLoss:[0.9796], AdvLoss:[0.2215]
Train Iter:[26 /52] CauLoss:[0.9974], AdvLoss:[0.2433]
Train Iter:[39 /52] CauLoss:[0.9891], AdvLoss:[0.2311]
--------------------------------------------------------------------------------------------------------------------------------------------------------------------------------------------------------
Epoch:[41/100], CauAdvLoss:[0.9806/0.2249] valid:[74.70], test:[76.73]
--------------------------------------------------------------------------------------------------------------------------------------------------------------------------------------------------------
Train Iter:[0  /52] CauLoss:[0.8535], AdvLoss:[0.1420]
Train Iter:[13 /52] CauLoss:[0.9920], AdvLoss:[0.2352]
Train Iter:[26 /52] CauLoss:[1.0244], AdvLoss:[0.2389]
Train Iter:[39 /52] CauLoss:[1.0002], AdvLoss:[0.2224]
--------------------------------------------------------------------------------------------------------------------------------------------------------------------------------------------------------
Epoch:[42/100], CauAdvLoss:[1.0051/0.2294] valid:[78.31], test:[80.02]
--------------------------------------------------------------------------------------------------------------------------------------------------------------------------------------------------------
Train Iter:[0  /52] CauLoss:[0.8042], AdvLoss:[0.0952]
Train Iter:[13 /52] CauLoss:[1.0225], AdvLoss:[0.2684]
Train Iter:[26 /52] CauLoss:[1.0064], AdvLoss:[0.2437]
Train Iter:[39 /52] CauLoss:[0.9838], AdvLoss:[0.2464]
--------------------------------------------------------------------------------------------------------------------------------------------------------------------------------------------------------
Epoch:[43/100], CauAdvLoss:[1.0360/0.2450] valid:[77.75], test:[78.28]
--------------------------------------------------------------------------------------------------------------------------------------------------------------------------------------------------------
Train Iter:[0  /52] CauLoss:[0.9931], AdvLoss:[0.2792]
Train Iter:[13 /52] CauLoss:[0.9601], AdvLoss:[0.2005]
Train Iter:[26 /52] CauLoss:[0.9729], AdvLoss:[0.2027]
Train Iter:[39 /52] CauLoss:[0.9695], AdvLoss:[0.2182]
--------------------------------------------------------------------------------------------------------------------------------------------------------------------------------------------------------
Epoch:[44/100], CauAdvLoss:[1.0209/0.2304] valid:[81.63], test:[81.45]
--------------------------------------------------------------------------------------------------------------------------------------------------------------------------------------------------------
Train Iter:[0  /52] CauLoss:[1.1371], AdvLoss:[0.3495]
Train Iter:[13 /52] CauLoss:[1.0010], AdvLoss:[0.2112]
Train Iter:[26 /52] CauLoss:[1.0078], AdvLoss:[0.2187]
Train Iter:[39 /52] CauLoss:[0.9895], AdvLoss:[0.2139]
--------------------------------------------------------------------------------------------------------------------------------------------------------------------------------------------------------
Epoch:[45/100], CauAdvLoss:[1.0031/0.2234] valid:[78.24], test:[77.76]
--------------------------------------------------------------------------------------------------------------------------------------------------------------------------------------------------------
Train Iter:[0  /52] CauLoss:[1.0979], AdvLoss:[0.3585]
Train Iter:[13 /52] CauLoss:[1.0429], AdvLoss:[0.2641]
Train Iter:[26 /52] CauLoss:[1.0080], AdvLoss:[0.2558]
Train Iter:[39 /52] CauLoss:[0.9687], AdvLoss:[0.2335]
--------------------------------------------------------------------------------------------------------------------------------------------------------------------------------------------------------
Epoch:[46/100], CauAdvLoss:[0.9669/0.2237] valid:[71.83], test:[74.12]
--------------------------------------------------------------------------------------------------------------------------------------------------------------------------------------------------------
Train Iter:[0  /52] CauLoss:[0.8393], AdvLoss:[0.2325]
Train Iter:[13 /52] CauLoss:[1.0144], AdvLoss:[0.2623]
Train Iter:[26 /52] CauLoss:[0.9622], AdvLoss:[0.2243]
Train Iter:[39 /52] CauLoss:[0.9441], AdvLoss:[0.2288]
--------------------------------------------------------------------------------------------------------------------------------------------------------------------------------------------------------
Epoch:[47/100], CauAdvLoss:[0.9395/0.2293] valid:[74.49], test:[76.73]
--------------------------------------------------------------------------------------------------------------------------------------------------------------------------------------------------------
Train Iter:[0  /52] CauLoss:[1.0811], AdvLoss:[0.2900]
Train Iter:[13 /52] CauLoss:[0.9576], AdvLoss:[0.2077]
Train Iter:[26 /52] CauLoss:[0.9440], AdvLoss:[0.2364]
Train Iter:[39 /52] CauLoss:[0.9730], AdvLoss:[0.2446]
--------------------------------------------------------------------------------------------------------------------------------------------------------------------------------------------------------
Epoch:[48/100], CauAdvLoss:[0.9628/0.2262] valid:[73.56], test:[76.34]
--------------------------------------------------------------------------------------------------------------------------------------------------------------------------------------------------------
Train Iter:[0  /52] CauLoss:[0.9021], AdvLoss:[0.2391]
Train Iter:[13 /52] CauLoss:[1.0291], AdvLoss:[0.2481]
Train Iter:[26 /52] CauLoss:[0.9931], AdvLoss:[0.2301]
Train Iter:[39 /52] CauLoss:[0.9682], AdvLoss:[0.2182]
--------------------------------------------------------------------------------------------------------------------------------------------------------------------------------------------------------
Epoch:[49/100], CauAdvLoss:[0.9730/0.2361] valid:[78.03], test:[78.64]
--------------------------------------------------------------------------------------------------------------------------------------------------------------------------------------------------------
Train Iter:[0  /52] CauLoss:[1.0201], AdvLoss:[0.1767]
Train Iter:[13 /52] CauLoss:[1.0219], AdvLoss:[0.2143]
Train Iter:[26 /52] CauLoss:[1.0125], AdvLoss:[0.2248]
Train Iter:[39 /52] CauLoss:[0.9894], AdvLoss:[0.2321]
--------------------------------------------------------------------------------------------------------------------------------------------------------------------------------------------------------
Epoch:[50/100], CauAdvLoss:[0.9757/0.2158] valid:[76.84], test:[77.51]
--------------------------------------------------------------------------------------------------------------------------------------------------------------------------------------------------------
Train Iter:[0  /52] CauLoss:[0.9648], AdvLoss:[0.1308]
Train Iter:[13 /52] CauLoss:[0.8566], AdvLoss:[0.1456]
Train Iter:[26 /52] CauLoss:[0.9204], AdvLoss:[0.2026]
Train Iter:[39 /52] CauLoss:[0.9572], AdvLoss:[0.2209]
--------------------------------------------------------------------------------------------------------------------------------------------------------------------------------------------------------
Epoch:[51/100], CauAdvLoss:[1.0355/0.2356] valid:[76.86], test:[78.10]
--------------------------------------------------------------------------------------------------------------------------------------------------------------------------------------------------------
Train Iter:[0  /52] CauLoss:[1.4661], AdvLoss:[0.1353]
Train Iter:[13 /52] CauLoss:[1.0289], AdvLoss:[0.2487]
Train Iter:[26 /52] CauLoss:[1.0032], AdvLoss:[0.2377]
Train Iter:[39 /52] CauLoss:[0.9614], AdvLoss:[0.2124]
--------------------------------------------------------------------------------------------------------------------------------------------------------------------------------------------------------
Epoch:[52/100], CauAdvLoss:[0.9433/0.2011] valid:[75.70], test:[77.88]
--------------------------------------------------------------------------------------------------------------------------------------------------------------------------------------------------------
Train Iter:[0  /52] CauLoss:[0.9170], AdvLoss:[0.2789]
Train Iter:[13 /52] CauLoss:[0.8945], AdvLoss:[0.2163]
Train Iter:[26 /52] CauLoss:[0.9331], AdvLoss:[0.2281]
Train Iter:[39 /52] CauLoss:[0.9334], AdvLoss:[0.2248]
--------------------------------------------------------------------------------------------------------------------------------------------------------------------------------------------------------
Epoch:[53/100], CauAdvLoss:[1.0065/0.2320] valid:[77.35], test:[77.82]
--------------------------------------------------------------------------------------------------------------------------------------------------------------------------------------------------------
Train Iter:[0  /52] CauLoss:[0.7895], AdvLoss:[0.1434]
Train Iter:[13 /52] CauLoss:[0.9423], AdvLoss:[0.1972]
Train Iter:[26 /52] CauLoss:[0.9830], AdvLoss:[0.1990]
Train Iter:[39 /52] CauLoss:[0.9795], AdvLoss:[0.2084]
--------------------------------------------------------------------------------------------------------------------------------------------------------------------------------------------------------
Epoch:[54/100], CauAdvLoss:[0.9545/0.1986] valid:[76.09], test:[77.13]
--------------------------------------------------------------------------------------------------------------------------------------------------------------------------------------------------------
Train Iter:[0  /52] CauLoss:[1.4128], AdvLoss:[0.6748]
Train Iter:[13 /52] CauLoss:[0.9246], AdvLoss:[0.2262]
Train Iter:[26 /52] CauLoss:[0.9582], AdvLoss:[0.2277]
Train Iter:[39 /52] CauLoss:[0.9403], AdvLoss:[0.2363]
--------------------------------------------------------------------------------------------------------------------------------------------------------------------------------------------------------
Epoch:[55/100], CauAdvLoss:[0.9373/0.2269] valid:[74.95], test:[76.14]
--------------------------------------------------------------------------------------------------------------------------------------------------------------------------------------------------------
Train Iter:[0  /52] CauLoss:[0.6982], AdvLoss:[0.0779]
Train Iter:[13 /52] CauLoss:[0.8778], AdvLoss:[0.1501]
Train Iter:[26 /52] CauLoss:[0.8886], AdvLoss:[0.1697]
Train Iter:[39 /52] CauLoss:[0.9104], AdvLoss:[0.1832]
--------------------------------------------------------------------------------------------------------------------------------------------------------------------------------------------------------
Epoch:[56/100], CauAdvLoss:[0.9342/0.1996] valid:[78.54], test:[78.66]
--------------------------------------------------------------------------------------------------------------------------------------------------------------------------------------------------------
Train Iter:[0  /52] CauLoss:[0.6837], AdvLoss:[0.0731]
Train Iter:[13 /52] CauLoss:[0.9541], AdvLoss:[0.1980]
Train Iter:[26 /52] CauLoss:[0.9460], AdvLoss:[0.2064]
Train Iter:[39 /52] CauLoss:[0.9283], AdvLoss:[0.2248]
--------------------------------------------------------------------------------------------------------------------------------------------------------------------------------------------------------
Epoch:[57/100], CauAdvLoss:[0.9194/0.2172] valid:[75.02], test:[75.72]
--------------------------------------------------------------------------------------------------------------------------------------------------------------------------------------------------------
Train Iter:[0  /52] CauLoss:[1.3540], AdvLoss:[0.6120]
Train Iter:[13 /52] CauLoss:[0.9450], AdvLoss:[0.1966]
Train Iter:[26 /52] CauLoss:[0.9533], AdvLoss:[0.2459]
Train Iter:[39 /52] CauLoss:[0.9311], AdvLoss:[0.2246]
--------------------------------------------------------------------------------------------------------------------------------------------------------------------------------------------------------
Epoch:[58/100], CauAdvLoss:[0.9324/0.2255] valid:[74.63], test:[76.02]
--------------------------------------------------------------------------------------------------------------------------------------------------------------------------------------------------------
Train Iter:[0  /52] CauLoss:[0.8661], AdvLoss:[0.1297]
Train Iter:[13 /52] CauLoss:[0.8486], AdvLoss:[0.1562]
Train Iter:[26 /52] CauLoss:[0.9010], AdvLoss:[0.1709]
Train Iter:[39 /52] CauLoss:[0.9253], AdvLoss:[0.1977]
--------------------------------------------------------------------------------------------------------------------------------------------------------------------------------------------------------
Epoch:[59/100], CauAdvLoss:[0.9225/0.1908] valid:[75.28], test:[74.97]
--------------------------------------------------------------------------------------------------------------------------------------------------------------------------------------------------------
Train Iter:[0  /52] CauLoss:[1.4316], AdvLoss:[0.6492]
Train Iter:[13 /52] CauLoss:[0.8933], AdvLoss:[0.2115]
Train Iter:[26 /52] CauLoss:[0.8829], AdvLoss:[0.1952]
Train Iter:[39 /52] CauLoss:[0.9046], AdvLoss:[0.1930]
--------------------------------------------------------------------------------------------------------------------------------------------------------------------------------------------------------
Epoch:[60/100], CauAdvLoss:[0.9056/0.1962] valid:[74.77], test:[74.51]
--------------------------------------------------------------------------------------------------------------------------------------------------------------------------------------------------------
Train Iter:[0  /52] CauLoss:[1.1485], AdvLoss:[0.2675]
Train Iter:[13 /52] CauLoss:[0.8441], AdvLoss:[0.1314]
Train Iter:[26 /52] CauLoss:[0.9085], AdvLoss:[0.2105]
Train Iter:[39 /52] CauLoss:[0.8944], AdvLoss:[0.2230]
--------------------------------------------------------------------------------------------------------------------------------------------------------------------------------------------------------
Epoch:[61/100], CauAdvLoss:[0.9946/0.2328] valid:[75.19], test:[75.94]
--------------------------------------------------------------------------------------------------------------------------------------------------------------------------------------------------------
Train Iter:[0  /52] CauLoss:[0.8944], AdvLoss:[0.1678]
Train Iter:[13 /52] CauLoss:[0.9609], AdvLoss:[0.2125]
Train Iter:[26 /52] CauLoss:[0.9276], AdvLoss:[0.1906]
Train Iter:[39 /52] CauLoss:[0.9271], AdvLoss:[0.1952]
--------------------------------------------------------------------------------------------------------------------------------------------------------------------------------------------------------
Epoch:[62/100], CauAdvLoss:[0.9830/0.1896] valid:[72.49], test:[73.17]
--------------------------------------------------------------------------------------------------------------------------------------------------------------------------------------------------------
Train Iter:[0  /52] CauLoss:[0.9753], AdvLoss:[0.2661]
Train Iter:[13 /52] CauLoss:[0.9410], AdvLoss:[0.1895]
Train Iter:[26 /52] CauLoss:[0.9218], AdvLoss:[0.1803]
Train Iter:[39 /52] CauLoss:[0.9305], AdvLoss:[0.1965]
--------------------------------------------------------------------------------------------------------------------------------------------------------------------------------------------------------
Epoch:[63/100], CauAdvLoss:[0.9139/0.1932] valid:[72.56], test:[73.82]
--------------------------------------------------------------------------------------------------------------------------------------------------------------------------------------------------------
Train Iter:[0  /52] CauLoss:[1.0710], AdvLoss:[0.2510]
Train Iter:[13 /52] CauLoss:[0.9028], AdvLoss:[0.2269]
Train Iter:[26 /52] CauLoss:[0.9130], AdvLoss:[0.2074]
Train Iter:[39 /52] CauLoss:[0.9047], AdvLoss:[0.1955]
--------------------------------------------------------------------------------------------------------------------------------------------------------------------------------------------------------
Epoch:[64/100], CauAdvLoss:[0.9102/0.1934] valid:[73.88], test:[73.62]
--------------------------------------------------------------------------------------------------------------------------------------------------------------------------------------------------------
Train Iter:[0  /52] CauLoss:[0.9746], AdvLoss:[0.2940]
Train Iter:[13 /52] CauLoss:[0.8464], AdvLoss:[0.1624]
Train Iter:[26 /52] CauLoss:[0.8810], AdvLoss:[0.1709]
Train Iter:[39 /52] CauLoss:[0.8669], AdvLoss:[0.1714]
--------------------------------------------------------------------------------------------------------------------------------------------------------------------------------------------------------
Epoch:[65/100], CauAdvLoss:[0.8927/0.1874] valid:[74.98], test:[76.36]
--------------------------------------------------------------------------------------------------------------------------------------------------------------------------------------------------------
Train Iter:[0  /52] CauLoss:[0.7723], AdvLoss:[0.2998]
Train Iter:[13 /52] CauLoss:[0.8229], AdvLoss:[0.1666]
Train Iter:[26 /52] CauLoss:[0.8694], AdvLoss:[0.1945]
Train Iter:[39 /52] CauLoss:[0.8919], AdvLoss:[0.2009]
--------------------------------------------------------------------------------------------------------------------------------------------------------------------------------------------------------
Epoch:[66/100], CauAdvLoss:[0.8974/0.1953] valid:[73.16], test:[73.21]
--------------------------------------------------------------------------------------------------------------------------------------------------------------------------------------------------------
Train Iter:[0  /52] CauLoss:[0.6517], AdvLoss:[0.0215]
Train Iter:[13 /52] CauLoss:[0.8685], AdvLoss:[0.1585]
Train Iter:[26 /52] CauLoss:[0.8925], AdvLoss:[0.1868]
Train Iter:[39 /52] CauLoss:[0.8982], AdvLoss:[0.1981]
--------------------------------------------------------------------------------------------------------------------------------------------------------------------------------------------------------
Epoch:[67/100], CauAdvLoss:[0.8668/0.1863] valid:[72.79], test:[74.97]
--------------------------------------------------------------------------------------------------------------------------------------------------------------------------------------------------------
Train Iter:[0  /52] CauLoss:[1.1357], AdvLoss:[0.2284]
Train Iter:[13 /52] CauLoss:[0.9060], AdvLoss:[0.1643]
Train Iter:[26 /52] CauLoss:[0.9023], AdvLoss:[0.2050]
Train Iter:[39 /52] CauLoss:[0.8907], AdvLoss:[0.2072]
--------------------------------------------------------------------------------------------------------------------------------------------------------------------------------------------------------
Epoch:[68/100], CauAdvLoss:[0.8893/0.1990] valid:[74.58], test:[74.73]
--------------------------------------------------------------------------------------------------------------------------------------------------------------------------------------------------------
Train Iter:[0  /52] CauLoss:[0.6515], AdvLoss:[0.1051]
Train Iter:[13 /52] CauLoss:[0.8840], AdvLoss:[0.1832]
Train Iter:[26 /52] CauLoss:[0.9284], AdvLoss:[0.1813]
Train Iter:[39 /52] CauLoss:[0.9187], AdvLoss:[0.1739]
--------------------------------------------------------------------------------------------------------------------------------------------------------------------------------------------------------
Epoch:[69/100], CauAdvLoss:[0.9085/0.1719] valid:[75.35], test:[74.69]
--------------------------------------------------------------------------------------------------------------------------------------------------------------------------------------------------------
Train Iter:[0  /52] CauLoss:[1.3926], AdvLoss:[0.6077]
Train Iter:[13 /52] CauLoss:[0.8120], AdvLoss:[0.1711]
Train Iter:[26 /52] CauLoss:[0.8350], AdvLoss:[0.1737]
Train Iter:[39 /52] CauLoss:[0.8595], AdvLoss:[0.1835]
--------------------------------------------------------------------------------------------------------------------------------------------------------------------------------------------------------
Epoch:[70/100], CauAdvLoss:[0.9373/0.1962] valid:[76.86], test:[78.62]
--------------------------------------------------------------------------------------------------------------------------------------------------------------------------------------------------------
Train Iter:[0  /52] CauLoss:[0.7656], AdvLoss:[0.2845]
Train Iter:[13 /52] CauLoss:[0.8618], AdvLoss:[0.2064]
Train Iter:[26 /52] CauLoss:[0.8800], AdvLoss:[0.2080]
Train Iter:[39 /52] CauLoss:[0.8674], AdvLoss:[0.1913]
--------------------------------------------------------------------------------------------------------------------------------------------------------------------------------------------------------
Epoch:[71/100], CauAdvLoss:[0.8492/0.1817] valid:[73.74], test:[74.95]
--------------------------------------------------------------------------------------------------------------------------------------------------------------------------------------------------------
Train Iter:[0  /52] CauLoss:[0.7300], AdvLoss:[0.1029]
Train Iter:[13 /52] CauLoss:[0.9132], AdvLoss:[0.2108]
Train Iter:[26 /52] CauLoss:[0.8666], AdvLoss:[0.1923]
Train Iter:[39 /52] CauLoss:[0.8719], AdvLoss:[0.1923]
--------------------------------------------------------------------------------------------------------------------------------------------------------------------------------------------------------
Epoch:[72/100], CauAdvLoss:[0.8970/0.1877] valid:[75.79], test:[77.05]
--------------------------------------------------------------------------------------------------------------------------------------------------------------------------------------------------------
Train Iter:[0  /52] CauLoss:[1.0742], AdvLoss:[0.3053]
Train Iter:[13 /52] CauLoss:[0.8422], AdvLoss:[0.1369]
Train Iter:[26 /52] CauLoss:[0.8539], AdvLoss:[0.1717]
Train Iter:[39 /52] CauLoss:[0.8588], AdvLoss:[0.1872]
--------------------------------------------------------------------------------------------------------------------------------------------------------------------------------------------------------
Epoch:[73/100], CauAdvLoss:[0.9232/0.2163] valid:[76.61], test:[78.10]
--------------------------------------------------------------------------------------------------------------------------------------------------------------------------------------------------------
Train Iter:[0  /52] CauLoss:[0.6329], AdvLoss:[0.1311]
Train Iter:[13 /52] CauLoss:[0.8417], AdvLoss:[0.1508]
Train Iter:[26 /52] CauLoss:[0.8422], AdvLoss:[0.1571]
Train Iter:[39 /52] CauLoss:[0.8481], AdvLoss:[0.1730]
--------------------------------------------------------------------------------------------------------------------------------------------------------------------------------------------------------
Epoch:[74/100], CauAdvLoss:[0.9073/0.1762] valid:[76.63], test:[78.06]
--------------------------------------------------------------------------------------------------------------------------------------------------------------------------------------------------------
Train Iter:[0  /52] CauLoss:[0.9336], AdvLoss:[0.4555]
Train Iter:[13 /52] CauLoss:[0.7732], AdvLoss:[0.1402]
Train Iter:[26 /52] CauLoss:[0.8143], AdvLoss:[0.1455]
Train Iter:[39 /52] CauLoss:[0.8393], AdvLoss:[0.1608]
--------------------------------------------------------------------------------------------------------------------------------------------------------------------------------------------------------
Epoch:[75/100], CauAdvLoss:[0.9140/0.1793] valid:[76.05], test:[76.44]
--------------------------------------------------------------------------------------------------------------------------------------------------------------------------------------------------------
Train Iter:[0  /52] CauLoss:[0.8622], AdvLoss:[0.2798]
Train Iter:[13 /52] CauLoss:[0.8657], AdvLoss:[0.2088]
Train Iter:[26 /52] CauLoss:[0.8519], AdvLoss:[0.1712]
Train Iter:[39 /52] CauLoss:[0.8468], AdvLoss:[0.1662]
--------------------------------------------------------------------------------------------------------------------------------------------------------------------------------------------------------
Epoch:[76/100], CauAdvLoss:[0.8580/0.1698] valid:[72.56], test:[74.36]
--------------------------------------------------------------------------------------------------------------------------------------------------------------------------------------------------------
Train Iter:[0  /52] CauLoss:[0.6975], AdvLoss:[0.0504]
Train Iter:[13 /52] CauLoss:[0.8578], AdvLoss:[0.2058]
Train Iter:[26 /52] CauLoss:[0.8694], AdvLoss:[0.1938]
Train Iter:[39 /52] CauLoss:[0.8823], AdvLoss:[0.1897]
--------------------------------------------------------------------------------------------------------------------------------------------------------------------------------------------------------
Epoch:[77/100], CauAdvLoss:[0.8831/0.1727] valid:[73.23], test:[74.24]
--------------------------------------------------------------------------------------------------------------------------------------------------------------------------------------------------------
Train Iter:[0  /52] CauLoss:[1.0221], AdvLoss:[0.3115]
Train Iter:[13 /52] CauLoss:[0.8673], AdvLoss:[0.1844]
Train Iter:[26 /52] CauLoss:[0.8314], AdvLoss:[0.1832]
Train Iter:[39 /52] CauLoss:[0.8358], AdvLoss:[0.1729]
--------------------------------------------------------------------------------------------------------------------------------------------------------------------------------------------------------
Epoch:[78/100], CauAdvLoss:[0.8458/0.1790] valid:[75.33], test:[74.28]
--------------------------------------------------------------------------------------------------------------------------------------------------------------------------------------------------------
Train Iter:[0  /52] CauLoss:[0.8056], AdvLoss:[0.2240]
Train Iter:[13 /52] CauLoss:[0.8687], AdvLoss:[0.1625]
Train Iter:[26 /52] CauLoss:[0.8518], AdvLoss:[0.1592]
Train Iter:[39 /52] CauLoss:[0.8795], AdvLoss:[0.1790]
--------------------------------------------------------------------------------------------------------------------------------------------------------------------------------------------------------
Epoch:[79/100], CauAdvLoss:[0.9137/0.1711] valid:[78.03], test:[78.70]
--------------------------------------------------------------------------------------------------------------------------------------------------------------------------------------------------------
Train Iter:[0  /52] CauLoss:[0.9349], AdvLoss:[0.2912]
Train Iter:[13 /52] CauLoss:[0.8034], AdvLoss:[0.1871]
Train Iter:[26 /52] CauLoss:[0.7955], AdvLoss:[0.1457]
Train Iter:[39 /52] CauLoss:[0.8475], AdvLoss:[0.1697]
--------------------------------------------------------------------------------------------------------------------------------------------------------------------------------------------------------
Epoch:[80/100], CauAdvLoss:[0.8703/0.1814] valid:[76.00], test:[76.79]
--------------------------------------------------------------------------------------------------------------------------------------------------------------------------------------------------------
Train Iter:[0  /52] CauLoss:[0.7216], AdvLoss:[0.1524]
Train Iter:[13 /52] CauLoss:[0.8819], AdvLoss:[0.2091]
Train Iter:[26 /52] CauLoss:[0.8543], AdvLoss:[0.1942]
Train Iter:[39 /52] CauLoss:[0.8459], AdvLoss:[0.1905]
--------------------------------------------------------------------------------------------------------------------------------------------------------------------------------------------------------
Epoch:[81/100], CauAdvLoss:[0.8480/0.1880] valid:[75.19], test:[74.99]
--------------------------------------------------------------------------------------------------------------------------------------------------------------------------------------------------------
Train Iter:[0  /52] CauLoss:[0.8495], AdvLoss:[0.1791]
Train Iter:[13 /52] CauLoss:[0.7717], AdvLoss:[0.1410]
Train Iter:[26 /52] CauLoss:[0.7867], AdvLoss:[0.1459]
Train Iter:[39 /52] CauLoss:[0.8129], AdvLoss:[0.1594]
--------------------------------------------------------------------------------------------------------------------------------------------------------------------------------------------------------
Epoch:[82/100], CauAdvLoss:[0.8114/0.1712] valid:[76.19], test:[76.52]
--------------------------------------------------------------------------------------------------------------------------------------------------------------------------------------------------------
Train Iter:[0  /52] CauLoss:[0.7935], AdvLoss:[0.2470]
Train Iter:[13 /52] CauLoss:[0.9065], AdvLoss:[0.2470]
Train Iter:[26 /52] CauLoss:[0.8738], AdvLoss:[0.2162]
Train Iter:[39 /52] CauLoss:[0.8657], AdvLoss:[0.1961]
--------------------------------------------------------------------------------------------------------------------------------------------------------------------------------------------------------
Epoch:[83/100], CauAdvLoss:[0.8606/0.1855] valid:[75.42], test:[76.18]
--------------------------------------------------------------------------------------------------------------------------------------------------------------------------------------------------------
Train Iter:[0  /52] CauLoss:[0.7676], AdvLoss:[0.0740]
Train Iter:[13 /52] CauLoss:[0.8423], AdvLoss:[0.1986]
Train Iter:[26 /52] CauLoss:[0.8307], AdvLoss:[0.1846]
Train Iter:[39 /52] CauLoss:[0.8399], AdvLoss:[0.1845]
--------------------------------------------------------------------------------------------------------------------------------------------------------------------------------------------------------
Epoch:[84/100], CauAdvLoss:[0.9116/0.1825] valid:[77.07], test:[77.11]
--------------------------------------------------------------------------------------------------------------------------------------------------------------------------------------------------------
Train Iter:[0  /52] CauLoss:[0.9380], AdvLoss:[0.1115]
Train Iter:[13 /52] CauLoss:[0.7911], AdvLoss:[0.1463]
Train Iter:[26 /52] CauLoss:[0.8365], AdvLoss:[0.1828]
Train Iter:[39 /52] CauLoss:[0.8289], AdvLoss:[0.1692]
--------------------------------------------------------------------------------------------------------------------------------------------------------------------------------------------------------
Epoch:[85/100], CauAdvLoss:[0.8385/0.1753] valid:[76.21], test:[76.46]
--------------------------------------------------------------------------------------------------------------------------------------------------------------------------------------------------------
Train Iter:[0  /52] CauLoss:[1.0487], AdvLoss:[0.4201]
Train Iter:[13 /52] CauLoss:[0.7810], AdvLoss:[0.1971]
Train Iter:[26 /52] CauLoss:[0.8030], AdvLoss:[0.1866]
Train Iter:[39 /52] CauLoss:[0.8055], AdvLoss:[0.1835]
--------------------------------------------------------------------------------------------------------------------------------------------------------------------------------------------------------
Epoch:[86/100], CauAdvLoss:[0.8559/0.1718] valid:[77.05], test:[77.33]
--------------------------------------------------------------------------------------------------------------------------------------------------------------------------------------------------------
Train Iter:[0  /52] CauLoss:[0.8351], AdvLoss:[0.2148]
Train Iter:[13 /52] CauLoss:[0.7842], AdvLoss:[0.1684]
Train Iter:[26 /52] CauLoss:[0.8197], AdvLoss:[0.1778]
Train Iter:[39 /52] CauLoss:[0.8222], AdvLoss:[0.1851]
--------------------------------------------------------------------------------------------------------------------------------------------------------------------------------------------------------
Epoch:[87/100], CauAdvLoss:[0.8746/0.1769] valid:[76.30], test:[75.41]
--------------------------------------------------------------------------------------------------------------------------------------------------------------------------------------------------------
Train Iter:[0  /52] CauLoss:[0.7499], AdvLoss:[0.1656]
Train Iter:[13 /52] CauLoss:[0.8337], AdvLoss:[0.1815]
Train Iter:[26 /52] CauLoss:[0.8274], AdvLoss:[0.1627]
Train Iter:[39 /52] CauLoss:[0.8209], AdvLoss:[0.1674]
--------------------------------------------------------------------------------------------------------------------------------------------------------------------------------------------------------
Epoch:[88/100], CauAdvLoss:[0.8857/0.1935] valid:[76.54], test:[76.52]
--------------------------------------------------------------------------------------------------------------------------------------------------------------------------------------------------------
Train Iter:[0  /52] CauLoss:[0.9212], AdvLoss:[0.3821]
Train Iter:[13 /52] CauLoss:[0.8331], AdvLoss:[0.1974]
Train Iter:[26 /52] CauLoss:[0.8861], AdvLoss:[0.2009]
Train Iter:[39 /52] CauLoss:[0.8693], AdvLoss:[0.1719]
--------------------------------------------------------------------------------------------------------------------------------------------------------------------------------------------------------
Epoch:[89/100], CauAdvLoss:[0.9134/0.1630] valid:[76.82], test:[76.63]
--------------------------------------------------------------------------------------------------------------------------------------------------------------------------------------------------------
Train Iter:[0  /52] CauLoss:[0.8223], AdvLoss:[0.0490]
Train Iter:[13 /52] CauLoss:[0.8375], AdvLoss:[0.2062]
Train Iter:[26 /52] CauLoss:[0.8188], AdvLoss:[0.1874]
Train Iter:[39 /52] CauLoss:[0.8232], AdvLoss:[0.1783]
--------------------------------------------------------------------------------------------------------------------------------------------------------------------------------------------------------
Epoch:[90/100], CauAdvLoss:[0.8118/0.1724] valid:[76.86], test:[77.76]
--------------------------------------------------------------------------------------------------------------------------------------------------------------------------------------------------------
Train Iter:[0  /52] CauLoss:[0.9703], AdvLoss:[0.2547]
Train Iter:[13 /52] CauLoss:[0.8411], AdvLoss:[0.2174]
Train Iter:[26 /52] CauLoss:[0.8630], AdvLoss:[0.1951]
Train Iter:[39 /52] CauLoss:[0.8488], AdvLoss:[0.1672]
--------------------------------------------------------------------------------------------------------------------------------------------------------------------------------------------------------
Epoch:[91/100], CauAdvLoss:[0.8523/0.1751] valid:[74.79], test:[76.00]
--------------------------------------------------------------------------------------------------------------------------------------------------------------------------------------------------------
Train Iter:[0  /52] CauLoss:[0.8759], AdvLoss:[0.1264]
Train Iter:[13 /52] CauLoss:[0.7778], AdvLoss:[0.1471]
Train Iter:[26 /52] CauLoss:[0.8197], AdvLoss:[0.1709]
Train Iter:[39 /52] CauLoss:[0.8180], AdvLoss:[0.1746]
--------------------------------------------------------------------------------------------------------------------------------------------------------------------------------------------------------
Epoch:[92/100], CauAdvLoss:[0.8078/0.1660] valid:[76.33], test:[76.97]
--------------------------------------------------------------------------------------------------------------------------------------------------------------------------------------------------------
Train Iter:[0  /52] CauLoss:[0.6118], AdvLoss:[0.0319]
Train Iter:[13 /52] CauLoss:[0.8358], AdvLoss:[0.1733]
Train Iter:[26 /52] CauLoss:[0.8493], AdvLoss:[0.1879]
Train Iter:[39 /52] CauLoss:[0.8404], AdvLoss:[0.1672]
--------------------------------------------------------------------------------------------------------------------------------------------------------------------------------------------------------
Epoch:[93/100], CauAdvLoss:[0.8315/0.1645] valid:[75.37], test:[76.32]
--------------------------------------------------------------------------------------------------------------------------------------------------------------------------------------------------------
Train Iter:[0  /52] CauLoss:[1.0930], AdvLoss:[0.2606]
Train Iter:[13 /52] CauLoss:[0.8243], AdvLoss:[0.1797]
Train Iter:[26 /52] CauLoss:[0.8325], AdvLoss:[0.1741]
Train Iter:[39 /52] CauLoss:[0.8252], AdvLoss:[0.1719]
--------------------------------------------------------------------------------------------------------------------------------------------------------------------------------------------------------
Epoch:[94/100], CauAdvLoss:[0.8668/0.1619] valid:[75.02], test:[75.60]
--------------------------------------------------------------------------------------------------------------------------------------------------------------------------------------------------------
Train Iter:[0  /52] CauLoss:[0.6736], AdvLoss:[0.0588]
Train Iter:[13 /52] CauLoss:[0.7734], AdvLoss:[0.1530]
Train Iter:[26 /52] CauLoss:[0.7992], AdvLoss:[0.1646]
Train Iter:[39 /52] CauLoss:[0.8094], AdvLoss:[0.1746]
--------------------------------------------------------------------------------------------------------------------------------------------------------------------------------------------------------
Epoch:[95/100], CauAdvLoss:[0.8122/0.1624] valid:[76.07], test:[76.28]
--------------------------------------------------------------------------------------------------------------------------------------------------------------------------------------------------------
Train Iter:[0  /52] CauLoss:[0.8376], AdvLoss:[0.1188]
Train Iter:[13 /52] CauLoss:[0.8453], AdvLoss:[0.1689]
Train Iter:[26 /52] CauLoss:[0.8011], AdvLoss:[0.1612]
Train Iter:[39 /52] CauLoss:[0.8064], AdvLoss:[0.1677]
--------------------------------------------------------------------------------------------------------------------------------------------------------------------------------------------------------
Epoch:[96/100], CauAdvLoss:[0.7968/0.1641] valid:[76.37], test:[76.75]
--------------------------------------------------------------------------------------------------------------------------------------------------------------------------------------------------------
Train Iter:[0  /52] CauLoss:[0.9047], AdvLoss:[0.0944]
Train Iter:[13 /52] CauLoss:[0.8476], AdvLoss:[0.1836]
Train Iter:[26 /52] CauLoss:[0.8691], AdvLoss:[0.2258]
Train Iter:[39 /52] CauLoss:[0.8298], AdvLoss:[0.1842]
--------------------------------------------------------------------------------------------------------------------------------------------------------------------------------------------------------
Epoch:[97/100], CauAdvLoss:[0.8240/0.1739] valid:[76.61], test:[77.69]
--------------------------------------------------------------------------------------------------------------------------------------------------------------------------------------------------------
Train Iter:[0  /52] CauLoss:[0.6184], AdvLoss:[0.0826]
Train Iter:[13 /52] CauLoss:[0.8781], AdvLoss:[0.2036]
Train Iter:[26 /52] CauLoss:[0.8410], AdvLoss:[0.1959]
Train Iter:[39 /52] CauLoss:[0.8350], AdvLoss:[0.1851]
--------------------------------------------------------------------------------------------------------------------------------------------------------------------------------------------------------
Epoch:[98/100], CauAdvLoss:[0.8189/0.1705] valid:[75.09], test:[75.51]
--------------------------------------------------------------------------------------------------------------------------------------------------------------------------------------------------------
Train Iter:[0  /52] CauLoss:[0.7242], AdvLoss:[0.0754]
Train Iter:[13 /52] CauLoss:[0.8216], AdvLoss:[0.1316]
Train Iter:[26 /52] CauLoss:[0.8219], AdvLoss:[0.1468]
Train Iter:[39 /52] CauLoss:[0.8213], AdvLoss:[0.1493]
--------------------------------------------------------------------------------------------------------------------------------------------------------------------------------------------------------
Epoch:[99/100], CauAdvLoss:[0.8995/0.1575] valid:[76.93], test:[77.92]
--------------------------------------------------------------------------------------------------------------------------------------------------------------------------------------------------------
Train Iter:[0  /52] CauLoss:[0.8394], AdvLoss:[0.1989]
Train Iter:[13 /52] CauLoss:[0.7678], AdvLoss:[0.1842]
Train Iter:[26 /52] CauLoss:[0.8356], AdvLoss:[0.2077]
Train Iter:[39 /52] CauLoss:[0.8291], AdvLoss:[0.1927]
--------------------------------------------------------------------------------------------------------------------------------------------------------------------------------------------------------
Epoch:[100/100], CauAdvLoss:[0.8277/0.1787] valid:[75.51], test:[76.30]
--------------------------------------------------------------------------------------------------------------------------------------------------------------------------------------------------------
Update test:[81.45] at epoch:[44] | Total time:00:04:04
initialize network with kaiming
Train Iter:[0  /52] CauLoss:[3.2303], AdvLoss:[-104.0502]
Train Iter:[13 /52] CauLoss:[1.9360], AdvLoss:[-8.4088]
Train Iter:[26 /52] CauLoss:[1.7466], AdvLoss:[-4.1679]
Train Iter:[39 /52] CauLoss:[1.6737], AdvLoss:[-2.6538]
--------------------------------------------------------------------------------------------------------------------------------------------------------------------------------------------------------
Epoch:[1/100], CauAdvLoss:[1.6124/-1.9741] valid:[61.13], test:[60.91]
--------------------------------------------------------------------------------------------------------------------------------------------------------------------------------------------------------
Train Iter:[0  /52] CauLoss:[1.4830], AdvLoss:[0.3091]
Train Iter:[13 /52] CauLoss:[1.3943], AdvLoss:[0.3074]
Train Iter:[26 /52] CauLoss:[1.3836], AdvLoss:[0.2963]
Train Iter:[39 /52] CauLoss:[1.4047], AdvLoss:[0.3269]
--------------------------------------------------------------------------------------------------------------------------------------------------------------------------------------------------------
Epoch:[2/100], CauAdvLoss:[1.3967/0.3211] valid:[38.55], test:[49.85]
--------------------------------------------------------------------------------------------------------------------------------------------------------------------------------------------------------
Train Iter:[0  /52] CauLoss:[1.2880], AdvLoss:[0.2443]
Train Iter:[13 /52] CauLoss:[1.3985], AdvLoss:[0.2721]
Train Iter:[26 /52] CauLoss:[1.4090], AdvLoss:[0.2895]
Train Iter:[39 /52] CauLoss:[1.3816], AdvLoss:[0.2949]
--------------------------------------------------------------------------------------------------------------------------------------------------------------------------------------------------------
Epoch:[3/100], CauAdvLoss:[1.3558/0.3031] valid:[77.29], test:[70.86]
--------------------------------------------------------------------------------------------------------------------------------------------------------------------------------------------------------
Train Iter:[0  /52] CauLoss:[1.7593], AdvLoss:[0.6015]
Train Iter:[13 /52] CauLoss:[1.3522], AdvLoss:[0.3421]
Train Iter:[26 /52] CauLoss:[1.3073], AdvLoss:[0.3175]
Train Iter:[39 /52] CauLoss:[1.3182], AdvLoss:[0.3517]
--------------------------------------------------------------------------------------------------------------------------------------------------------------------------------------------------------
Epoch:[4/100], CauAdvLoss:[1.2870/0.3186] valid:[53.87], test:[58.41]
--------------------------------------------------------------------------------------------------------------------------------------------------------------------------------------------------------
Train Iter:[0  /52] CauLoss:[1.1743], AdvLoss:[0.3376]
Train Iter:[13 /52] CauLoss:[1.3176], AdvLoss:[0.4067]
Train Iter:[26 /52] CauLoss:[1.3016], AdvLoss:[0.3796]
Train Iter:[39 /52] CauLoss:[1.2746], AdvLoss:[0.3714]
--------------------------------------------------------------------------------------------------------------------------------------------------------------------------------------------------------
Epoch:[5/100], CauAdvLoss:[1.2799/0.3639] valid:[67.82], test:[70.62]
--------------------------------------------------------------------------------------------------------------------------------------------------------------------------------------------------------
Train Iter:[0  /52] CauLoss:[1.3438], AdvLoss:[0.4520]
Train Iter:[13 /52] CauLoss:[1.4155], AdvLoss:[0.4348]
Train Iter:[26 /52] CauLoss:[1.3523], AdvLoss:[0.3836]
Train Iter:[39 /52] CauLoss:[1.3039], AdvLoss:[0.3886]
--------------------------------------------------------------------------------------------------------------------------------------------------------------------------------------------------------
Epoch:[6/100], CauAdvLoss:[1.2979/0.4586] valid:[68.50], test:[65.60]
--------------------------------------------------------------------------------------------------------------------------------------------------------------------------------------------------------
Train Iter:[0  /52] CauLoss:[0.9013], AdvLoss:[0.5669]
Train Iter:[13 /52] CauLoss:[1.1700], AdvLoss:[0.3860]
Train Iter:[26 /52] CauLoss:[1.2259], AdvLoss:[0.4220]
Train Iter:[39 /52] CauLoss:[1.2155], AdvLoss:[0.4184]
--------------------------------------------------------------------------------------------------------------------------------------------------------------------------------------------------------
Epoch:[7/100], CauAdvLoss:[1.2962/0.3994] valid:[70.45], test:[72.43]
--------------------------------------------------------------------------------------------------------------------------------------------------------------------------------------------------------
Train Iter:[0  /52] CauLoss:[1.5091], AdvLoss:[0.3333]
Train Iter:[13 /52] CauLoss:[1.2817], AdvLoss:[0.3200]
Train Iter:[26 /52] CauLoss:[1.2383], AdvLoss:[0.3412]
Train Iter:[39 /52] CauLoss:[1.2666], AdvLoss:[0.3635]
--------------------------------------------------------------------------------------------------------------------------------------------------------------------------------------------------------
Epoch:[8/100], CauAdvLoss:[1.3068/0.3497] valid:[69.87], test:[65.28]
--------------------------------------------------------------------------------------------------------------------------------------------------------------------------------------------------------
Train Iter:[0  /52] CauLoss:[1.2289], AdvLoss:[0.1343]
Train Iter:[13 /52] CauLoss:[1.2319], AdvLoss:[0.2765]
Train Iter:[26 /52] CauLoss:[1.2332], AdvLoss:[0.3020]
Train Iter:[39 /52] CauLoss:[1.2377], AdvLoss:[0.3516]
--------------------------------------------------------------------------------------------------------------------------------------------------------------------------------------------------------
Epoch:[9/100], CauAdvLoss:[1.2470/0.3732] valid:[68.71], test:[61.71]
--------------------------------------------------------------------------------------------------------------------------------------------------------------------------------------------------------
Train Iter:[0  /52] CauLoss:[1.0297], AdvLoss:[0.1485]
Train Iter:[13 /52] CauLoss:[1.2168], AdvLoss:[0.3477]
Train Iter:[26 /52] CauLoss:[1.2070], AdvLoss:[0.3440]
Train Iter:[39 /52] CauLoss:[1.2025], AdvLoss:[0.3239]
--------------------------------------------------------------------------------------------------------------------------------------------------------------------------------------------------------
Epoch:[10/100], CauAdvLoss:[1.1934/0.3335] valid:[76.60], test:[73.08]
--------------------------------------------------------------------------------------------------------------------------------------------------------------------------------------------------------
Train Iter:[0  /52] CauLoss:[1.4241], AdvLoss:[0.5082]
Train Iter:[13 /52] CauLoss:[1.1833], AdvLoss:[0.3486]
Train Iter:[26 /52] CauLoss:[1.2281], AdvLoss:[0.3569]
Train Iter:[39 /52] CauLoss:[1.2097], AdvLoss:[0.3510]
--------------------------------------------------------------------------------------------------------------------------------------------------------------------------------------------------------
Epoch:[11/100], CauAdvLoss:[1.2000/0.3457] valid:[73.67], test:[70.43]
--------------------------------------------------------------------------------------------------------------------------------------------------------------------------------------------------------
Train Iter:[0  /52] CauLoss:[0.9347], AdvLoss:[0.2546]
Train Iter:[13 /52] CauLoss:[1.1202], AdvLoss:[0.3382]
Train Iter:[26 /52] CauLoss:[1.1562], AdvLoss:[0.3188]
Train Iter:[39 /52] CauLoss:[1.1533], AdvLoss:[0.3124]
--------------------------------------------------------------------------------------------------------------------------------------------------------------------------------------------------------
Epoch:[12/100], CauAdvLoss:[1.1633/0.3224] valid:[74.60], test:[71.10]
--------------------------------------------------------------------------------------------------------------------------------------------------------------------------------------------------------
Train Iter:[0  /52] CauLoss:[0.9779], AdvLoss:[0.2322]
Train Iter:[13 /52] CauLoss:[1.1941], AdvLoss:[0.4397]
Train Iter:[26 /52] CauLoss:[1.1859], AdvLoss:[0.3999]
Train Iter:[39 /52] CauLoss:[1.1819], AdvLoss:[0.3668]
--------------------------------------------------------------------------------------------------------------------------------------------------------------------------------------------------------
Epoch:[13/100], CauAdvLoss:[1.1675/0.3480] valid:[65.87], test:[68.43]
--------------------------------------------------------------------------------------------------------------------------------------------------------------------------------------------------------
Train Iter:[0  /52] CauLoss:[1.1202], AdvLoss:[0.1815]
Train Iter:[13 /52] CauLoss:[1.1643], AdvLoss:[0.3298]
Train Iter:[26 /52] CauLoss:[1.1577], AdvLoss:[0.3862]
Train Iter:[39 /52] CauLoss:[1.1844], AdvLoss:[0.3864]
--------------------------------------------------------------------------------------------------------------------------------------------------------------------------------------------------------
Epoch:[14/100], CauAdvLoss:[1.1498/0.3564] valid:[71.44], test:[68.23]
--------------------------------------------------------------------------------------------------------------------------------------------------------------------------------------------------------
Train Iter:[0  /52] CauLoss:[1.3673], AdvLoss:[0.6585]
Train Iter:[13 /52] CauLoss:[1.1408], AdvLoss:[0.3839]
Train Iter:[26 /52] CauLoss:[1.1388], AdvLoss:[0.3797]
Train Iter:[39 /52] CauLoss:[1.1534], AdvLoss:[0.3616]
--------------------------------------------------------------------------------------------------------------------------------------------------------------------------------------------------------
Epoch:[15/100], CauAdvLoss:[1.1431/0.3353] valid:[77.31], test:[75.53]
--------------------------------------------------------------------------------------------------------------------------------------------------------------------------------------------------------
Train Iter:[0  /52] CauLoss:[1.2986], AdvLoss:[0.3867]
Train Iter:[13 /52] CauLoss:[1.0544], AdvLoss:[0.2781]
Train Iter:[26 /52] CauLoss:[1.0899], AdvLoss:[0.2803]
Train Iter:[39 /52] CauLoss:[1.1218], AdvLoss:[0.3003]
--------------------------------------------------------------------------------------------------------------------------------------------------------------------------------------------------------
Epoch:[16/100], CauAdvLoss:[1.1302/0.3011] valid:[71.86], test:[74.66]
--------------------------------------------------------------------------------------------------------------------------------------------------------------------------------------------------------
Train Iter:[0  /52] CauLoss:[1.1021], AdvLoss:[0.3175]
Train Iter:[13 /52] CauLoss:[1.1964], AdvLoss:[0.3046]
Train Iter:[26 /52] CauLoss:[1.1445], AdvLoss:[0.2725]
Train Iter:[39 /52] CauLoss:[1.1489], AdvLoss:[0.2917]
--------------------------------------------------------------------------------------------------------------------------------------------------------------------------------------------------------
Epoch:[17/100], CauAdvLoss:[1.1241/0.2750] valid:[73.30], test:[71.71]
--------------------------------------------------------------------------------------------------------------------------------------------------------------------------------------------------------
Train Iter:[0  /52] CauLoss:[1.1323], AdvLoss:[0.3546]
Train Iter:[13 /52] CauLoss:[1.1504], AdvLoss:[0.2980]
Train Iter:[26 /52] CauLoss:[1.1434], AdvLoss:[0.3193]
Train Iter:[39 /52] CauLoss:[1.1391], AdvLoss:[0.3308]
--------------------------------------------------------------------------------------------------------------------------------------------------------------------------------------------------------
Epoch:[18/100], CauAdvLoss:[1.1202/0.3157] valid:[69.55], test:[71.23]
--------------------------------------------------------------------------------------------------------------------------------------------------------------------------------------------------------
Train Iter:[0  /52] CauLoss:[0.7971], AdvLoss:[0.1430]
Train Iter:[13 /52] CauLoss:[1.0088], AdvLoss:[0.2064]
Train Iter:[26 /52] CauLoss:[1.1720], AdvLoss:[0.3146]
Train Iter:[39 /52] CauLoss:[1.1444], AdvLoss:[0.2959]
--------------------------------------------------------------------------------------------------------------------------------------------------------------------------------------------------------
Epoch:[19/100], CauAdvLoss:[1.1101/0.2870] valid:[71.04], test:[71.34]
--------------------------------------------------------------------------------------------------------------------------------------------------------------------------------------------------------
Train Iter:[0  /52] CauLoss:[0.9297], AdvLoss:[0.2069]
Train Iter:[13 /52] CauLoss:[1.0331], AdvLoss:[0.2495]
Train Iter:[26 /52] CauLoss:[1.0657], AdvLoss:[0.3004]
Train Iter:[39 /52] CauLoss:[1.0963], AdvLoss:[0.3083]
--------------------------------------------------------------------------------------------------------------------------------------------------------------------------------------------------------
Epoch:[20/100], CauAdvLoss:[1.1472/0.3071] valid:[73.15], test:[72.38]
--------------------------------------------------------------------------------------------------------------------------------------------------------------------------------------------------------
Train Iter:[0  /52] CauLoss:[0.9003], AdvLoss:[0.1668]
Train Iter:[13 /52] CauLoss:[1.1106], AdvLoss:[0.2385]
Train Iter:[26 /52] CauLoss:[1.1135], AdvLoss:[0.2596]
Train Iter:[39 /52] CauLoss:[1.1185], AdvLoss:[0.2639]
--------------------------------------------------------------------------------------------------------------------------------------------------------------------------------------------------------
Epoch:[21/100], CauAdvLoss:[1.1261/0.2728] valid:[68.41], test:[71.49]
--------------------------------------------------------------------------------------------------------------------------------------------------------------------------------------------------------
Train Iter:[0  /52] CauLoss:[1.1867], AdvLoss:[0.4273]
Train Iter:[13 /52] CauLoss:[1.0807], AdvLoss:[0.3051]
Train Iter:[26 /52] CauLoss:[1.1036], AdvLoss:[0.2998]
Train Iter:[39 /52] CauLoss:[1.1052], AdvLoss:[0.2928]
--------------------------------------------------------------------------------------------------------------------------------------------------------------------------------------------------------
Epoch:[22/100], CauAdvLoss:[1.1593/0.3406] valid:[73.88], test:[74.01]
--------------------------------------------------------------------------------------------------------------------------------------------------------------------------------------------------------
Train Iter:[0  /52] CauLoss:[0.9197], AdvLoss:[0.2163]
Train Iter:[13 /52] CauLoss:[1.0979], AdvLoss:[0.3622]
Train Iter:[26 /52] CauLoss:[1.1069], AdvLoss:[0.3282]
Train Iter:[39 /52] CauLoss:[1.0940], AdvLoss:[0.3009]
--------------------------------------------------------------------------------------------------------------------------------------------------------------------------------------------------------
Epoch:[23/100], CauAdvLoss:[1.1052/0.3292] valid:[78.60], test:[76.55]
--------------------------------------------------------------------------------------------------------------------------------------------------------------------------------------------------------
Train Iter:[0  /52] CauLoss:[1.0119], AdvLoss:[0.3053]
Train Iter:[13 /52] CauLoss:[1.1466], AdvLoss:[0.3187]
Train Iter:[26 /52] CauLoss:[1.0975], AdvLoss:[0.2887]
Train Iter:[39 /52] CauLoss:[1.0656], AdvLoss:[0.2727]
--------------------------------------------------------------------------------------------------------------------------------------------------------------------------------------------------------
Epoch:[24/100], CauAdvLoss:[1.0628/0.2869] valid:[79.97], test:[76.55]
--------------------------------------------------------------------------------------------------------------------------------------------------------------------------------------------------------
Train Iter:[0  /52] CauLoss:[1.2040], AdvLoss:[0.3483]
Train Iter:[13 /52] CauLoss:[1.0821], AdvLoss:[0.3199]
Train Iter:[26 /52] CauLoss:[1.1116], AdvLoss:[0.3038]
Train Iter:[39 /52] CauLoss:[1.1060], AdvLoss:[0.3002]
--------------------------------------------------------------------------------------------------------------------------------------------------------------------------------------------------------
Epoch:[25/100], CauAdvLoss:[1.0944/0.2772] valid:[74.52], test:[71.75]
--------------------------------------------------------------------------------------------------------------------------------------------------------------------------------------------------------
Train Iter:[0  /52] CauLoss:[1.2629], AdvLoss:[0.3867]
Train Iter:[13 /52] CauLoss:[1.0579], AdvLoss:[0.2879]
Train Iter:[26 /52] CauLoss:[1.0847], AdvLoss:[0.2875]
Train Iter:[39 /52] CauLoss:[1.0709], AdvLoss:[0.2650]
--------------------------------------------------------------------------------------------------------------------------------------------------------------------------------------------------------
Epoch:[26/100], CauAdvLoss:[1.0698/0.2611] valid:[72.31], test:[72.97]
--------------------------------------------------------------------------------------------------------------------------------------------------------------------------------------------------------
Train Iter:[0  /52] CauLoss:[1.2028], AdvLoss:[0.3767]
Train Iter:[13 /52] CauLoss:[1.0835], AdvLoss:[0.2623]
Train Iter:[26 /52] CauLoss:[1.0792], AdvLoss:[0.2743]
Train Iter:[39 /52] CauLoss:[1.0613], AdvLoss:[0.2716]
--------------------------------------------------------------------------------------------------------------------------------------------------------------------------------------------------------
Epoch:[27/100], CauAdvLoss:[1.1193/0.3041] valid:[79.48], test:[76.86]
--------------------------------------------------------------------------------------------------------------------------------------------------------------------------------------------------------
Train Iter:[0  /52] CauLoss:[1.0073], AdvLoss:[0.2931]
Train Iter:[13 /52] CauLoss:[1.0878], AdvLoss:[0.2316]
Train Iter:[26 /52] CauLoss:[1.0639], AdvLoss:[0.2387]
Train Iter:[39 /52] CauLoss:[1.0777], AdvLoss:[0.2713]
--------------------------------------------------------------------------------------------------------------------------------------------------------------------------------------------------------
Epoch:[28/100], CauAdvLoss:[1.0801/0.2796] valid:[76.09], test:[73.34]
--------------------------------------------------------------------------------------------------------------------------------------------------------------------------------------------------------
Train Iter:[0  /52] CauLoss:[1.3212], AdvLoss:[0.3371]
Train Iter:[13 /52] CauLoss:[1.1154], AdvLoss:[0.2491]
Train Iter:[26 /52] CauLoss:[1.1006], AdvLoss:[0.2449]
Train Iter:[39 /52] CauLoss:[1.0999], AdvLoss:[0.2584]
--------------------------------------------------------------------------------------------------------------------------------------------------------------------------------------------------------
Epoch:[29/100], CauAdvLoss:[1.0882/0.2497] valid:[70.10], test:[71.66]
--------------------------------------------------------------------------------------------------------------------------------------------------------------------------------------------------------
Train Iter:[0  /52] CauLoss:[0.9967], AdvLoss:[0.1976]
Train Iter:[13 /52] CauLoss:[1.0404], AdvLoss:[0.2465]
Train Iter:[26 /52] CauLoss:[1.0214], AdvLoss:[0.2496]
Train Iter:[39 /52] CauLoss:[1.0540], AdvLoss:[0.2718]
--------------------------------------------------------------------------------------------------------------------------------------------------------------------------------------------------------
Epoch:[30/100], CauAdvLoss:[1.1249/0.2592] valid:[68.52], test:[71.23]
--------------------------------------------------------------------------------------------------------------------------------------------------------------------------------------------------------
Train Iter:[0  /52] CauLoss:[1.3679], AdvLoss:[0.5241]
Train Iter:[13 /52] CauLoss:[1.0612], AdvLoss:[0.2564]
Train Iter:[26 /52] CauLoss:[1.0644], AdvLoss:[0.2542]
Train Iter:[39 /52] CauLoss:[1.0438], AdvLoss:[0.2367]
--------------------------------------------------------------------------------------------------------------------------------------------------------------------------------------------------------
Epoch:[31/100], CauAdvLoss:[1.0996/0.2402] valid:[71.55], test:[75.95]
--------------------------------------------------------------------------------------------------------------------------------------------------------------------------------------------------------
Train Iter:[0  /52] CauLoss:[1.3931], AdvLoss:[0.3009]
Train Iter:[13 /52] CauLoss:[1.1339], AdvLoss:[0.2586]
Train Iter:[26 /52] CauLoss:[1.0902], AdvLoss:[0.2315]
Train Iter:[39 /52] CauLoss:[1.0896], AdvLoss:[0.2581]
--------------------------------------------------------------------------------------------------------------------------------------------------------------------------------------------------------
Epoch:[32/100], CauAdvLoss:[1.1516/0.3323] valid:[75.23], test:[77.40]
--------------------------------------------------------------------------------------------------------------------------------------------------------------------------------------------------------
Train Iter:[0  /52] CauLoss:[1.1850], AdvLoss:[0.4106]
Train Iter:[13 /52] CauLoss:[1.1190], AdvLoss:[0.2443]
Train Iter:[26 /52] CauLoss:[1.1100], AdvLoss:[0.2576]
Train Iter:[39 /52] CauLoss:[1.1118], AdvLoss:[0.2679]
--------------------------------------------------------------------------------------------------------------------------------------------------------------------------------------------------------
Epoch:[33/100], CauAdvLoss:[1.0890/0.2479] valid:[72.64], test:[72.64]
--------------------------------------------------------------------------------------------------------------------------------------------------------------------------------------------------------
Train Iter:[0  /52] CauLoss:[0.8627], AdvLoss:[0.1926]
Train Iter:[13 /52] CauLoss:[0.9670], AdvLoss:[0.2183]
Train Iter:[26 /52] CauLoss:[0.9861], AdvLoss:[0.2381]
Train Iter:[39 /52] CauLoss:[1.0231], AdvLoss:[0.2530]
--------------------------------------------------------------------------------------------------------------------------------------------------------------------------------------------------------
Epoch:[34/100], CauAdvLoss:[1.0152/0.2409] valid:[70.66], test:[75.10]
--------------------------------------------------------------------------------------------------------------------------------------------------------------------------------------------------------
Train Iter:[0  /52] CauLoss:[0.9655], AdvLoss:[0.1580]
Train Iter:[13 /52] CauLoss:[0.9277], AdvLoss:[0.1971]
Train Iter:[26 /52] CauLoss:[0.9773], AdvLoss:[0.2281]
Train Iter:[39 /52] CauLoss:[1.0313], AdvLoss:[0.2466]
--------------------------------------------------------------------------------------------------------------------------------------------------------------------------------------------------------
Epoch:[35/100], CauAdvLoss:[1.0335/0.2401] valid:[76.94], test:[76.60]
--------------------------------------------------------------------------------------------------------------------------------------------------------------------------------------------------------
Train Iter:[0  /52] CauLoss:[0.8077], AdvLoss:[0.0419]
Train Iter:[13 /52] CauLoss:[1.0375], AdvLoss:[0.2523]
Train Iter:[26 /52] CauLoss:[1.0353], AdvLoss:[0.2461]
Train Iter:[39 /52] CauLoss:[1.0160], AdvLoss:[0.2362]
--------------------------------------------------------------------------------------------------------------------------------------------------------------------------------------------------------
Epoch:[36/100], CauAdvLoss:[1.1035/0.2585] valid:[79.69], test:[77.84]
--------------------------------------------------------------------------------------------------------------------------------------------------------------------------------------------------------
Train Iter:[0  /52] CauLoss:[1.2032], AdvLoss:[0.2990]
Train Iter:[13 /52] CauLoss:[1.0298], AdvLoss:[0.2316]
Train Iter:[26 /52] CauLoss:[1.0102], AdvLoss:[0.2193]
Train Iter:[39 /52] CauLoss:[1.0204], AdvLoss:[0.2378]
--------------------------------------------------------------------------------------------------------------------------------------------------------------------------------------------------------
Epoch:[37/100], CauAdvLoss:[1.0196/0.2563] valid:[75.23], test:[75.23]
--------------------------------------------------------------------------------------------------------------------------------------------------------------------------------------------------------
Train Iter:[0  /52] CauLoss:[0.9463], AdvLoss:[0.1969]
Train Iter:[13 /52] CauLoss:[1.0324], AdvLoss:[0.2286]
Train Iter:[26 /52] CauLoss:[1.0051], AdvLoss:[0.2127]
Train Iter:[39 /52] CauLoss:[1.0261], AdvLoss:[0.2327]
--------------------------------------------------------------------------------------------------------------------------------------------------------------------------------------------------------
Epoch:[38/100], CauAdvLoss:[1.0259/0.2379] valid:[75.17], test:[76.16]
--------------------------------------------------------------------------------------------------------------------------------------------------------------------------------------------------------
Train Iter:[0  /52] CauLoss:[1.0052], AdvLoss:[0.1288]
Train Iter:[13 /52] CauLoss:[1.0055], AdvLoss:[0.1948]
Train Iter:[26 /52] CauLoss:[1.0061], AdvLoss:[0.2154]
Train Iter:[39 /52] CauLoss:[1.0146], AdvLoss:[0.2262]
--------------------------------------------------------------------------------------------------------------------------------------------------------------------------------------------------------
Epoch:[39/100], CauAdvLoss:[1.0219/0.2277] valid:[81.38], test:[78.86]
--------------------------------------------------------------------------------------------------------------------------------------------------------------------------------------------------------
Train Iter:[0  /52] CauLoss:[1.0411], AdvLoss:[0.2524]
Train Iter:[13 /52] CauLoss:[1.0781], AdvLoss:[0.3071]
Train Iter:[26 /52] CauLoss:[1.0396], AdvLoss:[0.2673]
Train Iter:[39 /52] CauLoss:[1.0290], AdvLoss:[0.2493]
--------------------------------------------------------------------------------------------------------------------------------------------------------------------------------------------------------
Epoch:[40/100], CauAdvLoss:[1.0189/0.2314] valid:[76.96], test:[78.60]
--------------------------------------------------------------------------------------------------------------------------------------------------------------------------------------------------------
Train Iter:[0  /52] CauLoss:[0.7518], AdvLoss:[0.0493]
Train Iter:[13 /52] CauLoss:[0.9387], AdvLoss:[0.2853]
Train Iter:[26 /52] CauLoss:[0.9749], AdvLoss:[0.2617]
Train Iter:[39 /52] CauLoss:[1.0284], AdvLoss:[0.2796]
--------------------------------------------------------------------------------------------------------------------------------------------------------------------------------------------------------
Epoch:[41/100], CauAdvLoss:[1.0189/0.2673] valid:[79.25], test:[75.73]
--------------------------------------------------------------------------------------------------------------------------------------------------------------------------------------------------------
Train Iter:[0  /52] CauLoss:[0.9246], AdvLoss:[0.1461]
Train Iter:[13 /52] CauLoss:[0.9711], AdvLoss:[0.1995]
Train Iter:[26 /52] CauLoss:[0.9988], AdvLoss:[0.2233]
Train Iter:[39 /52] CauLoss:[0.9921], AdvLoss:[0.2205]
--------------------------------------------------------------------------------------------------------------------------------------------------------------------------------------------------------
Epoch:[42/100], CauAdvLoss:[0.9824/0.2192] valid:[78.81], test:[76.86]
--------------------------------------------------------------------------------------------------------------------------------------------------------------------------------------------------------
Train Iter:[0  /52] CauLoss:[0.9930], AdvLoss:[0.1583]
Train Iter:[13 /52] CauLoss:[0.9691], AdvLoss:[0.1984]
Train Iter:[26 /52] CauLoss:[0.9623], AdvLoss:[0.1836]
Train Iter:[39 /52] CauLoss:[1.0156], AdvLoss:[0.2088]
--------------------------------------------------------------------------------------------------------------------------------------------------------------------------------------------------------
Epoch:[43/100], CauAdvLoss:[0.9997/0.2011] valid:[76.52], test:[72.84]
--------------------------------------------------------------------------------------------------------------------------------------------------------------------------------------------------------
Train Iter:[0  /52] CauLoss:[1.2503], AdvLoss:[0.4035]
Train Iter:[13 /52] CauLoss:[1.0563], AdvLoss:[0.2273]
Train Iter:[26 /52] CauLoss:[0.9959], AdvLoss:[0.2058]
Train Iter:[39 /52] CauLoss:[0.9840], AdvLoss:[0.2026]
--------------------------------------------------------------------------------------------------------------------------------------------------------------------------------------------------------
Epoch:[44/100], CauAdvLoss:[1.0454/0.2077] valid:[77.90], test:[76.29]
--------------------------------------------------------------------------------------------------------------------------------------------------------------------------------------------------------
Train Iter:[0  /52] CauLoss:[0.8326], AdvLoss:[0.1197]
Train Iter:[13 /52] CauLoss:[1.0177], AdvLoss:[0.2152]
Train Iter:[26 /52] CauLoss:[1.0023], AdvLoss:[0.2096]
Train Iter:[39 /52] CauLoss:[0.9899], AdvLoss:[0.2150]
--------------------------------------------------------------------------------------------------------------------------------------------------------------------------------------------------------
Epoch:[45/100], CauAdvLoss:[0.9977/0.2160] valid:[77.67], test:[73.47]
--------------------------------------------------------------------------------------------------------------------------------------------------------------------------------------------------------
Train Iter:[0  /52] CauLoss:[0.8394], AdvLoss:[0.1877]
Train Iter:[13 /52] CauLoss:[0.9993], AdvLoss:[0.1911]
Train Iter:[26 /52] CauLoss:[1.0073], AdvLoss:[0.2168]
Train Iter:[39 /52] CauLoss:[1.0083], AdvLoss:[0.2223]
--------------------------------------------------------------------------------------------------------------------------------------------------------------------------------------------------------
Epoch:[46/100], CauAdvLoss:[0.9927/0.2066] valid:[75.23], test:[73.01]
--------------------------------------------------------------------------------------------------------------------------------------------------------------------------------------------------------
Train Iter:[0  /52] CauLoss:[0.8611], AdvLoss:[0.1648]
Train Iter:[13 /52] CauLoss:[0.9726], AdvLoss:[0.1868]
Train Iter:[26 /52] CauLoss:[0.9963], AdvLoss:[0.2083]
Train Iter:[39 /52] CauLoss:[0.9889], AdvLoss:[0.1984]
--------------------------------------------------------------------------------------------------------------------------------------------------------------------------------------------------------
Epoch:[47/100], CauAdvLoss:[0.9966/0.1976] valid:[79.46], test:[75.68]
--------------------------------------------------------------------------------------------------------------------------------------------------------------------------------------------------------
Train Iter:[0  /52] CauLoss:[1.2416], AdvLoss:[0.3226]
Train Iter:[13 /52] CauLoss:[0.9638], AdvLoss:[0.1966]
Train Iter:[26 /52] CauLoss:[0.9840], AdvLoss:[0.1936]
Train Iter:[39 /52] CauLoss:[0.9903], AdvLoss:[0.1971]
--------------------------------------------------------------------------------------------------------------------------------------------------------------------------------------------------------
Epoch:[48/100], CauAdvLoss:[1.0513/0.1942] valid:[82.66], test:[76.55]
--------------------------------------------------------------------------------------------------------------------------------------------------------------------------------------------------------
Train Iter:[0  /52] CauLoss:[1.1631], AdvLoss:[0.3788]
Train Iter:[13 /52] CauLoss:[0.9819], AdvLoss:[0.2330]
Train Iter:[26 /52] CauLoss:[0.9936], AdvLoss:[0.2237]
Train Iter:[39 /52] CauLoss:[0.9619], AdvLoss:[0.2176]
--------------------------------------------------------------------------------------------------------------------------------------------------------------------------------------------------------
Epoch:[49/100], CauAdvLoss:[0.9758/0.2186] valid:[78.66], test:[78.60]
--------------------------------------------------------------------------------------------------------------------------------------------------------------------------------------------------------
Train Iter:[0  /52] CauLoss:[1.0236], AdvLoss:[0.2412]
Train Iter:[13 /52] CauLoss:[0.9871], AdvLoss:[0.2388]
Train Iter:[26 /52] CauLoss:[0.9542], AdvLoss:[0.2136]
Train Iter:[39 /52] CauLoss:[0.9764], AdvLoss:[0.2350]
--------------------------------------------------------------------------------------------------------------------------------------------------------------------------------------------------------
Epoch:[50/100], CauAdvLoss:[0.9704/0.2240] valid:[79.88], test:[78.79]
--------------------------------------------------------------------------------------------------------------------------------------------------------------------------------------------------------
Train Iter:[0  /52] CauLoss:[0.8643], AdvLoss:[0.1353]
Train Iter:[13 /52] CauLoss:[0.9384], AdvLoss:[0.1876]
Train Iter:[26 /52] CauLoss:[0.9295], AdvLoss:[0.1766]
Train Iter:[39 /52] CauLoss:[0.9430], AdvLoss:[0.1953]
--------------------------------------------------------------------------------------------------------------------------------------------------------------------------------------------------------
Epoch:[51/100], CauAdvLoss:[0.9568/0.2008] valid:[77.76], test:[73.21]
--------------------------------------------------------------------------------------------------------------------------------------------------------------------------------------------------------
Train Iter:[0  /52] CauLoss:[1.0029], AdvLoss:[0.2392]
Train Iter:[13 /52] CauLoss:[0.9687], AdvLoss:[0.2091]
Train Iter:[26 /52] CauLoss:[0.9875], AdvLoss:[0.2416]
Train Iter:[39 /52] CauLoss:[0.9804], AdvLoss:[0.2262]
--------------------------------------------------------------------------------------------------------------------------------------------------------------------------------------------------------
Epoch:[52/100], CauAdvLoss:[0.9644/0.2070] valid:[77.13], test:[74.45]
--------------------------------------------------------------------------------------------------------------------------------------------------------------------------------------------------------
Train Iter:[0  /52] CauLoss:[0.9999], AdvLoss:[0.2063]
Train Iter:[13 /52] CauLoss:[0.9233], AdvLoss:[0.1943]
Train Iter:[26 /52] CauLoss:[0.9453], AdvLoss:[0.1963]
Train Iter:[39 /52] CauLoss:[0.9314], AdvLoss:[0.1837]
--------------------------------------------------------------------------------------------------------------------------------------------------------------------------------------------------------
Epoch:[53/100], CauAdvLoss:[0.9328/0.1841] valid:[78.70], test:[76.47]
--------------------------------------------------------------------------------------------------------------------------------------------------------------------------------------------------------
Train Iter:[0  /52] CauLoss:[1.5141], AdvLoss:[0.4236]
Train Iter:[13 /52] CauLoss:[1.0325], AdvLoss:[0.2436]
Train Iter:[26 /52] CauLoss:[1.0021], AdvLoss:[0.2220]
Train Iter:[39 /52] CauLoss:[0.9932], AdvLoss:[0.2077]
--------------------------------------------------------------------------------------------------------------------------------------------------------------------------------------------------------
Epoch:[54/100], CauAdvLoss:[1.0585/0.1940] valid:[75.08], test:[76.55]
--------------------------------------------------------------------------------------------------------------------------------------------------------------------------------------------------------
Train Iter:[0  /52] CauLoss:[1.2291], AdvLoss:[0.2318]
Train Iter:[13 /52] CauLoss:[0.9833], AdvLoss:[0.1951]
Train Iter:[26 /52] CauLoss:[0.9724], AdvLoss:[0.2119]
Train Iter:[39 /52] CauLoss:[0.9344], AdvLoss:[0.1867]
--------------------------------------------------------------------------------------------------------------------------------------------------------------------------------------------------------
Epoch:[55/100], CauAdvLoss:[1.0092/0.1863] valid:[81.48], test:[76.55]
--------------------------------------------------------------------------------------------------------------------------------------------------------------------------------------------------------
Train Iter:[0  /52] CauLoss:[1.1613], AdvLoss:[0.3154]
Train Iter:[13 /52] CauLoss:[0.9504], AdvLoss:[0.1982]
Train Iter:[26 /52] CauLoss:[0.9616], AdvLoss:[0.2016]
Train Iter:[39 /52] CauLoss:[0.9628], AdvLoss:[0.2075]
--------------------------------------------------------------------------------------------------------------------------------------------------------------------------------------------------------
Epoch:[56/100], CauAdvLoss:[0.9494/0.1890] valid:[78.83], test:[75.95]
--------------------------------------------------------------------------------------------------------------------------------------------------------------------------------------------------------
Train Iter:[0  /52] CauLoss:[1.0746], AdvLoss:[0.2709]
Train Iter:[13 /52] CauLoss:[0.8885], AdvLoss:[0.1344]
Train Iter:[26 /52] CauLoss:[0.8984], AdvLoss:[0.1631]
Train Iter:[39 /52] CauLoss:[0.9057], AdvLoss:[0.1642]
--------------------------------------------------------------------------------------------------------------------------------------------------------------------------------------------------------
Epoch:[57/100], CauAdvLoss:[0.9164/0.1775] valid:[79.36], test:[78.70]
--------------------------------------------------------------------------------------------------------------------------------------------------------------------------------------------------------
Train Iter:[0  /52] CauLoss:[0.8146], AdvLoss:[0.1439]
Train Iter:[13 /52] CauLoss:[0.8984], AdvLoss:[0.1642]
Train Iter:[26 /52] CauLoss:[0.9459], AdvLoss:[0.1865]
Train Iter:[39 /52] CauLoss:[0.9647], AdvLoss:[0.1834]
--------------------------------------------------------------------------------------------------------------------------------------------------------------------------------------------------------
Epoch:[58/100], CauAdvLoss:[1.0026/0.1762] valid:[81.33], test:[77.62]
--------------------------------------------------------------------------------------------------------------------------------------------------------------------------------------------------------
Train Iter:[0  /52] CauLoss:[0.9793], AdvLoss:[0.2972]
Train Iter:[13 /52] CauLoss:[0.9386], AdvLoss:[0.1828]
Train Iter:[26 /52] CauLoss:[0.9385], AdvLoss:[0.1949]
Train Iter:[39 /52] CauLoss:[0.9294], AdvLoss:[0.1884]
--------------------------------------------------------------------------------------------------------------------------------------------------------------------------------------------------------
Epoch:[59/100], CauAdvLoss:[0.9411/0.2319] valid:[81.04], test:[75.36]
--------------------------------------------------------------------------------------------------------------------------------------------------------------------------------------------------------
Train Iter:[0  /52] CauLoss:[0.7786], AdvLoss:[0.1695]
Train Iter:[13 /52] CauLoss:[1.0115], AdvLoss:[0.2799]
Train Iter:[26 /52] CauLoss:[0.9916], AdvLoss:[0.2388]
Train Iter:[39 /52] CauLoss:[0.9599], AdvLoss:[0.2165]
--------------------------------------------------------------------------------------------------------------------------------------------------------------------------------------------------------
Epoch:[60/100], CauAdvLoss:[1.0106/0.2609] valid:[79.40], test:[73.88]
--------------------------------------------------------------------------------------------------------------------------------------------------------------------------------------------------------
Train Iter:[0  /52] CauLoss:[0.8052], AdvLoss:[0.0927]
Train Iter:[13 /52] CauLoss:[0.9286], AdvLoss:[0.1626]
Train Iter:[26 /52] CauLoss:[0.9557], AdvLoss:[0.1658]
Train Iter:[39 /52] CauLoss:[0.9314], AdvLoss:[0.1639]
--------------------------------------------------------------------------------------------------------------------------------------------------------------------------------------------------------
Epoch:[61/100], CauAdvLoss:[1.0020/0.2025] valid:[78.87], test:[75.08]
--------------------------------------------------------------------------------------------------------------------------------------------------------------------------------------------------------
Train Iter:[0  /52] CauLoss:[0.9335], AdvLoss:[0.1262]
Train Iter:[13 /52] CauLoss:[0.8520], AdvLoss:[0.1271]
Train Iter:[26 /52] CauLoss:[0.9620], AdvLoss:[0.1670]
Train Iter:[39 /52] CauLoss:[0.9388], AdvLoss:[0.1685]
--------------------------------------------------------------------------------------------------------------------------------------------------------------------------------------------------------
Epoch:[62/100], CauAdvLoss:[0.9402/0.1733] valid:[78.43], test:[74.21]
--------------------------------------------------------------------------------------------------------------------------------------------------------------------------------------------------------
Train Iter:[0  /52] CauLoss:[0.8405], AdvLoss:[0.1798]
Train Iter:[13 /52] CauLoss:[0.9183], AdvLoss:[0.1894]
Train Iter:[26 /52] CauLoss:[0.8984], AdvLoss:[0.1660]
Train Iter:[39 /52] CauLoss:[0.9041], AdvLoss:[0.1753]
--------------------------------------------------------------------------------------------------------------------------------------------------------------------------------------------------------
Epoch:[63/100], CauAdvLoss:[0.9855/0.1741] valid:[82.91], test:[77.75]
--------------------------------------------------------------------------------------------------------------------------------------------------------------------------------------------------------
Train Iter:[0  /52] CauLoss:[0.8037], AdvLoss:[0.1689]
Train Iter:[13 /52] CauLoss:[0.9257], AdvLoss:[0.1827]
Train Iter:[26 /52] CauLoss:[0.9291], AdvLoss:[0.1720]
Train Iter:[39 /52] CauLoss:[0.9092], AdvLoss:[0.1677]
--------------------------------------------------------------------------------------------------------------------------------------------------------------------------------------------------------
Epoch:[64/100], CauAdvLoss:[0.9148/0.1648] valid:[81.54], test:[73.86]
--------------------------------------------------------------------------------------------------------------------------------------------------------------------------------------------------------
Train Iter:[0  /52] CauLoss:[0.8308], AdvLoss:[0.1225]
Train Iter:[13 /52] CauLoss:[0.9482], AdvLoss:[0.1894]
Train Iter:[26 /52] CauLoss:[0.9085], AdvLoss:[0.1693]
Train Iter:[39 /52] CauLoss:[0.8949], AdvLoss:[0.1609]
--------------------------------------------------------------------------------------------------------------------------------------------------------------------------------------------------------
Epoch:[65/100], CauAdvLoss:[0.9839/0.1645] valid:[80.79], test:[75.01]
--------------------------------------------------------------------------------------------------------------------------------------------------------------------------------------------------------
Train Iter:[0  /52] CauLoss:[0.8273], AdvLoss:[0.1061]
Train Iter:[13 /52] CauLoss:[0.8609], AdvLoss:[0.1235]
Train Iter:[26 /52] CauLoss:[0.8911], AdvLoss:[0.1443]
Train Iter:[39 /52] CauLoss:[0.9299], AdvLoss:[0.1610]
--------------------------------------------------------------------------------------------------------------------------------------------------------------------------------------------------------
Epoch:[66/100], CauAdvLoss:[0.9295/0.1622] valid:[78.22], test:[74.23]
--------------------------------------------------------------------------------------------------------------------------------------------------------------------------------------------------------
Train Iter:[0  /52] CauLoss:[1.1792], AdvLoss:[0.3148]
Train Iter:[13 /52] CauLoss:[0.8291], AdvLoss:[0.1098]
Train Iter:[26 /52] CauLoss:[0.8738], AdvLoss:[0.1366]
Train Iter:[39 /52] CauLoss:[0.8941], AdvLoss:[0.1535]
--------------------------------------------------------------------------------------------------------------------------------------------------------------------------------------------------------
Epoch:[67/100], CauAdvLoss:[0.8989/0.1648] valid:[77.90], test:[75.45]
--------------------------------------------------------------------------------------------------------------------------------------------------------------------------------------------------------
Train Iter:[0  /52] CauLoss:[0.9846], AdvLoss:[0.1875]
Train Iter:[13 /52] CauLoss:[0.9448], AdvLoss:[0.1586]
Train Iter:[26 /52] CauLoss:[0.9223], AdvLoss:[0.1751]
Train Iter:[39 /52] CauLoss:[0.9371], AdvLoss:[0.1765]
--------------------------------------------------------------------------------------------------------------------------------------------------------------------------------------------------------
Epoch:[68/100], CauAdvLoss:[0.9228/0.1617] valid:[79.15], test:[75.99]
--------------------------------------------------------------------------------------------------------------------------------------------------------------------------------------------------------
Train Iter:[0  /52] CauLoss:[0.7299], AdvLoss:[0.1656]
Train Iter:[13 /52] CauLoss:[0.8886], AdvLoss:[0.1599]
Train Iter:[26 /52] CauLoss:[0.8970], AdvLoss:[0.1547]
Train Iter:[39 /52] CauLoss:[0.9054], AdvLoss:[0.1635]
--------------------------------------------------------------------------------------------------------------------------------------------------------------------------------------------------------
Epoch:[69/100], CauAdvLoss:[0.9010/0.1647] valid:[80.81], test:[76.12]
--------------------------------------------------------------------------------------------------------------------------------------------------------------------------------------------------------
Train Iter:[0  /52] CauLoss:[1.0994], AdvLoss:[0.1902]
Train Iter:[13 /52] CauLoss:[0.8782], AdvLoss:[0.1544]
Train Iter:[26 /52] CauLoss:[0.8519], AdvLoss:[0.1365]
Train Iter:[39 /52] CauLoss:[0.8700], AdvLoss:[0.1541]
--------------------------------------------------------------------------------------------------------------------------------------------------------------------------------------------------------
Epoch:[70/100], CauAdvLoss:[0.8590/0.1448] valid:[78.96], test:[73.71]
--------------------------------------------------------------------------------------------------------------------------------------------------------------------------------------------------------
Train Iter:[0  /52] CauLoss:[0.7062], AdvLoss:[0.1055]
Train Iter:[13 /52] CauLoss:[0.9108], AdvLoss:[0.1841]
Train Iter:[26 /52] CauLoss:[0.9228], AdvLoss:[0.1784]
Train Iter:[39 /52] CauLoss:[0.9114], AdvLoss:[0.1674]
--------------------------------------------------------------------------------------------------------------------------------------------------------------------------------------------------------
Epoch:[71/100], CauAdvLoss:[0.9491/0.1506] valid:[80.32], test:[75.92]
--------------------------------------------------------------------------------------------------------------------------------------------------------------------------------------------------------
Train Iter:[0  /52] CauLoss:[0.8404], AdvLoss:[0.1054]
Train Iter:[13 /52] CauLoss:[0.8052], AdvLoss:[0.1245]
Train Iter:[26 /52] CauLoss:[0.8840], AdvLoss:[0.1430]
Train Iter:[39 /52] CauLoss:[0.8810], AdvLoss:[0.1482]
--------------------------------------------------------------------------------------------------------------------------------------------------------------------------------------------------------
Epoch:[72/100], CauAdvLoss:[0.8734/0.1503] valid:[76.64], test:[74.95]
--------------------------------------------------------------------------------------------------------------------------------------------------------------------------------------------------------
Train Iter:[0  /52] CauLoss:[1.0055], AdvLoss:[0.2368]
Train Iter:[13 /52] CauLoss:[0.8426], AdvLoss:[0.1246]
Train Iter:[26 /52] CauLoss:[0.8667], AdvLoss:[0.1414]
Train Iter:[39 /52] CauLoss:[0.8672], AdvLoss:[0.1381]
--------------------------------------------------------------------------------------------------------------------------------------------------------------------------------------------------------
Epoch:[73/100], CauAdvLoss:[0.9391/0.1439] valid:[79.50], test:[76.23]
--------------------------------------------------------------------------------------------------------------------------------------------------------------------------------------------------------
Train Iter:[0  /52] CauLoss:[1.1269], AdvLoss:[0.3440]
Train Iter:[13 /52] CauLoss:[0.8699], AdvLoss:[0.1387]
Train Iter:[26 /52] CauLoss:[0.8787], AdvLoss:[0.1317]
Train Iter:[39 /52] CauLoss:[0.8997], AdvLoss:[0.1438]
--------------------------------------------------------------------------------------------------------------------------------------------------------------------------------------------------------
Epoch:[74/100], CauAdvLoss:[0.8855/0.1381] valid:[79.46], test:[74.75]
--------------------------------------------------------------------------------------------------------------------------------------------------------------------------------------------------------
Train Iter:[0  /52] CauLoss:[0.8583], AdvLoss:[0.1021]
Train Iter:[13 /52] CauLoss:[0.8853], AdvLoss:[0.1509]
Train Iter:[26 /52] CauLoss:[0.8623], AdvLoss:[0.1287]
Train Iter:[39 /52] CauLoss:[0.8690], AdvLoss:[0.1293]
--------------------------------------------------------------------------------------------------------------------------------------------------------------------------------------------------------
Epoch:[75/100], CauAdvLoss:[0.9421/0.1363] valid:[80.77], test:[76.31]
--------------------------------------------------------------------------------------------------------------------------------------------------------------------------------------------------------
Train Iter:[0  /52] CauLoss:[0.7505], AdvLoss:[0.1214]
Train Iter:[13 /52] CauLoss:[0.8687], AdvLoss:[0.1526]
Train Iter:[26 /52] CauLoss:[0.8761], AdvLoss:[0.1440]
Train Iter:[39 /52] CauLoss:[0.8725], AdvLoss:[0.1425]
--------------------------------------------------------------------------------------------------------------------------------------------------------------------------------------------------------
Epoch:[76/100], CauAdvLoss:[0.8757/0.1429] valid:[79.46], test:[73.49]
--------------------------------------------------------------------------------------------------------------------------------------------------------------------------------------------------------
Train Iter:[0  /52] CauLoss:[0.8609], AdvLoss:[0.2007]
Train Iter:[13 /52] CauLoss:[0.8696], AdvLoss:[0.1762]
Train Iter:[26 /52] CauLoss:[0.8454], AdvLoss:[0.1616]
Train Iter:[39 /52] CauLoss:[0.8549], AdvLoss:[0.1615]
--------------------------------------------------------------------------------------------------------------------------------------------------------------------------------------------------------
Epoch:[77/100], CauAdvLoss:[0.8533/0.1532] valid:[81.14], test:[75.51]
--------------------------------------------------------------------------------------------------------------------------------------------------------------------------------------------------------
Train Iter:[0  /52] CauLoss:[0.7431], AdvLoss:[0.1294]
Train Iter:[13 /52] CauLoss:[0.8870], AdvLoss:[0.1549]
Train Iter:[26 /52] CauLoss:[0.8963], AdvLoss:[0.1664]
Train Iter:[39 /52] CauLoss:[0.8686], AdvLoss:[0.1519]
--------------------------------------------------------------------------------------------------------------------------------------------------------------------------------------------------------
Epoch:[78/100], CauAdvLoss:[0.8584/0.1468] valid:[79.63], test:[73.73]
--------------------------------------------------------------------------------------------------------------------------------------------------------------------------------------------------------
Train Iter:[0  /52] CauLoss:[0.6451], AdvLoss:[0.0757]
Train Iter:[13 /52] CauLoss:[0.8778], AdvLoss:[0.1657]
Train Iter:[26 /52] CauLoss:[0.8769], AdvLoss:[0.1737]
Train Iter:[39 /52] CauLoss:[0.8626], AdvLoss:[0.1578]
--------------------------------------------------------------------------------------------------------------------------------------------------------------------------------------------------------
Epoch:[79/100], CauAdvLoss:[0.9280/0.1720] valid:[78.96], test:[74.38]
--------------------------------------------------------------------------------------------------------------------------------------------------------------------------------------------------------
Train Iter:[0  /52] CauLoss:[0.5688], AdvLoss:[0.0450]
Train Iter:[13 /52] CauLoss:[0.8061], AdvLoss:[0.0942]
Train Iter:[26 /52] CauLoss:[0.8571], AdvLoss:[0.1130]
Train Iter:[39 /52] CauLoss:[0.8681], AdvLoss:[0.1304]
--------------------------------------------------------------------------------------------------------------------------------------------------------------------------------------------------------
Epoch:[80/100], CauAdvLoss:[0.9534/0.1374] valid:[79.88], test:[75.42]
--------------------------------------------------------------------------------------------------------------------------------------------------------------------------------------------------------
Train Iter:[0  /52] CauLoss:[0.8387], AdvLoss:[0.0831]
Train Iter:[13 /52] CauLoss:[0.8358], AdvLoss:[0.0988]
Train Iter:[26 /52] CauLoss:[0.8732], AdvLoss:[0.1275]
Train Iter:[39 /52] CauLoss:[0.8682], AdvLoss:[0.1344]
--------------------------------------------------------------------------------------------------------------------------------------------------------------------------------------------------------
Epoch:[81/100], CauAdvLoss:[0.8749/0.1350] valid:[77.50], test:[75.12]
--------------------------------------------------------------------------------------------------------------------------------------------------------------------------------------------------------
Train Iter:[0  /52] CauLoss:[1.0883], AdvLoss:[0.1592]
Train Iter:[13 /52] CauLoss:[0.8801], AdvLoss:[0.1437]
Train Iter:[26 /52] CauLoss:[0.8640], AdvLoss:[0.1448]
Train Iter:[39 /52] CauLoss:[0.8615], AdvLoss:[0.1462]
--------------------------------------------------------------------------------------------------------------------------------------------------------------------------------------------------------
Epoch:[82/100], CauAdvLoss:[0.8424/0.1302] valid:[79.73], test:[76.08]
--------------------------------------------------------------------------------------------------------------------------------------------------------------------------------------------------------
Train Iter:[0  /52] CauLoss:[0.7199], AdvLoss:[0.0605]
Train Iter:[13 /52] CauLoss:[0.9085], AdvLoss:[0.1597]
Train Iter:[26 /52] CauLoss:[0.8959], AdvLoss:[0.1548]
Train Iter:[39 /52] CauLoss:[0.8726], AdvLoss:[0.1361]
--------------------------------------------------------------------------------------------------------------------------------------------------------------------------------------------------------
Epoch:[83/100], CauAdvLoss:[0.8619/0.1283] valid:[79.21], test:[74.64]
--------------------------------------------------------------------------------------------------------------------------------------------------------------------------------------------------------
Train Iter:[0  /52] CauLoss:[0.6346], AdvLoss:[0.0300]
Train Iter:[13 /52] CauLoss:[0.8449], AdvLoss:[0.0887]
Train Iter:[26 /52] CauLoss:[0.8424], AdvLoss:[0.1122]
Train Iter:[39 /52] CauLoss:[0.8718], AdvLoss:[0.1286]
--------------------------------------------------------------------------------------------------------------------------------------------------------------------------------------------------------
Epoch:[84/100], CauAdvLoss:[0.8758/0.1356] valid:[79.31], test:[74.90]
--------------------------------------------------------------------------------------------------------------------------------------------------------------------------------------------------------
Train Iter:[0  /52] CauLoss:[0.7671], AdvLoss:[0.0567]
Train Iter:[13 /52] CauLoss:[0.8253], AdvLoss:[0.1290]
Train Iter:[26 /52] CauLoss:[0.8345], AdvLoss:[0.1328]
Train Iter:[39 /52] CauLoss:[0.8153], AdvLoss:[0.1307]
--------------------------------------------------------------------------------------------------------------------------------------------------------------------------------------------------------
Epoch:[85/100], CauAdvLoss:[0.8370/0.1282] valid:[78.51], test:[74.12]
--------------------------------------------------------------------------------------------------------------------------------------------------------------------------------------------------------
Train Iter:[0  /52] CauLoss:[0.7649], AdvLoss:[0.0856]
Train Iter:[13 /52] CauLoss:[0.8053], AdvLoss:[0.1379]
Train Iter:[26 /52] CauLoss:[0.8212], AdvLoss:[0.1297]
Train Iter:[39 /52] CauLoss:[0.8061], AdvLoss:[0.1232]
--------------------------------------------------------------------------------------------------------------------------------------------------------------------------------------------------------
Epoch:[86/100], CauAdvLoss:[0.8901/0.1288] valid:[79.15], test:[74.55]
--------------------------------------------------------------------------------------------------------------------------------------------------------------------------------------------------------
Train Iter:[0  /52] CauLoss:[0.7321], AdvLoss:[0.1085]
Train Iter:[13 /52] CauLoss:[0.8356], AdvLoss:[0.1312]
Train Iter:[26 /52] CauLoss:[0.8214], AdvLoss:[0.1244]
Train Iter:[39 /52] CauLoss:[0.8371], AdvLoss:[0.1313]
--------------------------------------------------------------------------------------------------------------------------------------------------------------------------------------------------------
Epoch:[87/100], CauAdvLoss:[0.8292/0.1250] valid:[78.68], test:[74.36]
--------------------------------------------------------------------------------------------------------------------------------------------------------------------------------------------------------
Train Iter:[0  /52] CauLoss:[0.7466], AdvLoss:[0.0844]
Train Iter:[13 /52] CauLoss:[0.8609], AdvLoss:[0.1169]
Train Iter:[26 /52] CauLoss:[0.8493], AdvLoss:[0.1175]
Train Iter:[39 /52] CauLoss:[0.8698], AdvLoss:[0.1314]
--------------------------------------------------------------------------------------------------------------------------------------------------------------------------------------------------------
Epoch:[88/100], CauAdvLoss:[0.8549/0.1226] valid:[78.47], test:[74.64]
--------------------------------------------------------------------------------------------------------------------------------------------------------------------------------------------------------
Train Iter:[0  /52] CauLoss:[0.8265], AdvLoss:[0.0971]
Train Iter:[13 /52] CauLoss:[0.7848], AdvLoss:[0.0969]
Train Iter:[26 /52] CauLoss:[0.8263], AdvLoss:[0.1218]
Train Iter:[39 /52] CauLoss:[0.8399], AdvLoss:[0.1336]
--------------------------------------------------------------------------------------------------------------------------------------------------------------------------------------------------------
Epoch:[89/100], CauAdvLoss:[0.8363/0.1279] valid:[78.81], test:[74.19]
--------------------------------------------------------------------------------------------------------------------------------------------------------------------------------------------------------
Train Iter:[0  /52] CauLoss:[0.7730], AdvLoss:[0.1295]
Train Iter:[13 /52] CauLoss:[0.8555], AdvLoss:[0.1273]
Train Iter:[26 /52] CauLoss:[0.8545], AdvLoss:[0.1182]
Train Iter:[39 /52] CauLoss:[0.8552], AdvLoss:[0.1330]
--------------------------------------------------------------------------------------------------------------------------------------------------------------------------------------------------------
Epoch:[90/100], CauAdvLoss:[0.8256/0.1241] valid:[79.97], test:[74.53]
--------------------------------------------------------------------------------------------------------------------------------------------------------------------------------------------------------
Train Iter:[0  /52] CauLoss:[1.0026], AdvLoss:[0.2147]
Train Iter:[13 /52] CauLoss:[0.9390], AdvLoss:[0.1451]
Train Iter:[26 /52] CauLoss:[0.8815], AdvLoss:[0.1272]
Train Iter:[39 /52] CauLoss:[0.8573], AdvLoss:[0.1235]
--------------------------------------------------------------------------------------------------------------------------------------------------------------------------------------------------------
Epoch:[91/100], CauAdvLoss:[0.8503/0.1240] valid:[79.71], test:[74.75]
--------------------------------------------------------------------------------------------------------------------------------------------------------------------------------------------------------
Train Iter:[0  /52] CauLoss:[0.7237], AdvLoss:[0.1393]
Train Iter:[13 /52] CauLoss:[0.8734], AdvLoss:[0.1503]
Train Iter:[26 /52] CauLoss:[0.8526], AdvLoss:[0.1215]
Train Iter:[39 /52] CauLoss:[0.8520], AdvLoss:[0.1265]
--------------------------------------------------------------------------------------------------------------------------------------------------------------------------------------------------------
Epoch:[92/100], CauAdvLoss:[0.8507/0.1239] valid:[80.22], test:[74.82]
--------------------------------------------------------------------------------------------------------------------------------------------------------------------------------------------------------
Train Iter:[0  /52] CauLoss:[0.6749], AdvLoss:[0.0386]
Train Iter:[13 /52] CauLoss:[0.8874], AdvLoss:[0.1605]
Train Iter:[26 /52] CauLoss:[0.8650], AdvLoss:[0.1387]
Train Iter:[39 /52] CauLoss:[0.8454], AdvLoss:[0.1292]
--------------------------------------------------------------------------------------------------------------------------------------------------------------------------------------------------------
Epoch:[93/100], CauAdvLoss:[0.8467/0.1239] valid:[79.23], test:[74.34]
--------------------------------------------------------------------------------------------------------------------------------------------------------------------------------------------------------
Train Iter:[0  /52] CauLoss:[0.7829], AdvLoss:[0.1538]
Train Iter:[13 /52] CauLoss:[0.8072], AdvLoss:[0.0940]
Train Iter:[26 /52] CauLoss:[0.8447], AdvLoss:[0.1266]
Train Iter:[39 /52] CauLoss:[0.8185], AdvLoss:[0.1232]
--------------------------------------------------------------------------------------------------------------------------------------------------------------------------------------------------------
Epoch:[94/100], CauAdvLoss:[0.9215/0.2042] valid:[77.99], test:[74.47]
--------------------------------------------------------------------------------------------------------------------------------------------------------------------------------------------------------
Train Iter:[0  /52] CauLoss:[0.7152], AdvLoss:[0.0535]
Train Iter:[13 /52] CauLoss:[0.8198], AdvLoss:[0.1137]
Train Iter:[26 /52] CauLoss:[0.8700], AdvLoss:[0.1297]
Train Iter:[39 /52] CauLoss:[0.8542], AdvLoss:[0.1200]
--------------------------------------------------------------------------------------------------------------------------------------------------------------------------------------------------------
Epoch:[95/100], CauAdvLoss:[0.8619/0.1835] valid:[80.60], test:[74.82]
--------------------------------------------------------------------------------------------------------------------------------------------------------------------------------------------------------
Train Iter:[0  /52] CauLoss:[0.6304], AdvLoss:[0.0317]
Train Iter:[13 /52] CauLoss:[0.8202], AdvLoss:[0.1047]
Train Iter:[26 /52] CauLoss:[0.8117], AdvLoss:[0.1124]
Train Iter:[39 /52] CauLoss:[0.8188], AdvLoss:[0.1213]
--------------------------------------------------------------------------------------------------------------------------------------------------------------------------------------------------------
Epoch:[96/100], CauAdvLoss:[0.8900/0.1203] valid:[80.64], test:[75.18]
--------------------------------------------------------------------------------------------------------------------------------------------------------------------------------------------------------
Train Iter:[0  /52] CauLoss:[0.7835], AdvLoss:[0.1965]
Train Iter:[13 /52] CauLoss:[0.7772], AdvLoss:[0.0903]
Train Iter:[26 /52] CauLoss:[0.8306], AdvLoss:[0.1201]
Train Iter:[39 /52] CauLoss:[0.8472], AdvLoss:[0.1327]
--------------------------------------------------------------------------------------------------------------------------------------------------------------------------------------------------------
Epoch:[97/100], CauAdvLoss:[0.8327/0.1239] valid:[78.47], test:[74.03]
--------------------------------------------------------------------------------------------------------------------------------------------------------------------------------------------------------
Train Iter:[0  /52] CauLoss:[0.6875], AdvLoss:[0.0874]
Train Iter:[13 /52] CauLoss:[0.7886], AdvLoss:[0.1086]
Train Iter:[26 /52] CauLoss:[0.8223], AdvLoss:[0.1132]
Train Iter:[39 /52] CauLoss:[0.8278], AdvLoss:[0.1230]
--------------------------------------------------------------------------------------------------------------------------------------------------------------------------------------------------------
Epoch:[98/100], CauAdvLoss:[0.8912/0.1277] valid:[80.01], test:[74.34]
--------------------------------------------------------------------------------------------------------------------------------------------------------------------------------------------------------
Train Iter:[0  /52] CauLoss:[0.7679], AdvLoss:[0.1703]
Train Iter:[13 /52] CauLoss:[0.8212], AdvLoss:[0.1190]
Train Iter:[26 /52] CauLoss:[0.7994], AdvLoss:[0.1094]
Train Iter:[39 /52] CauLoss:[0.8258], AdvLoss:[0.1310]
--------------------------------------------------------------------------------------------------------------------------------------------------------------------------------------------------------
Epoch:[99/100], CauAdvLoss:[0.9050/0.1225] valid:[80.77], test:[75.29]
--------------------------------------------------------------------------------------------------------------------------------------------------------------------------------------------------------
Train Iter:[0  /52] CauLoss:[0.7385], AdvLoss:[0.0901]
Train Iter:[13 /52] CauLoss:[0.7868], AdvLoss:[0.1052]
Train Iter:[26 /52] CauLoss:[0.8143], AdvLoss:[0.1170]
Train Iter:[39 /52] CauLoss:[0.8418], AdvLoss:[0.1262]
--------------------------------------------------------------------------------------------------------------------------------------------------------------------------------------------------------
Epoch:[100/100], CauAdvLoss:[0.8416/0.1219] valid:[79.27], test:[74.42]
--------------------------------------------------------------------------------------------------------------------------------------------------------------------------------------------------------
Update test:[77.75] at epoch:[63] | Total time:00:03:57
initialize network with kaiming
Train Iter:[0  /52] CauLoss:[2.6308], AdvLoss:[-405.0908]
Train Iter:[13 /52] CauLoss:[1.8616], AdvLoss:[-38.6868]
Train Iter:[26 /52] CauLoss:[1.7058], AdvLoss:[-20.0573]
Train Iter:[39 /52] CauLoss:[1.6321], AdvLoss:[-13.4728]
--------------------------------------------------------------------------------------------------------------------------------------------------------------------------------------------------------
Epoch:[1/100], CauAdvLoss:[1.5642/-10.3367] valid:[66.49], test:[56.39]
--------------------------------------------------------------------------------------------------------------------------------------------------------------------------------------------------------
Train Iter:[0  /52] CauLoss:[1.5243], AdvLoss:[0.2010]
Train Iter:[13 /52] CauLoss:[1.4539], AdvLoss:[0.1312]
Train Iter:[26 /52] CauLoss:[1.4387], AdvLoss:[0.1405]
Train Iter:[39 /52] CauLoss:[1.4099], AdvLoss:[0.1693]
--------------------------------------------------------------------------------------------------------------------------------------------------------------------------------------------------------
Epoch:[2/100], CauAdvLoss:[1.3867/0.1629] valid:[68.17], test:[61.97]
--------------------------------------------------------------------------------------------------------------------------------------------------------------------------------------------------------
Train Iter:[0  /52] CauLoss:[1.4914], AdvLoss:[0.3929]
Train Iter:[13 /52] CauLoss:[1.4405], AdvLoss:[0.2965]
Train Iter:[26 /52] CauLoss:[1.3914], AdvLoss:[0.3089]
Train Iter:[39 /52] CauLoss:[1.3798], AdvLoss:[0.2830]
--------------------------------------------------------------------------------------------------------------------------------------------------------------------------------------------------------
Epoch:[3/100], CauAdvLoss:[1.4155/0.2516] valid:[69.46], test:[62.38]
--------------------------------------------------------------------------------------------------------------------------------------------------------------------------------------------------------
Train Iter:[0  /52] CauLoss:[1.1563], AdvLoss:[0.0958]
Train Iter:[13 /52] CauLoss:[1.3061], AdvLoss:[0.1707]
Train Iter:[26 /52] CauLoss:[1.3303], AdvLoss:[0.1858]
Train Iter:[39 /52] CauLoss:[1.3535], AdvLoss:[0.1994]
--------------------------------------------------------------------------------------------------------------------------------------------------------------------------------------------------------
Epoch:[4/100], CauAdvLoss:[1.3999/0.2200] valid:[64.92], test:[58.81]
--------------------------------------------------------------------------------------------------------------------------------------------------------------------------------------------------------
Train Iter:[0  /52] CauLoss:[1.2042], AdvLoss:[0.1614]
Train Iter:[13 /52] CauLoss:[1.2696], AdvLoss:[0.1912]
Train Iter:[26 /52] CauLoss:[1.2926], AdvLoss:[0.2148]
Train Iter:[39 /52] CauLoss:[1.3085], AdvLoss:[0.2129]
--------------------------------------------------------------------------------------------------------------------------------------------------------------------------------------------------------
Epoch:[5/100], CauAdvLoss:[1.3073/0.2087] valid:[79.01], test:[70.41]
--------------------------------------------------------------------------------------------------------------------------------------------------------------------------------------------------------
Train Iter:[0  /52] CauLoss:[1.1938], AdvLoss:[0.2503]
Train Iter:[13 /52] CauLoss:[1.1688], AdvLoss:[0.1041]
Train Iter:[26 /52] CauLoss:[1.2167], AdvLoss:[0.1502]
Train Iter:[39 /52] CauLoss:[1.2635], AdvLoss:[0.1837]
--------------------------------------------------------------------------------------------------------------------------------------------------------------------------------------------------------
Epoch:[6/100], CauAdvLoss:[1.2694/0.1571] valid:[59.64], test:[55.44]
--------------------------------------------------------------------------------------------------------------------------------------------------------------------------------------------------------
Train Iter:[0  /52] CauLoss:[1.3812], AdvLoss:[0.2423]
Train Iter:[13 /52] CauLoss:[1.3339], AdvLoss:[0.2160]
Train Iter:[26 /52] CauLoss:[1.2813], AdvLoss:[0.2219]
Train Iter:[39 /52] CauLoss:[1.2667], AdvLoss:[0.2627]
--------------------------------------------------------------------------------------------------------------------------------------------------------------------------------------------------------
Epoch:[7/100], CauAdvLoss:[1.3288/0.3537] valid:[72.64], test:[65.02]
--------------------------------------------------------------------------------------------------------------------------------------------------------------------------------------------------------
Train Iter:[0  /52] CauLoss:[1.1335], AdvLoss:[0.1889]
Train Iter:[13 /52] CauLoss:[1.2602], AdvLoss:[0.4516]
Train Iter:[26 /52] CauLoss:[1.2828], AdvLoss:[0.4210]
Train Iter:[39 /52] CauLoss:[1.2775], AdvLoss:[0.3980]
--------------------------------------------------------------------------------------------------------------------------------------------------------------------------------------------------------
Epoch:[8/100], CauAdvLoss:[1.2503/0.3740] valid:[73.66], test:[66.53]
--------------------------------------------------------------------------------------------------------------------------------------------------------------------------------------------------------
Train Iter:[0  /52] CauLoss:[1.2465], AdvLoss:[0.3435]
Train Iter:[13 /52] CauLoss:[1.2038], AdvLoss:[0.3112]
Train Iter:[26 /52] CauLoss:[1.2163], AdvLoss:[0.3235]
Train Iter:[39 /52] CauLoss:[1.1982], AdvLoss:[0.3150]
--------------------------------------------------------------------------------------------------------------------------------------------------------------------------------------------------------
Epoch:[9/100], CauAdvLoss:[1.2418/0.3350] valid:[80.42], test:[73.79]
--------------------------------------------------------------------------------------------------------------------------------------------------------------------------------------------------------
Train Iter:[0  /52] CauLoss:[1.1144], AdvLoss:[0.1693]
Train Iter:[13 /52] CauLoss:[1.2939], AdvLoss:[0.3514]
Train Iter:[26 /52] CauLoss:[1.2413], AdvLoss:[0.3413]
Train Iter:[39 /52] CauLoss:[1.2191], AdvLoss:[0.3544]
--------------------------------------------------------------------------------------------------------------------------------------------------------------------------------------------------------
Epoch:[10/100], CauAdvLoss:[1.1995/0.3410] valid:[78.35], test:[70.88]
--------------------------------------------------------------------------------------------------------------------------------------------------------------------------------------------------------
Train Iter:[0  /52] CauLoss:[1.3045], AdvLoss:[0.3963]
Train Iter:[13 /52] CauLoss:[1.1926], AdvLoss:[0.2960]
Train Iter:[26 /52] CauLoss:[1.1795], AdvLoss:[0.2850]
Train Iter:[39 /52] CauLoss:[1.1943], AdvLoss:[0.3086]
--------------------------------------------------------------------------------------------------------------------------------------------------------------------------------------------------------
Epoch:[11/100], CauAdvLoss:[1.1785/0.2994] valid:[70.27], test:[62.36]
--------------------------------------------------------------------------------------------------------------------------------------------------------------------------------------------------------
Train Iter:[0  /52] CauLoss:[1.5322], AdvLoss:[0.3171]
Train Iter:[13 /52] CauLoss:[1.1630], AdvLoss:[0.2841]
Train Iter:[26 /52] CauLoss:[1.1212], AdvLoss:[0.2844]
Train Iter:[39 /52] CauLoss:[1.1421], AdvLoss:[0.2943]
--------------------------------------------------------------------------------------------------------------------------------------------------------------------------------------------------------
Epoch:[12/100], CauAdvLoss:[1.1854/0.3159] valid:[73.06], test:[66.34]
--------------------------------------------------------------------------------------------------------------------------------------------------------------------------------------------------------
Train Iter:[0  /52] CauLoss:[1.0715], AdvLoss:[0.2395]
Train Iter:[13 /52] CauLoss:[1.0320], AdvLoss:[0.2143]
Train Iter:[26 /52] CauLoss:[1.1165], AdvLoss:[0.2741]
Train Iter:[39 /52] CauLoss:[1.1565], AdvLoss:[0.2996]
--------------------------------------------------------------------------------------------------------------------------------------------------------------------------------------------------------
Epoch:[13/100], CauAdvLoss:[1.1706/0.3017] valid:[73.99], test:[66.99]
--------------------------------------------------------------------------------------------------------------------------------------------------------------------------------------------------------
Train Iter:[0  /52] CauLoss:[0.9950], AdvLoss:[0.1773]
Train Iter:[13 /52] CauLoss:[1.0933], AdvLoss:[0.2438]
Train Iter:[26 /52] CauLoss:[1.0921], AdvLoss:[0.2697]
Train Iter:[39 /52] CauLoss:[1.1471], AdvLoss:[0.2910]
--------------------------------------------------------------------------------------------------------------------------------------------------------------------------------------------------------
Epoch:[14/100], CauAdvLoss:[1.1552/0.2939] valid:[75.53], test:[69.81]
--------------------------------------------------------------------------------------------------------------------------------------------------------------------------------------------------------
Train Iter:[0  /52] CauLoss:[1.0208], AdvLoss:[0.2613]
Train Iter:[13 /52] CauLoss:[1.1601], AdvLoss:[0.2903]
Train Iter:[26 /52] CauLoss:[1.1424], AdvLoss:[0.2640]
Train Iter:[39 /52] CauLoss:[1.1491], AdvLoss:[0.2757]
--------------------------------------------------------------------------------------------------------------------------------------------------------------------------------------------------------
Epoch:[15/100], CauAdvLoss:[1.1322/0.2666] valid:[78.83], test:[73.69]
--------------------------------------------------------------------------------------------------------------------------------------------------------------------------------------------------------
Train Iter:[0  /52] CauLoss:[1.1749], AdvLoss:[0.1573]
Train Iter:[13 /52] CauLoss:[1.1002], AdvLoss:[0.2930]
Train Iter:[26 /52] CauLoss:[1.1480], AdvLoss:[0.2980]
Train Iter:[39 /52] CauLoss:[1.1499], AdvLoss:[0.2939]
--------------------------------------------------------------------------------------------------------------------------------------------------------------------------------------------------------
Epoch:[16/100], CauAdvLoss:[1.1467/0.2902] valid:[76.31], test:[73.15]
--------------------------------------------------------------------------------------------------------------------------------------------------------------------------------------------------------
Train Iter:[0  /52] CauLoss:[0.9869], AdvLoss:[0.1128]
Train Iter:[13 /52] CauLoss:[1.1473], AdvLoss:[0.3431]
Train Iter:[26 /52] CauLoss:[1.1028], AdvLoss:[0.2928]
Train Iter:[39 /52] CauLoss:[1.1228], AdvLoss:[0.2883]
--------------------------------------------------------------------------------------------------------------------------------------------------------------------------------------------------------
Epoch:[17/100], CauAdvLoss:[1.1832/0.2824] valid:[77.27], test:[72.33]
--------------------------------------------------------------------------------------------------------------------------------------------------------------------------------------------------------
Train Iter:[0  /52] CauLoss:[1.2594], AdvLoss:[0.3530]
Train Iter:[13 /52] CauLoss:[1.1590], AdvLoss:[0.3001]
Train Iter:[26 /52] CauLoss:[1.1281], AdvLoss:[0.2783]
Train Iter:[39 /52] CauLoss:[1.1141], AdvLoss:[0.2645]
--------------------------------------------------------------------------------------------------------------------------------------------------------------------------------------------------------
Epoch:[18/100], CauAdvLoss:[1.1144/0.2657] valid:[81.56], test:[76.33]
--------------------------------------------------------------------------------------------------------------------------------------------------------------------------------------------------------
Train Iter:[0  /52] CauLoss:[1.3293], AdvLoss:[0.3000]
Train Iter:[13 /52] CauLoss:[1.1544], AdvLoss:[0.2809]
Train Iter:[26 /52] CauLoss:[1.1396], AdvLoss:[0.3333]
Train Iter:[39 /52] CauLoss:[1.1050], AdvLoss:[0.3094]
--------------------------------------------------------------------------------------------------------------------------------------------------------------------------------------------------------
Epoch:[19/100], CauAdvLoss:[1.0935/0.2920] valid:[81.32], test:[73.96]
--------------------------------------------------------------------------------------------------------------------------------------------------------------------------------------------------------
Train Iter:[0  /52] CauLoss:[0.9573], AdvLoss:[0.1045]
Train Iter:[13 /52] CauLoss:[1.0848], AdvLoss:[0.2509]
Train Iter:[26 /52] CauLoss:[1.0745], AdvLoss:[0.2466]
Train Iter:[39 /52] CauLoss:[1.0964], AdvLoss:[0.2629]
--------------------------------------------------------------------------------------------------------------------------------------------------------------------------------------------------------
Epoch:[20/100], CauAdvLoss:[1.0989/0.2564] valid:[79.07], test:[76.62]
--------------------------------------------------------------------------------------------------------------------------------------------------------------------------------------------------------
Train Iter:[0  /52] CauLoss:[1.0923], AdvLoss:[0.1421]
Train Iter:[13 /52] CauLoss:[1.0973], AdvLoss:[0.2571]
Train Iter:[26 /52] CauLoss:[1.0687], AdvLoss:[0.2361]
Train Iter:[39 /52] CauLoss:[1.0799], AdvLoss:[0.2520]
--------------------------------------------------------------------------------------------------------------------------------------------------------------------------------------------------------
Epoch:[21/100], CauAdvLoss:[1.1467/0.2652] valid:[79.55], test:[76.94]
--------------------------------------------------------------------------------------------------------------------------------------------------------------------------------------------------------
Train Iter:[0  /52] CauLoss:[1.1811], AdvLoss:[0.3536]
Train Iter:[13 /52] CauLoss:[1.0810], AdvLoss:[0.2383]
Train Iter:[26 /52] CauLoss:[1.1021], AdvLoss:[0.2696]
Train Iter:[39 /52] CauLoss:[1.0930], AdvLoss:[0.2680]
--------------------------------------------------------------------------------------------------------------------------------------------------------------------------------------------------------
Epoch:[22/100], CauAdvLoss:[1.1337/0.2606] valid:[79.70], test:[72.94]
--------------------------------------------------------------------------------------------------------------------------------------------------------------------------------------------------------
Train Iter:[0  /52] CauLoss:[0.8762], AdvLoss:[0.1416]
Train Iter:[13 /52] CauLoss:[1.1296], AdvLoss:[0.2921]
Train Iter:[26 /52] CauLoss:[1.1193], AdvLoss:[0.2732]
Train Iter:[39 /52] CauLoss:[1.1172], AdvLoss:[0.3054]
--------------------------------------------------------------------------------------------------------------------------------------------------------------------------------------------------------
Epoch:[23/100], CauAdvLoss:[1.0871/0.2858] valid:[73.60], test:[71.72]
--------------------------------------------------------------------------------------------------------------------------------------------------------------------------------------------------------
Train Iter:[0  /52] CauLoss:[1.3390], AdvLoss:[0.2683]
Train Iter:[13 /52] CauLoss:[1.1453], AdvLoss:[0.3016]
Train Iter:[26 /52] CauLoss:[1.1205], AdvLoss:[0.2871]
Train Iter:[39 /52] CauLoss:[1.0959], AdvLoss:[0.2865]
--------------------------------------------------------------------------------------------------------------------------------------------------------------------------------------------------------
Epoch:[24/100], CauAdvLoss:[1.1452/0.2883] valid:[77.63], test:[72.99]
--------------------------------------------------------------------------------------------------------------------------------------------------------------------------------------------------------
Train Iter:[0  /52] CauLoss:[1.0953], AdvLoss:[0.1432]
Train Iter:[13 /52] CauLoss:[1.0521], AdvLoss:[0.2601]
Train Iter:[26 /52] CauLoss:[1.0907], AdvLoss:[0.2615]
Train Iter:[39 /52] CauLoss:[1.1192], AdvLoss:[0.2824]
--------------------------------------------------------------------------------------------------------------------------------------------------------------------------------------------------------
Epoch:[25/100], CauAdvLoss:[1.0939/0.2737] valid:[78.92], test:[75.46]
--------------------------------------------------------------------------------------------------------------------------------------------------------------------------------------------------------
Train Iter:[0  /52] CauLoss:[1.1556], AdvLoss:[0.1747]
Train Iter:[13 /52] CauLoss:[1.0921], AdvLoss:[0.2820]
Train Iter:[26 /52] CauLoss:[1.1106], AdvLoss:[0.2789]
Train Iter:[39 /52] CauLoss:[1.0651], AdvLoss:[0.2640]
--------------------------------------------------------------------------------------------------------------------------------------------------------------------------------------------------------
Epoch:[26/100], CauAdvLoss:[1.0557/0.2566] valid:[78.29], test:[75.58]
--------------------------------------------------------------------------------------------------------------------------------------------------------------------------------------------------------
Train Iter:[0  /52] CauLoss:[0.9994], AdvLoss:[0.2462]
Train Iter:[13 /52] CauLoss:[1.0340], AdvLoss:[0.2428]
Train Iter:[26 /52] CauLoss:[1.0311], AdvLoss:[0.2456]
Train Iter:[39 /52] CauLoss:[1.0570], AdvLoss:[0.2515]
--------------------------------------------------------------------------------------------------------------------------------------------------------------------------------------------------------
Epoch:[27/100], CauAdvLoss:[1.0680/0.2442] valid:[78.92], test:[73.67]
--------------------------------------------------------------------------------------------------------------------------------------------------------------------------------------------------------
Train Iter:[0  /52] CauLoss:[0.8678], AdvLoss:[0.1641]
Train Iter:[13 /52] CauLoss:[1.0219], AdvLoss:[0.2348]
Train Iter:[26 /52] CauLoss:[0.9791], AdvLoss:[0.2108]
Train Iter:[39 /52] CauLoss:[1.0184], AdvLoss:[0.2349]
--------------------------------------------------------------------------------------------------------------------------------------------------------------------------------------------------------
Epoch:[28/100], CauAdvLoss:[1.0928/0.2841] valid:[78.56], test:[73.69]
--------------------------------------------------------------------------------------------------------------------------------------------------------------------------------------------------------
Train Iter:[0  /52] CauLoss:[0.9424], AdvLoss:[0.1695]
Train Iter:[13 /52] CauLoss:[1.0932], AdvLoss:[0.2806]
Train Iter:[26 /52] CauLoss:[1.0223], AdvLoss:[0.2312]
Train Iter:[39 /52] CauLoss:[1.0217], AdvLoss:[0.2329]
--------------------------------------------------------------------------------------------------------------------------------------------------------------------------------------------------------
Epoch:[29/100], CauAdvLoss:[1.1055/0.2451] valid:[80.15], test:[77.65]
--------------------------------------------------------------------------------------------------------------------------------------------------------------------------------------------------------
Train Iter:[0  /52] CauLoss:[1.3466], AdvLoss:[0.4008]
Train Iter:[13 /52] CauLoss:[1.0836], AdvLoss:[0.3131]
Train Iter:[26 /52] CauLoss:[1.0620], AdvLoss:[0.2913]
Train Iter:[39 /52] CauLoss:[1.0370], AdvLoss:[0.2623]
--------------------------------------------------------------------------------------------------------------------------------------------------------------------------------------------------------
Epoch:[30/100], CauAdvLoss:[1.0332/0.2599] valid:[79.01], test:[72.48]
--------------------------------------------------------------------------------------------------------------------------------------------------------------------------------------------------------
Train Iter:[0  /52] CauLoss:[0.8536], AdvLoss:[0.1703]
Train Iter:[13 /52] CauLoss:[1.0355], AdvLoss:[0.2557]
Train Iter:[26 /52] CauLoss:[1.0597], AdvLoss:[0.2624]
Train Iter:[39 /52] CauLoss:[1.0476], AdvLoss:[0.2433]
--------------------------------------------------------------------------------------------------------------------------------------------------------------------------------------------------------
Epoch:[31/100], CauAdvLoss:[1.0490/0.2481] valid:[82.28], test:[75.05]
--------------------------------------------------------------------------------------------------------------------------------------------------------------------------------------------------------
Train Iter:[0  /52] CauLoss:[0.9271], AdvLoss:[0.3175]
Train Iter:[13 /52] CauLoss:[1.0030], AdvLoss:[0.2724]
Train Iter:[26 /52] CauLoss:[0.9964], AdvLoss:[0.2460]
Train Iter:[39 /52] CauLoss:[1.0084], AdvLoss:[0.2440]
--------------------------------------------------------------------------------------------------------------------------------------------------------------------------------------------------------
Epoch:[32/100], CauAdvLoss:[1.0810/0.2460] valid:[78.71], test:[74.64]
--------------------------------------------------------------------------------------------------------------------------------------------------------------------------------------------------------
Train Iter:[0  /52] CauLoss:[0.9749], AdvLoss:[0.1863]
Train Iter:[13 /52] CauLoss:[1.0462], AdvLoss:[0.2170]
Train Iter:[26 /52] CauLoss:[1.0235], AdvLoss:[0.2249]
Train Iter:[39 /52] CauLoss:[1.0591], AdvLoss:[0.2392]
--------------------------------------------------------------------------------------------------------------------------------------------------------------------------------------------------------
Epoch:[33/100], CauAdvLoss:[1.0468/0.2332] valid:[76.70], test:[72.30]
--------------------------------------------------------------------------------------------------------------------------------------------------------------------------------------------------------
Train Iter:[0  /52] CauLoss:[0.8073], AdvLoss:[0.1177]
Train Iter:[13 /52] CauLoss:[0.9465], AdvLoss:[0.1742]
Train Iter:[26 /52] CauLoss:[0.9592], AdvLoss:[0.1902]
Train Iter:[39 /52] CauLoss:[0.9740], AdvLoss:[0.2064]
--------------------------------------------------------------------------------------------------------------------------------------------------------------------------------------------------------
Epoch:[34/100], CauAdvLoss:[1.0605/0.2255] valid:[80.39], test:[76.43]
--------------------------------------------------------------------------------------------------------------------------------------------------------------------------------------------------------
Train Iter:[0  /52] CauLoss:[0.8011], AdvLoss:[0.1416]
Train Iter:[13 /52] CauLoss:[1.0382], AdvLoss:[0.2492]
Train Iter:[26 /52] CauLoss:[1.0319], AdvLoss:[0.2402]
Train Iter:[39 /52] CauLoss:[1.0434], AdvLoss:[0.2588]
--------------------------------------------------------------------------------------------------------------------------------------------------------------------------------------------------------
Epoch:[35/100], CauAdvLoss:[1.0302/0.2564] valid:[79.37], test:[71.05]
--------------------------------------------------------------------------------------------------------------------------------------------------------------------------------------------------------
Train Iter:[0  /52] CauLoss:[1.6870], AdvLoss:[0.4529]
Train Iter:[13 /52] CauLoss:[1.0462], AdvLoss:[0.2351]
Train Iter:[26 /52] CauLoss:[0.9820], AdvLoss:[0.2110]
Train Iter:[39 /52] CauLoss:[1.0056], AdvLoss:[0.2195]
--------------------------------------------------------------------------------------------------------------------------------------------------------------------------------------------------------
Epoch:[36/100], CauAdvLoss:[1.0073/0.2163] valid:[79.82], test:[74.68]
--------------------------------------------------------------------------------------------------------------------------------------------------------------------------------------------------------
Train Iter:[0  /52] CauLoss:[1.1799], AdvLoss:[0.3291]
Train Iter:[13 /52] CauLoss:[0.9917], AdvLoss:[0.2115]
Train Iter:[26 /52] CauLoss:[0.9808], AdvLoss:[0.2160]
Train Iter:[39 /52] CauLoss:[1.0038], AdvLoss:[0.2290]
--------------------------------------------------------------------------------------------------------------------------------------------------------------------------------------------------------
Epoch:[37/100], CauAdvLoss:[1.0179/0.2296] valid:[78.41], test:[77.04]
--------------------------------------------------------------------------------------------------------------------------------------------------------------------------------------------------------
Train Iter:[0  /52] CauLoss:[0.7979], AdvLoss:[0.1892]
Train Iter:[13 /52] CauLoss:[1.0225], AdvLoss:[0.2129]
Train Iter:[26 /52] CauLoss:[1.0212], AdvLoss:[0.2086]
Train Iter:[39 /52] CauLoss:[0.9881], AdvLoss:[0.2036]
--------------------------------------------------------------------------------------------------------------------------------------------------------------------------------------------------------
Epoch:[38/100], CauAdvLoss:[0.9766/0.2049] valid:[80.51], test:[74.32]
--------------------------------------------------------------------------------------------------------------------------------------------------------------------------------------------------------
Train Iter:[0  /52] CauLoss:[0.7762], AdvLoss:[0.1642]
Train Iter:[13 /52] CauLoss:[0.9711], AdvLoss:[0.2204]
Train Iter:[26 /52] CauLoss:[0.9834], AdvLoss:[0.2296]
Train Iter:[39 /52] CauLoss:[0.9871], AdvLoss:[0.2231]
--------------------------------------------------------------------------------------------------------------------------------------------------------------------------------------------------------
Epoch:[39/100], CauAdvLoss:[0.9860/0.2144] valid:[79.37], test:[76.55]
--------------------------------------------------------------------------------------------------------------------------------------------------------------------------------------------------------
Train Iter:[0  /52] CauLoss:[1.1391], AdvLoss:[0.3150]
Train Iter:[13 /52] CauLoss:[0.9973], AdvLoss:[0.2732]
Train Iter:[26 /52] CauLoss:[1.0177], AdvLoss:[0.2649]
Train Iter:[39 /52] CauLoss:[0.9777], AdvLoss:[0.2324]
--------------------------------------------------------------------------------------------------------------------------------------------------------------------------------------------------------
Epoch:[40/100], CauAdvLoss:[0.9799/0.2209] valid:[80.81], test:[75.14]
--------------------------------------------------------------------------------------------------------------------------------------------------------------------------------------------------------
Train Iter:[0  /52] CauLoss:[0.6070], AdvLoss:[0.0393]
Train Iter:[13 /52] CauLoss:[0.8838], AdvLoss:[0.1631]
Train Iter:[26 /52] CauLoss:[0.9229], AdvLoss:[0.1879]
Train Iter:[39 /52] CauLoss:[0.9339], AdvLoss:[0.2005]
--------------------------------------------------------------------------------------------------------------------------------------------------------------------------------------------------------
Epoch:[41/100], CauAdvLoss:[0.9624/0.2197] valid:[81.92], test:[75.39]
--------------------------------------------------------------------------------------------------------------------------------------------------------------------------------------------------------
Train Iter:[0  /52] CauLoss:[0.9828], AdvLoss:[0.1614]
Train Iter:[13 /52] CauLoss:[0.9333], AdvLoss:[0.1860]
Train Iter:[26 /52] CauLoss:[0.9764], AdvLoss:[0.1977]
Train Iter:[39 /52] CauLoss:[0.9579], AdvLoss:[0.2030]
--------------------------------------------------------------------------------------------------------------------------------------------------------------------------------------------------------
Epoch:[42/100], CauAdvLoss:[1.0265/0.2061] valid:[79.82], test:[75.14]
--------------------------------------------------------------------------------------------------------------------------------------------------------------------------------------------------------
Train Iter:[0  /52] CauLoss:[1.2452], AdvLoss:[0.3666]
Train Iter:[13 /52] CauLoss:[1.0189], AdvLoss:[0.2226]
Train Iter:[26 /52] CauLoss:[1.0175], AdvLoss:[0.2190]
Train Iter:[39 /52] CauLoss:[0.9778], AdvLoss:[0.2078]
--------------------------------------------------------------------------------------------------------------------------------------------------------------------------------------------------------
Epoch:[43/100], CauAdvLoss:[0.9642/0.2007] valid:[81.11], test:[76.36]
--------------------------------------------------------------------------------------------------------------------------------------------------------------------------------------------------------
Train Iter:[0  /52] CauLoss:[0.9586], AdvLoss:[0.2201]
Train Iter:[13 /52] CauLoss:[0.9518], AdvLoss:[0.1769]
Train Iter:[26 /52] CauLoss:[0.9691], AdvLoss:[0.1893]
Train Iter:[39 /52] CauLoss:[0.9879], AdvLoss:[0.2104]
--------------------------------------------------------------------------------------------------------------------------------------------------------------------------------------------------------
Epoch:[44/100], CauAdvLoss:[1.0416/0.2056] valid:[82.37], test:[75.82]
--------------------------------------------------------------------------------------------------------------------------------------------------------------------------------------------------------
Train Iter:[0  /52] CauLoss:[0.6897], AdvLoss:[0.1271]
Train Iter:[13 /52] CauLoss:[0.9668], AdvLoss:[0.2093]
Train Iter:[26 /52] CauLoss:[0.9889], AdvLoss:[0.2064]
Train Iter:[39 /52] CauLoss:[0.9705], AdvLoss:[0.2055]
--------------------------------------------------------------------------------------------------------------------------------------------------------------------------------------------------------
Epoch:[45/100], CauAdvLoss:[0.9807/0.2048] valid:[81.89], test:[75.90]
--------------------------------------------------------------------------------------------------------------------------------------------------------------------------------------------------------
Train Iter:[0  /52] CauLoss:[0.8518], AdvLoss:[0.1484]
Train Iter:[13 /52] CauLoss:[0.9098], AdvLoss:[0.1832]
Train Iter:[26 /52] CauLoss:[0.9523], AdvLoss:[0.1977]
Train Iter:[39 /52] CauLoss:[0.9345], AdvLoss:[0.1899]
--------------------------------------------------------------------------------------------------------------------------------------------------------------------------------------------------------
Epoch:[46/100], CauAdvLoss:[0.9479/0.1988] valid:[80.60], test:[75.31]
--------------------------------------------------------------------------------------------------------------------------------------------------------------------------------------------------------
Train Iter:[0  /52] CauLoss:[0.7949], AdvLoss:[0.1176]
Train Iter:[13 /52] CauLoss:[0.9578], AdvLoss:[0.2007]
Train Iter:[26 /52] CauLoss:[0.9418], AdvLoss:[0.1931]
Train Iter:[39 /52] CauLoss:[0.9644], AdvLoss:[0.2012]
--------------------------------------------------------------------------------------------------------------------------------------------------------------------------------------------------------
Epoch:[47/100], CauAdvLoss:[0.9470/0.1911] valid:[83.63], test:[78.16]
--------------------------------------------------------------------------------------------------------------------------------------------------------------------------------------------------------
Train Iter:[0  /52] CauLoss:[0.9694], AdvLoss:[0.2791]
Train Iter:[13 /52] CauLoss:[0.9224], AdvLoss:[0.1567]
Train Iter:[26 /52] CauLoss:[0.9316], AdvLoss:[0.1682]
Train Iter:[39 /52] CauLoss:[0.9312], AdvLoss:[0.1729]
--------------------------------------------------------------------------------------------------------------------------------------------------------------------------------------------------------
Epoch:[48/100], CauAdvLoss:[0.9297/0.1792] valid:[82.73], test:[77.82]
--------------------------------------------------------------------------------------------------------------------------------------------------------------------------------------------------------
Train Iter:[0  /52] CauLoss:[1.3381], AdvLoss:[0.3403]
Train Iter:[13 /52] CauLoss:[0.9422], AdvLoss:[0.1752]
Train Iter:[26 /52] CauLoss:[0.9263], AdvLoss:[0.1658]
Train Iter:[39 /52] CauLoss:[0.9653], AdvLoss:[0.1881]
--------------------------------------------------------------------------------------------------------------------------------------------------------------------------------------------------------
Epoch:[49/100], CauAdvLoss:[0.9391/0.1784] valid:[81.14], test:[77.64]
--------------------------------------------------------------------------------------------------------------------------------------------------------------------------------------------------------
Train Iter:[0  /52] CauLoss:[0.7347], AdvLoss:[0.0697]
Train Iter:[13 /52] CauLoss:[0.8824], AdvLoss:[0.1943]
Train Iter:[26 /52] CauLoss:[0.9198], AdvLoss:[0.2080]
Train Iter:[39 /52] CauLoss:[0.9245], AdvLoss:[0.2041]
--------------------------------------------------------------------------------------------------------------------------------------------------------------------------------------------------------
Epoch:[50/100], CauAdvLoss:[0.9359/0.2010] valid:[80.45], test:[76.12]
--------------------------------------------------------------------------------------------------------------------------------------------------------------------------------------------------------
Train Iter:[0  /52] CauLoss:[0.7488], AdvLoss:[0.1137]
Train Iter:[13 /52] CauLoss:[0.9736], AdvLoss:[0.2168]
Train Iter:[26 /52] CauLoss:[0.9672], AdvLoss:[0.1985]
Train Iter:[39 /52] CauLoss:[0.9487], AdvLoss:[0.1866]
--------------------------------------------------------------------------------------------------------------------------------------------------------------------------------------------------------
Epoch:[51/100], CauAdvLoss:[0.9350/0.1758] valid:[79.22], test:[72.47]
--------------------------------------------------------------------------------------------------------------------------------------------------------------------------------------------------------
Train Iter:[0  /52] CauLoss:[0.9653], AdvLoss:[0.2059]
Train Iter:[13 /52] CauLoss:[1.0548], AdvLoss:[0.2142]
Train Iter:[26 /52] CauLoss:[0.9615], AdvLoss:[0.1934]
Train Iter:[39 /52] CauLoss:[0.9475], AdvLoss:[0.1890]
--------------------------------------------------------------------------------------------------------------------------------------------------------------------------------------------------------
Epoch:[52/100], CauAdvLoss:[0.9278/0.1830] valid:[80.66], test:[76.50]
--------------------------------------------------------------------------------------------------------------------------------------------------------------------------------------------------------
Train Iter:[0  /52] CauLoss:[0.7365], AdvLoss:[0.1350]
Train Iter:[13 /52] CauLoss:[0.9303], AdvLoss:[0.1730]
Train Iter:[26 /52] CauLoss:[0.9203], AdvLoss:[0.1787]
Train Iter:[39 /52] CauLoss:[0.9168], AdvLoss:[0.1769]
--------------------------------------------------------------------------------------------------------------------------------------------------------------------------------------------------------
Epoch:[53/100], CauAdvLoss:[0.9298/0.1774] valid:[82.28], test:[77.99]
--------------------------------------------------------------------------------------------------------------------------------------------------------------------------------------------------------
Train Iter:[0  /52] CauLoss:[0.7788], AdvLoss:[0.0904]
Train Iter:[13 /52] CauLoss:[0.9660], AdvLoss:[0.1972]
Train Iter:[26 /52] CauLoss:[0.9272], AdvLoss:[0.1809]
Train Iter:[39 /52] CauLoss:[0.9027], AdvLoss:[0.1685]
--------------------------------------------------------------------------------------------------------------------------------------------------------------------------------------------------------
Epoch:[54/100], CauAdvLoss:[0.9034/0.1650] valid:[83.42], test:[77.59]
--------------------------------------------------------------------------------------------------------------------------------------------------------------------------------------------------------
Train Iter:[0  /52] CauLoss:[0.7914], AdvLoss:[0.1071]
Train Iter:[13 /52] CauLoss:[0.8602], AdvLoss:[0.1413]
Train Iter:[26 /52] CauLoss:[0.9135], AdvLoss:[0.1629]
Train Iter:[39 /52] CauLoss:[0.9453], AdvLoss:[0.1759]
--------------------------------------------------------------------------------------------------------------------------------------------------------------------------------------------------------
Epoch:[55/100], CauAdvLoss:[0.9175/0.1641] valid:[80.75], test:[76.04]
--------------------------------------------------------------------------------------------------------------------------------------------------------------------------------------------------------
Train Iter:[0  /52] CauLoss:[0.9135], AdvLoss:[0.2003]
Train Iter:[13 /52] CauLoss:[0.9182], AdvLoss:[0.1415]
Train Iter:[26 /52] CauLoss:[0.9227], AdvLoss:[0.1696]
Train Iter:[39 /52] CauLoss:[0.9084], AdvLoss:[0.1619]
--------------------------------------------------------------------------------------------------------------------------------------------------------------------------------------------------------
Epoch:[56/100], CauAdvLoss:[0.9065/0.1702] valid:[82.88], test:[76.82]
--------------------------------------------------------------------------------------------------------------------------------------------------------------------------------------------------------
Train Iter:[0  /52] CauLoss:[0.6613], AdvLoss:[0.0604]
Train Iter:[13 /52] CauLoss:[0.8866], AdvLoss:[0.1692]
Train Iter:[26 /52] CauLoss:[0.8877], AdvLoss:[0.1584]
Train Iter:[39 /52] CauLoss:[0.8654], AdvLoss:[0.1475]
--------------------------------------------------------------------------------------------------------------------------------------------------------------------------------------------------------
Epoch:[57/100], CauAdvLoss:[0.8863/0.1555] valid:[82.19], test:[78.13]
--------------------------------------------------------------------------------------------------------------------------------------------------------------------------------------------------------
Train Iter:[0  /52] CauLoss:[0.6885], AdvLoss:[0.0401]
Train Iter:[13 /52] CauLoss:[0.9062], AdvLoss:[0.1650]
Train Iter:[26 /52] CauLoss:[0.8927], AdvLoss:[0.1702]
Train Iter:[39 /52] CauLoss:[0.9101], AdvLoss:[0.1678]
--------------------------------------------------------------------------------------------------------------------------------------------------------------------------------------------------------
Epoch:[58/100], CauAdvLoss:[0.9063/0.1666] valid:[81.83], test:[75.82]
--------------------------------------------------------------------------------------------------------------------------------------------------------------------------------------------------------
Train Iter:[0  /52] CauLoss:[0.6768], AdvLoss:[0.1185]
Train Iter:[13 /52] CauLoss:[0.7934], AdvLoss:[0.1227]
Train Iter:[26 /52] CauLoss:[0.8850], AdvLoss:[0.1657]
Train Iter:[39 /52] CauLoss:[0.8841], AdvLoss:[0.1604]
--------------------------------------------------------------------------------------------------------------------------------------------------------------------------------------------------------
Epoch:[59/100], CauAdvLoss:[0.8812/0.1580] valid:[83.06], test:[74.88]
--------------------------------------------------------------------------------------------------------------------------------------------------------------------------------------------------------
Train Iter:[0  /52] CauLoss:[0.7278], AdvLoss:[0.0900]
Train Iter:[13 /52] CauLoss:[0.8957], AdvLoss:[0.1594]
Train Iter:[26 /52] CauLoss:[0.9234], AdvLoss:[0.1665]
Train Iter:[39 /52] CauLoss:[0.9172], AdvLoss:[0.1567]
--------------------------------------------------------------------------------------------------------------------------------------------------------------------------------------------------------
Epoch:[60/100], CauAdvLoss:[0.9139/0.1519] valid:[80.78], test:[75.77]
--------------------------------------------------------------------------------------------------------------------------------------------------------------------------------------------------------
Train Iter:[0  /52] CauLoss:[0.7357], AdvLoss:[0.0327]
Train Iter:[13 /52] CauLoss:[0.8605], AdvLoss:[0.1401]
Train Iter:[26 /52] CauLoss:[0.8681], AdvLoss:[0.1517]
Train Iter:[39 /52] CauLoss:[0.8687], AdvLoss:[0.1495]
--------------------------------------------------------------------------------------------------------------------------------------------------------------------------------------------------------
Epoch:[61/100], CauAdvLoss:[0.9563/0.1556] valid:[84.08], test:[78.44]
--------------------------------------------------------------------------------------------------------------------------------------------------------------------------------------------------------
Train Iter:[0  /52] CauLoss:[0.8637], AdvLoss:[0.1207]
Train Iter:[13 /52] CauLoss:[0.8482], AdvLoss:[0.1534]
Train Iter:[26 /52] CauLoss:[0.8659], AdvLoss:[0.1496]
Train Iter:[39 /52] CauLoss:[0.8517], AdvLoss:[0.1441]
--------------------------------------------------------------------------------------------------------------------------------------------------------------------------------------------------------
Epoch:[62/100], CauAdvLoss:[0.8753/0.2145] valid:[84.14], test:[79.78]
--------------------------------------------------------------------------------------------------------------------------------------------------------------------------------------------------------
Train Iter:[0  /52] CauLoss:[0.8523], AdvLoss:[0.1342]
Train Iter:[13 /52] CauLoss:[0.8916], AdvLoss:[0.1723]
Train Iter:[26 /52] CauLoss:[0.8780], AdvLoss:[0.1616]
Train Iter:[39 /52] CauLoss:[0.8706], AdvLoss:[0.1555]
--------------------------------------------------------------------------------------------------------------------------------------------------------------------------------------------------------
Epoch:[63/100], CauAdvLoss:[0.9331/0.1476] valid:[83.09], test:[77.84]
--------------------------------------------------------------------------------------------------------------------------------------------------------------------------------------------------------
Train Iter:[0  /52] CauLoss:[0.8346], AdvLoss:[0.1264]
Train Iter:[13 /52] CauLoss:[0.8275], AdvLoss:[0.1424]
Train Iter:[26 /52] CauLoss:[0.8835], AdvLoss:[0.1489]
Train Iter:[39 /52] CauLoss:[0.8741], AdvLoss:[0.1472]
--------------------------------------------------------------------------------------------------------------------------------------------------------------------------------------------------------
Epoch:[64/100], CauAdvLoss:[0.9613/0.1652] valid:[83.18], test:[78.69]
--------------------------------------------------------------------------------------------------------------------------------------------------------------------------------------------------------
Train Iter:[0  /52] CauLoss:[0.8654], AdvLoss:[0.0759]
Train Iter:[13 /52] CauLoss:[0.8611], AdvLoss:[0.1382]
Train Iter:[26 /52] CauLoss:[0.8598], AdvLoss:[0.1452]
Train Iter:[39 /52] CauLoss:[0.8879], AdvLoss:[0.1523]
--------------------------------------------------------------------------------------------------------------------------------------------------------------------------------------------------------
Epoch:[65/100], CauAdvLoss:[0.8726/0.1462] valid:[82.43], test:[75.83]
--------------------------------------------------------------------------------------------------------------------------------------------------------------------------------------------------------
Train Iter:[0  /52] CauLoss:[0.7972], AdvLoss:[0.1436]
Train Iter:[13 /52] CauLoss:[0.8519], AdvLoss:[0.1424]
Train Iter:[26 /52] CauLoss:[0.8588], AdvLoss:[0.1483]
Train Iter:[39 /52] CauLoss:[0.8348], AdvLoss:[0.1415]
--------------------------------------------------------------------------------------------------------------------------------------------------------------------------------------------------------
Epoch:[66/100], CauAdvLoss:[0.8626/0.1483] valid:[80.45], test:[74.29]
--------------------------------------------------------------------------------------------------------------------------------------------------------------------------------------------------------
Train Iter:[0  /52] CauLoss:[0.6854], AdvLoss:[0.0654]
Train Iter:[13 /52] CauLoss:[0.9181], AdvLoss:[0.1802]
Train Iter:[26 /52] CauLoss:[0.8767], AdvLoss:[0.1559]
Train Iter:[39 /52] CauLoss:[0.8779], AdvLoss:[0.1489]
--------------------------------------------------------------------------------------------------------------------------------------------------------------------------------------------------------
Epoch:[67/100], CauAdvLoss:[0.8623/0.1416] valid:[82.73], test:[76.72]
--------------------------------------------------------------------------------------------------------------------------------------------------------------------------------------------------------
Train Iter:[0  /52] CauLoss:[0.7520], AdvLoss:[0.1528]
Train Iter:[13 /52] CauLoss:[0.7795], AdvLoss:[0.1319]
Train Iter:[26 /52] CauLoss:[0.8082], AdvLoss:[0.1367]
Train Iter:[39 /52] CauLoss:[0.8276], AdvLoss:[0.1413]
--------------------------------------------------------------------------------------------------------------------------------------------------------------------------------------------------------
Epoch:[68/100], CauAdvLoss:[0.8244/0.1354] valid:[82.43], test:[77.26]
--------------------------------------------------------------------------------------------------------------------------------------------------------------------------------------------------------
Train Iter:[0  /52] CauLoss:[0.8367], AdvLoss:[0.0856]
Train Iter:[13 /52] CauLoss:[0.9508], AdvLoss:[0.1629]
Train Iter:[26 /52] CauLoss:[0.8983], AdvLoss:[0.1515]
Train Iter:[39 /52] CauLoss:[0.8628], AdvLoss:[0.1435]
--------------------------------------------------------------------------------------------------------------------------------------------------------------------------------------------------------
Epoch:[69/100], CauAdvLoss:[0.8625/0.1386] valid:[83.18], test:[78.61]
--------------------------------------------------------------------------------------------------------------------------------------------------------------------------------------------------------
Train Iter:[0  /52] CauLoss:[0.8863], AdvLoss:[0.2090]
Train Iter:[13 /52] CauLoss:[0.8224], AdvLoss:[0.1392]
Train Iter:[26 /52] CauLoss:[0.8108], AdvLoss:[0.1426]
Train Iter:[39 /52] CauLoss:[0.8174], AdvLoss:[0.1427]
--------------------------------------------------------------------------------------------------------------------------------------------------------------------------------------------------------
Epoch:[70/100], CauAdvLoss:[0.8106/0.1345] valid:[83.18], test:[77.14]
--------------------------------------------------------------------------------------------------------------------------------------------------------------------------------------------------------
Train Iter:[0  /52] CauLoss:[0.9665], AdvLoss:[0.1672]
Train Iter:[13 /52] CauLoss:[0.8306], AdvLoss:[0.1362]
Train Iter:[26 /52] CauLoss:[0.8294], AdvLoss:[0.1445]
Train Iter:[39 /52] CauLoss:[0.8490], AdvLoss:[0.1413]
--------------------------------------------------------------------------------------------------------------------------------------------------------------------------------------------------------
Epoch:[71/100], CauAdvLoss:[0.8308/0.1305] valid:[83.72], test:[78.55]
--------------------------------------------------------------------------------------------------------------------------------------------------------------------------------------------------------
Train Iter:[0  /52] CauLoss:[0.8256], AdvLoss:[0.2302]
Train Iter:[13 /52] CauLoss:[0.9322], AdvLoss:[0.2002]
Train Iter:[26 /52] CauLoss:[0.8591], AdvLoss:[0.1582]
Train Iter:[39 /52] CauLoss:[0.8385], AdvLoss:[0.1508]
--------------------------------------------------------------------------------------------------------------------------------------------------------------------------------------------------------
Epoch:[72/100], CauAdvLoss:[0.9099/0.1414] valid:[84.17], test:[77.99]
--------------------------------------------------------------------------------------------------------------------------------------------------------------------------------------------------------
Train Iter:[0  /52] CauLoss:[0.8296], AdvLoss:[0.0933]
Train Iter:[13 /52] CauLoss:[0.8406], AdvLoss:[0.1478]
Train Iter:[26 /52] CauLoss:[0.8249], AdvLoss:[0.1340]
Train Iter:[39 /52] CauLoss:[0.8181], AdvLoss:[0.1325]
--------------------------------------------------------------------------------------------------------------------------------------------------------------------------------------------------------
Epoch:[73/100], CauAdvLoss:[0.9148/0.1414] valid:[84.02], test:[79.68]
--------------------------------------------------------------------------------------------------------------------------------------------------------------------------------------------------------
Train Iter:[0  /52] CauLoss:[1.0165], AdvLoss:[0.2236]
Train Iter:[13 /52] CauLoss:[0.8236], AdvLoss:[0.1192]
Train Iter:[26 /52] CauLoss:[0.8272], AdvLoss:[0.1223]
Train Iter:[39 /52] CauLoss:[0.8347], AdvLoss:[0.1298]
--------------------------------------------------------------------------------------------------------------------------------------------------------------------------------------------------------
Epoch:[74/100], CauAdvLoss:[0.8267/0.1267] valid:[83.99], test:[78.10]
--------------------------------------------------------------------------------------------------------------------------------------------------------------------------------------------------------
Train Iter:[0  /52] CauLoss:[0.9090], AdvLoss:[0.1519]
Train Iter:[13 /52] CauLoss:[0.8339], AdvLoss:[0.1210]
Train Iter:[26 /52] CauLoss:[0.8295], AdvLoss:[0.1316]
Train Iter:[39 /52] CauLoss:[0.8320], AdvLoss:[0.1342]
--------------------------------------------------------------------------------------------------------------------------------------------------------------------------------------------------------
Epoch:[75/100], CauAdvLoss:[0.8181/0.1245] valid:[83.12], test:[77.14]
--------------------------------------------------------------------------------------------------------------------------------------------------------------------------------------------------------
Train Iter:[0  /52] CauLoss:[0.6766], AdvLoss:[0.0659]
Train Iter:[13 /52] CauLoss:[0.8063], AdvLoss:[0.0977]
Train Iter:[26 /52] CauLoss:[0.7711], AdvLoss:[0.1009]
Train Iter:[39 /52] CauLoss:[0.8224], AdvLoss:[0.1253]
--------------------------------------------------------------------------------------------------------------------------------------------------------------------------------------------------------
Epoch:[76/100], CauAdvLoss:[0.8924/0.1233] valid:[82.85], test:[78.50]
--------------------------------------------------------------------------------------------------------------------------------------------------------------------------------------------------------
Train Iter:[0  /52] CauLoss:[0.5902], AdvLoss:[0.0518]
Train Iter:[13 /52] CauLoss:[0.7649], AdvLoss:[0.1074]
Train Iter:[26 /52] CauLoss:[0.8037], AdvLoss:[0.1233]
Train Iter:[39 /52] CauLoss:[0.8068], AdvLoss:[0.1269]
--------------------------------------------------------------------------------------------------------------------------------------------------------------------------------------------------------
Epoch:[77/100], CauAdvLoss:[0.8178/0.1268] valid:[82.82], test:[78.21]
--------------------------------------------------------------------------------------------------------------------------------------------------------------------------------------------------------
Train Iter:[0  /52] CauLoss:[1.0059], AdvLoss:[0.2767]
Train Iter:[13 /52] CauLoss:[0.8156], AdvLoss:[0.1274]
Train Iter:[26 /52] CauLoss:[0.8108], AdvLoss:[0.1276]
Train Iter:[39 /52] CauLoss:[0.8242], AdvLoss:[0.1246]
--------------------------------------------------------------------------------------------------------------------------------------------------------------------------------------------------------
Epoch:[78/100], CauAdvLoss:[0.8145/0.1249] valid:[82.82], test:[77.11]
--------------------------------------------------------------------------------------------------------------------------------------------------------------------------------------------------------
Train Iter:[0  /52] CauLoss:[0.9602], AdvLoss:[0.0699]
Train Iter:[13 /52] CauLoss:[0.8582], AdvLoss:[0.1366]
Train Iter:[26 /52] CauLoss:[0.8245], AdvLoss:[0.1299]
Train Iter:[39 /52] CauLoss:[0.8272], AdvLoss:[0.1342]
--------------------------------------------------------------------------------------------------------------------------------------------------------------------------------------------------------
Epoch:[79/100], CauAdvLoss:[0.8565/0.1233] valid:[82.88], test:[77.62]
--------------------------------------------------------------------------------------------------------------------------------------------------------------------------------------------------------
Train Iter:[0  /52] CauLoss:[0.7995], AdvLoss:[0.1032]
Train Iter:[13 /52] CauLoss:[0.9046], AdvLoss:[0.1390]
Train Iter:[26 /52] CauLoss:[0.8843], AdvLoss:[0.1318]
Train Iter:[39 /52] CauLoss:[0.8492], AdvLoss:[0.1189]
--------------------------------------------------------------------------------------------------------------------------------------------------------------------------------------------------------
Epoch:[80/100], CauAdvLoss:[0.8452/0.1254] valid:[82.43], test:[76.58]
--------------------------------------------------------------------------------------------------------------------------------------------------------------------------------------------------------
Train Iter:[0  /52] CauLoss:[0.6915], AdvLoss:[0.1298]
Train Iter:[13 /52] CauLoss:[0.8554], AdvLoss:[0.1315]
Train Iter:[26 /52] CauLoss:[0.8317], AdvLoss:[0.1244]
Train Iter:[39 /52] CauLoss:[0.8437], AdvLoss:[0.1297]
--------------------------------------------------------------------------------------------------------------------------------------------------------------------------------------------------------
Epoch:[81/100], CauAdvLoss:[0.8205/0.1214] valid:[82.64], test:[77.06]
--------------------------------------------------------------------------------------------------------------------------------------------------------------------------------------------------------
Train Iter:[0  /52] CauLoss:[0.6408], AdvLoss:[0.0436]
Train Iter:[13 /52] CauLoss:[0.7854], AdvLoss:[0.1192]
Train Iter:[26 /52] CauLoss:[0.7909], AdvLoss:[0.1178]
Train Iter:[39 /52] CauLoss:[0.7786], AdvLoss:[0.1147]
--------------------------------------------------------------------------------------------------------------------------------------------------------------------------------------------------------
Epoch:[82/100], CauAdvLoss:[0.7937/0.1199] valid:[81.92], test:[75.87]
--------------------------------------------------------------------------------------------------------------------------------------------------------------------------------------------------------
Train Iter:[0  /52] CauLoss:[0.8259], AdvLoss:[0.1089]
Train Iter:[13 /52] CauLoss:[0.8406], AdvLoss:[0.1250]
Train Iter:[26 /52] CauLoss:[0.8474], AdvLoss:[0.1195]
Train Iter:[39 /52] CauLoss:[0.8240], AdvLoss:[0.1146]
--------------------------------------------------------------------------------------------------------------------------------------------------------------------------------------------------------
Epoch:[83/100], CauAdvLoss:[0.8187/0.1168] valid:[82.88], test:[77.52]
--------------------------------------------------------------------------------------------------------------------------------------------------------------------------------------------------------
Train Iter:[0  /52] CauLoss:[0.6524], AdvLoss:[0.0445]
Train Iter:[13 /52] CauLoss:[0.8425], AdvLoss:[0.1276]
Train Iter:[26 /52] CauLoss:[0.8654], AdvLoss:[0.1306]
Train Iter:[39 /52] CauLoss:[0.8256], AdvLoss:[0.1217]
--------------------------------------------------------------------------------------------------------------------------------------------------------------------------------------------------------
Epoch:[84/100], CauAdvLoss:[0.8931/0.1136] valid:[83.27], test:[78.66]
--------------------------------------------------------------------------------------------------------------------------------------------------------------------------------------------------------
Train Iter:[0  /52] CauLoss:[0.7029], AdvLoss:[0.0724]
Train Iter:[13 /52] CauLoss:[0.7513], AdvLoss:[0.0917]
Train Iter:[26 /52] CauLoss:[0.7765], AdvLoss:[0.0937]
Train Iter:[39 /52] CauLoss:[0.7793], AdvLoss:[0.1074]
--------------------------------------------------------------------------------------------------------------------------------------------------------------------------------------------------------
Epoch:[85/100], CauAdvLoss:[0.7997/0.1159] valid:[82.82], test:[77.64]
--------------------------------------------------------------------------------------------------------------------------------------------------------------------------------------------------------
Train Iter:[0  /52] CauLoss:[0.7141], AdvLoss:[0.1218]
Train Iter:[13 /52] CauLoss:[0.8139], AdvLoss:[0.1240]
Train Iter:[26 /52] CauLoss:[0.8363], AdvLoss:[0.1158]
Train Iter:[39 /52] CauLoss:[0.8283], AdvLoss:[0.1150]
--------------------------------------------------------------------------------------------------------------------------------------------------------------------------------------------------------
Epoch:[86/100], CauAdvLoss:[0.8218/0.1151] valid:[82.55], test:[77.21]
--------------------------------------------------------------------------------------------------------------------------------------------------------------------------------------------------------
Train Iter:[0  /52] CauLoss:[0.6455], AdvLoss:[0.0535]
Train Iter:[13 /52] CauLoss:[0.7341], AdvLoss:[0.0768]
Train Iter:[26 /52] CauLoss:[0.7571], AdvLoss:[0.0905]
Train Iter:[39 /52] CauLoss:[0.8053], AdvLoss:[0.1186]
--------------------------------------------------------------------------------------------------------------------------------------------------------------------------------------------------------
Epoch:[87/100], CauAdvLoss:[0.7960/0.1129] valid:[82.43], test:[77.59]
--------------------------------------------------------------------------------------------------------------------------------------------------------------------------------------------------------
Train Iter:[0  /52] CauLoss:[1.0101], AdvLoss:[0.2214]
Train Iter:[13 /52] CauLoss:[0.8411], AdvLoss:[0.1153]
Train Iter:[26 /52] CauLoss:[0.8241], AdvLoss:[0.1101]
Train Iter:[39 /52] CauLoss:[0.8235], AdvLoss:[0.1128]
--------------------------------------------------------------------------------------------------------------------------------------------------------------------------------------------------------
Epoch:[88/100], CauAdvLoss:[0.8174/0.1140] valid:[82.25], test:[77.14]
--------------------------------------------------------------------------------------------------------------------------------------------------------------------------------------------------------
Train Iter:[0  /52] CauLoss:[0.6827], AdvLoss:[0.0537]
Train Iter:[13 /52] CauLoss:[0.7771], AdvLoss:[0.1083]
Train Iter:[26 /52] CauLoss:[0.7935], AdvLoss:[0.1188]
Train Iter:[39 /52] CauLoss:[0.7995], AdvLoss:[0.1120]
--------------------------------------------------------------------------------------------------------------------------------------------------------------------------------------------------------
Epoch:[89/100], CauAdvLoss:[0.8754/0.1159] valid:[83.18], test:[77.82]
--------------------------------------------------------------------------------------------------------------------------------------------------------------------------------------------------------
Train Iter:[0  /52] CauLoss:[0.5857], AdvLoss:[0.0323]
Train Iter:[13 /52] CauLoss:[0.7715], AdvLoss:[0.1072]
Train Iter:[26 /52] CauLoss:[0.7789], AdvLoss:[0.1218]
Train Iter:[39 /52] CauLoss:[0.7904], AdvLoss:[0.1196]
--------------------------------------------------------------------------------------------------------------------------------------------------------------------------------------------------------
Epoch:[90/100], CauAdvLoss:[0.7835/0.1124] valid:[82.55], test:[77.53]
--------------------------------------------------------------------------------------------------------------------------------------------------------------------------------------------------------
Train Iter:[0  /52] CauLoss:[0.9500], AdvLoss:[0.2449]
Train Iter:[13 /52] CauLoss:[0.8319], AdvLoss:[0.1323]
Train Iter:[26 /52] CauLoss:[0.7925], AdvLoss:[0.1195]
Train Iter:[39 /52] CauLoss:[0.8120], AdvLoss:[0.1223]
--------------------------------------------------------------------------------------------------------------------------------------------------------------------------------------------------------
Epoch:[91/100], CauAdvLoss:[0.7960/0.1129] valid:[83.15], test:[77.94]
--------------------------------------------------------------------------------------------------------------------------------------------------------------------------------------------------------
Train Iter:[0  /52] CauLoss:[0.6692], AdvLoss:[0.0731]
Train Iter:[13 /52] CauLoss:[0.7991], AdvLoss:[0.1275]
Train Iter:[26 /52] CauLoss:[0.7676], AdvLoss:[0.1189]
Train Iter:[39 /52] CauLoss:[0.7670], AdvLoss:[0.1152]
--------------------------------------------------------------------------------------------------------------------------------------------------------------------------------------------------------
Epoch:[92/100], CauAdvLoss:[0.7684/0.1112] valid:[81.95], test:[76.50]
--------------------------------------------------------------------------------------------------------------------------------------------------------------------------------------------------------
Train Iter:[0  /52] CauLoss:[0.8102], AdvLoss:[0.1533]
Train Iter:[13 /52] CauLoss:[0.7488], AdvLoss:[0.1212]
Train Iter:[26 /52] CauLoss:[0.7698], AdvLoss:[0.1191]
Train Iter:[39 /52] CauLoss:[0.7812], AdvLoss:[0.1154]
--------------------------------------------------------------------------------------------------------------------------------------------------------------------------------------------------------
Epoch:[93/100], CauAdvLoss:[0.7677/0.1116] valid:[82.13], test:[76.70]
--------------------------------------------------------------------------------------------------------------------------------------------------------------------------------------------------------
Train Iter:[0  /52] CauLoss:[0.9529], AdvLoss:[0.1824]
Train Iter:[13 /52] CauLoss:[0.8344], AdvLoss:[0.1211]
Train Iter:[26 /52] CauLoss:[0.8251], AdvLoss:[0.1152]
Train Iter:[39 /52] CauLoss:[0.8127], AdvLoss:[0.1155]
--------------------------------------------------------------------------------------------------------------------------------------------------------------------------------------------------------
Epoch:[94/100], CauAdvLoss:[0.8861/0.1141] valid:[82.88], test:[78.55]
--------------------------------------------------------------------------------------------------------------------------------------------------------------------------------------------------------
Train Iter:[0  /52] CauLoss:[0.6077], AdvLoss:[0.0635]
Train Iter:[13 /52] CauLoss:[0.7375], AdvLoss:[0.1024]
Train Iter:[26 /52] CauLoss:[0.7647], AdvLoss:[0.1009]
Train Iter:[39 /52] CauLoss:[0.7731], AdvLoss:[0.1050]
--------------------------------------------------------------------------------------------------------------------------------------------------------------------------------------------------------
Epoch:[95/100], CauAdvLoss:[0.7832/0.1147] valid:[81.02], test:[75.82]
--------------------------------------------------------------------------------------------------------------------------------------------------------------------------------------------------------
Train Iter:[0  /52] CauLoss:[0.6171], AdvLoss:[0.0455]
Train Iter:[13 /52] CauLoss:[0.7124], AdvLoss:[0.0827]
Train Iter:[26 /52] CauLoss:[0.7613], AdvLoss:[0.1018]
Train Iter:[39 /52] CauLoss:[0.7822], AdvLoss:[0.1112]
--------------------------------------------------------------------------------------------------------------------------------------------------------------------------------------------------------
Epoch:[96/100], CauAdvLoss:[0.9158/0.1772] valid:[82.67], test:[77.40]
--------------------------------------------------------------------------------------------------------------------------------------------------------------------------------------------------------
Train Iter:[0  /52] CauLoss:[0.8345], AdvLoss:[0.2411]
Train Iter:[13 /52] CauLoss:[0.7655], AdvLoss:[0.1106]
Train Iter:[26 /52] CauLoss:[0.7634], AdvLoss:[0.0952]
Train Iter:[39 /52] CauLoss:[0.7897], AdvLoss:[0.1123]
--------------------------------------------------------------------------------------------------------------------------------------------------------------------------------------------------------
Epoch:[97/100], CauAdvLoss:[0.7927/0.1122] valid:[82.49], test:[77.45]
--------------------------------------------------------------------------------------------------------------------------------------------------------------------------------------------------------
Train Iter:[0  /52] CauLoss:[0.6779], AdvLoss:[0.0542]
Train Iter:[13 /52] CauLoss:[0.7894], AdvLoss:[0.1189]
Train Iter:[26 /52] CauLoss:[0.7501], AdvLoss:[0.1006]
Train Iter:[39 /52] CauLoss:[0.7742], AdvLoss:[0.1083]
--------------------------------------------------------------------------------------------------------------------------------------------------------------------------------------------------------
Epoch:[98/100], CauAdvLoss:[0.7864/0.1122] valid:[82.49], test:[77.50]
--------------------------------------------------------------------------------------------------------------------------------------------------------------------------------------------------------
Train Iter:[0  /52] CauLoss:[0.7327], AdvLoss:[0.1650]
Train Iter:[13 /52] CauLoss:[0.7734], AdvLoss:[0.1067]
Train Iter:[26 /52] CauLoss:[0.7672], AdvLoss:[0.1097]
Train Iter:[39 /52] CauLoss:[0.7726], AdvLoss:[0.1129]
--------------------------------------------------------------------------------------------------------------------------------------------------------------------------------------------------------
Epoch:[99/100], CauAdvLoss:[0.7752/0.1090] valid:[82.52], test:[77.45]
--------------------------------------------------------------------------------------------------------------------------------------------------------------------------------------------------------
Train Iter:[0  /52] CauLoss:[0.6067], AdvLoss:[0.0381]
Train Iter:[13 /52] CauLoss:[0.7389], AdvLoss:[0.0891]
Train Iter:[26 /52] CauLoss:[0.7258], AdvLoss:[0.0927]
Train Iter:[39 /52] CauLoss:[0.7739], AdvLoss:[0.1102]
--------------------------------------------------------------------------------------------------------------------------------------------------------------------------------------------------------
Epoch:[100/100], CauAdvLoss:[0.8794/0.1209] valid:[83.09], test:[78.13]
--------------------------------------------------------------------------------------------------------------------------------------------------------------------------------------------------------
Update test:[77.99] at epoch:[72] | Total time:00:03:26
finall: Test ACC OOD: [77.56±3.86]
ALL OOD:[0.6792929292929293, 0.8018252933507171, 0.8030726256983239, 0.7777053455019557, 0.7829204693611472, 0.8053741838272225, 0.7340286831812256, 0.8145065398335315, 0.7774880486744893, 0.7799319727891157]
