/opt/conda/envs/aia310/lib/python3.10/site-packages/outdated/__init__.py:36: UserWarning: pkg_resources is deprecated as an API. See https://setuptools.pypa.io/en/latest/pkg_resources.html. The pkg_resources package is slated for removal as early as 2025-11-30. Refrain from using this package or pin to Setuptools<81.
  from pkg_resources import parse_version
initw_name...............................................................kaiming
data_dir.................................................................dataset
ckpt.......................................................................False
emb_dim......................................................................128
seed.........................................................................123
test_epoch.....................................................................0
fro_layer......................................................................2
cau_gamma....................................................................0.1
lr_min.....................................................................1e-06
adv_gamma_node...............................................................1.0
adv_gamma_edge...............................................................1.0
adv_dis......................................................................0.5
adv_reg......................................................................0.5
cau_reg......................................................................0.5
causaler_time..................................................................1
attacker_time..................................................................1
epochs.......................................................................100
lr_decay.....................................................................150
causaler_lr................................................................0.001
attacker_lr.................................................................0.01
l2reg......................................................................5e-06
the............................................................................0
lr_gamma.....................................................................0.1
lr_scheduler................................................................None
milestones.........................................................[3703, 16, 6]
device.........................................................................0
domain..................................................................scaffold
batch_size....................................................................32
dataset......................................................................hiv
trails........................................................................10

/workspace/AIA/Molhiv/GOOD/data/good_datasets/good_hiv.py:410: UserWarning: It is not recommended to directly access the internal storage format `data` of an 'InMemoryDataset'. The data of the dataset is already cached, so any modifications to `data` will not be reflected when accessing its elements. Clearing the cache now by removing all elements in `dataset._data_list`. If you are absolutely certain what you are doing, access the internal storage via `InMemoryDataset._data` instead to suppress this warning. Alternatively, you can access stacked individual attributes of every graph via `dataset.{attr_name}`.
  meta_info.num_envs = torch.unique(train_dataset.data.env_id).shape[0]
/workspace/AIA/Molhiv/GOOD/data/good_datasets/good_hiv.py:414: UserWarning: It is not recommended to directly access the internal storage format `data` of an 'InMemoryDataset'. If you are absolutely certain what you are doing, access the internal storage via `InMemoryDataset._data` instead to suppress this warning. Alternatively, you can access stacked individual attributes of every graph via `dataset.{attr_name}`.
  meta_info.num_classes = train_dataset.data.y.shape[1]
initialize network with kaiming
Train Iter:[0  /772] CauLoss:[2.7013], AdvLoss:[-89.0046]
Train Iter:[193/772] CauLoss:[1.3893], AdvLoss:[-0.3625]
Train Iter:[386/772] CauLoss:[1.3218], AdvLoss:[-0.1043]
Train Iter:[579/772] CauLoss:[1.3019], AdvLoss:[-0.0130]
--------------------------------------------------------------------------------------------------------------------------------------------------------------------------------------------------------
Epoch:[1/100], CauAdvLoss:[1.2930/0.0305] valid:[71.65], test:[64.39]
--------------------------------------------------------------------------------------------------------------------------------------------------------------------------------------------------------
Train Iter:[0  /772] CauLoss:[1.0199], AdvLoss:[0.0455]
Train Iter:[193/772] CauLoss:[1.2393], AdvLoss:[0.1499]
Train Iter:[386/772] CauLoss:[1.2436], AdvLoss:[0.1584]
Train Iter:[579/772] CauLoss:[1.2427], AdvLoss:[0.1570]
--------------------------------------------------------------------------------------------------------------------------------------------------------------------------------------------------------
Epoch:[2/100], CauAdvLoss:[1.2360/0.1532] valid:[73.65], test:[61.60]
--------------------------------------------------------------------------------------------------------------------------------------------------------------------------------------------------------
Train Iter:[0  /772] CauLoss:[1.2796], AdvLoss:[0.1439]
Train Iter:[193/772] CauLoss:[1.2053], AdvLoss:[0.1375]
Train Iter:[386/772] CauLoss:[1.2176], AdvLoss:[0.1429]
Train Iter:[579/772] CauLoss:[1.2189], AdvLoss:[0.1444]
--------------------------------------------------------------------------------------------------------------------------------------------------------------------------------------------------------
Epoch:[3/100], CauAdvLoss:[1.2228/0.1472] valid:[75.67], test:[60.67]
--------------------------------------------------------------------------------------------------------------------------------------------------------------------------------------------------------
Train Iter:[0  /772] CauLoss:[0.9893], AdvLoss:[0.0209]
Train Iter:[193/772] CauLoss:[1.2106], AdvLoss:[0.1387]
Train Iter:[386/772] CauLoss:[1.2032], AdvLoss:[0.1375]
Train Iter:[579/772] CauLoss:[1.2069], AdvLoss:[0.1403]
--------------------------------------------------------------------------------------------------------------------------------------------------------------------------------------------------------
Epoch:[4/100], CauAdvLoss:[1.2108/0.1426] valid:[76.90], test:[66.82]
--------------------------------------------------------------------------------------------------------------------------------------------------------------------------------------------------------
Train Iter:[0  /772] CauLoss:[1.4481], AdvLoss:[0.2281]
Train Iter:[193/772] CauLoss:[1.2194], AdvLoss:[0.1474]
Train Iter:[386/772] CauLoss:[1.2044], AdvLoss:[0.1383]
Train Iter:[579/772] CauLoss:[1.2043], AdvLoss:[0.1412]
--------------------------------------------------------------------------------------------------------------------------------------------------------------------------------------------------------
Epoch:[5/100], CauAdvLoss:[1.2009/0.1394] valid:[72.09], test:[62.18]
--------------------------------------------------------------------------------------------------------------------------------------------------------------------------------------------------------
Train Iter:[0  /772] CauLoss:[1.0153], AdvLoss:[0.0279]
Train Iter:[193/772] CauLoss:[1.1681], AdvLoss:[0.1203]
Train Iter:[386/772] CauLoss:[1.1855], AdvLoss:[0.1282]
Train Iter:[579/772] CauLoss:[1.1920], AdvLoss:[0.1324]
--------------------------------------------------------------------------------------------------------------------------------------------------------------------------------------------------------
Epoch:[6/100], CauAdvLoss:[1.1947/0.1343] valid:[74.96], test:[64.74]
--------------------------------------------------------------------------------------------------------------------------------------------------------------------------------------------------------
Train Iter:[0  /772] CauLoss:[1.2194], AdvLoss:[0.1802]
Train Iter:[193/772] CauLoss:[1.1548], AdvLoss:[0.1168]
Train Iter:[386/772] CauLoss:[1.1672], AdvLoss:[0.1244]
Train Iter:[579/772] CauLoss:[1.1799], AdvLoss:[0.1306]
--------------------------------------------------------------------------------------------------------------------------------------------------------------------------------------------------------
Epoch:[7/100], CauAdvLoss:[1.1835/0.1344] valid:[77.77], test:[67.99]
--------------------------------------------------------------------------------------------------------------------------------------------------------------------------------------------------------
Train Iter:[0  /772] CauLoss:[1.3446], AdvLoss:[0.2179]
Train Iter:[193/772] CauLoss:[1.1719], AdvLoss:[0.1281]
Train Iter:[386/772] CauLoss:[1.1700], AdvLoss:[0.1262]
Train Iter:[579/772] CauLoss:[1.1756], AdvLoss:[0.1294]
--------------------------------------------------------------------------------------------------------------------------------------------------------------------------------------------------------
Epoch:[8/100], CauAdvLoss:[1.1755/0.1314] valid:[76.30], test:[68.81]
--------------------------------------------------------------------------------------------------------------------------------------------------------------------------------------------------------
Train Iter:[0  /772] CauLoss:[0.9879], AdvLoss:[0.0259]
Train Iter:[193/772] CauLoss:[1.1647], AdvLoss:[0.1304]
Train Iter:[386/772] CauLoss:[1.1674], AdvLoss:[0.1284]
Train Iter:[579/772] CauLoss:[1.1702], AdvLoss:[0.1286]
--------------------------------------------------------------------------------------------------------------------------------------------------------------------------------------------------------
Epoch:[9/100], CauAdvLoss:[1.1722/0.1294] valid:[74.08], test:[63.36]
--------------------------------------------------------------------------------------------------------------------------------------------------------------------------------------------------------
Train Iter:[0  /772] CauLoss:[0.9788], AdvLoss:[0.0321]
Train Iter:[193/772] CauLoss:[1.1476], AdvLoss:[0.1151]
Train Iter:[386/772] CauLoss:[1.1556], AdvLoss:[0.1196]
Train Iter:[579/772] CauLoss:[1.1660], AdvLoss:[0.1253]
--------------------------------------------------------------------------------------------------------------------------------------------------------------------------------------------------------
Epoch:[10/100], CauAdvLoss:[1.1654/0.1242] valid:[75.68], test:[66.40]
--------------------------------------------------------------------------------------------------------------------------------------------------------------------------------------------------------
Train Iter:[0  /772] CauLoss:[1.7325], AdvLoss:[0.3098]
Train Iter:[193/772] CauLoss:[1.1768], AdvLoss:[0.1269]
Train Iter:[386/772] CauLoss:[1.1800], AdvLoss:[0.1292]
Train Iter:[579/772] CauLoss:[1.1749], AdvLoss:[0.1269]
--------------------------------------------------------------------------------------------------------------------------------------------------------------------------------------------------------
Epoch:[11/100], CauAdvLoss:[1.1655/0.1225] valid:[75.29], test:[64.90]
--------------------------------------------------------------------------------------------------------------------------------------------------------------------------------------------------------
Train Iter:[0  /772] CauLoss:[1.6345], AdvLoss:[0.2777]
Train Iter:[193/772] CauLoss:[1.1598], AdvLoss:[0.1196]
Train Iter:[386/772] CauLoss:[1.1513], AdvLoss:[0.1166]
Train Iter:[579/772] CauLoss:[1.1557], AdvLoss:[0.1184]
--------------------------------------------------------------------------------------------------------------------------------------------------------------------------------------------------------
Epoch:[12/100], CauAdvLoss:[1.1607/0.1220] valid:[74.82], test:[63.18]
--------------------------------------------------------------------------------------------------------------------------------------------------------------------------------------------------------
Train Iter:[0  /772] CauLoss:[1.3601], AdvLoss:[0.2273]
Train Iter:[193/772] CauLoss:[1.1499], AdvLoss:[0.1178]
Train Iter:[386/772] CauLoss:[1.1601], AdvLoss:[0.1233]
Train Iter:[579/772] CauLoss:[1.1573], AdvLoss:[0.1221]
--------------------------------------------------------------------------------------------------------------------------------------------------------------------------------------------------------
Epoch:[13/100], CauAdvLoss:[1.1532/0.1195] valid:[75.63], test:[63.98]
--------------------------------------------------------------------------------------------------------------------------------------------------------------------------------------------------------
Train Iter:[0  /772] CauLoss:[1.0003], AdvLoss:[0.0391]
Train Iter:[193/772] CauLoss:[1.1532], AdvLoss:[0.1185]
Train Iter:[386/772] CauLoss:[1.1524], AdvLoss:[0.1178]
Train Iter:[579/772] CauLoss:[1.1514], AdvLoss:[0.1180]
--------------------------------------------------------------------------------------------------------------------------------------------------------------------------------------------------------
Epoch:[14/100], CauAdvLoss:[1.1525/0.1184] valid:[75.37], test:[65.08]
--------------------------------------------------------------------------------------------------------------------------------------------------------------------------------------------------------
Train Iter:[0  /772] CauLoss:[0.9761], AdvLoss:[0.0316]
Train Iter:[193/772] CauLoss:[1.1706], AdvLoss:[0.1325]
Train Iter:[386/772] CauLoss:[1.1561], AdvLoss:[0.1237]
Train Iter:[579/772] CauLoss:[1.1497], AdvLoss:[0.1201]
--------------------------------------------------------------------------------------------------------------------------------------------------------------------------------------------------------
Epoch:[15/100], CauAdvLoss:[1.1475/0.1182] valid:[74.60], test:[66.36]
--------------------------------------------------------------------------------------------------------------------------------------------------------------------------------------------------------
Train Iter:[0  /772] CauLoss:[0.9757], AdvLoss:[0.0213]
Train Iter:[193/772] CauLoss:[1.1511], AdvLoss:[0.1228]
Train Iter:[386/772] CauLoss:[1.1427], AdvLoss:[0.1167]
Train Iter:[579/772] CauLoss:[1.1455], AdvLoss:[0.1171]
--------------------------------------------------------------------------------------------------------------------------------------------------------------------------------------------------------
Epoch:[16/100], CauAdvLoss:[1.1473/0.1179] valid:[72.59], test:[64.67]
--------------------------------------------------------------------------------------------------------------------------------------------------------------------------------------------------------
Train Iter:[0  /772] CauLoss:[0.9829], AdvLoss:[0.0209]
Train Iter:[193/772] CauLoss:[1.1275], AdvLoss:[0.1055]
Train Iter:[386/772] CauLoss:[1.1429], AdvLoss:[0.1128]
Train Iter:[579/772] CauLoss:[1.1466], AdvLoss:[0.1143]
--------------------------------------------------------------------------------------------------------------------------------------------------------------------------------------------------------
Epoch:[17/100], CauAdvLoss:[1.1473/0.1148] valid:[76.31], test:[62.63]
--------------------------------------------------------------------------------------------------------------------------------------------------------------------------------------------------------
Train Iter:[0  /772] CauLoss:[0.9848], AdvLoss:[0.0161]
Train Iter:[193/772] CauLoss:[1.1535], AdvLoss:[0.1204]
Train Iter:[386/772] CauLoss:[1.1464], AdvLoss:[0.1168]
Train Iter:[579/772] CauLoss:[1.1413], AdvLoss:[0.1139]
--------------------------------------------------------------------------------------------------------------------------------------------------------------------------------------------------------
Epoch:[18/100], CauAdvLoss:[1.1403/0.1138] valid:[75.69], test:[62.64]
--------------------------------------------------------------------------------------------------------------------------------------------------------------------------------------------------------
Train Iter:[0  /772] CauLoss:[1.0326], AdvLoss:[0.0495]
Train Iter:[193/772] CauLoss:[1.1466], AdvLoss:[0.1166]
Train Iter:[386/772] CauLoss:[1.1369], AdvLoss:[0.1131]
Train Iter:[579/772] CauLoss:[1.1372], AdvLoss:[0.1137]
--------------------------------------------------------------------------------------------------------------------------------------------------------------------------------------------------------
Epoch:[19/100], CauAdvLoss:[1.1357/0.1125] valid:[75.97], test:[65.29]
--------------------------------------------------------------------------------------------------------------------------------------------------------------------------------------------------------
Train Iter:[0  /772] CauLoss:[1.1341], AdvLoss:[0.1081]
Train Iter:[193/772] CauLoss:[1.1265], AdvLoss:[0.1087]
Train Iter:[386/772] CauLoss:[1.1198], AdvLoss:[0.1029]
Train Iter:[579/772] CauLoss:[1.1285], AdvLoss:[0.1079]
--------------------------------------------------------------------------------------------------------------------------------------------------------------------------------------------------------
Epoch:[20/100], CauAdvLoss:[1.1373/0.1124] valid:[77.21], test:[65.28]
--------------------------------------------------------------------------------------------------------------------------------------------------------------------------------------------------------
Train Iter:[0  /772] CauLoss:[1.0245], AdvLoss:[0.0435]
Train Iter:[193/772] CauLoss:[1.1607], AdvLoss:[0.1197]
Train Iter:[386/772] CauLoss:[1.1410], AdvLoss:[0.1117]
Train Iter:[579/772] CauLoss:[1.1369], AdvLoss:[0.1099]
--------------------------------------------------------------------------------------------------------------------------------------------------------------------------------------------------------
Epoch:[21/100], CauAdvLoss:[1.1356/0.1095] valid:[77.56], test:[63.49]
--------------------------------------------------------------------------------------------------------------------------------------------------------------------------------------------------------
Train Iter:[0  /772] CauLoss:[1.0244], AdvLoss:[0.0671]
Train Iter:[193/772] CauLoss:[1.1093], AdvLoss:[0.0966]
Train Iter:[386/772] CauLoss:[1.1324], AdvLoss:[0.1081]
Train Iter:[579/772] CauLoss:[1.1317], AdvLoss:[0.1082]
--------------------------------------------------------------------------------------------------------------------------------------------------------------------------------------------------------
Epoch:[22/100], CauAdvLoss:[1.1335/0.1092] valid:[76.40], test:[65.02]
--------------------------------------------------------------------------------------------------------------------------------------------------------------------------------------------------------
Train Iter:[0  /772] CauLoss:[1.2647], AdvLoss:[0.1615]
Train Iter:[193/772] CauLoss:[1.1161], AdvLoss:[0.0975]
Train Iter:[386/772] CauLoss:[1.1275], AdvLoss:[0.1058]
Train Iter:[579/772] CauLoss:[1.1322], AdvLoss:[0.1092]
--------------------------------------------------------------------------------------------------------------------------------------------------------------------------------------------------------
Epoch:[23/100], CauAdvLoss:[1.1322/0.1093] valid:[78.52], test:[70.47]
--------------------------------------------------------------------------------------------------------------------------------------------------------------------------------------------------------
Train Iter:[0  /772] CauLoss:[1.1029], AdvLoss:[0.0720]
Train Iter:[193/772] CauLoss:[1.1142], AdvLoss:[0.0988]
Train Iter:[386/772] CauLoss:[1.1320], AdvLoss:[0.1080]
Train Iter:[579/772] CauLoss:[1.1328], AdvLoss:[0.1082]
--------------------------------------------------------------------------------------------------------------------------------------------------------------------------------------------------------
Epoch:[24/100], CauAdvLoss:[1.1331/0.1083] valid:[77.01], test:[66.46]
--------------------------------------------------------------------------------------------------------------------------------------------------------------------------------------------------------
Train Iter:[0  /772] CauLoss:[1.1081], AdvLoss:[0.0580]
Train Iter:[193/772] CauLoss:[1.1187], AdvLoss:[0.1011]
Train Iter:[386/772] CauLoss:[1.1264], AdvLoss:[0.1056]
Train Iter:[579/772] CauLoss:[1.1320], AdvLoss:[0.1084]
--------------------------------------------------------------------------------------------------------------------------------------------------------------------------------------------------------
Epoch:[25/100], CauAdvLoss:[1.1293/0.1070] valid:[76.62], test:[62.81]
--------------------------------------------------------------------------------------------------------------------------------------------------------------------------------------------------------
Train Iter:[0  /772] CauLoss:[0.9743], AdvLoss:[0.0102]
Train Iter:[193/772] CauLoss:[1.1433], AdvLoss:[0.1101]
Train Iter:[386/772] CauLoss:[1.1376], AdvLoss:[0.1096]
Train Iter:[579/772] CauLoss:[1.1248], AdvLoss:[0.1064]
--------------------------------------------------------------------------------------------------------------------------------------------------------------------------------------------------------
Epoch:[26/100], CauAdvLoss:[1.1260/0.1075] valid:[76.49], test:[61.74]
--------------------------------------------------------------------------------------------------------------------------------------------------------------------------------------------------------
Train Iter:[0  /772] CauLoss:[1.5471], AdvLoss:[0.2803]
Train Iter:[193/772] CauLoss:[1.1210], AdvLoss:[0.1044]
Train Iter:[386/772] CauLoss:[1.1286], AdvLoss:[0.1095]
Train Iter:[579/772] CauLoss:[1.1275], AdvLoss:[0.1085]
--------------------------------------------------------------------------------------------------------------------------------------------------------------------------------------------------------
Epoch:[27/100], CauAdvLoss:[1.1272/0.1087] valid:[74.40], test:[59.42]
--------------------------------------------------------------------------------------------------------------------------------------------------------------------------------------------------------
Train Iter:[0  /772] CauLoss:[1.4197], AdvLoss:[0.3566]
Train Iter:[193/772] CauLoss:[1.1222], AdvLoss:[0.1064]
Train Iter:[386/772] CauLoss:[1.1213], AdvLoss:[0.1045]
Train Iter:[579/772] CauLoss:[1.1269], AdvLoss:[0.1069]
--------------------------------------------------------------------------------------------------------------------------------------------------------------------------------------------------------
Epoch:[28/100], CauAdvLoss:[1.1224/0.1047] valid:[76.36], test:[68.02]
--------------------------------------------------------------------------------------------------------------------------------------------------------------------------------------------------------
Train Iter:[0  /772] CauLoss:[0.9712], AdvLoss:[0.0082]
Train Iter:[193/772] CauLoss:[1.1196], AdvLoss:[0.0985]
Train Iter:[386/772] CauLoss:[1.1140], AdvLoss:[0.0984]
Train Iter:[579/772] CauLoss:[1.1210], AdvLoss:[0.1019]
--------------------------------------------------------------------------------------------------------------------------------------------------------------------------------------------------------
Epoch:[29/100], CauAdvLoss:[1.1254/0.1044] valid:[77.77], test:[65.74]
--------------------------------------------------------------------------------------------------------------------------------------------------------------------------------------------------------
Train Iter:[0  /772] CauLoss:[1.1505], AdvLoss:[0.1438]
Train Iter:[193/772] CauLoss:[1.1019], AdvLoss:[0.0925]
Train Iter:[386/772] CauLoss:[1.1172], AdvLoss:[0.1007]
Train Iter:[579/772] CauLoss:[1.1158], AdvLoss:[0.1014]
--------------------------------------------------------------------------------------------------------------------------------------------------------------------------------------------------------
Epoch:[30/100], CauAdvLoss:[1.1198/0.1039] valid:[74.88], test:[61.46]
--------------------------------------------------------------------------------------------------------------------------------------------------------------------------------------------------------
Train Iter:[0  /772] CauLoss:[0.9588], AdvLoss:[0.0097]
Train Iter:[193/772] CauLoss:[1.1111], AdvLoss:[0.0973]
Train Iter:[386/772] CauLoss:[1.1223], AdvLoss:[0.1034]
Train Iter:[579/772] CauLoss:[1.1229], AdvLoss:[0.1047]
--------------------------------------------------------------------------------------------------------------------------------------------------------------------------------------------------------
Epoch:[31/100], CauAdvLoss:[1.1244/0.1050] valid:[75.63], test:[64.29]
--------------------------------------------------------------------------------------------------------------------------------------------------------------------------------------------------------
Train Iter:[0  /772] CauLoss:[0.9594], AdvLoss:[0.0122]
Train Iter:[193/772] CauLoss:[1.1082], AdvLoss:[0.0980]
Train Iter:[386/772] CauLoss:[1.1153], AdvLoss:[0.1010]
Train Iter:[579/772] CauLoss:[1.1120], AdvLoss:[0.1004]
--------------------------------------------------------------------------------------------------------------------------------------------------------------------------------------------------------
Epoch:[32/100], CauAdvLoss:[1.1174/0.1026] valid:[76.00], test:[59.75]
--------------------------------------------------------------------------------------------------------------------------------------------------------------------------------------------------------
Train Iter:[0  /772] CauLoss:[1.2847], AdvLoss:[0.1765]
Train Iter:[193/772] CauLoss:[1.1105], AdvLoss:[0.1004]
Train Iter:[386/772] CauLoss:[1.1082], AdvLoss:[0.0983]
Train Iter:[579/772] CauLoss:[1.1108], AdvLoss:[0.1017]
--------------------------------------------------------------------------------------------------------------------------------------------------------------------------------------------------------
Epoch:[33/100], CauAdvLoss:[1.1161/0.1045] valid:[76.55], test:[67.86]
--------------------------------------------------------------------------------------------------------------------------------------------------------------------------------------------------------
Train Iter:[0  /772] CauLoss:[1.2848], AdvLoss:[0.1873]
Train Iter:[193/772] CauLoss:[1.1063], AdvLoss:[0.0981]
Train Iter:[386/772] CauLoss:[1.1013], AdvLoss:[0.0967]
Train Iter:[579/772] CauLoss:[1.1092], AdvLoss:[0.0992]
--------------------------------------------------------------------------------------------------------------------------------------------------------------------------------------------------------
Epoch:[34/100], CauAdvLoss:[1.1172/0.1029] valid:[76.78], test:[66.46]
--------------------------------------------------------------------------------------------------------------------------------------------------------------------------------------------------------
Train Iter:[0  /772] CauLoss:[0.9916], AdvLoss:[0.0218]
Train Iter:[193/772] CauLoss:[1.1034], AdvLoss:[0.0955]
Train Iter:[386/772] CauLoss:[1.1084], AdvLoss:[0.0963]
Train Iter:[579/772] CauLoss:[1.1089], AdvLoss:[0.0970]
--------------------------------------------------------------------------------------------------------------------------------------------------------------------------------------------------------
Epoch:[35/100], CauAdvLoss:[1.1160/0.1015] valid:[77.24], test:[63.03]
--------------------------------------------------------------------------------------------------------------------------------------------------------------------------------------------------------
Train Iter:[0  /772] CauLoss:[1.6221], AdvLoss:[0.3658]
Train Iter:[193/772] CauLoss:[1.1214], AdvLoss:[0.1010]
Train Iter:[386/772] CauLoss:[1.1211], AdvLoss:[0.1006]
Train Iter:[579/772] CauLoss:[1.1166], AdvLoss:[0.0995]
--------------------------------------------------------------------------------------------------------------------------------------------------------------------------------------------------------
Epoch:[36/100], CauAdvLoss:[1.1157/0.0993] valid:[75.02], test:[61.48]
--------------------------------------------------------------------------------------------------------------------------------------------------------------------------------------------------------
Train Iter:[0  /772] CauLoss:[1.6368], AdvLoss:[0.3912]
Train Iter:[193/772] CauLoss:[1.1333], AdvLoss:[0.1087]
Train Iter:[386/772] CauLoss:[1.1241], AdvLoss:[0.1035]
Train Iter:[579/772] CauLoss:[1.1109], AdvLoss:[0.0983]
--------------------------------------------------------------------------------------------------------------------------------------------------------------------------------------------------------
Epoch:[37/100], CauAdvLoss:[1.1118/0.0989] valid:[76.00], test:[59.46]
--------------------------------------------------------------------------------------------------------------------------------------------------------------------------------------------------------
Train Iter:[0  /772] CauLoss:[0.9806], AdvLoss:[0.0431]
Train Iter:[193/772] CauLoss:[1.0904], AdvLoss:[0.0860]
Train Iter:[386/772] CauLoss:[1.0968], AdvLoss:[0.0912]
Train Iter:[579/772] CauLoss:[1.1040], AdvLoss:[0.0952]
--------------------------------------------------------------------------------------------------------------------------------------------------------------------------------------------------------
Epoch:[38/100], CauAdvLoss:[1.1107/0.0996] valid:[74.74], test:[59.19]
--------------------------------------------------------------------------------------------------------------------------------------------------------------------------------------------------------
Train Iter:[0  /772] CauLoss:[1.2253], AdvLoss:[0.1501]
Train Iter:[193/772] CauLoss:[1.1002], AdvLoss:[0.0952]
Train Iter:[386/772] CauLoss:[1.0948], AdvLoss:[0.0920]
Train Iter:[579/772] CauLoss:[1.1083], AdvLoss:[0.0998]
--------------------------------------------------------------------------------------------------------------------------------------------------------------------------------------------------------
Epoch:[39/100], CauAdvLoss:[1.1093/0.0994] valid:[76.06], test:[65.43]
--------------------------------------------------------------------------------------------------------------------------------------------------------------------------------------------------------
Train Iter:[0  /772] CauLoss:[1.0231], AdvLoss:[0.0328]
Train Iter:[193/772] CauLoss:[1.0968], AdvLoss:[0.0954]
Train Iter:[386/772] CauLoss:[1.1056], AdvLoss:[0.0988]
Train Iter:[579/772] CauLoss:[1.1054], AdvLoss:[0.0981]
--------------------------------------------------------------------------------------------------------------------------------------------------------------------------------------------------------
Epoch:[40/100], CauAdvLoss:[1.1072/0.0990] valid:[73.13], test:[63.16]
--------------------------------------------------------------------------------------------------------------------------------------------------------------------------------------------------------
Train Iter:[0  /772] CauLoss:[1.0290], AdvLoss:[0.0681]
Train Iter:[193/772] CauLoss:[1.0905], AdvLoss:[0.0936]
Train Iter:[386/772] CauLoss:[1.0961], AdvLoss:[0.0969]
Train Iter:[579/772] CauLoss:[1.0998], AdvLoss:[0.0977]
--------------------------------------------------------------------------------------------------------------------------------------------------------------------------------------------------------
Epoch:[41/100], CauAdvLoss:[1.1039/0.0991] valid:[75.49], test:[64.28]
--------------------------------------------------------------------------------------------------------------------------------------------------------------------------------------------------------
Train Iter:[0  /772] CauLoss:[1.2067], AdvLoss:[0.1843]
Train Iter:[193/772] CauLoss:[1.1137], AdvLoss:[0.1002]
Train Iter:[386/772] CauLoss:[1.1157], AdvLoss:[0.1031]
Train Iter:[579/772] CauLoss:[1.1140], AdvLoss:[0.1019]
--------------------------------------------------------------------------------------------------------------------------------------------------------------------------------------------------------
Epoch:[42/100], CauAdvLoss:[1.1084/0.0991] valid:[75.42], test:[60.01]
--------------------------------------------------------------------------------------------------------------------------------------------------------------------------------------------------------
Train Iter:[0  /772] CauLoss:[0.9994], AdvLoss:[0.0313]
Train Iter:[193/772] CauLoss:[1.1045], AdvLoss:[0.1006]
Train Iter:[386/772] CauLoss:[1.1044], AdvLoss:[0.1020]
Train Iter:[579/772] CauLoss:[1.1055], AdvLoss:[0.1011]
--------------------------------------------------------------------------------------------------------------------------------------------------------------------------------------------------------
Epoch:[43/100], CauAdvLoss:[1.1048/0.1002] valid:[73.07], test:[63.56]
--------------------------------------------------------------------------------------------------------------------------------------------------------------------------------------------------------
Train Iter:[0  /772] CauLoss:[1.2018], AdvLoss:[0.1308]
Train Iter:[193/772] CauLoss:[1.1061], AdvLoss:[0.0997]
Train Iter:[386/772] CauLoss:[1.1017], AdvLoss:[0.0972]
Train Iter:[579/772] CauLoss:[1.1026], AdvLoss:[0.0971]
--------------------------------------------------------------------------------------------------------------------------------------------------------------------------------------------------------
Epoch:[44/100], CauAdvLoss:[1.1044/0.0980] valid:[76.13], test:[61.67]
--------------------------------------------------------------------------------------------------------------------------------------------------------------------------------------------------------
Train Iter:[0  /772] CauLoss:[0.9354], AdvLoss:[0.0041]
Train Iter:[193/772] CauLoss:[1.1098], AdvLoss:[0.1062]
Train Iter:[386/772] CauLoss:[1.1072], AdvLoss:[0.1020]
Train Iter:[579/772] CauLoss:[1.1015], AdvLoss:[0.0983]
--------------------------------------------------------------------------------------------------------------------------------------------------------------------------------------------------------
Epoch:[45/100], CauAdvLoss:[1.1004/0.0987] valid:[74.95], test:[61.32]
--------------------------------------------------------------------------------------------------------------------------------------------------------------------------------------------------------
Train Iter:[0  /772] CauLoss:[1.1020], AdvLoss:[0.1202]
Train Iter:[193/772] CauLoss:[1.1099], AdvLoss:[0.0995]
Train Iter:[386/772] CauLoss:[1.1055], AdvLoss:[0.0989]
Train Iter:[579/772] CauLoss:[1.1055], AdvLoss:[0.0999]
--------------------------------------------------------------------------------------------------------------------------------------------------------------------------------------------------------
Epoch:[46/100], CauAdvLoss:[1.1049/0.0996] valid:[75.67], test:[61.51]
--------------------------------------------------------------------------------------------------------------------------------------------------------------------------------------------------------
Train Iter:[0  /772] CauLoss:[1.2093], AdvLoss:[0.0707]
Train Iter:[193/772] CauLoss:[1.0990], AdvLoss:[0.0944]
Train Iter:[386/772] CauLoss:[1.0901], AdvLoss:[0.0953]
Train Iter:[579/772] CauLoss:[1.0969], AdvLoss:[0.0974]
--------------------------------------------------------------------------------------------------------------------------------------------------------------------------------------------------------
Epoch:[47/100], CauAdvLoss:[1.0991/0.0986] valid:[75.03], test:[63.13]
--------------------------------------------------------------------------------------------------------------------------------------------------------------------------------------------------------
Train Iter:[0  /772] CauLoss:[1.0319], AdvLoss:[0.0480]
Train Iter:[193/772] CauLoss:[1.0908], AdvLoss:[0.0966]
Train Iter:[386/772] CauLoss:[1.0971], AdvLoss:[0.0997]
Train Iter:[579/772] CauLoss:[1.0998], AdvLoss:[0.0999]
--------------------------------------------------------------------------------------------------------------------------------------------------------------------------------------------------------
Epoch:[48/100], CauAdvLoss:[1.1003/0.1009] valid:[73.65], test:[58.50]
--------------------------------------------------------------------------------------------------------------------------------------------------------------------------------------------------------
Train Iter:[0  /772] CauLoss:[1.0574], AdvLoss:[0.0355]
Train Iter:[193/772] CauLoss:[1.1028], AdvLoss:[0.0994]
Train Iter:[386/772] CauLoss:[1.1034], AdvLoss:[0.1007]
Train Iter:[579/772] CauLoss:[1.1006], AdvLoss:[0.0972]
--------------------------------------------------------------------------------------------------------------------------------------------------------------------------------------------------------
Epoch:[49/100], CauAdvLoss:[1.0982/0.0974] valid:[75.29], test:[59.05]
--------------------------------------------------------------------------------------------------------------------------------------------------------------------------------------------------------
Train Iter:[0  /772] CauLoss:[1.3169], AdvLoss:[0.1988]
Train Iter:[193/772] CauLoss:[1.0954], AdvLoss:[0.0962]
Train Iter:[386/772] CauLoss:[1.0920], AdvLoss:[0.0956]
Train Iter:[579/772] CauLoss:[1.0969], AdvLoss:[0.0968]
--------------------------------------------------------------------------------------------------------------------------------------------------------------------------------------------------------
Epoch:[50/100], CauAdvLoss:[1.0950/0.0955] valid:[76.28], test:[56.93]
--------------------------------------------------------------------------------------------------------------------------------------------------------------------------------------------------------
Train Iter:[0  /772] CauLoss:[0.9637], AdvLoss:[0.0150]
Train Iter:[193/772] CauLoss:[1.0860], AdvLoss:[0.0933]
Train Iter:[386/772] CauLoss:[1.0909], AdvLoss:[0.0968]
Train Iter:[579/772] CauLoss:[1.0995], AdvLoss:[0.1007]
--------------------------------------------------------------------------------------------------------------------------------------------------------------------------------------------------------
Epoch:[51/100], CauAdvLoss:[1.0956/0.0983] valid:[75.25], test:[62.83]
--------------------------------------------------------------------------------------------------------------------------------------------------------------------------------------------------------
Train Iter:[0  /772] CauLoss:[1.4745], AdvLoss:[0.3277]
Train Iter:[193/772] CauLoss:[1.0978], AdvLoss:[0.0996]
Train Iter:[386/772] CauLoss:[1.1012], AdvLoss:[0.1017]
Train Iter:[579/772] CauLoss:[1.1055], AdvLoss:[0.1033]
--------------------------------------------------------------------------------------------------------------------------------------------------------------------------------------------------------
Epoch:[52/100], CauAdvLoss:[1.0989/0.1004] valid:[74.30], test:[59.83]
--------------------------------------------------------------------------------------------------------------------------------------------------------------------------------------------------------
Train Iter:[0  /772] CauLoss:[0.9816], AdvLoss:[0.0181]
Train Iter:[193/772] CauLoss:[1.1044], AdvLoss:[0.1057]
Train Iter:[386/772] CauLoss:[1.0942], AdvLoss:[0.1022]
Train Iter:[579/772] CauLoss:[1.0908], AdvLoss:[0.0995]
--------------------------------------------------------------------------------------------------------------------------------------------------------------------------------------------------------
Epoch:[53/100], CauAdvLoss:[1.0919/0.1007] valid:[76.30], test:[65.65]
--------------------------------------------------------------------------------------------------------------------------------------------------------------------------------------------------------
Train Iter:[0  /772] CauLoss:[0.9976], AdvLoss:[0.0454]
Train Iter:[193/772] CauLoss:[1.0807], AdvLoss:[0.0883]
Train Iter:[386/772] CauLoss:[1.0846], AdvLoss:[0.0952]
Train Iter:[579/772] CauLoss:[1.0933], AdvLoss:[0.0980]
--------------------------------------------------------------------------------------------------------------------------------------------------------------------------------------------------------
Epoch:[54/100], CauAdvLoss:[1.0924/0.0971] valid:[76.87], test:[63.67]
--------------------------------------------------------------------------------------------------------------------------------------------------------------------------------------------------------
Train Iter:[0  /772] CauLoss:[1.3080], AdvLoss:[0.1929]
Train Iter:[193/772] CauLoss:[1.0807], AdvLoss:[0.0911]
Train Iter:[386/772] CauLoss:[1.0855], AdvLoss:[0.0976]
Train Iter:[579/772] CauLoss:[1.0876], AdvLoss:[0.0987]
--------------------------------------------------------------------------------------------------------------------------------------------------------------------------------------------------------
Epoch:[55/100], CauAdvLoss:[1.0880/0.0993] valid:[76.91], test:[62.62]
--------------------------------------------------------------------------------------------------------------------------------------------------------------------------------------------------------
Train Iter:[0  /772] CauLoss:[1.0221], AdvLoss:[0.0579]
Train Iter:[193/772] CauLoss:[1.0788], AdvLoss:[0.0924]
Train Iter:[386/772] CauLoss:[1.0847], AdvLoss:[0.0958]
Train Iter:[579/772] CauLoss:[1.0877], AdvLoss:[0.0992]
--------------------------------------------------------------------------------------------------------------------------------------------------------------------------------------------------------
Epoch:[56/100], CauAdvLoss:[1.0905/0.1004] valid:[75.50], test:[62.87]
--------------------------------------------------------------------------------------------------------------------------------------------------------------------------------------------------------
Train Iter:[0  /772] CauLoss:[1.1610], AdvLoss:[0.0471]
Train Iter:[193/772] CauLoss:[1.0788], AdvLoss:[0.0888]
Train Iter:[386/772] CauLoss:[1.0842], AdvLoss:[0.0946]
Train Iter:[579/772] CauLoss:[1.0858], AdvLoss:[0.0944]
--------------------------------------------------------------------------------------------------------------------------------------------------------------------------------------------------------
Epoch:[57/100], CauAdvLoss:[1.0907/0.0977] valid:[75.26], test:[64.58]
--------------------------------------------------------------------------------------------------------------------------------------------------------------------------------------------------------
Train Iter:[0  /772] CauLoss:[0.9376], AdvLoss:[0.0038]
Train Iter:[193/772] CauLoss:[1.0897], AdvLoss:[0.1002]
Train Iter:[386/772] CauLoss:[1.0913], AdvLoss:[0.1035]
Train Iter:[579/772] CauLoss:[1.0873], AdvLoss:[0.1002]
--------------------------------------------------------------------------------------------------------------------------------------------------------------------------------------------------------
Epoch:[58/100], CauAdvLoss:[1.0864/0.1002] valid:[76.15], test:[65.47]
--------------------------------------------------------------------------------------------------------------------------------------------------------------------------------------------------------
Train Iter:[0  /772] CauLoss:[1.0063], AdvLoss:[0.0640]
Train Iter:[193/772] CauLoss:[1.0695], AdvLoss:[0.0925]
Train Iter:[386/772] CauLoss:[1.0781], AdvLoss:[0.0951]
Train Iter:[579/772] CauLoss:[1.0829], AdvLoss:[0.0982]
--------------------------------------------------------------------------------------------------------------------------------------------------------------------------------------------------------
Epoch:[59/100], CauAdvLoss:[1.0844/0.1002] valid:[75.42], test:[62.80]
--------------------------------------------------------------------------------------------------------------------------------------------------------------------------------------------------------
Train Iter:[0  /772] CauLoss:[1.2183], AdvLoss:[0.1439]
Train Iter:[193/772] CauLoss:[1.0846], AdvLoss:[0.0954]
Train Iter:[386/772] CauLoss:[1.0801], AdvLoss:[0.0952]
Train Iter:[579/772] CauLoss:[1.0788], AdvLoss:[0.0940]
--------------------------------------------------------------------------------------------------------------------------------------------------------------------------------------------------------
Epoch:[60/100], CauAdvLoss:[1.0851/0.0977] valid:[76.18], test:[62.70]
--------------------------------------------------------------------------------------------------------------------------------------------------------------------------------------------------------
Train Iter:[0  /772] CauLoss:[1.1961], AdvLoss:[0.2243]
Train Iter:[193/772] CauLoss:[1.0734], AdvLoss:[0.0934]
Train Iter:[386/772] CauLoss:[1.0800], AdvLoss:[0.0953]
Train Iter:[579/772] CauLoss:[1.0840], AdvLoss:[0.0964]
--------------------------------------------------------------------------------------------------------------------------------------------------------------------------------------------------------
Epoch:[61/100], CauAdvLoss:[1.0842/0.0973] valid:[76.45], test:[62.01]
--------------------------------------------------------------------------------------------------------------------------------------------------------------------------------------------------------
Train Iter:[0  /772] CauLoss:[0.9434], AdvLoss:[0.0072]
Train Iter:[193/772] CauLoss:[1.0846], AdvLoss:[0.0990]
Train Iter:[386/772] CauLoss:[1.0842], AdvLoss:[0.1004]
Train Iter:[579/772] CauLoss:[1.0863], AdvLoss:[0.1009]
--------------------------------------------------------------------------------------------------------------------------------------------------------------------------------------------------------
Epoch:[62/100], CauAdvLoss:[1.0851/0.0998] valid:[75.72], test:[58.74]
--------------------------------------------------------------------------------------------------------------------------------------------------------------------------------------------------------
Train Iter:[0  /772] CauLoss:[0.9322], AdvLoss:[0.0093]
Train Iter:[193/772] CauLoss:[1.0679], AdvLoss:[0.0943]
Train Iter:[386/772] CauLoss:[1.0682], AdvLoss:[0.0935]
Train Iter:[579/772] CauLoss:[1.0758], AdvLoss:[0.0966]
--------------------------------------------------------------------------------------------------------------------------------------------------------------------------------------------------------
Epoch:[63/100], CauAdvLoss:[1.0790/0.0975] valid:[74.61], test:[62.96]
--------------------------------------------------------------------------------------------------------------------------------------------------------------------------------------------------------
Train Iter:[0  /772] CauLoss:[1.0307], AdvLoss:[0.0111]
Train Iter:[193/772] CauLoss:[1.0782], AdvLoss:[0.0966]
Train Iter:[386/772] CauLoss:[1.0851], AdvLoss:[0.1020]
Train Iter:[579/772] CauLoss:[1.0852], AdvLoss:[0.1028]
--------------------------------------------------------------------------------------------------------------------------------------------------------------------------------------------------------
Epoch:[64/100], CauAdvLoss:[1.0832/0.1002] valid:[72.32], test:[58.30]
--------------------------------------------------------------------------------------------------------------------------------------------------------------------------------------------------------
Train Iter:[0  /772] CauLoss:[1.0491], AdvLoss:[0.1374]
Train Iter:[193/772] CauLoss:[1.0669], AdvLoss:[0.0928]
Train Iter:[386/772] CauLoss:[1.0733], AdvLoss:[0.1022]
Train Iter:[579/772] CauLoss:[1.0771], AdvLoss:[0.1032]
--------------------------------------------------------------------------------------------------------------------------------------------------------------------------------------------------------
Epoch:[65/100], CauAdvLoss:[1.0785/0.1045] valid:[72.78], test:[53.74]
--------------------------------------------------------------------------------------------------------------------------------------------------------------------------------------------------------
Train Iter:[0  /772] CauLoss:[1.1393], AdvLoss:[0.1989]
Train Iter:[193/772] CauLoss:[1.0972], AdvLoss:[0.1053]
Train Iter:[386/772] CauLoss:[1.0869], AdvLoss:[0.1068]
Train Iter:[579/772] CauLoss:[1.0880], AdvLoss:[0.1062]
--------------------------------------------------------------------------------------------------------------------------------------------------------------------------------------------------------
Epoch:[66/100], CauAdvLoss:[1.0809/0.1010] valid:[74.84], test:[60.88]
--------------------------------------------------------------------------------------------------------------------------------------------------------------------------------------------------------
Train Iter:[0  /772] CauLoss:[1.0017], AdvLoss:[0.0115]
Train Iter:[193/772] CauLoss:[1.0738], AdvLoss:[0.1082]
Train Iter:[386/772] CauLoss:[1.0726], AdvLoss:[0.1044]
Train Iter:[579/772] CauLoss:[1.0737], AdvLoss:[0.1036]
--------------------------------------------------------------------------------------------------------------------------------------------------------------------------------------------------------
Epoch:[67/100], CauAdvLoss:[1.0791/0.1048] valid:[73.14], test:[58.10]
--------------------------------------------------------------------------------------------------------------------------------------------------------------------------------------------------------
Train Iter:[0  /772] CauLoss:[0.9472], AdvLoss:[0.0036]
Train Iter:[193/772] CauLoss:[1.0731], AdvLoss:[0.0965]
Train Iter:[386/772] CauLoss:[1.0748], AdvLoss:[0.1013]
Train Iter:[579/772] CauLoss:[1.0786], AdvLoss:[0.1038]
--------------------------------------------------------------------------------------------------------------------------------------------------------------------------------------------------------
Epoch:[68/100], CauAdvLoss:[1.0776/0.1037] valid:[76.89], test:[63.71]
--------------------------------------------------------------------------------------------------------------------------------------------------------------------------------------------------------
Train Iter:[0  /772] CauLoss:[0.9351], AdvLoss:[0.0018]
Train Iter:[193/772] CauLoss:[1.0749], AdvLoss:[0.1026]
Train Iter:[386/772] CauLoss:[1.0783], AdvLoss:[0.0990]
Train Iter:[579/772] CauLoss:[1.0770], AdvLoss:[0.0974]
--------------------------------------------------------------------------------------------------------------------------------------------------------------------------------------------------------
Epoch:[69/100], CauAdvLoss:[1.0780/0.0975] valid:[72.00], test:[61.11]
--------------------------------------------------------------------------------------------------------------------------------------------------------------------------------------------------------
Train Iter:[0  /772] CauLoss:[1.3207], AdvLoss:[0.1591]
Train Iter:[193/772] CauLoss:[1.0673], AdvLoss:[0.0900]
Train Iter:[386/772] CauLoss:[1.0732], AdvLoss:[0.0949]
Train Iter:[579/772] CauLoss:[1.0766], AdvLoss:[0.0964]
--------------------------------------------------------------------------------------------------------------------------------------------------------------------------------------------------------
Epoch:[70/100], CauAdvLoss:[1.0756/0.0964] valid:[74.44], test:[61.49]
--------------------------------------------------------------------------------------------------------------------------------------------------------------------------------------------------------
Train Iter:[0  /772] CauLoss:[0.9877], AdvLoss:[0.0391]
Train Iter:[193/772] CauLoss:[1.0745], AdvLoss:[0.0955]
Train Iter:[386/772] CauLoss:[1.0769], AdvLoss:[0.0969]
Train Iter:[579/772] CauLoss:[1.0713], AdvLoss:[0.0928]
--------------------------------------------------------------------------------------------------------------------------------------------------------------------------------------------------------
Epoch:[71/100], CauAdvLoss:[1.0745/0.0962] valid:[74.06], test:[59.62]
--------------------------------------------------------------------------------------------------------------------------------------------------------------------------------------------------------
Train Iter:[0  /772] CauLoss:[0.9539], AdvLoss:[0.0035]
Train Iter:[193/772] CauLoss:[1.0665], AdvLoss:[0.0916]
Train Iter:[386/772] CauLoss:[1.0780], AdvLoss:[0.1007]
Train Iter:[579/772] CauLoss:[1.0726], AdvLoss:[0.0959]
--------------------------------------------------------------------------------------------------------------------------------------------------------------------------------------------------------
Epoch:[72/100], CauAdvLoss:[1.0713/0.0976] valid:[73.86], test:[59.61]
--------------------------------------------------------------------------------------------------------------------------------------------------------------------------------------------------------
Train Iter:[0  /772] CauLoss:[0.9448], AdvLoss:[0.0007]
Train Iter:[193/772] CauLoss:[1.0520], AdvLoss:[0.0844]
Train Iter:[386/772] CauLoss:[1.0665], AdvLoss:[0.0921]
Train Iter:[579/772] CauLoss:[1.0704], AdvLoss:[0.0940]
--------------------------------------------------------------------------------------------------------------------------------------------------------------------------------------------------------
Epoch:[73/100], CauAdvLoss:[1.0735/0.0964] valid:[72.74], test:[55.93]
--------------------------------------------------------------------------------------------------------------------------------------------------------------------------------------------------------
Train Iter:[0  /772] CauLoss:[0.9627], AdvLoss:[0.0025]
Train Iter:[193/772] CauLoss:[1.0839], AdvLoss:[0.1006]
Train Iter:[386/772] CauLoss:[1.0822], AdvLoss:[0.1028]
Train Iter:[579/772] CauLoss:[1.0759], AdvLoss:[0.0996]
--------------------------------------------------------------------------------------------------------------------------------------------------------------------------------------------------------
Epoch:[74/100], CauAdvLoss:[1.0744/0.0993] valid:[73.07], test:[62.73]
--------------------------------------------------------------------------------------------------------------------------------------------------------------------------------------------------------
Train Iter:[0  /772] CauLoss:[0.9317], AdvLoss:[0.0275]
Train Iter:[193/772] CauLoss:[1.0613], AdvLoss:[0.0927]
Train Iter:[386/772] CauLoss:[1.0668], AdvLoss:[0.0981]
Train Iter:[579/772] CauLoss:[1.0704], AdvLoss:[0.1010]
--------------------------------------------------------------------------------------------------------------------------------------------------------------------------------------------------------
Epoch:[75/100], CauAdvLoss:[1.0705/0.1015] valid:[73.78], test:[62.92]
--------------------------------------------------------------------------------------------------------------------------------------------------------------------------------------------------------
Train Iter:[0  /772] CauLoss:[0.9802], AdvLoss:[0.0068]
Train Iter:[193/772] CauLoss:[1.0623], AdvLoss:[0.0922]
Train Iter:[386/772] CauLoss:[1.0670], AdvLoss:[0.0982]
Train Iter:[579/772] CauLoss:[1.0706], AdvLoss:[0.1007]
--------------------------------------------------------------------------------------------------------------------------------------------------------------------------------------------------------
Epoch:[76/100], CauAdvLoss:[1.0693/0.0998] valid:[73.67], test:[60.25]
--------------------------------------------------------------------------------------------------------------------------------------------------------------------------------------------------------
Train Iter:[0  /772] CauLoss:[1.1488], AdvLoss:[0.1752]
Train Iter:[193/772] CauLoss:[1.0812], AdvLoss:[0.0952]
Train Iter:[386/772] CauLoss:[1.0711], AdvLoss:[0.0940]
Train Iter:[579/772] CauLoss:[1.0727], AdvLoss:[0.0978]
--------------------------------------------------------------------------------------------------------------------------------------------------------------------------------------------------------
Epoch:[77/100], CauAdvLoss:[1.0695/0.0976] valid:[71.46], test:[58.16]
--------------------------------------------------------------------------------------------------------------------------------------------------------------------------------------------------------
Train Iter:[0  /772] CauLoss:[0.9573], AdvLoss:[0.0064]
Train Iter:[193/772] CauLoss:[1.0526], AdvLoss:[0.0986]
Train Iter:[386/772] CauLoss:[1.0635], AdvLoss:[0.0999]
Train Iter:[579/772] CauLoss:[1.0666], AdvLoss:[0.1003]
--------------------------------------------------------------------------------------------------------------------------------------------------------------------------------------------------------
Epoch:[78/100], CauAdvLoss:[1.0690/0.1002] valid:[72.76], test:[57.68]
--------------------------------------------------------------------------------------------------------------------------------------------------------------------------------------------------------
Train Iter:[0  /772] CauLoss:[1.2976], AdvLoss:[0.2737]
Train Iter:[193/772] CauLoss:[1.0695], AdvLoss:[0.1016]
Train Iter:[386/772] CauLoss:[1.0756], AdvLoss:[0.1035]
Train Iter:[579/772] CauLoss:[1.0716], AdvLoss:[0.1006]
--------------------------------------------------------------------------------------------------------------------------------------------------------------------------------------------------------
Epoch:[79/100], CauAdvLoss:[1.0692/0.1012] valid:[73.59], test:[64.76]
--------------------------------------------------------------------------------------------------------------------------------------------------------------------------------------------------------
Train Iter:[0  /772] CauLoss:[1.1389], AdvLoss:[0.1508]
Train Iter:[193/772] CauLoss:[1.0632], AdvLoss:[0.0954]
Train Iter:[386/772] CauLoss:[1.0581], AdvLoss:[0.0946]
Train Iter:[579/772] CauLoss:[1.0692], AdvLoss:[0.1020]
--------------------------------------------------------------------------------------------------------------------------------------------------------------------------------------------------------
Epoch:[80/100], CauAdvLoss:[1.0693/0.1013] valid:[72.48], test:[61.49]
--------------------------------------------------------------------------------------------------------------------------------------------------------------------------------------------------------
Train Iter:[0  /772] CauLoss:[0.9978], AdvLoss:[0.0330]
Train Iter:[193/772] CauLoss:[1.0503], AdvLoss:[0.0966]
Train Iter:[386/772] CauLoss:[1.0522], AdvLoss:[0.0983]
Train Iter:[579/772] CauLoss:[1.0557], AdvLoss:[0.1041]
--------------------------------------------------------------------------------------------------------------------------------------------------------------------------------------------------------
Epoch:[81/100], CauAdvLoss:[1.0640/0.1055] valid:[70.27], test:[57.59]
--------------------------------------------------------------------------------------------------------------------------------------------------------------------------------------------------------
Train Iter:[0  /772] CauLoss:[1.0908], AdvLoss:[0.1416]
Train Iter:[193/772] CauLoss:[1.0542], AdvLoss:[0.0896]
Train Iter:[386/772] CauLoss:[1.0637], AdvLoss:[0.0977]
Train Iter:[579/772] CauLoss:[1.0618], AdvLoss:[0.0989]
--------------------------------------------------------------------------------------------------------------------------------------------------------------------------------------------------------
Epoch:[82/100], CauAdvLoss:[1.0656/0.0994] valid:[73.55], test:[61.28]
--------------------------------------------------------------------------------------------------------------------------------------------------------------------------------------------------------
Train Iter:[0  /772] CauLoss:[1.1579], AdvLoss:[0.0897]
Train Iter:[193/772] CauLoss:[1.0532], AdvLoss:[0.0902]
Train Iter:[386/772] CauLoss:[1.0573], AdvLoss:[0.0950]
Train Iter:[579/772] CauLoss:[1.0612], AdvLoss:[0.0974]
--------------------------------------------------------------------------------------------------------------------------------------------------------------------------------------------------------
Epoch:[83/100], CauAdvLoss:[1.0606/0.0987] valid:[73.25], test:[59.89]
--------------------------------------------------------------------------------------------------------------------------------------------------------------------------------------------------------
Train Iter:[0  /772] CauLoss:[1.7020], AdvLoss:[0.4904]
Train Iter:[193/772] CauLoss:[1.0642], AdvLoss:[0.0949]
Train Iter:[386/772] CauLoss:[1.0595], AdvLoss:[0.0966]
Train Iter:[579/772] CauLoss:[1.0659], AdvLoss:[0.1011]
--------------------------------------------------------------------------------------------------------------------------------------------------------------------------------------------------------
Epoch:[84/100], CauAdvLoss:[1.0645/0.1002] valid:[72.90], test:[59.98]
--------------------------------------------------------------------------------------------------------------------------------------------------------------------------------------------------------
Train Iter:[0  /772] CauLoss:[0.9674], AdvLoss:[0.0109]
Train Iter:[193/772] CauLoss:[1.0509], AdvLoss:[0.0920]
Train Iter:[386/772] CauLoss:[1.0601], AdvLoss:[0.1037]
Train Iter:[579/772] CauLoss:[1.0598], AdvLoss:[0.1034]
--------------------------------------------------------------------------------------------------------------------------------------------------------------------------------------------------------
Epoch:[85/100], CauAdvLoss:[1.0644/0.1045] valid:[74.71], test:[60.22]
--------------------------------------------------------------------------------------------------------------------------------------------------------------------------------------------------------
Train Iter:[0  /772] CauLoss:[0.9891], AdvLoss:[0.0050]
Train Iter:[193/772] CauLoss:[1.0697], AdvLoss:[0.1039]
Train Iter:[386/772] CauLoss:[1.0664], AdvLoss:[0.1055]
Train Iter:[579/772] CauLoss:[1.0635], AdvLoss:[0.1036]
--------------------------------------------------------------------------------------------------------------------------------------------------------------------------------------------------------
Epoch:[86/100], CauAdvLoss:[1.0615/0.1052] valid:[73.51], test:[58.66]
--------------------------------------------------------------------------------------------------------------------------------------------------------------------------------------------------------
Train Iter:[0  /772] CauLoss:[1.0709], AdvLoss:[0.0601]
Train Iter:[193/772] CauLoss:[1.0495], AdvLoss:[0.1023]
Train Iter:[386/772] CauLoss:[1.0611], AdvLoss:[0.1109]
Train Iter:[579/772] CauLoss:[1.0627], AdvLoss:[0.1086]
--------------------------------------------------------------------------------------------------------------------------------------------------------------------------------------------------------
Epoch:[87/100], CauAdvLoss:[1.0612/0.1050] valid:[73.13], test:[63.51]
--------------------------------------------------------------------------------------------------------------------------------------------------------------------------------------------------------
Train Iter:[0  /772] CauLoss:[1.1926], AdvLoss:[0.0913]
Train Iter:[193/772] CauLoss:[1.0629], AdvLoss:[0.1069]
Train Iter:[386/772] CauLoss:[1.0587], AdvLoss:[0.1021]
Train Iter:[579/772] CauLoss:[1.0584], AdvLoss:[0.1013]
--------------------------------------------------------------------------------------------------------------------------------------------------------------------------------------------------------
Epoch:[88/100], CauAdvLoss:[1.0595/0.1039] valid:[70.07], test:[58.43]
--------------------------------------------------------------------------------------------------------------------------------------------------------------------------------------------------------
Train Iter:[0  /772] CauLoss:[1.0632], AdvLoss:[0.0178]
Train Iter:[193/772] CauLoss:[1.0493], AdvLoss:[0.1107]
Train Iter:[386/772] CauLoss:[1.0543], AdvLoss:[0.1122]
Train Iter:[579/772] CauLoss:[1.0576], AdvLoss:[0.1127]
--------------------------------------------------------------------------------------------------------------------------------------------------------------------------------------------------------
Epoch:[89/100], CauAdvLoss:[1.0604/0.1121] valid:[73.87], test:[57.56]
--------------------------------------------------------------------------------------------------------------------------------------------------------------------------------------------------------
Train Iter:[0  /772] CauLoss:[1.1854], AdvLoss:[0.2277]
Train Iter:[193/772] CauLoss:[1.0553], AdvLoss:[0.1047]
Train Iter:[386/772] CauLoss:[1.0595], AdvLoss:[0.1091]
Train Iter:[579/772] CauLoss:[1.0602], AdvLoss:[0.1055]
--------------------------------------------------------------------------------------------------------------------------------------------------------------------------------------------------------
Epoch:[90/100], CauAdvLoss:[1.0586/0.1038] valid:[72.49], test:[61.17]
--------------------------------------------------------------------------------------------------------------------------------------------------------------------------------------------------------
Train Iter:[0  /772] CauLoss:[1.1122], AdvLoss:[0.0563]
Train Iter:[193/772] CauLoss:[1.0626], AdvLoss:[0.1083]
Train Iter:[386/772] CauLoss:[1.0500], AdvLoss:[0.1041]
Train Iter:[579/772] CauLoss:[1.0511], AdvLoss:[0.1082]
--------------------------------------------------------------------------------------------------------------------------------------------------------------------------------------------------------
Epoch:[91/100], CauAdvLoss:[1.0608/0.1157] valid:[72.55], test:[57.05]
--------------------------------------------------------------------------------------------------------------------------------------------------------------------------------------------------------
Train Iter:[0  /772] CauLoss:[0.9269], AdvLoss:[0.0006]
Train Iter:[193/772] CauLoss:[1.0565], AdvLoss:[0.0985]
Train Iter:[386/772] CauLoss:[1.0630], AdvLoss:[0.1025]
Train Iter:[579/772] CauLoss:[1.0642], AdvLoss:[0.1037]
--------------------------------------------------------------------------------------------------------------------------------------------------------------------------------------------------------
Epoch:[92/100], CauAdvLoss:[1.0607/0.1024] valid:[72.20], test:[59.05]
--------------------------------------------------------------------------------------------------------------------------------------------------------------------------------------------------------
Train Iter:[0  /772] CauLoss:[1.1395], AdvLoss:[0.2783]
Train Iter:[193/772] CauLoss:[1.0690], AdvLoss:[0.1196]
Train Iter:[386/772] CauLoss:[1.0512], AdvLoss:[0.1107]
Train Iter:[579/772] CauLoss:[1.0575], AdvLoss:[0.1135]
--------------------------------------------------------------------------------------------------------------------------------------------------------------------------------------------------------
Epoch:[93/100], CauAdvLoss:[1.0587/0.1104] valid:[76.20], test:[59.50]
--------------------------------------------------------------------------------------------------------------------------------------------------------------------------------------------------------
Train Iter:[0  /772] CauLoss:[1.0890], AdvLoss:[0.0797]
Train Iter:[193/772] CauLoss:[1.0457], AdvLoss:[0.0885]
Train Iter:[386/772] CauLoss:[1.0482], AdvLoss:[0.0953]
Train Iter:[579/772] CauLoss:[1.0548], AdvLoss:[0.0996]
--------------------------------------------------------------------------------------------------------------------------------------------------------------------------------------------------------
Epoch:[94/100], CauAdvLoss:[1.0547/0.0998] valid:[73.52], test:[63.05]
--------------------------------------------------------------------------------------------------------------------------------------------------------------------------------------------------------
Train Iter:[0  /772] CauLoss:[0.9342], AdvLoss:[0.0002]
Train Iter:[193/772] CauLoss:[1.0431], AdvLoss:[0.0904]
Train Iter:[386/772] CauLoss:[1.0523], AdvLoss:[0.0948]
Train Iter:[579/772] CauLoss:[1.0577], AdvLoss:[0.0987]
--------------------------------------------------------------------------------------------------------------------------------------------------------------------------------------------------------
Epoch:[95/100], CauAdvLoss:[1.0574/0.1008] valid:[74.96], test:[62.64]
--------------------------------------------------------------------------------------------------------------------------------------------------------------------------------------------------------
Train Iter:[0  /772] CauLoss:[0.9519], AdvLoss:[0.0226]
Train Iter:[193/772] CauLoss:[1.0592], AdvLoss:[0.1058]
Train Iter:[386/772] CauLoss:[1.0607], AdvLoss:[0.1048]
Train Iter:[579/772] CauLoss:[1.0590], AdvLoss:[0.1020]
--------------------------------------------------------------------------------------------------------------------------------------------------------------------------------------------------------
Epoch:[96/100], CauAdvLoss:[1.0595/0.1036] valid:[73.04], test:[61.83]
--------------------------------------------------------------------------------------------------------------------------------------------------------------------------------------------------------
Train Iter:[0  /772] CauLoss:[0.9341], AdvLoss:[0.0070]
Train Iter:[193/772] CauLoss:[1.0379], AdvLoss:[0.0933]
Train Iter:[386/772] CauLoss:[1.0502], AdvLoss:[0.1001]
Train Iter:[579/772] CauLoss:[1.0500], AdvLoss:[0.1022]
--------------------------------------------------------------------------------------------------------------------------------------------------------------------------------------------------------
Epoch:[97/100], CauAdvLoss:[1.0538/0.1055] valid:[73.12], test:[62.45]
--------------------------------------------------------------------------------------------------------------------------------------------------------------------------------------------------------
Train Iter:[0  /772] CauLoss:[1.2876], AdvLoss:[0.3384]
Train Iter:[193/772] CauLoss:[1.0466], AdvLoss:[0.0939]
Train Iter:[386/772] CauLoss:[1.0476], AdvLoss:[0.0977]
Train Iter:[579/772] CauLoss:[1.0541], AdvLoss:[0.1053]
--------------------------------------------------------------------------------------------------------------------------------------------------------------------------------------------------------
Epoch:[98/100], CauAdvLoss:[1.0554/0.1034] valid:[72.69], test:[61.52]
--------------------------------------------------------------------------------------------------------------------------------------------------------------------------------------------------------
Train Iter:[0  /772] CauLoss:[0.9501], AdvLoss:[0.0179]
Train Iter:[193/772] CauLoss:[1.0459], AdvLoss:[0.0910]
Train Iter:[386/772] CauLoss:[1.0519], AdvLoss:[0.0916]
Train Iter:[579/772] CauLoss:[1.0565], AdvLoss:[0.0965]
--------------------------------------------------------------------------------------------------------------------------------------------------------------------------------------------------------
Epoch:[99/100], CauAdvLoss:[1.0577/0.0976] valid:[73.52], test:[58.42]
--------------------------------------------------------------------------------------------------------------------------------------------------------------------------------------------------------
Train Iter:[0  /772] CauLoss:[1.3109], AdvLoss:[0.2374]
Train Iter:[193/772] CauLoss:[1.0595], AdvLoss:[0.1072]
Train Iter:[386/772] CauLoss:[1.0559], AdvLoss:[0.1099]
Train Iter:[579/772] CauLoss:[1.0560], AdvLoss:[0.1116]
--------------------------------------------------------------------------------------------------------------------------------------------------------------------------------------------------------
Epoch:[100/100], CauAdvLoss:[1.0540/0.1116] valid:[71.99], test:[57.02]
--------------------------------------------------------------------------------------------------------------------------------------------------------------------------------------------------------
Update test:[70.47] at epoch:[23] | Total time:01:02:21
/workspace/AIA/Molhiv/GOOD/data/good_datasets/good_hiv.py:410: UserWarning: It is not recommended to directly access the internal storage format `data` of an 'InMemoryDataset'. The data of the dataset is already cached, so any modifications to `data` will not be reflected when accessing its elements. Clearing the cache now by removing all elements in `dataset._data_list`. If you are absolutely certain what you are doing, access the internal storage via `InMemoryDataset._data` instead to suppress this warning. Alternatively, you can access stacked individual attributes of every graph via `dataset.{attr_name}`.
  meta_info.num_envs = torch.unique(train_dataset.data.env_id).shape[0]
/workspace/AIA/Molhiv/GOOD/data/good_datasets/good_hiv.py:414: UserWarning: It is not recommended to directly access the internal storage format `data` of an 'InMemoryDataset'. If you are absolutely certain what you are doing, access the internal storage via `InMemoryDataset._data` instead to suppress this warning. Alternatively, you can access stacked individual attributes of every graph via `dataset.{attr_name}`.
  meta_info.num_classes = train_dataset.data.y.shape[1]
initialize network with kaiming
Train Iter:[0  /772] CauLoss:[3.6662], AdvLoss:[-95.5155]
Train Iter:[193/772] CauLoss:[1.4485], AdvLoss:[-0.3723]
Train Iter:[386/772] CauLoss:[1.3718], AdvLoss:[-0.1030]
Train Iter:[579/772] CauLoss:[1.3362], AdvLoss:[-0.0164]
--------------------------------------------------------------------------------------------------------------------------------------------------------------------------------------------------------
Epoch:[1/100], CauAdvLoss:[1.3219/0.0291] valid:[68.03], test:[45.71]
--------------------------------------------------------------------------------------------------------------------------------------------------------------------------------------------------------
Train Iter:[0  /772] CauLoss:[1.0618], AdvLoss:[0.0387]
Train Iter:[193/772] CauLoss:[1.2582], AdvLoss:[0.1557]
Train Iter:[386/772] CauLoss:[1.2549], AdvLoss:[0.1519]
Train Iter:[579/772] CauLoss:[1.2539], AdvLoss:[0.1517]
--------------------------------------------------------------------------------------------------------------------------------------------------------------------------------------------------------
Epoch:[2/100], CauAdvLoss:[1.2513/0.1509] valid:[70.24], test:[51.38]
--------------------------------------------------------------------------------------------------------------------------------------------------------------------------------------------------------
Train Iter:[0  /772] CauLoss:[1.5046], AdvLoss:[0.2724]
Train Iter:[193/772] CauLoss:[1.2235], AdvLoss:[0.1410]
Train Iter:[386/772] CauLoss:[1.2349], AdvLoss:[0.1491]
Train Iter:[579/772] CauLoss:[1.2269], AdvLoss:[0.1461]
--------------------------------------------------------------------------------------------------------------------------------------------------------------------------------------------------------
Epoch:[3/100], CauAdvLoss:[1.2338/0.1498] valid:[75.21], test:[64.22]
--------------------------------------------------------------------------------------------------------------------------------------------------------------------------------------------------------
Train Iter:[0  /772] CauLoss:[1.2397], AdvLoss:[0.1968]
Train Iter:[193/772] CauLoss:[1.2413], AdvLoss:[0.1540]
Train Iter:[386/772] CauLoss:[1.2343], AdvLoss:[0.1503]
Train Iter:[579/772] CauLoss:[1.2286], AdvLoss:[0.1490]
--------------------------------------------------------------------------------------------------------------------------------------------------------------------------------------------------------
Epoch:[4/100], CauAdvLoss:[1.2238/0.1452] valid:[73.25], test:[61.63]
--------------------------------------------------------------------------------------------------------------------------------------------------------------------------------------------------------
Train Iter:[0  /772] CauLoss:[1.1064], AdvLoss:[0.0736]
Train Iter:[193/772] CauLoss:[1.2168], AdvLoss:[0.1457]
Train Iter:[386/772] CauLoss:[1.2252], AdvLoss:[0.1465]
Train Iter:[579/772] CauLoss:[1.2219], AdvLoss:[0.1461]
--------------------------------------------------------------------------------------------------------------------------------------------------------------------------------------------------------
Epoch:[5/100], CauAdvLoss:[1.2131/0.1409] valid:[69.85], test:[67.95]
--------------------------------------------------------------------------------------------------------------------------------------------------------------------------------------------------------
Train Iter:[0  /772] CauLoss:[0.9907], AdvLoss:[0.0423]
Train Iter:[193/772] CauLoss:[1.2214], AdvLoss:[0.1508]
Train Iter:[386/772] CauLoss:[1.2091], AdvLoss:[0.1427]
Train Iter:[579/772] CauLoss:[1.2007], AdvLoss:[0.1387]
--------------------------------------------------------------------------------------------------------------------------------------------------------------------------------------------------------
Epoch:[6/100], CauAdvLoss:[1.2026/0.1397] valid:[68.20], test:[58.06]
--------------------------------------------------------------------------------------------------------------------------------------------------------------------------------------------------------
Train Iter:[0  /772] CauLoss:[1.0216], AdvLoss:[0.0401]
Train Iter:[193/772] CauLoss:[1.1912], AdvLoss:[0.1394]
Train Iter:[386/772] CauLoss:[1.1981], AdvLoss:[0.1425]
Train Iter:[579/772] CauLoss:[1.1944], AdvLoss:[0.1401]
--------------------------------------------------------------------------------------------------------------------------------------------------------------------------------------------------------
Epoch:[7/100], CauAdvLoss:[1.1922/0.1389] valid:[72.07], test:[66.46]
--------------------------------------------------------------------------------------------------------------------------------------------------------------------------------------------------------
Train Iter:[0  /772] CauLoss:[1.5020], AdvLoss:[0.3069]
Train Iter:[193/772] CauLoss:[1.2040], AdvLoss:[0.1422]
Train Iter:[386/772] CauLoss:[1.1920], AdvLoss:[0.1354]
Train Iter:[579/772] CauLoss:[1.1902], AdvLoss:[0.1358]
--------------------------------------------------------------------------------------------------------------------------------------------------------------------------------------------------------
Epoch:[8/100], CauAdvLoss:[1.1859/0.1341] valid:[72.30], test:[65.20]
--------------------------------------------------------------------------------------------------------------------------------------------------------------------------------------------------------
Train Iter:[0  /772] CauLoss:[1.2500], AdvLoss:[0.1643]
Train Iter:[193/772] CauLoss:[1.1823], AdvLoss:[0.1295]
Train Iter:[386/772] CauLoss:[1.1806], AdvLoss:[0.1299]
Train Iter:[579/772] CauLoss:[1.1722], AdvLoss:[0.1256]
--------------------------------------------------------------------------------------------------------------------------------------------------------------------------------------------------------
Epoch:[9/100], CauAdvLoss:[1.1785/0.1301] valid:[73.04], test:[65.88]
--------------------------------------------------------------------------------------------------------------------------------------------------------------------------------------------------------
Train Iter:[0  /772] CauLoss:[1.0418], AdvLoss:[0.0610]
Train Iter:[193/772] CauLoss:[1.1915], AdvLoss:[0.1384]
Train Iter:[386/772] CauLoss:[1.1750], AdvLoss:[0.1319]
Train Iter:[579/772] CauLoss:[1.1729], AdvLoss:[0.1297]
--------------------------------------------------------------------------------------------------------------------------------------------------------------------------------------------------------
Epoch:[10/100], CauAdvLoss:[1.1690/0.1280] valid:[76.13], test:[66.95]
--------------------------------------------------------------------------------------------------------------------------------------------------------------------------------------------------------
Train Iter:[0  /772] CauLoss:[1.2390], AdvLoss:[0.1008]
Train Iter:[193/772] CauLoss:[1.1695], AdvLoss:[0.1254]
Train Iter:[386/772] CauLoss:[1.1600], AdvLoss:[0.1219]
Train Iter:[579/772] CauLoss:[1.1668], AdvLoss:[0.1256]
--------------------------------------------------------------------------------------------------------------------------------------------------------------------------------------------------------
Epoch:[11/100], CauAdvLoss:[1.1645/0.1246] valid:[75.20], test:[68.02]
--------------------------------------------------------------------------------------------------------------------------------------------------------------------------------------------------------
Train Iter:[0  /772] CauLoss:[1.4863], AdvLoss:[0.3591]
Train Iter:[193/772] CauLoss:[1.1678], AdvLoss:[0.1302]
Train Iter:[386/772] CauLoss:[1.1732], AdvLoss:[0.1297]
Train Iter:[579/772] CauLoss:[1.1648], AdvLoss:[0.1244]
--------------------------------------------------------------------------------------------------------------------------------------------------------------------------------------------------------
Epoch:[12/100], CauAdvLoss:[1.1624/0.1223] valid:[76.00], test:[67.47]
--------------------------------------------------------------------------------------------------------------------------------------------------------------------------------------------------------
Train Iter:[0  /772] CauLoss:[1.0079], AdvLoss:[0.0571]
Train Iter:[193/772] CauLoss:[1.1539], AdvLoss:[0.1188]
Train Iter:[386/772] CauLoss:[1.1557], AdvLoss:[0.1192]
Train Iter:[579/772] CauLoss:[1.1459], AdvLoss:[0.1145]
--------------------------------------------------------------------------------------------------------------------------------------------------------------------------------------------------------
Epoch:[13/100], CauAdvLoss:[1.1565/0.1199] valid:[74.45], test:[69.73]
--------------------------------------------------------------------------------------------------------------------------------------------------------------------------------------------------------
Train Iter:[0  /772] CauLoss:[1.4644], AdvLoss:[0.2663]
Train Iter:[193/772] CauLoss:[1.1405], AdvLoss:[0.1102]
Train Iter:[386/772] CauLoss:[1.1422], AdvLoss:[0.1119]
Train Iter:[579/772] CauLoss:[1.1520], AdvLoss:[0.1158]
--------------------------------------------------------------------------------------------------------------------------------------------------------------------------------------------------------
Epoch:[14/100], CauAdvLoss:[1.1544/0.1178] valid:[75.43], test:[66.80]
--------------------------------------------------------------------------------------------------------------------------------------------------------------------------------------------------------
Train Iter:[0  /772] CauLoss:[1.0681], AdvLoss:[0.0517]
Train Iter:[193/772] CauLoss:[1.1817], AdvLoss:[0.1270]
Train Iter:[386/772] CauLoss:[1.1677], AdvLoss:[0.1207]
Train Iter:[579/772] CauLoss:[1.1574], AdvLoss:[0.1173]
--------------------------------------------------------------------------------------------------------------------------------------------------------------------------------------------------------
Epoch:[15/100], CauAdvLoss:[1.1522/0.1158] valid:[75.77], test:[68.89]
--------------------------------------------------------------------------------------------------------------------------------------------------------------------------------------------------------
Train Iter:[0  /772] CauLoss:[1.1390], AdvLoss:[0.1339]
Train Iter:[193/772] CauLoss:[1.1426], AdvLoss:[0.1136]
Train Iter:[386/772] CauLoss:[1.1553], AdvLoss:[0.1186]
Train Iter:[579/772] CauLoss:[1.1470], AdvLoss:[0.1157]
--------------------------------------------------------------------------------------------------------------------------------------------------------------------------------------------------------
Epoch:[16/100], CauAdvLoss:[1.1480/0.1157] valid:[74.69], test:[68.06]
--------------------------------------------------------------------------------------------------------------------------------------------------------------------------------------------------------
Train Iter:[0  /772] CauLoss:[1.2079], AdvLoss:[0.1099]
Train Iter:[193/772] CauLoss:[1.1343], AdvLoss:[0.1072]
Train Iter:[386/772] CauLoss:[1.1440], AdvLoss:[0.1146]
Train Iter:[579/772] CauLoss:[1.1468], AdvLoss:[0.1161]
--------------------------------------------------------------------------------------------------------------------------------------------------------------------------------------------------------
Epoch:[17/100], CauAdvLoss:[1.1454/0.1150] valid:[75.36], test:[66.50]
--------------------------------------------------------------------------------------------------------------------------------------------------------------------------------------------------------
Train Iter:[0  /772] CauLoss:[1.0833], AdvLoss:[0.0609]
Train Iter:[193/772] CauLoss:[1.1316], AdvLoss:[0.1044]
Train Iter:[386/772] CauLoss:[1.1307], AdvLoss:[0.1045]
Train Iter:[579/772] CauLoss:[1.1395], AdvLoss:[0.1094]
--------------------------------------------------------------------------------------------------------------------------------------------------------------------------------------------------------
Epoch:[18/100], CauAdvLoss:[1.1443/0.1121] valid:[75.99], test:[67.41]
--------------------------------------------------------------------------------------------------------------------------------------------------------------------------------------------------------
Train Iter:[0  /772] CauLoss:[1.4275], AdvLoss:[0.2210]
Train Iter:[193/772] CauLoss:[1.1432], AdvLoss:[0.1107]
Train Iter:[386/772] CauLoss:[1.1422], AdvLoss:[0.1117]
Train Iter:[579/772] CauLoss:[1.1393], AdvLoss:[0.1102]
--------------------------------------------------------------------------------------------------------------------------------------------------------------------------------------------------------
Epoch:[19/100], CauAdvLoss:[1.1395/0.1107] valid:[75.98], test:[62.74]
--------------------------------------------------------------------------------------------------------------------------------------------------------------------------------------------------------
Train Iter:[0  /772] CauLoss:[1.2228], AdvLoss:[0.1435]
Train Iter:[193/772] CauLoss:[1.1143], AdvLoss:[0.0985]
Train Iter:[386/772] CauLoss:[1.1399], AdvLoss:[0.1106]
Train Iter:[579/772] CauLoss:[1.1390], AdvLoss:[0.1105]
--------------------------------------------------------------------------------------------------------------------------------------------------------------------------------------------------------
Epoch:[20/100], CauAdvLoss:[1.1373/0.1100] valid:[76.87], test:[66.99]
--------------------------------------------------------------------------------------------------------------------------------------------------------------------------------------------------------
Train Iter:[0  /772] CauLoss:[1.0194], AdvLoss:[0.0417]
Train Iter:[193/772] CauLoss:[1.1244], AdvLoss:[0.1040]
Train Iter:[386/772] CauLoss:[1.1309], AdvLoss:[0.1068]
Train Iter:[579/772] CauLoss:[1.1361], AdvLoss:[0.1088]
--------------------------------------------------------------------------------------------------------------------------------------------------------------------------------------------------------
Epoch:[21/100], CauAdvLoss:[1.1366/0.1096] valid:[73.25], test:[66.62]
--------------------------------------------------------------------------------------------------------------------------------------------------------------------------------------------------------
Train Iter:[0  /772] CauLoss:[0.9726], AdvLoss:[0.0275]
Train Iter:[193/772] CauLoss:[1.1324], AdvLoss:[0.1054]
Train Iter:[386/772] CauLoss:[1.1289], AdvLoss:[0.1038]
Train Iter:[579/772] CauLoss:[1.1352], AdvLoss:[0.1066]
--------------------------------------------------------------------------------------------------------------------------------------------------------------------------------------------------------
Epoch:[22/100], CauAdvLoss:[1.1382/0.1091] valid:[75.41], test:[69.87]
--------------------------------------------------------------------------------------------------------------------------------------------------------------------------------------------------------
Train Iter:[0  /772] CauLoss:[0.9729], AdvLoss:[0.0192]
Train Iter:[193/772] CauLoss:[1.1476], AdvLoss:[0.1134]
Train Iter:[386/772] CauLoss:[1.1348], AdvLoss:[0.1079]
Train Iter:[579/772] CauLoss:[1.1324], AdvLoss:[0.1077]
--------------------------------------------------------------------------------------------------------------------------------------------------------------------------------------------------------
Epoch:[23/100], CauAdvLoss:[1.1332/0.1093] valid:[75.49], test:[66.22]
--------------------------------------------------------------------------------------------------------------------------------------------------------------------------------------------------------
Train Iter:[0  /772] CauLoss:[1.4865], AdvLoss:[0.2791]
Train Iter:[193/772] CauLoss:[1.1299], AdvLoss:[0.1057]
Train Iter:[386/772] CauLoss:[1.1341], AdvLoss:[0.1099]
Train Iter:[579/772] CauLoss:[1.1357], AdvLoss:[0.1115]
--------------------------------------------------------------------------------------------------------------------------------------------------------------------------------------------------------
Epoch:[24/100], CauAdvLoss:[1.1304/0.1086] valid:[75.20], test:[68.75]
--------------------------------------------------------------------------------------------------------------------------------------------------------------------------------------------------------
Train Iter:[0  /772] CauLoss:[1.0390], AdvLoss:[0.0645]
Train Iter:[193/772] CauLoss:[1.1375], AdvLoss:[0.1114]
Train Iter:[386/772] CauLoss:[1.1421], AdvLoss:[0.1139]
Train Iter:[579/772] CauLoss:[1.1340], AdvLoss:[0.1099]
--------------------------------------------------------------------------------------------------------------------------------------------------------------------------------------------------------
Epoch:[25/100], CauAdvLoss:[1.1330/0.1088] valid:[77.36], test:[68.77]
--------------------------------------------------------------------------------------------------------------------------------------------------------------------------------------------------------
Train Iter:[0  /772] CauLoss:[1.1643], AdvLoss:[0.0969]
Train Iter:[193/772] CauLoss:[1.1147], AdvLoss:[0.1040]
Train Iter:[386/772] CauLoss:[1.1201], AdvLoss:[0.1052]
Train Iter:[579/772] CauLoss:[1.1229], AdvLoss:[0.1055]
--------------------------------------------------------------------------------------------------------------------------------------------------------------------------------------------------------
Epoch:[26/100], CauAdvLoss:[1.1271/0.1064] valid:[76.14], test:[69.49]
--------------------------------------------------------------------------------------------------------------------------------------------------------------------------------------------------------
Train Iter:[0  /772] CauLoss:[1.0219], AdvLoss:[0.0404]
Train Iter:[193/772] CauLoss:[1.1352], AdvLoss:[0.1123]
Train Iter:[386/772] CauLoss:[1.1240], AdvLoss:[0.1057]
Train Iter:[579/772] CauLoss:[1.1218], AdvLoss:[0.1043]
--------------------------------------------------------------------------------------------------------------------------------------------------------------------------------------------------------
Epoch:[27/100], CauAdvLoss:[1.1258/0.1064] valid:[77.66], test:[68.83]
--------------------------------------------------------------------------------------------------------------------------------------------------------------------------------------------------------
Train Iter:[0  /772] CauLoss:[1.3758], AdvLoss:[0.2294]
Train Iter:[193/772] CauLoss:[1.1361], AdvLoss:[0.1114]
Train Iter:[386/772] CauLoss:[1.1253], AdvLoss:[0.1066]
Train Iter:[579/772] CauLoss:[1.1248], AdvLoss:[0.1066]
--------------------------------------------------------------------------------------------------------------------------------------------------------------------------------------------------------
Epoch:[28/100], CauAdvLoss:[1.1264/0.1071] valid:[77.70], test:[69.52]
--------------------------------------------------------------------------------------------------------------------------------------------------------------------------------------------------------
Train Iter:[0  /772] CauLoss:[0.9534], AdvLoss:[0.0154]
Train Iter:[193/772] CauLoss:[1.1144], AdvLoss:[0.0996]
Train Iter:[386/772] CauLoss:[1.1227], AdvLoss:[0.1039]
Train Iter:[579/772] CauLoss:[1.1266], AdvLoss:[0.1057]
--------------------------------------------------------------------------------------------------------------------------------------------------------------------------------------------------------
Epoch:[29/100], CauAdvLoss:[1.1269/0.1067] valid:[75.37], test:[66.62]
--------------------------------------------------------------------------------------------------------------------------------------------------------------------------------------------------------
Train Iter:[0  /772] CauLoss:[1.3011], AdvLoss:[0.1907]
Train Iter:[193/772] CauLoss:[1.0942], AdvLoss:[0.0914]
Train Iter:[386/772] CauLoss:[1.1027], AdvLoss:[0.0958]
Train Iter:[579/772] CauLoss:[1.1142], AdvLoss:[0.1009]
--------------------------------------------------------------------------------------------------------------------------------------------------------------------------------------------------------
Epoch:[30/100], CauAdvLoss:[1.1206/0.1043] valid:[75.93], test:[67.85]
--------------------------------------------------------------------------------------------------------------------------------------------------------------------------------------------------------
Train Iter:[0  /772] CauLoss:[1.2323], AdvLoss:[0.1140]
Train Iter:[193/772] CauLoss:[1.1127], AdvLoss:[0.0971]
Train Iter:[386/772] CauLoss:[1.1139], AdvLoss:[0.1008]
Train Iter:[579/772] CauLoss:[1.1184], AdvLoss:[0.1029]
--------------------------------------------------------------------------------------------------------------------------------------------------------------------------------------------------------
Epoch:[31/100], CauAdvLoss:[1.1229/0.1049] valid:[76.10], test:[68.83]
--------------------------------------------------------------------------------------------------------------------------------------------------------------------------------------------------------
Train Iter:[0  /772] CauLoss:[0.9825], AdvLoss:[0.0224]
Train Iter:[193/772] CauLoss:[1.1253], AdvLoss:[0.1054]
Train Iter:[386/772] CauLoss:[1.1090], AdvLoss:[0.0988]
Train Iter:[579/772] CauLoss:[1.1195], AdvLoss:[0.1065]
--------------------------------------------------------------------------------------------------------------------------------------------------------------------------------------------------------
Epoch:[32/100], CauAdvLoss:[1.1179/0.1054] valid:[75.29], test:[67.03]
--------------------------------------------------------------------------------------------------------------------------------------------------------------------------------------------------------
Train Iter:[0  /772] CauLoss:[1.2230], AdvLoss:[0.1827]
Train Iter:[193/772] CauLoss:[1.1103], AdvLoss:[0.1001]
Train Iter:[386/772] CauLoss:[1.1175], AdvLoss:[0.1053]
Train Iter:[579/772] CauLoss:[1.1222], AdvLoss:[0.1075]
--------------------------------------------------------------------------------------------------------------------------------------------------------------------------------------------------------
Epoch:[33/100], CauAdvLoss:[1.1193/0.1066] valid:[77.63], test:[67.46]
--------------------------------------------------------------------------------------------------------------------------------------------------------------------------------------------------------
Train Iter:[0  /772] CauLoss:[0.9809], AdvLoss:[0.0101]
Train Iter:[193/772] CauLoss:[1.1290], AdvLoss:[0.1062]
Train Iter:[386/772] CauLoss:[1.1204], AdvLoss:[0.1050]
Train Iter:[579/772] CauLoss:[1.1139], AdvLoss:[0.1027]
--------------------------------------------------------------------------------------------------------------------------------------------------------------------------------------------------------
Epoch:[34/100], CauAdvLoss:[1.1159/0.1039] valid:[75.18], test:[65.78]
--------------------------------------------------------------------------------------------------------------------------------------------------------------------------------------------------------
Train Iter:[0  /772] CauLoss:[1.2477], AdvLoss:[0.1528]
Train Iter:[193/772] CauLoss:[1.0986], AdvLoss:[0.0937]
Train Iter:[386/772] CauLoss:[1.1201], AdvLoss:[0.1040]
Train Iter:[579/772] CauLoss:[1.1191], AdvLoss:[0.1034]
--------------------------------------------------------------------------------------------------------------------------------------------------------------------------------------------------------
Epoch:[35/100], CauAdvLoss:[1.1177/0.1030] valid:[75.56], test:[65.83]
--------------------------------------------------------------------------------------------------------------------------------------------------------------------------------------------------------
Train Iter:[0  /772] CauLoss:[1.1899], AdvLoss:[0.1478]
Train Iter:[193/772] CauLoss:[1.1204], AdvLoss:[0.1056]
Train Iter:[386/772] CauLoss:[1.1181], AdvLoss:[0.1032]
Train Iter:[579/772] CauLoss:[1.1181], AdvLoss:[0.1022]
--------------------------------------------------------------------------------------------------------------------------------------------------------------------------------------------------------
Epoch:[36/100], CauAdvLoss:[1.1161/0.1023] valid:[76.12], test:[64.92]
--------------------------------------------------------------------------------------------------------------------------------------------------------------------------------------------------------
Train Iter:[0  /772] CauLoss:[0.9491], AdvLoss:[0.0490]
Train Iter:[193/772] CauLoss:[1.1143], AdvLoss:[0.0976]
Train Iter:[386/772] CauLoss:[1.1078], AdvLoss:[0.0952]
Train Iter:[579/772] CauLoss:[1.1169], AdvLoss:[0.1013]
--------------------------------------------------------------------------------------------------------------------------------------------------------------------------------------------------------
Epoch:[37/100], CauAdvLoss:[1.1158/0.1017] valid:[76.11], test:[66.71]
--------------------------------------------------------------------------------------------------------------------------------------------------------------------------------------------------------
Train Iter:[0  /772] CauLoss:[1.0014], AdvLoss:[0.0350]
Train Iter:[193/772] CauLoss:[1.1071], AdvLoss:[0.1017]
Train Iter:[386/772] CauLoss:[1.1008], AdvLoss:[0.0984]
Train Iter:[579/772] CauLoss:[1.1062], AdvLoss:[0.1007]
--------------------------------------------------------------------------------------------------------------------------------------------------------------------------------------------------------
Epoch:[38/100], CauAdvLoss:[1.1110/0.1023] valid:[73.24], test:[64.27]
--------------------------------------------------------------------------------------------------------------------------------------------------------------------------------------------------------
Train Iter:[0  /772] CauLoss:[1.1336], AdvLoss:[0.1164]
Train Iter:[193/772] CauLoss:[1.1150], AdvLoss:[0.1040]
Train Iter:[386/772] CauLoss:[1.1116], AdvLoss:[0.1005]
Train Iter:[579/772] CauLoss:[1.1119], AdvLoss:[0.1007]
--------------------------------------------------------------------------------------------------------------------------------------------------------------------------------------------------------
Epoch:[39/100], CauAdvLoss:[1.1121/0.1007] valid:[76.34], test:[64.60]
--------------------------------------------------------------------------------------------------------------------------------------------------------------------------------------------------------
Train Iter:[0  /772] CauLoss:[0.9429], AdvLoss:[0.0071]
Train Iter:[193/772] CauLoss:[1.1054], AdvLoss:[0.0980]
Train Iter:[386/772] CauLoss:[1.1038], AdvLoss:[0.0994]
Train Iter:[579/772] CauLoss:[1.1000], AdvLoss:[0.0988]
--------------------------------------------------------------------------------------------------------------------------------------------------------------------------------------------------------
Epoch:[40/100], CauAdvLoss:[1.1080/0.1023] valid:[76.03], test:[65.91]
--------------------------------------------------------------------------------------------------------------------------------------------------------------------------------------------------------
Train Iter:[0  /772] CauLoss:[1.1042], AdvLoss:[0.1374]
Train Iter:[193/772] CauLoss:[1.1087], AdvLoss:[0.0967]
Train Iter:[386/772] CauLoss:[1.1089], AdvLoss:[0.0992]
Train Iter:[579/772] CauLoss:[1.1091], AdvLoss:[0.1004]
--------------------------------------------------------------------------------------------------------------------------------------------------------------------------------------------------------
Epoch:[41/100], CauAdvLoss:[1.1078/0.0997] valid:[78.37], test:[68.57]
--------------------------------------------------------------------------------------------------------------------------------------------------------------------------------------------------------
Train Iter:[0  /772] CauLoss:[1.0017], AdvLoss:[0.0428]
Train Iter:[193/772] CauLoss:[1.1133], AdvLoss:[0.1008]
Train Iter:[386/772] CauLoss:[1.1149], AdvLoss:[0.1026]
Train Iter:[579/772] CauLoss:[1.1117], AdvLoss:[0.1015]
--------------------------------------------------------------------------------------------------------------------------------------------------------------------------------------------------------
Epoch:[42/100], CauAdvLoss:[1.1095/0.1006] valid:[76.89], test:[68.31]
--------------------------------------------------------------------------------------------------------------------------------------------------------------------------------------------------------
Train Iter:[0  /772] CauLoss:[1.0151], AdvLoss:[0.0459]
Train Iter:[193/772] CauLoss:[1.0867], AdvLoss:[0.0898]
Train Iter:[386/772] CauLoss:[1.1018], AdvLoss:[0.0957]
Train Iter:[579/772] CauLoss:[1.1036], AdvLoss:[0.0975]
--------------------------------------------------------------------------------------------------------------------------------------------------------------------------------------------------------
Epoch:[43/100], CauAdvLoss:[1.1074/0.0986] valid:[76.47], test:[66.88]
--------------------------------------------------------------------------------------------------------------------------------------------------------------------------------------------------------
Train Iter:[0  /772] CauLoss:[1.0650], AdvLoss:[0.0788]
Train Iter:[193/772] CauLoss:[1.1069], AdvLoss:[0.1017]
Train Iter:[386/772] CauLoss:[1.1061], AdvLoss:[0.1000]
Train Iter:[579/772] CauLoss:[1.1064], AdvLoss:[0.1006]
--------------------------------------------------------------------------------------------------------------------------------------------------------------------------------------------------------
Epoch:[44/100], CauAdvLoss:[1.1064/0.0991] valid:[75.42], test:[66.69]
--------------------------------------------------------------------------------------------------------------------------------------------------------------------------------------------------------
Train Iter:[0  /772] CauLoss:[0.9499], AdvLoss:[0.0068]
Train Iter:[193/772] CauLoss:[1.1187], AdvLoss:[0.1055]
Train Iter:[386/772] CauLoss:[1.1011], AdvLoss:[0.0973]
Train Iter:[579/772] CauLoss:[1.1042], AdvLoss:[0.1004]
--------------------------------------------------------------------------------------------------------------------------------------------------------------------------------------------------------
Epoch:[45/100], CauAdvLoss:[1.1035/0.0994] valid:[74.93], test:[66.19]
--------------------------------------------------------------------------------------------------------------------------------------------------------------------------------------------------------
Train Iter:[0  /772] CauLoss:[0.9622], AdvLoss:[0.0119]
Train Iter:[193/772] CauLoss:[1.0976], AdvLoss:[0.0908]
Train Iter:[386/772] CauLoss:[1.0995], AdvLoss:[0.0949]
Train Iter:[579/772] CauLoss:[1.1006], AdvLoss:[0.0954]
--------------------------------------------------------------------------------------------------------------------------------------------------------------------------------------------------------
Epoch:[46/100], CauAdvLoss:[1.1022/0.0965] valid:[77.38], test:[66.81]
--------------------------------------------------------------------------------------------------------------------------------------------------------------------------------------------------------
Train Iter:[0  /772] CauLoss:[0.9919], AdvLoss:[0.0327]
Train Iter:[193/772] CauLoss:[1.1062], AdvLoss:[0.1014]
Train Iter:[386/772] CauLoss:[1.1055], AdvLoss:[0.0999]
Train Iter:[579/772] CauLoss:[1.0999], AdvLoss:[0.0971]
--------------------------------------------------------------------------------------------------------------------------------------------------------------------------------------------------------
Epoch:[47/100], CauAdvLoss:[1.1008/0.0978] valid:[73.19], test:[65.21]
--------------------------------------------------------------------------------------------------------------------------------------------------------------------------------------------------------
Train Iter:[0  /772] CauLoss:[0.9483], AdvLoss:[0.0067]
Train Iter:[193/772] CauLoss:[1.1017], AdvLoss:[0.0968]
Train Iter:[386/772] CauLoss:[1.1002], AdvLoss:[0.0969]
Train Iter:[579/772] CauLoss:[1.0987], AdvLoss:[0.0978]
--------------------------------------------------------------------------------------------------------------------------------------------------------------------------------------------------------
Epoch:[48/100], CauAdvLoss:[1.0984/0.0981] valid:[73.86], test:[66.99]
--------------------------------------------------------------------------------------------------------------------------------------------------------------------------------------------------------
Train Iter:[0  /772] CauLoss:[0.9543], AdvLoss:[0.0086]
Train Iter:[193/772] CauLoss:[1.0992], AdvLoss:[0.0966]
Train Iter:[386/772] CauLoss:[1.0945], AdvLoss:[0.0949]
Train Iter:[579/772] CauLoss:[1.0952], AdvLoss:[0.0952]
--------------------------------------------------------------------------------------------------------------------------------------------------------------------------------------------------------
Epoch:[49/100], CauAdvLoss:[1.0995/0.0971] valid:[76.93], test:[67.57]
--------------------------------------------------------------------------------------------------------------------------------------------------------------------------------------------------------
Train Iter:[0  /772] CauLoss:[0.9570], AdvLoss:[0.0039]
Train Iter:[193/772] CauLoss:[1.0903], AdvLoss:[0.0901]
Train Iter:[386/772] CauLoss:[1.0938], AdvLoss:[0.0945]
Train Iter:[579/772] CauLoss:[1.1014], AdvLoss:[0.0966]
--------------------------------------------------------------------------------------------------------------------------------------------------------------------------------------------------------
Epoch:[50/100], CauAdvLoss:[1.0982/0.0948] valid:[76.37], test:[65.11]
--------------------------------------------------------------------------------------------------------------------------------------------------------------------------------------------------------
Train Iter:[0  /772] CauLoss:[1.1254], AdvLoss:[0.1430]
Train Iter:[193/772] CauLoss:[1.0889], AdvLoss:[0.0923]
Train Iter:[386/772] CauLoss:[1.0951], AdvLoss:[0.0947]
Train Iter:[579/772] CauLoss:[1.0976], AdvLoss:[0.0955]
--------------------------------------------------------------------------------------------------------------------------------------------------------------------------------------------------------
Epoch:[51/100], CauAdvLoss:[1.0968/0.0950] valid:[75.41], test:[68.38]
--------------------------------------------------------------------------------------------------------------------------------------------------------------------------------------------------------
Train Iter:[0  /772] CauLoss:[0.9915], AdvLoss:[0.0284]
Train Iter:[193/772] CauLoss:[1.0886], AdvLoss:[0.0968]
Train Iter:[386/772] CauLoss:[1.0928], AdvLoss:[0.0988]
Train Iter:[579/772] CauLoss:[1.0923], AdvLoss:[0.0975]
--------------------------------------------------------------------------------------------------------------------------------------------------------------------------------------------------------
Epoch:[52/100], CauAdvLoss:[1.0911/0.0966] valid:[76.65], test:[64.63]
--------------------------------------------------------------------------------------------------------------------------------------------------------------------------------------------------------
Train Iter:[0  /772] CauLoss:[1.2843], AdvLoss:[0.1556]
Train Iter:[193/772] CauLoss:[1.1009], AdvLoss:[0.0985]
Train Iter:[386/772] CauLoss:[1.0923], AdvLoss:[0.0963]
Train Iter:[579/772] CauLoss:[1.0959], AdvLoss:[0.0969]
--------------------------------------------------------------------------------------------------------------------------------------------------------------------------------------------------------
Epoch:[53/100], CauAdvLoss:[1.0971/0.0970] valid:[76.31], test:[64.78]
--------------------------------------------------------------------------------------------------------------------------------------------------------------------------------------------------------
Train Iter:[0  /772] CauLoss:[1.0716], AdvLoss:[0.0167]
Train Iter:[193/772] CauLoss:[1.1058], AdvLoss:[0.1010]
Train Iter:[386/772] CauLoss:[1.0879], AdvLoss:[0.0924]
Train Iter:[579/772] CauLoss:[1.0900], AdvLoss:[0.0941]
--------------------------------------------------------------------------------------------------------------------------------------------------------------------------------------------------------
Epoch:[54/100], CauAdvLoss:[1.0938/0.0967] valid:[76.59], test:[65.27]
--------------------------------------------------------------------------------------------------------------------------------------------------------------------------------------------------------
Train Iter:[0  /772] CauLoss:[0.9661], AdvLoss:[0.0045]
Train Iter:[193/772] CauLoss:[1.0945], AdvLoss:[0.0933]
Train Iter:[386/772] CauLoss:[1.0943], AdvLoss:[0.0936]
Train Iter:[579/772] CauLoss:[1.0881], AdvLoss:[0.0924]
--------------------------------------------------------------------------------------------------------------------------------------------------------------------------------------------------------
Epoch:[55/100], CauAdvLoss:[1.0943/0.0950] valid:[76.09], test:[63.65]
--------------------------------------------------------------------------------------------------------------------------------------------------------------------------------------------------------
Train Iter:[0  /772] CauLoss:[1.0414], AdvLoss:[0.0629]
Train Iter:[193/772] CauLoss:[1.0925], AdvLoss:[0.0968]
Train Iter:[386/772] CauLoss:[1.1016], AdvLoss:[0.1004]
Train Iter:[579/772] CauLoss:[1.0935], AdvLoss:[0.0960]
--------------------------------------------------------------------------------------------------------------------------------------------------------------------------------------------------------
Epoch:[56/100], CauAdvLoss:[1.0896/0.0943] valid:[73.53], test:[60.87]
--------------------------------------------------------------------------------------------------------------------------------------------------------------------------------------------------------
Train Iter:[0  /772] CauLoss:[1.1655], AdvLoss:[0.0840]
Train Iter:[193/772] CauLoss:[1.0822], AdvLoss:[0.0871]
Train Iter:[386/772] CauLoss:[1.0802], AdvLoss:[0.0914]
Train Iter:[579/772] CauLoss:[1.0891], AdvLoss:[0.0972]
--------------------------------------------------------------------------------------------------------------------------------------------------------------------------------------------------------
Epoch:[57/100], CauAdvLoss:[1.0913/0.0975] valid:[74.70], test:[63.70]
--------------------------------------------------------------------------------------------------------------------------------------------------------------------------------------------------------
Train Iter:[0  /772] CauLoss:[1.0878], AdvLoss:[0.1160]
Train Iter:[193/772] CauLoss:[1.0920], AdvLoss:[0.0995]
Train Iter:[386/772] CauLoss:[1.0975], AdvLoss:[0.1026]
Train Iter:[579/772] CauLoss:[1.0957], AdvLoss:[0.1018]
--------------------------------------------------------------------------------------------------------------------------------------------------------------------------------------------------------
Epoch:[58/100], CauAdvLoss:[1.0897/0.0973] valid:[74.93], test:[66.08]
--------------------------------------------------------------------------------------------------------------------------------------------------------------------------------------------------------
Train Iter:[0  /772] CauLoss:[1.3022], AdvLoss:[0.2462]
Train Iter:[193/772] CauLoss:[1.0780], AdvLoss:[0.0872]
Train Iter:[386/772] CauLoss:[1.0834], AdvLoss:[0.0930]
Train Iter:[579/772] CauLoss:[1.0832], AdvLoss:[0.0922]
--------------------------------------------------------------------------------------------------------------------------------------------------------------------------------------------------------
Epoch:[59/100], CauAdvLoss:[1.0901/0.0964] valid:[74.63], test:[65.42]
--------------------------------------------------------------------------------------------------------------------------------------------------------------------------------------------------------
Train Iter:[0  /772] CauLoss:[0.9313], AdvLoss:[0.0056]
Train Iter:[193/772] CauLoss:[1.0698], AdvLoss:[0.0859]
Train Iter:[386/772] CauLoss:[1.0802], AdvLoss:[0.0921]
Train Iter:[579/772] CauLoss:[1.0828], AdvLoss:[0.0932]
--------------------------------------------------------------------------------------------------------------------------------------------------------------------------------------------------------
Epoch:[60/100], CauAdvLoss:[1.0887/0.0956] valid:[74.82], test:[63.58]
--------------------------------------------------------------------------------------------------------------------------------------------------------------------------------------------------------
Train Iter:[0  /772] CauLoss:[0.9615], AdvLoss:[0.0131]
Train Iter:[193/772] CauLoss:[1.0834], AdvLoss:[0.0900]
Train Iter:[386/772] CauLoss:[1.0885], AdvLoss:[0.0927]
Train Iter:[579/772] CauLoss:[1.0869], AdvLoss:[0.0922]
--------------------------------------------------------------------------------------------------------------------------------------------------------------------------------------------------------
Epoch:[61/100], CauAdvLoss:[1.0897/0.0940] valid:[75.19], test:[62.54]
--------------------------------------------------------------------------------------------------------------------------------------------------------------------------------------------------------
Train Iter:[0  /772] CauLoss:[0.9815], AdvLoss:[0.0328]
Train Iter:[193/772] CauLoss:[1.0909], AdvLoss:[0.0937]
Train Iter:[386/772] CauLoss:[1.0898], AdvLoss:[0.0953]
Train Iter:[579/772] CauLoss:[1.0873], AdvLoss:[0.0960]
--------------------------------------------------------------------------------------------------------------------------------------------------------------------------------------------------------
Epoch:[62/100], CauAdvLoss:[1.0879/0.0952] valid:[75.15], test:[63.73]
--------------------------------------------------------------------------------------------------------------------------------------------------------------------------------------------------------
Train Iter:[0  /772] CauLoss:[1.2628], AdvLoss:[0.2960]
Train Iter:[193/772] CauLoss:[1.0905], AdvLoss:[0.0923]
Train Iter:[386/772] CauLoss:[1.0864], AdvLoss:[0.0912]
Train Iter:[579/772] CauLoss:[1.0894], AdvLoss:[0.0929]
--------------------------------------------------------------------------------------------------------------------------------------------------------------------------------------------------------
Epoch:[63/100], CauAdvLoss:[1.0857/0.0903] valid:[77.10], test:[63.32]
--------------------------------------------------------------------------------------------------------------------------------------------------------------------------------------------------------
Train Iter:[0  /772] CauLoss:[1.0807], AdvLoss:[0.1496]
Train Iter:[193/772] CauLoss:[1.0618], AdvLoss:[0.0858]
Train Iter:[386/772] CauLoss:[1.0758], AdvLoss:[0.0907]
Train Iter:[579/772] CauLoss:[1.0780], AdvLoss:[0.0904]
--------------------------------------------------------------------------------------------------------------------------------------------------------------------------------------------------------
Epoch:[64/100], CauAdvLoss:[1.0814/0.0919] valid:[72.36], test:[59.89]
--------------------------------------------------------------------------------------------------------------------------------------------------------------------------------------------------------
Train Iter:[0  /772] CauLoss:[0.9800], AdvLoss:[0.0348]
Train Iter:[193/772] CauLoss:[1.0819], AdvLoss:[0.0947]
Train Iter:[386/772] CauLoss:[1.0800], AdvLoss:[0.0939]
Train Iter:[579/772] CauLoss:[1.0794], AdvLoss:[0.0928]
--------------------------------------------------------------------------------------------------------------------------------------------------------------------------------------------------------
Epoch:[65/100], CauAdvLoss:[1.0836/0.0947] valid:[74.55], test:[64.81]
--------------------------------------------------------------------------------------------------------------------------------------------------------------------------------------------------------
Train Iter:[0  /772] CauLoss:[1.0313], AdvLoss:[0.0781]
Train Iter:[193/772] CauLoss:[1.0804], AdvLoss:[0.0907]
Train Iter:[386/772] CauLoss:[1.0752], AdvLoss:[0.0877]
Train Iter:[579/772] CauLoss:[1.0808], AdvLoss:[0.0892]
--------------------------------------------------------------------------------------------------------------------------------------------------------------------------------------------------------
Epoch:[66/100], CauAdvLoss:[1.0858/0.0936] valid:[74.45], test:[63.26]
--------------------------------------------------------------------------------------------------------------------------------------------------------------------------------------------------------
Train Iter:[0  /772] CauLoss:[0.9886], AdvLoss:[0.0178]
Train Iter:[193/772] CauLoss:[1.0754], AdvLoss:[0.0934]
Train Iter:[386/772] CauLoss:[1.0774], AdvLoss:[0.0943]
Train Iter:[579/772] CauLoss:[1.0743], AdvLoss:[0.0922]
--------------------------------------------------------------------------------------------------------------------------------------------------------------------------------------------------------
Epoch:[67/100], CauAdvLoss:[1.0794/0.0949] valid:[74.79], test:[65.19]
--------------------------------------------------------------------------------------------------------------------------------------------------------------------------------------------------------
Train Iter:[0  /772] CauLoss:[1.1127], AdvLoss:[0.1437]
Train Iter:[193/772] CauLoss:[1.0656], AdvLoss:[0.0842]
Train Iter:[386/772] CauLoss:[1.0717], AdvLoss:[0.0912]
Train Iter:[579/772] CauLoss:[1.0788], AdvLoss:[0.0941]
--------------------------------------------------------------------------------------------------------------------------------------------------------------------------------------------------------
Epoch:[68/100], CauAdvLoss:[1.0829/0.0954] valid:[75.14], test:[64.63]
--------------------------------------------------------------------------------------------------------------------------------------------------------------------------------------------------------
Train Iter:[0  /772] CauLoss:[1.0368], AdvLoss:[0.0694]
Train Iter:[193/772] CauLoss:[1.0745], AdvLoss:[0.0891]
Train Iter:[386/772] CauLoss:[1.0759], AdvLoss:[0.0919]
Train Iter:[579/772] CauLoss:[1.0773], AdvLoss:[0.0914]
--------------------------------------------------------------------------------------------------------------------------------------------------------------------------------------------------------
Epoch:[69/100], CauAdvLoss:[1.0816/0.0942] valid:[75.10], test:[62.84]
--------------------------------------------------------------------------------------------------------------------------------------------------------------------------------------------------------
Train Iter:[0  /772] CauLoss:[0.9685], AdvLoss:[0.0101]
Train Iter:[193/772] CauLoss:[1.0746], AdvLoss:[0.0925]
Train Iter:[386/772] CauLoss:[1.0711], AdvLoss:[0.0922]
Train Iter:[579/772] CauLoss:[1.0765], AdvLoss:[0.0928]
--------------------------------------------------------------------------------------------------------------------------------------------------------------------------------------------------------
Epoch:[70/100], CauAdvLoss:[1.0776/0.0940] valid:[74.93], test:[65.56]
--------------------------------------------------------------------------------------------------------------------------------------------------------------------------------------------------------
Train Iter:[0  /772] CauLoss:[1.0562], AdvLoss:[0.0494]
Train Iter:[193/772] CauLoss:[1.0913], AdvLoss:[0.0969]
Train Iter:[386/772] CauLoss:[1.0758], AdvLoss:[0.0905]
Train Iter:[579/772] CauLoss:[1.0801], AdvLoss:[0.0927]
--------------------------------------------------------------------------------------------------------------------------------------------------------------------------------------------------------
Epoch:[71/100], CauAdvLoss:[1.0771/0.0906] valid:[74.78], test:[61.72]
--------------------------------------------------------------------------------------------------------------------------------------------------------------------------------------------------------
Train Iter:[0  /772] CauLoss:[0.9299], AdvLoss:[0.0045]
Train Iter:[193/772] CauLoss:[1.0712], AdvLoss:[0.0917]
Train Iter:[386/772] CauLoss:[1.0790], AdvLoss:[0.0947]
Train Iter:[579/772] CauLoss:[1.0796], AdvLoss:[0.0929]
--------------------------------------------------------------------------------------------------------------------------------------------------------------------------------------------------------
Epoch:[72/100], CauAdvLoss:[1.0790/0.0937] valid:[74.85], test:[64.69]
--------------------------------------------------------------------------------------------------------------------------------------------------------------------------------------------------------
Train Iter:[0  /772] CauLoss:[1.0691], AdvLoss:[0.0662]
Train Iter:[193/772] CauLoss:[1.0708], AdvLoss:[0.0893]
Train Iter:[386/772] CauLoss:[1.0731], AdvLoss:[0.0922]
Train Iter:[579/772] CauLoss:[1.0749], AdvLoss:[0.0939]
--------------------------------------------------------------------------------------------------------------------------------------------------------------------------------------------------------
Epoch:[73/100], CauAdvLoss:[1.0740/0.0939] valid:[74.81], test:[62.73]
--------------------------------------------------------------------------------------------------------------------------------------------------------------------------------------------------------
Train Iter:[0  /772] CauLoss:[1.6316], AdvLoss:[0.4027]
Train Iter:[193/772] CauLoss:[1.0774], AdvLoss:[0.0936]
Train Iter:[386/772] CauLoss:[1.0795], AdvLoss:[0.0929]
Train Iter:[579/772] CauLoss:[1.0774], AdvLoss:[0.0945]
--------------------------------------------------------------------------------------------------------------------------------------------------------------------------------------------------------
Epoch:[74/100], CauAdvLoss:[1.0769/0.0927] valid:[75.07], test:[63.38]
--------------------------------------------------------------------------------------------------------------------------------------------------------------------------------------------------------
Train Iter:[0  /772] CauLoss:[1.3398], AdvLoss:[0.2468]
Train Iter:[193/772] CauLoss:[1.0830], AdvLoss:[0.0941]
Train Iter:[386/772] CauLoss:[1.0752], AdvLoss:[0.0945]
Train Iter:[579/772] CauLoss:[1.0731], AdvLoss:[0.0934]
--------------------------------------------------------------------------------------------------------------------------------------------------------------------------------------------------------
Epoch:[75/100], CauAdvLoss:[1.0747/0.0943] valid:[75.50], test:[64.52]
--------------------------------------------------------------------------------------------------------------------------------------------------------------------------------------------------------
Train Iter:[0  /772] CauLoss:[0.9447], AdvLoss:[0.0022]
Train Iter:[193/772] CauLoss:[1.0584], AdvLoss:[0.0921]
Train Iter:[386/772] CauLoss:[1.0659], AdvLoss:[0.0942]
Train Iter:[579/772] CauLoss:[1.0701], AdvLoss:[0.0967]
--------------------------------------------------------------------------------------------------------------------------------------------------------------------------------------------------------
Epoch:[76/100], CauAdvLoss:[1.0697/0.0962] valid:[74.90], test:[64.12]
--------------------------------------------------------------------------------------------------------------------------------------------------------------------------------------------------------
Train Iter:[0  /772] CauLoss:[1.2361], AdvLoss:[0.1232]
Train Iter:[193/772] CauLoss:[1.0444], AdvLoss:[0.0817]
Train Iter:[386/772] CauLoss:[1.0568], AdvLoss:[0.0903]
Train Iter:[579/772] CauLoss:[1.0580], AdvLoss:[0.0897]
--------------------------------------------------------------------------------------------------------------------------------------------------------------------------------------------------------
Epoch:[77/100], CauAdvLoss:[1.0697/0.0947] valid:[72.71], test:[63.94]
--------------------------------------------------------------------------------------------------------------------------------------------------------------------------------------------------------
Train Iter:[0  /772] CauLoss:[0.9389], AdvLoss:[0.0046]
Train Iter:[193/772] CauLoss:[1.0743], AdvLoss:[0.0921]
Train Iter:[386/772] CauLoss:[1.0745], AdvLoss:[0.0939]
Train Iter:[579/772] CauLoss:[1.0746], AdvLoss:[0.0927]
--------------------------------------------------------------------------------------------------------------------------------------------------------------------------------------------------------
Epoch:[78/100], CauAdvLoss:[1.0753/0.0937] valid:[72.23], test:[62.74]
--------------------------------------------------------------------------------------------------------------------------------------------------------------------------------------------------------
Train Iter:[0  /772] CauLoss:[1.2731], AdvLoss:[0.1932]
Train Iter:[193/772] CauLoss:[1.0566], AdvLoss:[0.0860]
Train Iter:[386/772] CauLoss:[1.0623], AdvLoss:[0.0916]
Train Iter:[579/772] CauLoss:[1.0679], AdvLoss:[0.0922]
--------------------------------------------------------------------------------------------------------------------------------------------------------------------------------------------------------
Epoch:[79/100], CauAdvLoss:[1.0712/0.0941] valid:[73.04], test:[61.54]
--------------------------------------------------------------------------------------------------------------------------------------------------------------------------------------------------------
Train Iter:[0  /772] CauLoss:[1.3521], AdvLoss:[0.2020]
Train Iter:[193/772] CauLoss:[1.0613], AdvLoss:[0.0887]
Train Iter:[386/772] CauLoss:[1.0753], AdvLoss:[0.0977]
Train Iter:[579/772] CauLoss:[1.0722], AdvLoss:[0.0969]
--------------------------------------------------------------------------------------------------------------------------------------------------------------------------------------------------------
Epoch:[80/100], CauAdvLoss:[1.0691/0.0961] valid:[74.26], test:[62.86]
--------------------------------------------------------------------------------------------------------------------------------------------------------------------------------------------------------
Train Iter:[0  /772] CauLoss:[0.9835], AdvLoss:[0.0254]
Train Iter:[193/772] CauLoss:[1.0671], AdvLoss:[0.0939]
Train Iter:[386/772] CauLoss:[1.0679], AdvLoss:[0.0961]
Train Iter:[579/772] CauLoss:[1.0619], AdvLoss:[0.0910]
--------------------------------------------------------------------------------------------------------------------------------------------------------------------------------------------------------
Epoch:[81/100], CauAdvLoss:[1.0674/0.0944] valid:[74.53], test:[62.32]
--------------------------------------------------------------------------------------------------------------------------------------------------------------------------------------------------------
Train Iter:[0  /772] CauLoss:[0.9410], AdvLoss:[0.0013]
Train Iter:[193/772] CauLoss:[1.0708], AdvLoss:[0.0983]
Train Iter:[386/772] CauLoss:[1.0732], AdvLoss:[0.0996]
Train Iter:[579/772] CauLoss:[1.0683], AdvLoss:[0.0960]
--------------------------------------------------------------------------------------------------------------------------------------------------------------------------------------------------------
Epoch:[82/100], CauAdvLoss:[1.0673/0.0953] valid:[75.16], test:[63.80]
--------------------------------------------------------------------------------------------------------------------------------------------------------------------------------------------------------
Train Iter:[0  /772] CauLoss:[1.4493], AdvLoss:[0.3061]
Train Iter:[193/772] CauLoss:[1.0623], AdvLoss:[0.0957]
Train Iter:[386/772] CauLoss:[1.0632], AdvLoss:[0.0918]
Train Iter:[579/772] CauLoss:[1.0680], AdvLoss:[0.0936]
--------------------------------------------------------------------------------------------------------------------------------------------------------------------------------------------------------
Epoch:[83/100], CauAdvLoss:[1.0690/0.0943] valid:[75.60], test:[65.07]
--------------------------------------------------------------------------------------------------------------------------------------------------------------------------------------------------------
Train Iter:[0  /772] CauLoss:[1.0507], AdvLoss:[0.0932]
Train Iter:[193/772] CauLoss:[1.0595], AdvLoss:[0.0897]
Train Iter:[386/772] CauLoss:[1.0604], AdvLoss:[0.0936]
Train Iter:[579/772] CauLoss:[1.0618], AdvLoss:[0.0941]
--------------------------------------------------------------------------------------------------------------------------------------------------------------------------------------------------------
Epoch:[84/100], CauAdvLoss:[1.0675/0.0952] valid:[73.19], test:[62.59]
--------------------------------------------------------------------------------------------------------------------------------------------------------------------------------------------------------
Train Iter:[0  /772] CauLoss:[1.0020], AdvLoss:[0.0246]
Train Iter:[193/772] CauLoss:[1.0728], AdvLoss:[0.0944]
Train Iter:[386/772] CauLoss:[1.0655], AdvLoss:[0.0935]
Train Iter:[579/772] CauLoss:[1.0633], AdvLoss:[0.0927]
--------------------------------------------------------------------------------------------------------------------------------------------------------------------------------------------------------
Epoch:[85/100], CauAdvLoss:[1.0645/0.0934] valid:[75.11], test:[61.85]
--------------------------------------------------------------------------------------------------------------------------------------------------------------------------------------------------------
Train Iter:[0  /772] CauLoss:[0.9345], AdvLoss:[0.0026]
Train Iter:[193/772] CauLoss:[1.0628], AdvLoss:[0.1035]
Train Iter:[386/772] CauLoss:[1.0689], AdvLoss:[0.1040]
Train Iter:[579/772] CauLoss:[1.0648], AdvLoss:[0.0998]
--------------------------------------------------------------------------------------------------------------------------------------------------------------------------------------------------------
Epoch:[86/100], CauAdvLoss:[1.0657/0.0988] valid:[72.78], test:[62.73]
--------------------------------------------------------------------------------------------------------------------------------------------------------------------------------------------------------
Train Iter:[0  /772] CauLoss:[1.0666], AdvLoss:[0.0431]
Train Iter:[193/772] CauLoss:[1.0674], AdvLoss:[0.0916]
Train Iter:[386/772] CauLoss:[1.0680], AdvLoss:[0.0916]
Train Iter:[579/772] CauLoss:[1.0639], AdvLoss:[0.0911]
--------------------------------------------------------------------------------------------------------------------------------------------------------------------------------------------------------
Epoch:[87/100], CauAdvLoss:[1.0648/0.0913] valid:[75.24], test:[65.29]
--------------------------------------------------------------------------------------------------------------------------------------------------------------------------------------------------------
Train Iter:[0  /772] CauLoss:[1.3230], AdvLoss:[0.1817]
Train Iter:[193/772] CauLoss:[1.0603], AdvLoss:[0.0943]
Train Iter:[386/772] CauLoss:[1.0540], AdvLoss:[0.0862]
Train Iter:[579/772] CauLoss:[1.0577], AdvLoss:[0.0885]
--------------------------------------------------------------------------------------------------------------------------------------------------------------------------------------------------------
Epoch:[88/100], CauAdvLoss:[1.0621/0.0919] valid:[71.09], test:[61.86]
--------------------------------------------------------------------------------------------------------------------------------------------------------------------------------------------------------
Train Iter:[0  /772] CauLoss:[0.9455], AdvLoss:[0.0028]
Train Iter:[193/772] CauLoss:[1.0734], AdvLoss:[0.1000]
Train Iter:[386/772] CauLoss:[1.0614], AdvLoss:[0.0918]
Train Iter:[579/772] CauLoss:[1.0574], AdvLoss:[0.0882]
--------------------------------------------------------------------------------------------------------------------------------------------------------------------------------------------------------
Epoch:[89/100], CauAdvLoss:[1.0627/0.0917] valid:[74.50], test:[62.68]
--------------------------------------------------------------------------------------------------------------------------------------------------------------------------------------------------------
Train Iter:[0  /772] CauLoss:[0.9476], AdvLoss:[0.0049]
Train Iter:[193/772] CauLoss:[1.0610], AdvLoss:[0.0955]
Train Iter:[386/772] CauLoss:[1.0634], AdvLoss:[0.0937]
Train Iter:[579/772] CauLoss:[1.0621], AdvLoss:[0.0922]
--------------------------------------------------------------------------------------------------------------------------------------------------------------------------------------------------------
Epoch:[90/100], CauAdvLoss:[1.0634/0.0940] valid:[71.17], test:[63.06]
--------------------------------------------------------------------------------------------------------------------------------------------------------------------------------------------------------
Train Iter:[0  /772] CauLoss:[1.0840], AdvLoss:[0.1532]
Train Iter:[193/772] CauLoss:[1.0629], AdvLoss:[0.0932]
Train Iter:[386/772] CauLoss:[1.0586], AdvLoss:[0.0928]
Train Iter:[579/772] CauLoss:[1.0607], AdvLoss:[0.0934]
--------------------------------------------------------------------------------------------------------------------------------------------------------------------------------------------------------
Epoch:[91/100], CauAdvLoss:[1.0618/0.0932] valid:[73.48], test:[64.77]
--------------------------------------------------------------------------------------------------------------------------------------------------------------------------------------------------------
Train Iter:[0  /772] CauLoss:[1.1935], AdvLoss:[0.2181]
Train Iter:[193/772] CauLoss:[1.0493], AdvLoss:[0.0848]
Train Iter:[386/772] CauLoss:[1.0567], AdvLoss:[0.0911]
Train Iter:[579/772] CauLoss:[1.0590], AdvLoss:[0.0901]
--------------------------------------------------------------------------------------------------------------------------------------------------------------------------------------------------------
Epoch:[92/100], CauAdvLoss:[1.0584/0.0911] valid:[75.72], test:[64.23]
--------------------------------------------------------------------------------------------------------------------------------------------------------------------------------------------------------
Train Iter:[0  /772] CauLoss:[0.9415], AdvLoss:[0.0224]
Train Iter:[193/772] CauLoss:[1.0678], AdvLoss:[0.1001]
Train Iter:[386/772] CauLoss:[1.0641], AdvLoss:[0.0978]
Train Iter:[579/772] CauLoss:[1.0640], AdvLoss:[0.0947]
--------------------------------------------------------------------------------------------------------------------------------------------------------------------------------------------------------
Epoch:[93/100], CauAdvLoss:[1.0614/0.0934] valid:[75.08], test:[63.25]
--------------------------------------------------------------------------------------------------------------------------------------------------------------------------------------------------------
Train Iter:[0  /772] CauLoss:[1.3953], AdvLoss:[0.2666]
Train Iter:[193/772] CauLoss:[1.0732], AdvLoss:[0.0946]
Train Iter:[386/772] CauLoss:[1.0695], AdvLoss:[0.0982]
Train Iter:[579/772] CauLoss:[1.0636], AdvLoss:[0.0941]
--------------------------------------------------------------------------------------------------------------------------------------------------------------------------------------------------------
Epoch:[94/100], CauAdvLoss:[1.0604/0.0925] valid:[73.79], test:[60.11]
--------------------------------------------------------------------------------------------------------------------------------------------------------------------------------------------------------
Train Iter:[0  /772] CauLoss:[0.9550], AdvLoss:[0.0195]
Train Iter:[193/772] CauLoss:[1.0591], AdvLoss:[0.0941]
Train Iter:[386/772] CauLoss:[1.0542], AdvLoss:[0.0885]
Train Iter:[579/772] CauLoss:[1.0544], AdvLoss:[0.0884]
--------------------------------------------------------------------------------------------------------------------------------------------------------------------------------------------------------
Epoch:[95/100], CauAdvLoss:[1.0565/0.0884] valid:[73.24], test:[61.91]
--------------------------------------------------------------------------------------------------------------------------------------------------------------------------------------------------------
Train Iter:[0  /772] CauLoss:[0.9188], AdvLoss:[0.0015]
Train Iter:[193/772] CauLoss:[1.0514], AdvLoss:[0.0859]
Train Iter:[386/772] CauLoss:[1.0486], AdvLoss:[0.0885]
Train Iter:[579/772] CauLoss:[1.0546], AdvLoss:[0.0896]
--------------------------------------------------------------------------------------------------------------------------------------------------------------------------------------------------------
Epoch:[96/100], CauAdvLoss:[1.0600/0.0915] valid:[74.57], test:[62.59]
--------------------------------------------------------------------------------------------------------------------------------------------------------------------------------------------------------
Train Iter:[0  /772] CauLoss:[1.1548], AdvLoss:[0.0848]
Train Iter:[193/772] CauLoss:[1.0635], AdvLoss:[0.0775]
Train Iter:[386/772] CauLoss:[1.0552], AdvLoss:[0.0832]
Train Iter:[579/772] CauLoss:[1.0573], AdvLoss:[0.0859]
--------------------------------------------------------------------------------------------------------------------------------------------------------------------------------------------------------
Epoch:[97/100], CauAdvLoss:[1.0596/0.0861] valid:[72.65], test:[59.57]
--------------------------------------------------------------------------------------------------------------------------------------------------------------------------------------------------------
Train Iter:[0  /772] CauLoss:[1.0051], AdvLoss:[0.0582]
Train Iter:[193/772] CauLoss:[1.0597], AdvLoss:[0.0833]
Train Iter:[386/772] CauLoss:[1.0558], AdvLoss:[0.0851]
Train Iter:[579/772] CauLoss:[1.0577], AdvLoss:[0.0855]
--------------------------------------------------------------------------------------------------------------------------------------------------------------------------------------------------------
Epoch:[98/100], CauAdvLoss:[1.0604/0.0855] valid:[73.05], test:[59.07]
--------------------------------------------------------------------------------------------------------------------------------------------------------------------------------------------------------
Train Iter:[0  /772] CauLoss:[0.9892], AdvLoss:[0.0140]
Train Iter:[193/772] CauLoss:[1.0560], AdvLoss:[0.0811]
Train Iter:[386/772] CauLoss:[1.0612], AdvLoss:[0.0864]
Train Iter:[579/772] CauLoss:[1.0557], AdvLoss:[0.0854]
--------------------------------------------------------------------------------------------------------------------------------------------------------------------------------------------------------
Epoch:[99/100], CauAdvLoss:[1.0529/0.0858] valid:[72.27], test:[60.09]
--------------------------------------------------------------------------------------------------------------------------------------------------------------------------------------------------------
Train Iter:[0  /772] CauLoss:[0.9268], AdvLoss:[0.0020]
Train Iter:[193/772] CauLoss:[1.0678], AdvLoss:[0.0914]
Train Iter:[386/772] CauLoss:[1.0633], AdvLoss:[0.0898]
Train Iter:[579/772] CauLoss:[1.0524], AdvLoss:[0.0834]
--------------------------------------------------------------------------------------------------------------------------------------------------------------------------------------------------------
Epoch:[100/100], CauAdvLoss:[1.0573/0.0863] valid:[73.81], test:[63.15]
--------------------------------------------------------------------------------------------------------------------------------------------------------------------------------------------------------
Update test:[68.57] at epoch:[41] | Total time:01:03:13
/workspace/AIA/Molhiv/GOOD/data/good_datasets/good_hiv.py:410: UserWarning: It is not recommended to directly access the internal storage format `data` of an 'InMemoryDataset'. The data of the dataset is already cached, so any modifications to `data` will not be reflected when accessing its elements. Clearing the cache now by removing all elements in `dataset._data_list`. If you are absolutely certain what you are doing, access the internal storage via `InMemoryDataset._data` instead to suppress this warning. Alternatively, you can access stacked individual attributes of every graph via `dataset.{attr_name}`.
  meta_info.num_envs = torch.unique(train_dataset.data.env_id).shape[0]
/workspace/AIA/Molhiv/GOOD/data/good_datasets/good_hiv.py:414: UserWarning: It is not recommended to directly access the internal storage format `data` of an 'InMemoryDataset'. If you are absolutely certain what you are doing, access the internal storage via `InMemoryDataset._data` instead to suppress this warning. Alternatively, you can access stacked individual attributes of every graph via `dataset.{attr_name}`.
  meta_info.num_classes = train_dataset.data.y.shape[1]
initialize network with kaiming
Train Iter:[0  /772] CauLoss:[3.0065], AdvLoss:[-123.4513]
Train Iter:[193/772] CauLoss:[1.4002], AdvLoss:[-0.4276]
Train Iter:[386/772] CauLoss:[1.3312], AdvLoss:[-0.1318]
Train Iter:[579/772] CauLoss:[1.3150], AdvLoss:[-0.0322]
--------------------------------------------------------------------------------------------------------------------------------------------------------------------------------------------------------
Epoch:[1/100], CauAdvLoss:[1.2963/0.0170] valid:[67.09], test:[51.22]
--------------------------------------------------------------------------------------------------------------------------------------------------------------------------------------------------------
Train Iter:[0  /772] CauLoss:[1.0237], AdvLoss:[0.0154]
Train Iter:[193/772] CauLoss:[1.2492], AdvLoss:[0.1648]
Train Iter:[386/772] CauLoss:[1.2552], AdvLoss:[0.1675]
Train Iter:[579/772] CauLoss:[1.2530], AdvLoss:[0.1654]
--------------------------------------------------------------------------------------------------------------------------------------------------------------------------------------------------------
Epoch:[2/100], CauAdvLoss:[1.2468/0.1606] valid:[67.04], test:[56.87]
--------------------------------------------------------------------------------------------------------------------------------------------------------------------------------------------------------
Train Iter:[0  /772] CauLoss:[1.0811], AdvLoss:[0.0724]
Train Iter:[193/772] CauLoss:[1.2283], AdvLoss:[0.1483]
Train Iter:[386/772] CauLoss:[1.2367], AdvLoss:[0.1559]
Train Iter:[579/772] CauLoss:[1.2253], AdvLoss:[0.1506]
--------------------------------------------------------------------------------------------------------------------------------------------------------------------------------------------------------
Epoch:[3/100], CauAdvLoss:[1.2288/0.1527] valid:[74.48], test:[61.54]
--------------------------------------------------------------------------------------------------------------------------------------------------------------------------------------------------------
Train Iter:[0  /772] CauLoss:[1.2727], AdvLoss:[0.1911]
Train Iter:[193/772] CauLoss:[1.2139], AdvLoss:[0.1465]
Train Iter:[386/772] CauLoss:[1.2154], AdvLoss:[0.1442]
Train Iter:[579/772] CauLoss:[1.2098], AdvLoss:[0.1404]
--------------------------------------------------------------------------------------------------------------------------------------------------------------------------------------------------------
Epoch:[4/100], CauAdvLoss:[1.2176/0.1440] valid:[72.80], test:[62.47]
--------------------------------------------------------------------------------------------------------------------------------------------------------------------------------------------------------
Train Iter:[0  /772] CauLoss:[1.0453], AdvLoss:[0.0324]
Train Iter:[193/772] CauLoss:[1.2054], AdvLoss:[0.1368]
Train Iter:[386/772] CauLoss:[1.2004], AdvLoss:[0.1400]
Train Iter:[579/772] CauLoss:[1.2080], AdvLoss:[0.1426]
--------------------------------------------------------------------------------------------------------------------------------------------------------------------------------------------------------
Epoch:[5/100], CauAdvLoss:[1.2040/0.1407] valid:[75.21], test:[66.22]
--------------------------------------------------------------------------------------------------------------------------------------------------------------------------------------------------------
Train Iter:[0  /772] CauLoss:[1.4433], AdvLoss:[0.3138]
Train Iter:[193/772] CauLoss:[1.1967], AdvLoss:[0.1411]
Train Iter:[386/772] CauLoss:[1.1906], AdvLoss:[0.1380]
Train Iter:[579/772] CauLoss:[1.1860], AdvLoss:[0.1354]
--------------------------------------------------------------------------------------------------------------------------------------------------------------------------------------------------------
Epoch:[6/100], CauAdvLoss:[1.1904/0.1376] valid:[72.49], test:[64.26]
--------------------------------------------------------------------------------------------------------------------------------------------------------------------------------------------------------
Train Iter:[0  /772] CauLoss:[1.4068], AdvLoss:[0.2552]
Train Iter:[193/772] CauLoss:[1.1968], AdvLoss:[0.1362]
Train Iter:[386/772] CauLoss:[1.1914], AdvLoss:[0.1348]
Train Iter:[579/772] CauLoss:[1.1867], AdvLoss:[0.1346]
--------------------------------------------------------------------------------------------------------------------------------------------------------------------------------------------------------
Epoch:[7/100], CauAdvLoss:[1.1831/0.1328] valid:[71.62], test:[60.77]
--------------------------------------------------------------------------------------------------------------------------------------------------------------------------------------------------------
Train Iter:[0  /772] CauLoss:[1.2678], AdvLoss:[0.1919]
Train Iter:[193/772] CauLoss:[1.1815], AdvLoss:[0.1307]
Train Iter:[386/772] CauLoss:[1.1957], AdvLoss:[0.1382]
Train Iter:[579/772] CauLoss:[1.1840], AdvLoss:[0.1327]
--------------------------------------------------------------------------------------------------------------------------------------------------------------------------------------------------------
Epoch:[8/100], CauAdvLoss:[1.1768/0.1298] valid:[73.90], test:[65.27]
--------------------------------------------------------------------------------------------------------------------------------------------------------------------------------------------------------
Train Iter:[0  /772] CauLoss:[1.1405], AdvLoss:[0.1513]
Train Iter:[193/772] CauLoss:[1.1857], AdvLoss:[0.1344]
Train Iter:[386/772] CauLoss:[1.1693], AdvLoss:[0.1268]
Train Iter:[579/772] CauLoss:[1.1681], AdvLoss:[0.1261]
--------------------------------------------------------------------------------------------------------------------------------------------------------------------------------------------------------
Epoch:[9/100], CauAdvLoss:[1.1713/0.1267] valid:[71.91], test:[63.27]
--------------------------------------------------------------------------------------------------------------------------------------------------------------------------------------------------------
Train Iter:[0  /772] CauLoss:[1.1016], AdvLoss:[0.0770]
Train Iter:[193/772] CauLoss:[1.1815], AdvLoss:[0.1294]
Train Iter:[386/772] CauLoss:[1.1760], AdvLoss:[0.1289]
Train Iter:[579/772] CauLoss:[1.1714], AdvLoss:[0.1267]
--------------------------------------------------------------------------------------------------------------------------------------------------------------------------------------------------------
Epoch:[10/100], CauAdvLoss:[1.1652/0.1245] valid:[72.93], test:[64.15]
--------------------------------------------------------------------------------------------------------------------------------------------------------------------------------------------------------
Train Iter:[0  /772] CauLoss:[0.9765], AdvLoss:[0.0632]
Train Iter:[193/772] CauLoss:[1.1350], AdvLoss:[0.1081]
Train Iter:[386/772] CauLoss:[1.1468], AdvLoss:[0.1149]
Train Iter:[579/772] CauLoss:[1.1536], AdvLoss:[0.1186]
--------------------------------------------------------------------------------------------------------------------------------------------------------------------------------------------------------
Epoch:[11/100], CauAdvLoss:[1.1605/0.1225] valid:[70.95], test:[58.98]
--------------------------------------------------------------------------------------------------------------------------------------------------------------------------------------------------------
Train Iter:[0  /772] CauLoss:[0.9790], AdvLoss:[0.0221]
Train Iter:[193/772] CauLoss:[1.1681], AdvLoss:[0.1241]
Train Iter:[386/772] CauLoss:[1.1580], AdvLoss:[0.1194]
Train Iter:[579/772] CauLoss:[1.1622], AdvLoss:[0.1214]
--------------------------------------------------------------------------------------------------------------------------------------------------------------------------------------------------------
Epoch:[12/100], CauAdvLoss:[1.1609/0.1213] valid:[73.93], test:[64.30]
--------------------------------------------------------------------------------------------------------------------------------------------------------------------------------------------------------
Train Iter:[0  /772] CauLoss:[1.0413], AdvLoss:[0.0402]
Train Iter:[193/772] CauLoss:[1.1487], AdvLoss:[0.1161]
Train Iter:[386/772] CauLoss:[1.1484], AdvLoss:[0.1177]
Train Iter:[579/772] CauLoss:[1.1480], AdvLoss:[0.1169]
--------------------------------------------------------------------------------------------------------------------------------------------------------------------------------------------------------
Epoch:[13/100], CauAdvLoss:[1.1581/0.1214] valid:[70.72], test:[61.26]
--------------------------------------------------------------------------------------------------------------------------------------------------------------------------------------------------------
Train Iter:[0  /772] CauLoss:[1.0214], AdvLoss:[0.0540]
Train Iter:[193/772] CauLoss:[1.1561], AdvLoss:[0.1241]
Train Iter:[386/772] CauLoss:[1.1533], AdvLoss:[0.1210]
Train Iter:[579/772] CauLoss:[1.1485], AdvLoss:[0.1178]
--------------------------------------------------------------------------------------------------------------------------------------------------------------------------------------------------------
Epoch:[14/100], CauAdvLoss:[1.1527/0.1197] valid:[74.41], test:[66.85]
--------------------------------------------------------------------------------------------------------------------------------------------------------------------------------------------------------
Train Iter:[0  /772] CauLoss:[1.5399], AdvLoss:[0.2747]
Train Iter:[193/772] CauLoss:[1.1684], AdvLoss:[0.1239]
Train Iter:[386/772] CauLoss:[1.1574], AdvLoss:[0.1199]
Train Iter:[579/772] CauLoss:[1.1550], AdvLoss:[0.1189]
--------------------------------------------------------------------------------------------------------------------------------------------------------------------------------------------------------
Epoch:[15/100], CauAdvLoss:[1.1497/0.1156] valid:[71.12], test:[64.03]
--------------------------------------------------------------------------------------------------------------------------------------------------------------------------------------------------------
Train Iter:[0  /772] CauLoss:[1.3857], AdvLoss:[0.2261]
Train Iter:[193/772] CauLoss:[1.1535], AdvLoss:[0.1191]
Train Iter:[386/772] CauLoss:[1.1444], AdvLoss:[0.1155]
Train Iter:[579/772] CauLoss:[1.1481], AdvLoss:[0.1161]
--------------------------------------------------------------------------------------------------------------------------------------------------------------------------------------------------------
Epoch:[16/100], CauAdvLoss:[1.1488/0.1167] valid:[75.52], test:[66.54]
--------------------------------------------------------------------------------------------------------------------------------------------------------------------------------------------------------
Train Iter:[0  /772] CauLoss:[1.3405], AdvLoss:[0.1854]
Train Iter:[193/772] CauLoss:[1.1456], AdvLoss:[0.1145]
Train Iter:[386/772] CauLoss:[1.1404], AdvLoss:[0.1099]
Train Iter:[579/772] CauLoss:[1.1476], AdvLoss:[0.1139]
--------------------------------------------------------------------------------------------------------------------------------------------------------------------------------------------------------
Epoch:[17/100], CauAdvLoss:[1.1471/0.1149] valid:[75.33], test:[63.70]
--------------------------------------------------------------------------------------------------------------------------------------------------------------------------------------------------------
Train Iter:[0  /772] CauLoss:[1.3834], AdvLoss:[0.2348]
Train Iter:[193/772] CauLoss:[1.1670], AdvLoss:[0.1216]
Train Iter:[386/772] CauLoss:[1.1486], AdvLoss:[0.1131]
Train Iter:[579/772] CauLoss:[1.1392], AdvLoss:[0.1103]
--------------------------------------------------------------------------------------------------------------------------------------------------------------------------------------------------------
Epoch:[18/100], CauAdvLoss:[1.1437/0.1128] valid:[72.83], test:[63.04]
--------------------------------------------------------------------------------------------------------------------------------------------------------------------------------------------------------
Train Iter:[0  /772] CauLoss:[1.2278], AdvLoss:[0.2018]
Train Iter:[193/772] CauLoss:[1.1341], AdvLoss:[0.1081]
Train Iter:[386/772] CauLoss:[1.1394], AdvLoss:[0.1116]
Train Iter:[579/772] CauLoss:[1.1400], AdvLoss:[0.1109]
--------------------------------------------------------------------------------------------------------------------------------------------------------------------------------------------------------
Epoch:[19/100], CauAdvLoss:[1.1407/0.1122] valid:[74.23], test:[63.95]
--------------------------------------------------------------------------------------------------------------------------------------------------------------------------------------------------------
Train Iter:[0  /772] CauLoss:[1.2565], AdvLoss:[0.1698]
Train Iter:[193/772] CauLoss:[1.1401], AdvLoss:[0.1127]
Train Iter:[386/772] CauLoss:[1.1332], AdvLoss:[0.1092]
Train Iter:[579/772] CauLoss:[1.1320], AdvLoss:[0.1074]
--------------------------------------------------------------------------------------------------------------------------------------------------------------------------------------------------------
Epoch:[20/100], CauAdvLoss:[1.1409/0.1123] valid:[76.12], test:[66.14]
--------------------------------------------------------------------------------------------------------------------------------------------------------------------------------------------------------
Train Iter:[0  /772] CauLoss:[1.7652], AdvLoss:[0.5079]
Train Iter:[193/772] CauLoss:[1.1636], AdvLoss:[0.1256]
Train Iter:[386/772] CauLoss:[1.1463], AdvLoss:[0.1156]
Train Iter:[579/772] CauLoss:[1.1349], AdvLoss:[0.1096]
--------------------------------------------------------------------------------------------------------------------------------------------------------------------------------------------------------
Epoch:[21/100], CauAdvLoss:[1.1368/0.1112] valid:[75.44], test:[64.30]
--------------------------------------------------------------------------------------------------------------------------------------------------------------------------------------------------------
Train Iter:[0  /772] CauLoss:[0.9345], AdvLoss:[0.0077]
Train Iter:[193/772] CauLoss:[1.1361], AdvLoss:[0.1105]
Train Iter:[386/772] CauLoss:[1.1304], AdvLoss:[0.1069]
Train Iter:[579/772] CauLoss:[1.1306], AdvLoss:[0.1061]
--------------------------------------------------------------------------------------------------------------------------------------------------------------------------------------------------------
Epoch:[22/100], CauAdvLoss:[1.1365/0.1088] valid:[73.43], test:[64.01]
--------------------------------------------------------------------------------------------------------------------------------------------------------------------------------------------------------
Train Iter:[0  /772] CauLoss:[0.9905], AdvLoss:[0.0122]
Train Iter:[193/772] CauLoss:[1.1437], AdvLoss:[0.1140]
Train Iter:[386/772] CauLoss:[1.1398], AdvLoss:[0.1131]
Train Iter:[579/772] CauLoss:[1.1368], AdvLoss:[0.1113]
--------------------------------------------------------------------------------------------------------------------------------------------------------------------------------------------------------
Epoch:[23/100], CauAdvLoss:[1.1335/0.1086] valid:[77.92], test:[64.03]
--------------------------------------------------------------------------------------------------------------------------------------------------------------------------------------------------------
Train Iter:[0  /772] CauLoss:[1.2478], AdvLoss:[0.1535]
Train Iter:[193/772] CauLoss:[1.1335], AdvLoss:[0.1084]
Train Iter:[386/772] CauLoss:[1.1276], AdvLoss:[0.1050]
Train Iter:[579/772] CauLoss:[1.1284], AdvLoss:[0.1053]
--------------------------------------------------------------------------------------------------------------------------------------------------------------------------------------------------------
Epoch:[24/100], CauAdvLoss:[1.1302/0.1060] valid:[76.29], test:[62.83]
--------------------------------------------------------------------------------------------------------------------------------------------------------------------------------------------------------
Train Iter:[0  /772] CauLoss:[1.4039], AdvLoss:[0.2965]
Train Iter:[193/772] CauLoss:[1.1323], AdvLoss:[0.1071]
Train Iter:[386/772] CauLoss:[1.1333], AdvLoss:[0.1082]
Train Iter:[579/772] CauLoss:[1.1270], AdvLoss:[0.1069]
--------------------------------------------------------------------------------------------------------------------------------------------------------------------------------------------------------
Epoch:[25/100], CauAdvLoss:[1.1307/0.1089] valid:[74.79], test:[63.83]
--------------------------------------------------------------------------------------------------------------------------------------------------------------------------------------------------------
Train Iter:[0  /772] CauLoss:[0.9533], AdvLoss:[0.0124]
Train Iter:[193/772] CauLoss:[1.1355], AdvLoss:[0.1131]
Train Iter:[386/772] CauLoss:[1.1414], AdvLoss:[0.1139]
Train Iter:[579/772] CauLoss:[1.1329], AdvLoss:[0.1098]
--------------------------------------------------------------------------------------------------------------------------------------------------------------------------------------------------------
Epoch:[26/100], CauAdvLoss:[1.1290/0.1079] valid:[75.13], test:[60.32]
--------------------------------------------------------------------------------------------------------------------------------------------------------------------------------------------------------
Train Iter:[0  /772] CauLoss:[0.9702], AdvLoss:[0.0195]
Train Iter:[193/772] CauLoss:[1.1319], AdvLoss:[0.1087]
Train Iter:[386/772] CauLoss:[1.1233], AdvLoss:[0.1065]
Train Iter:[579/772] CauLoss:[1.1237], AdvLoss:[0.1075]
--------------------------------------------------------------------------------------------------------------------------------------------------------------------------------------------------------
Epoch:[27/100], CauAdvLoss:[1.1245/0.1074] valid:[74.91], test:[60.92]
--------------------------------------------------------------------------------------------------------------------------------------------------------------------------------------------------------
Train Iter:[0  /772] CauLoss:[0.9736], AdvLoss:[0.0221]
Train Iter:[193/772] CauLoss:[1.0985], AdvLoss:[0.0951]
Train Iter:[386/772] CauLoss:[1.1182], AdvLoss:[0.1044]
Train Iter:[579/772] CauLoss:[1.1266], AdvLoss:[0.1084]
--------------------------------------------------------------------------------------------------------------------------------------------------------------------------------------------------------
Epoch:[28/100], CauAdvLoss:[1.1278/0.1075] valid:[75.33], test:[58.38]
--------------------------------------------------------------------------------------------------------------------------------------------------------------------------------------------------------
Train Iter:[0  /772] CauLoss:[1.3071], AdvLoss:[0.2037]
Train Iter:[193/772] CauLoss:[1.1367], AdvLoss:[0.1099]
Train Iter:[386/772] CauLoss:[1.1276], AdvLoss:[0.1083]
Train Iter:[579/772] CauLoss:[1.1263], AdvLoss:[0.1088]
--------------------------------------------------------------------------------------------------------------------------------------------------------------------------------------------------------
Epoch:[29/100], CauAdvLoss:[1.1224/0.1071] valid:[75.01], test:[62.85]
--------------------------------------------------------------------------------------------------------------------------------------------------------------------------------------------------------
Train Iter:[0  /772] CauLoss:[1.2393], AdvLoss:[0.1633]
Train Iter:[193/772] CauLoss:[1.1242], AdvLoss:[0.1078]
Train Iter:[386/772] CauLoss:[1.1256], AdvLoss:[0.1087]
Train Iter:[579/772] CauLoss:[1.1220], AdvLoss:[0.1058]
--------------------------------------------------------------------------------------------------------------------------------------------------------------------------------------------------------
Epoch:[30/100], CauAdvLoss:[1.1227/0.1074] valid:[75.13], test:[63.63]
--------------------------------------------------------------------------------------------------------------------------------------------------------------------------------------------------------
Train Iter:[0  /772] CauLoss:[1.4653], AdvLoss:[0.2626]
Train Iter:[193/772] CauLoss:[1.1391], AdvLoss:[0.1125]
Train Iter:[386/772] CauLoss:[1.1276], AdvLoss:[0.1086]
Train Iter:[579/772] CauLoss:[1.1272], AdvLoss:[0.1091]
--------------------------------------------------------------------------------------------------------------------------------------------------------------------------------------------------------
Epoch:[31/100], CauAdvLoss:[1.1211/0.1066] valid:[74.94], test:[59.89]
--------------------------------------------------------------------------------------------------------------------------------------------------------------------------------------------------------
Train Iter:[0  /772] CauLoss:[0.9836], AdvLoss:[0.0540]
Train Iter:[193/772] CauLoss:[1.1205], AdvLoss:[0.1121]
Train Iter:[386/772] CauLoss:[1.1179], AdvLoss:[0.1079]
Train Iter:[579/772] CauLoss:[1.1159], AdvLoss:[0.1069]
--------------------------------------------------------------------------------------------------------------------------------------------------------------------------------------------------------
Epoch:[32/100], CauAdvLoss:[1.1212/0.1086] valid:[72.06], test:[57.24]
--------------------------------------------------------------------------------------------------------------------------------------------------------------------------------------------------------
Train Iter:[0  /772] CauLoss:[1.1885], AdvLoss:[0.1816]
Train Iter:[193/772] CauLoss:[1.1051], AdvLoss:[0.1013]
Train Iter:[386/772] CauLoss:[1.1160], AdvLoss:[0.1075]
Train Iter:[579/772] CauLoss:[1.1224], AdvLoss:[0.1096]
--------------------------------------------------------------------------------------------------------------------------------------------------------------------------------------------------------
Epoch:[33/100], CauAdvLoss:[1.1191/0.1080] valid:[75.44], test:[60.84]
--------------------------------------------------------------------------------------------------------------------------------------------------------------------------------------------------------
Train Iter:[0  /772] CauLoss:[1.0929], AdvLoss:[0.0639]
Train Iter:[193/772] CauLoss:[1.1302], AdvLoss:[0.1160]
Train Iter:[386/772] CauLoss:[1.1161], AdvLoss:[0.1070]
Train Iter:[579/772] CauLoss:[1.1171], AdvLoss:[0.1089]
--------------------------------------------------------------------------------------------------------------------------------------------------------------------------------------------------------
Epoch:[34/100], CauAdvLoss:[1.1178/0.1081] valid:[73.27], test:[60.96]
--------------------------------------------------------------------------------------------------------------------------------------------------------------------------------------------------------
Train Iter:[0  /772] CauLoss:[1.0834], AdvLoss:[0.0807]
Train Iter:[193/772] CauLoss:[1.1102], AdvLoss:[0.1083]
Train Iter:[386/772] CauLoss:[1.1090], AdvLoss:[0.1047]
Train Iter:[579/772] CauLoss:[1.1112], AdvLoss:[0.1055]
--------------------------------------------------------------------------------------------------------------------------------------------------------------------------------------------------------
Epoch:[35/100], CauAdvLoss:[1.1161/0.1077] valid:[73.57], test:[60.32]
--------------------------------------------------------------------------------------------------------------------------------------------------------------------------------------------------------
Train Iter:[0  /772] CauLoss:[1.6868], AdvLoss:[0.3914]
Train Iter:[193/772] CauLoss:[1.0979], AdvLoss:[0.0985]
Train Iter:[386/772] CauLoss:[1.1036], AdvLoss:[0.1034]
Train Iter:[579/772] CauLoss:[1.1106], AdvLoss:[0.1060]
--------------------------------------------------------------------------------------------------------------------------------------------------------------------------------------------------------
Epoch:[36/100], CauAdvLoss:[1.1146/0.1075] valid:[72.59], test:[59.32]
--------------------------------------------------------------------------------------------------------------------------------------------------------------------------------------------------------
Train Iter:[0  /772] CauLoss:[1.4911], AdvLoss:[0.3207]
Train Iter:[193/772] CauLoss:[1.0963], AdvLoss:[0.0967]
Train Iter:[386/772] CauLoss:[1.1175], AdvLoss:[0.1072]
Train Iter:[579/772] CauLoss:[1.1141], AdvLoss:[0.1058]
--------------------------------------------------------------------------------------------------------------------------------------------------------------------------------------------------------
Epoch:[37/100], CauAdvLoss:[1.1149/0.1068] valid:[70.93], test:[58.31]
--------------------------------------------------------------------------------------------------------------------------------------------------------------------------------------------------------
Train Iter:[0  /772] CauLoss:[0.9545], AdvLoss:[0.0084]
Train Iter:[193/772] CauLoss:[1.1218], AdvLoss:[0.1065]
Train Iter:[386/772] CauLoss:[1.1182], AdvLoss:[0.1066]
Train Iter:[579/772] CauLoss:[1.1203], AdvLoss:[0.1087]
--------------------------------------------------------------------------------------------------------------------------------------------------------------------------------------------------------
Epoch:[38/100], CauAdvLoss:[1.1146/0.1054] valid:[73.41], test:[62.52]
--------------------------------------------------------------------------------------------------------------------------------------------------------------------------------------------------------
Train Iter:[0  /772] CauLoss:[0.9748], AdvLoss:[0.0161]
Train Iter:[193/772] CauLoss:[1.1013], AdvLoss:[0.0973]
Train Iter:[386/772] CauLoss:[1.1108], AdvLoss:[0.1021]
Train Iter:[579/772] CauLoss:[1.1187], AdvLoss:[0.1087]
--------------------------------------------------------------------------------------------------------------------------------------------------------------------------------------------------------
Epoch:[39/100], CauAdvLoss:[1.1129/0.1051] valid:[72.42], test:[56.04]
--------------------------------------------------------------------------------------------------------------------------------------------------------------------------------------------------------
Train Iter:[0  /772] CauLoss:[1.0200], AdvLoss:[0.0627]
Train Iter:[193/772] CauLoss:[1.1275], AdvLoss:[0.1160]
Train Iter:[386/772] CauLoss:[1.1301], AdvLoss:[0.1171]
Train Iter:[579/772] CauLoss:[1.1188], AdvLoss:[0.1104]
--------------------------------------------------------------------------------------------------------------------------------------------------------------------------------------------------------
Epoch:[40/100], CauAdvLoss:[1.1114/0.1062] valid:[72.72], test:[57.37]
--------------------------------------------------------------------------------------------------------------------------------------------------------------------------------------------------------
Train Iter:[0  /772] CauLoss:[1.0376], AdvLoss:[0.0858]
Train Iter:[193/772] CauLoss:[1.1101], AdvLoss:[0.1029]
Train Iter:[386/772] CauLoss:[1.1026], AdvLoss:[0.1016]
Train Iter:[579/772] CauLoss:[1.1033], AdvLoss:[0.1023]
--------------------------------------------------------------------------------------------------------------------------------------------------------------------------------------------------------
Epoch:[41/100], CauAdvLoss:[1.1075/0.1056] valid:[72.20], test:[59.26]
--------------------------------------------------------------------------------------------------------------------------------------------------------------------------------------------------------
Train Iter:[0  /772] CauLoss:[1.2171], AdvLoss:[0.1360]
Train Iter:[193/772] CauLoss:[1.0941], AdvLoss:[0.0996]
Train Iter:[386/772] CauLoss:[1.0974], AdvLoss:[0.0990]
Train Iter:[579/772] CauLoss:[1.1086], AdvLoss:[0.1050]
--------------------------------------------------------------------------------------------------------------------------------------------------------------------------------------------------------
Epoch:[42/100], CauAdvLoss:[1.1088/0.1046] valid:[74.33], test:[60.69]
--------------------------------------------------------------------------------------------------------------------------------------------------------------------------------------------------------
Train Iter:[0  /772] CauLoss:[1.2309], AdvLoss:[0.1154]
Train Iter:[193/772] CauLoss:[1.1064], AdvLoss:[0.1046]
Train Iter:[386/772] CauLoss:[1.1051], AdvLoss:[0.1054]
Train Iter:[579/772] CauLoss:[1.1007], AdvLoss:[0.1020]
--------------------------------------------------------------------------------------------------------------------------------------------------------------------------------------------------------
Epoch:[43/100], CauAdvLoss:[1.1056/0.1040] valid:[74.89], test:[57.92]
--------------------------------------------------------------------------------------------------------------------------------------------------------------------------------------------------------
Train Iter:[0  /772] CauLoss:[0.9623], AdvLoss:[0.0081]
Train Iter:[193/772] CauLoss:[1.0967], AdvLoss:[0.1010]
Train Iter:[386/772] CauLoss:[1.1031], AdvLoss:[0.1054]
Train Iter:[579/772] CauLoss:[1.1015], AdvLoss:[0.1050]
--------------------------------------------------------------------------------------------------------------------------------------------------------------------------------------------------------
Epoch:[44/100], CauAdvLoss:[1.1061/0.1070] valid:[74.80], test:[62.01]
--------------------------------------------------------------------------------------------------------------------------------------------------------------------------------------------------------
Train Iter:[0  /772] CauLoss:[1.1661], AdvLoss:[0.1617]
Train Iter:[193/772] CauLoss:[1.1234], AdvLoss:[0.1132]
Train Iter:[386/772] CauLoss:[1.1104], AdvLoss:[0.1072]
Train Iter:[579/772] CauLoss:[1.1083], AdvLoss:[0.1064]
--------------------------------------------------------------------------------------------------------------------------------------------------------------------------------------------------------
Epoch:[45/100], CauAdvLoss:[1.1063/0.1057] valid:[75.38], test:[66.06]
--------------------------------------------------------------------------------------------------------------------------------------------------------------------------------------------------------
Train Iter:[0  /772] CauLoss:[1.2361], AdvLoss:[0.1541]
Train Iter:[193/772] CauLoss:[1.1147], AdvLoss:[0.1141]
Train Iter:[386/772] CauLoss:[1.1025], AdvLoss:[0.1086]
Train Iter:[579/772] CauLoss:[1.1009], AdvLoss:[0.1073]
--------------------------------------------------------------------------------------------------------------------------------------------------------------------------------------------------------
Epoch:[46/100], CauAdvLoss:[1.1046/0.1079] valid:[75.04], test:[60.24]
--------------------------------------------------------------------------------------------------------------------------------------------------------------------------------------------------------
Train Iter:[0  /772] CauLoss:[0.9576], AdvLoss:[0.0098]
Train Iter:[193/772] CauLoss:[1.1029], AdvLoss:[0.1070]
Train Iter:[386/772] CauLoss:[1.1030], AdvLoss:[0.1051]
Train Iter:[579/772] CauLoss:[1.1039], AdvLoss:[0.1048]
--------------------------------------------------------------------------------------------------------------------------------------------------------------------------------------------------------
Epoch:[47/100], CauAdvLoss:[1.1055/0.1045] valid:[74.04], test:[60.56]
--------------------------------------------------------------------------------------------------------------------------------------------------------------------------------------------------------
Train Iter:[0  /772] CauLoss:[1.2000], AdvLoss:[0.1516]
Train Iter:[193/772] CauLoss:[1.1009], AdvLoss:[0.0995]
Train Iter:[386/772] CauLoss:[1.0992], AdvLoss:[0.1023]
Train Iter:[579/772] CauLoss:[1.1042], AdvLoss:[0.1048]
--------------------------------------------------------------------------------------------------------------------------------------------------------------------------------------------------------
Epoch:[48/100], CauAdvLoss:[1.1038/0.1032] valid:[72.82], test:[56.35]
--------------------------------------------------------------------------------------------------------------------------------------------------------------------------------------------------------
Train Iter:[0  /772] CauLoss:[1.0780], AdvLoss:[0.1023]
Train Iter:[193/772] CauLoss:[1.1027], AdvLoss:[0.1024]
Train Iter:[386/772] CauLoss:[1.1083], AdvLoss:[0.1071]
Train Iter:[579/772] CauLoss:[1.0984], AdvLoss:[0.1035]
--------------------------------------------------------------------------------------------------------------------------------------------------------------------------------------------------------
Epoch:[49/100], CauAdvLoss:[1.1004/0.1046] valid:[76.51], test:[61.88]
--------------------------------------------------------------------------------------------------------------------------------------------------------------------------------------------------------
Train Iter:[0  /772] CauLoss:[0.9657], AdvLoss:[0.0164]
Train Iter:[193/772] CauLoss:[1.0983], AdvLoss:[0.0981]
Train Iter:[386/772] CauLoss:[1.0999], AdvLoss:[0.1004]
Train Iter:[579/772] CauLoss:[1.0983], AdvLoss:[0.1012]
--------------------------------------------------------------------------------------------------------------------------------------------------------------------------------------------------------
Epoch:[50/100], CauAdvLoss:[1.0995/0.1037] valid:[71.78], test:[52.24]
--------------------------------------------------------------------------------------------------------------------------------------------------------------------------------------------------------
Train Iter:[0  /772] CauLoss:[1.2331], AdvLoss:[0.1845]
Train Iter:[193/772] CauLoss:[1.1042], AdvLoss:[0.1071]
Train Iter:[386/772] CauLoss:[1.0942], AdvLoss:[0.1009]
Train Iter:[579/772] CauLoss:[1.0992], AdvLoss:[0.1048]
--------------------------------------------------------------------------------------------------------------------------------------------------------------------------------------------------------
Epoch:[51/100], CauAdvLoss:[1.0990/0.1050] valid:[75.13], test:[54.95]
--------------------------------------------------------------------------------------------------------------------------------------------------------------------------------------------------------
Train Iter:[0  /772] CauLoss:[1.0705], AdvLoss:[0.0262]
Train Iter:[193/772] CauLoss:[1.0927], AdvLoss:[0.1066]
Train Iter:[386/772] CauLoss:[1.0958], AdvLoss:[0.1089]
Train Iter:[579/772] CauLoss:[1.0949], AdvLoss:[0.1086]
--------------------------------------------------------------------------------------------------------------------------------------------------------------------------------------------------------
Epoch:[52/100], CauAdvLoss:[1.0981/0.1098] valid:[76.45], test:[64.53]
--------------------------------------------------------------------------------------------------------------------------------------------------------------------------------------------------------
Train Iter:[0  /772] CauLoss:[0.9511], AdvLoss:[0.0095]
Train Iter:[193/772] CauLoss:[1.0911], AdvLoss:[0.1068]
Train Iter:[386/772] CauLoss:[1.0946], AdvLoss:[0.1070]
Train Iter:[579/772] CauLoss:[1.0942], AdvLoss:[0.1071]
--------------------------------------------------------------------------------------------------------------------------------------------------------------------------------------------------------
Epoch:[53/100], CauAdvLoss:[1.0984/0.1092] valid:[76.52], test:[59.72]
--------------------------------------------------------------------------------------------------------------------------------------------------------------------------------------------------------
Train Iter:[0  /772] CauLoss:[1.1243], AdvLoss:[0.0851]
Train Iter:[193/772] CauLoss:[1.0906], AdvLoss:[0.1053]
Train Iter:[386/772] CauLoss:[1.0970], AdvLoss:[0.1059]
Train Iter:[579/772] CauLoss:[1.0895], AdvLoss:[0.1050]
--------------------------------------------------------------------------------------------------------------------------------------------------------------------------------------------------------
Epoch:[54/100], CauAdvLoss:[1.0929/0.1073] valid:[74.75], test:[59.74]
--------------------------------------------------------------------------------------------------------------------------------------------------------------------------------------------------------
Train Iter:[0  /772] CauLoss:[0.9447], AdvLoss:[0.0048]
Train Iter:[193/772] CauLoss:[1.0939], AdvLoss:[0.1138]
Train Iter:[386/772] CauLoss:[1.0915], AdvLoss:[0.1069]
Train Iter:[579/772] CauLoss:[1.0952], AdvLoss:[0.1110]
--------------------------------------------------------------------------------------------------------------------------------------------------------------------------------------------------------
Epoch:[55/100], CauAdvLoss:[1.0932/0.1074] valid:[74.73], test:[57.06]
--------------------------------------------------------------------------------------------------------------------------------------------------------------------------------------------------------
Train Iter:[0  /772] CauLoss:[1.0453], AdvLoss:[0.0975]
Train Iter:[193/772] CauLoss:[1.0944], AdvLoss:[0.1076]
Train Iter:[386/772] CauLoss:[1.1002], AdvLoss:[0.1089]
Train Iter:[579/772] CauLoss:[1.0981], AdvLoss:[0.1075]
--------------------------------------------------------------------------------------------------------------------------------------------------------------------------------------------------------
Epoch:[56/100], CauAdvLoss:[1.0940/0.1062] valid:[74.18], test:[59.02]
--------------------------------------------------------------------------------------------------------------------------------------------------------------------------------------------------------
Train Iter:[0  /772] CauLoss:[0.9930], AdvLoss:[0.0436]
Train Iter:[193/772] CauLoss:[1.1049], AdvLoss:[0.1142]
Train Iter:[386/772] CauLoss:[1.0916], AdvLoss:[0.1099]
Train Iter:[579/772] CauLoss:[1.0912], AdvLoss:[0.1088]
--------------------------------------------------------------------------------------------------------------------------------------------------------------------------------------------------------
Epoch:[57/100], CauAdvLoss:[1.0936/0.1084] valid:[73.93], test:[55.73]
--------------------------------------------------------------------------------------------------------------------------------------------------------------------------------------------------------
Train Iter:[0  /772] CauLoss:[1.0304], AdvLoss:[0.0722]
Train Iter:[193/772] CauLoss:[1.0773], AdvLoss:[0.1040]
Train Iter:[386/772] CauLoss:[1.0825], AdvLoss:[0.1057]
Train Iter:[579/772] CauLoss:[1.0868], AdvLoss:[0.1069]
--------------------------------------------------------------------------------------------------------------------------------------------------------------------------------------------------------
Epoch:[58/100], CauAdvLoss:[1.0902/0.1088] valid:[75.23], test:[62.54]
--------------------------------------------------------------------------------------------------------------------------------------------------------------------------------------------------------
Train Iter:[0  /772] CauLoss:[0.9877], AdvLoss:[0.0690]
Train Iter:[193/772] CauLoss:[1.0845], AdvLoss:[0.1066]
Train Iter:[386/772] CauLoss:[1.0925], AdvLoss:[0.1091]
Train Iter:[579/772] CauLoss:[1.0940], AdvLoss:[0.1095]
--------------------------------------------------------------------------------------------------------------------------------------------------------------------------------------------------------
Epoch:[59/100], CauAdvLoss:[1.0927/0.1086] valid:[73.07], test:[59.67]
--------------------------------------------------------------------------------------------------------------------------------------------------------------------------------------------------------
Train Iter:[0  /772] CauLoss:[0.9679], AdvLoss:[0.0268]
Train Iter:[193/772] CauLoss:[1.0861], AdvLoss:[0.1081]
Train Iter:[386/772] CauLoss:[1.0871], AdvLoss:[0.1103]
Train Iter:[579/772] CauLoss:[1.0841], AdvLoss:[0.1059]
--------------------------------------------------------------------------------------------------------------------------------------------------------------------------------------------------------
Epoch:[60/100], CauAdvLoss:[1.0904/0.1099] valid:[70.79], test:[56.25]
--------------------------------------------------------------------------------------------------------------------------------------------------------------------------------------------------------
Train Iter:[0  /772] CauLoss:[1.1648], AdvLoss:[0.1694]
Train Iter:[193/772] CauLoss:[1.0921], AdvLoss:[0.1150]
Train Iter:[386/772] CauLoss:[1.0855], AdvLoss:[0.1100]
Train Iter:[579/772] CauLoss:[1.0878], AdvLoss:[0.1125]
--------------------------------------------------------------------------------------------------------------------------------------------------------------------------------------------------------
Epoch:[61/100], CauAdvLoss:[1.0872/0.1116] valid:[73.96], test:[62.10]
--------------------------------------------------------------------------------------------------------------------------------------------------------------------------------------------------------
Train Iter:[0  /772] CauLoss:[1.6803], AdvLoss:[0.4973]
Train Iter:[193/772] CauLoss:[1.0885], AdvLoss:[0.1079]
Train Iter:[386/772] CauLoss:[1.0733], AdvLoss:[0.1014]
Train Iter:[579/772] CauLoss:[1.0843], AdvLoss:[0.1112]
--------------------------------------------------------------------------------------------------------------------------------------------------------------------------------------------------------
Epoch:[62/100], CauAdvLoss:[1.0874/0.1118] valid:[75.17], test:[61.82]
--------------------------------------------------------------------------------------------------------------------------------------------------------------------------------------------------------
Train Iter:[0  /772] CauLoss:[1.0330], AdvLoss:[0.0097]
Train Iter:[193/772] CauLoss:[1.0814], AdvLoss:[0.1075]
Train Iter:[386/772] CauLoss:[1.0924], AdvLoss:[0.1191]
Train Iter:[579/772] CauLoss:[1.0887], AdvLoss:[0.1161]
--------------------------------------------------------------------------------------------------------------------------------------------------------------------------------------------------------
Epoch:[63/100], CauAdvLoss:[1.0852/0.1119] valid:[75.83], test:[61.06]
--------------------------------------------------------------------------------------------------------------------------------------------------------------------------------------------------------
Train Iter:[0  /772] CauLoss:[0.9629], AdvLoss:[0.1047]
Train Iter:[193/772] CauLoss:[1.0785], AdvLoss:[0.1037]
Train Iter:[386/772] CauLoss:[1.0822], AdvLoss:[0.1040]
Train Iter:[579/772] CauLoss:[1.0840], AdvLoss:[0.1067]
--------------------------------------------------------------------------------------------------------------------------------------------------------------------------------------------------------
Epoch:[64/100], CauAdvLoss:[1.0866/0.1100] valid:[74.77], test:[62.08]
--------------------------------------------------------------------------------------------------------------------------------------------------------------------------------------------------------
Train Iter:[0  /772] CauLoss:[0.9558], AdvLoss:[0.0043]
Train Iter:[193/772] CauLoss:[1.0762], AdvLoss:[0.1068]
Train Iter:[386/772] CauLoss:[1.0807], AdvLoss:[0.1165]
Train Iter:[579/772] CauLoss:[1.0849], AdvLoss:[0.1157]
--------------------------------------------------------------------------------------------------------------------------------------------------------------------------------------------------------
Epoch:[65/100], CauAdvLoss:[1.0856/0.1166] valid:[72.77], test:[60.73]
--------------------------------------------------------------------------------------------------------------------------------------------------------------------------------------------------------
Train Iter:[0  /772] CauLoss:[1.0373], AdvLoss:[0.1314]
Train Iter:[193/772] CauLoss:[1.0795], AdvLoss:[0.1068]
Train Iter:[386/772] CauLoss:[1.0754], AdvLoss:[0.1091]
Train Iter:[579/772] CauLoss:[1.0807], AdvLoss:[0.1166]
--------------------------------------------------------------------------------------------------------------------------------------------------------------------------------------------------------
Epoch:[66/100], CauAdvLoss:[1.0861/0.1194] valid:[74.68], test:[64.63]
--------------------------------------------------------------------------------------------------------------------------------------------------------------------------------------------------------
Train Iter:[0  /772] CauLoss:[1.0524], AdvLoss:[0.0604]
Train Iter:[193/772] CauLoss:[1.0803], AdvLoss:[0.1142]
Train Iter:[386/772] CauLoss:[1.0824], AdvLoss:[0.1119]
Train Iter:[579/772] CauLoss:[1.0836], AdvLoss:[0.1151]
--------------------------------------------------------------------------------------------------------------------------------------------------------------------------------------------------------
Epoch:[67/100], CauAdvLoss:[1.0831/0.1142] valid:[73.46], test:[59.58]
--------------------------------------------------------------------------------------------------------------------------------------------------------------------------------------------------------
Train Iter:[0  /772] CauLoss:[0.9791], AdvLoss:[0.0028]
Train Iter:[193/772] CauLoss:[1.0746], AdvLoss:[0.1196]
Train Iter:[386/772] CauLoss:[1.0738], AdvLoss:[0.1222]
Train Iter:[579/772] CauLoss:[1.0788], AdvLoss:[0.1234]
--------------------------------------------------------------------------------------------------------------------------------------------------------------------------------------------------------
Epoch:[68/100], CauAdvLoss:[1.0824/0.1248] valid:[74.91], test:[62.92]
--------------------------------------------------------------------------------------------------------------------------------------------------------------------------------------------------------
Train Iter:[0  /772] CauLoss:[1.0147], AdvLoss:[0.1198]
Train Iter:[193/772] CauLoss:[1.0789], AdvLoss:[0.1156]
Train Iter:[386/772] CauLoss:[1.0803], AdvLoss:[0.1165]
Train Iter:[579/772] CauLoss:[1.0804], AdvLoss:[0.1167]
--------------------------------------------------------------------------------------------------------------------------------------------------------------------------------------------------------
Epoch:[69/100], CauAdvLoss:[1.0806/0.1188] valid:[76.48], test:[67.40]
--------------------------------------------------------------------------------------------------------------------------------------------------------------------------------------------------------
Train Iter:[0  /772] CauLoss:[1.1396], AdvLoss:[0.1387]
Train Iter:[193/772] CauLoss:[1.0835], AdvLoss:[0.1193]
Train Iter:[386/772] CauLoss:[1.0846], AdvLoss:[0.1192]
Train Iter:[579/772] CauLoss:[1.0872], AdvLoss:[0.1209]
--------------------------------------------------------------------------------------------------------------------------------------------------------------------------------------------------------
Epoch:[70/100], CauAdvLoss:[1.0831/0.1203] valid:[77.11], test:[64.51]
--------------------------------------------------------------------------------------------------------------------------------------------------------------------------------------------------------
Train Iter:[0  /772] CauLoss:[1.1927], AdvLoss:[0.2457]
Train Iter:[193/772] CauLoss:[1.0858], AdvLoss:[0.1286]
Train Iter:[386/772] CauLoss:[1.0800], AdvLoss:[0.1229]
Train Iter:[579/772] CauLoss:[1.0800], AdvLoss:[0.1216]
--------------------------------------------------------------------------------------------------------------------------------------------------------------------------------------------------------
Epoch:[71/100], CauAdvLoss:[1.0823/0.1191] valid:[77.85], test:[69.12]
--------------------------------------------------------------------------------------------------------------------------------------------------------------------------------------------------------
Train Iter:[0  /772] CauLoss:[1.0581], AdvLoss:[0.0410]
Train Iter:[193/772] CauLoss:[1.0894], AdvLoss:[0.1155]
Train Iter:[386/772] CauLoss:[1.0815], AdvLoss:[0.1125]
Train Iter:[579/772] CauLoss:[1.0787], AdvLoss:[0.1177]
--------------------------------------------------------------------------------------------------------------------------------------------------------------------------------------------------------
Epoch:[72/100], CauAdvLoss:[1.0801/0.1183] valid:[75.25], test:[61.81]
--------------------------------------------------------------------------------------------------------------------------------------------------------------------------------------------------------
Train Iter:[0  /772] CauLoss:[0.9577], AdvLoss:[0.0060]
Train Iter:[193/772] CauLoss:[1.0667], AdvLoss:[0.1111]
Train Iter:[386/772] CauLoss:[1.0793], AdvLoss:[0.1201]
Train Iter:[579/772] CauLoss:[1.0780], AdvLoss:[0.1196]
--------------------------------------------------------------------------------------------------------------------------------------------------------------------------------------------------------
Epoch:[73/100], CauAdvLoss:[1.0790/0.1199] valid:[76.46], test:[63.27]
--------------------------------------------------------------------------------------------------------------------------------------------------------------------------------------------------------
Train Iter:[0  /772] CauLoss:[1.2332], AdvLoss:[0.2933]
Train Iter:[193/772] CauLoss:[1.0685], AdvLoss:[0.1197]
Train Iter:[386/772] CauLoss:[1.0711], AdvLoss:[0.1204]
Train Iter:[579/772] CauLoss:[1.0778], AdvLoss:[0.1273]
--------------------------------------------------------------------------------------------------------------------------------------------------------------------------------------------------------
Epoch:[74/100], CauAdvLoss:[1.0766/0.1240] valid:[74.85], test:[62.37]
--------------------------------------------------------------------------------------------------------------------------------------------------------------------------------------------------------
Train Iter:[0  /772] CauLoss:[0.9373], AdvLoss:[0.0830]
Train Iter:[193/772] CauLoss:[1.0688], AdvLoss:[0.1098]
Train Iter:[386/772] CauLoss:[1.0655], AdvLoss:[0.1096]
Train Iter:[579/772] CauLoss:[1.0722], AdvLoss:[0.1119]
--------------------------------------------------------------------------------------------------------------------------------------------------------------------------------------------------------
Epoch:[75/100], CauAdvLoss:[1.0801/0.1163] valid:[75.22], test:[64.47]
--------------------------------------------------------------------------------------------------------------------------------------------------------------------------------------------------------
Train Iter:[0  /772] CauLoss:[1.1244], AdvLoss:[0.2370]
Train Iter:[193/772] CauLoss:[1.0724], AdvLoss:[0.1149]
Train Iter:[386/772] CauLoss:[1.0841], AdvLoss:[0.1222]
Train Iter:[579/772] CauLoss:[1.0781], AdvLoss:[0.1188]
--------------------------------------------------------------------------------------------------------------------------------------------------------------------------------------------------------
Epoch:[76/100], CauAdvLoss:[1.0748/0.1192] valid:[73.80], test:[63.05]
--------------------------------------------------------------------------------------------------------------------------------------------------------------------------------------------------------
Train Iter:[0  /772] CauLoss:[0.9722], AdvLoss:[0.0014]
Train Iter:[193/772] CauLoss:[1.0672], AdvLoss:[0.1219]
Train Iter:[386/772] CauLoss:[1.0753], AdvLoss:[0.1249]
Train Iter:[579/772] CauLoss:[1.0719], AdvLoss:[0.1208]
--------------------------------------------------------------------------------------------------------------------------------------------------------------------------------------------------------
Epoch:[77/100], CauAdvLoss:[1.0757/0.1223] valid:[72.16], test:[55.82]
--------------------------------------------------------------------------------------------------------------------------------------------------------------------------------------------------------
Train Iter:[0  /772] CauLoss:[1.2944], AdvLoss:[0.3984]
Train Iter:[193/772] CauLoss:[1.0669], AdvLoss:[0.1164]
Train Iter:[386/772] CauLoss:[1.0641], AdvLoss:[0.1147]
Train Iter:[579/772] CauLoss:[1.0679], AdvLoss:[0.1174]
--------------------------------------------------------------------------------------------------------------------------------------------------------------------------------------------------------
Epoch:[78/100], CauAdvLoss:[1.0736/0.1228] valid:[74.87], test:[61.59]
--------------------------------------------------------------------------------------------------------------------------------------------------------------------------------------------------------
Train Iter:[0  /772] CauLoss:[1.0003], AdvLoss:[0.0053]
Train Iter:[193/772] CauLoss:[1.0850], AdvLoss:[0.1391]
Train Iter:[386/772] CauLoss:[1.0685], AdvLoss:[0.1273]
Train Iter:[579/772] CauLoss:[1.0698], AdvLoss:[0.1285]
--------------------------------------------------------------------------------------------------------------------------------------------------------------------------------------------------------
Epoch:[79/100], CauAdvLoss:[1.0720/0.1263] valid:[73.75], test:[62.30]
--------------------------------------------------------------------------------------------------------------------------------------------------------------------------------------------------------
Train Iter:[0  /772] CauLoss:[1.0313], AdvLoss:[0.0370]
Train Iter:[193/772] CauLoss:[1.0581], AdvLoss:[0.1175]
Train Iter:[386/772] CauLoss:[1.0642], AdvLoss:[0.1188]
Train Iter:[579/772] CauLoss:[1.0710], AdvLoss:[0.1216]
--------------------------------------------------------------------------------------------------------------------------------------------------------------------------------------------------------
Epoch:[80/100], CauAdvLoss:[1.0756/0.1216] valid:[73.12], test:[61.67]
--------------------------------------------------------------------------------------------------------------------------------------------------------------------------------------------------------
Train Iter:[0  /772] CauLoss:[0.9661], AdvLoss:[0.0639]
Train Iter:[193/772] CauLoss:[1.0620], AdvLoss:[0.1136]
Train Iter:[386/772] CauLoss:[1.0686], AdvLoss:[0.1182]
Train Iter:[579/772] CauLoss:[1.0728], AdvLoss:[0.1157]
--------------------------------------------------------------------------------------------------------------------------------------------------------------------------------------------------------
Epoch:[81/100], CauAdvLoss:[1.0738/0.1176] valid:[74.64], test:[56.01]
--------------------------------------------------------------------------------------------------------------------------------------------------------------------------------------------------------
Train Iter:[0  /772] CauLoss:[0.9397], AdvLoss:[0.0105]
Train Iter:[193/772] CauLoss:[1.0744], AdvLoss:[0.1121]
Train Iter:[386/772] CauLoss:[1.0681], AdvLoss:[0.1117]
Train Iter:[579/772] CauLoss:[1.0698], AdvLoss:[0.1170]
--------------------------------------------------------------------------------------------------------------------------------------------------------------------------------------------------------
Epoch:[82/100], CauAdvLoss:[1.0735/0.1216] valid:[77.65], test:[65.27]
--------------------------------------------------------------------------------------------------------------------------------------------------------------------------------------------------------
Train Iter:[0  /772] CauLoss:[1.3412], AdvLoss:[0.4434]
Train Iter:[193/772] CauLoss:[1.0691], AdvLoss:[0.1250]
Train Iter:[386/772] CauLoss:[1.0742], AdvLoss:[0.1221]
Train Iter:[579/772] CauLoss:[1.0706], AdvLoss:[0.1176]
--------------------------------------------------------------------------------------------------------------------------------------------------------------------------------------------------------
Epoch:[83/100], CauAdvLoss:[1.0719/0.1181] valid:[75.64], test:[62.49]
--------------------------------------------------------------------------------------------------------------------------------------------------------------------------------------------------------
Train Iter:[0  /772] CauLoss:[1.0426], AdvLoss:[0.0784]
Train Iter:[193/772] CauLoss:[1.0619], AdvLoss:[0.1246]
Train Iter:[386/772] CauLoss:[1.0664], AdvLoss:[0.1253]
Train Iter:[579/772] CauLoss:[1.0712], AdvLoss:[0.1263]
--------------------------------------------------------------------------------------------------------------------------------------------------------------------------------------------------------
Epoch:[84/100], CauAdvLoss:[1.0710/0.1255] valid:[74.67], test:[66.61]
--------------------------------------------------------------------------------------------------------------------------------------------------------------------------------------------------------
Train Iter:[0  /772] CauLoss:[1.8267], AdvLoss:[0.5564]
Train Iter:[193/772] CauLoss:[1.0631], AdvLoss:[0.1285]
Train Iter:[386/772] CauLoss:[1.0743], AdvLoss:[0.1309]
Train Iter:[579/772] CauLoss:[1.0722], AdvLoss:[0.1272]
--------------------------------------------------------------------------------------------------------------------------------------------------------------------------------------------------------
Epoch:[85/100], CauAdvLoss:[1.0730/0.1298] valid:[72.22], test:[60.88]
--------------------------------------------------------------------------------------------------------------------------------------------------------------------------------------------------------
Train Iter:[0  /772] CauLoss:[1.1340], AdvLoss:[0.0471]
Train Iter:[193/772] CauLoss:[1.0656], AdvLoss:[0.1269]
Train Iter:[386/772] CauLoss:[1.0667], AdvLoss:[0.1249]
Train Iter:[579/772] CauLoss:[1.0667], AdvLoss:[0.1244]
--------------------------------------------------------------------------------------------------------------------------------------------------------------------------------------------------------
Epoch:[86/100], CauAdvLoss:[1.0656/0.1219] valid:[76.30], test:[64.66]
--------------------------------------------------------------------------------------------------------------------------------------------------------------------------------------------------------
Train Iter:[0  /772] CauLoss:[1.0324], AdvLoss:[0.0020]
Train Iter:[193/772] CauLoss:[1.0624], AdvLoss:[0.1177]
Train Iter:[386/772] CauLoss:[1.0643], AdvLoss:[0.1229]
Train Iter:[579/772] CauLoss:[1.0725], AdvLoss:[0.1291]
--------------------------------------------------------------------------------------------------------------------------------------------------------------------------------------------------------
Epoch:[87/100], CauAdvLoss:[1.0679/0.1274] valid:[70.10], test:[61.87]
--------------------------------------------------------------------------------------------------------------------------------------------------------------------------------------------------------
Train Iter:[0  /772] CauLoss:[1.0881], AdvLoss:[0.2638]
Train Iter:[193/772] CauLoss:[1.0539], AdvLoss:[0.1116]
Train Iter:[386/772] CauLoss:[1.0561], AdvLoss:[0.1124]
Train Iter:[579/772] CauLoss:[1.0642], AdvLoss:[0.1207]
--------------------------------------------------------------------------------------------------------------------------------------------------------------------------------------------------------
Epoch:[88/100], CauAdvLoss:[1.0681/0.1217] valid:[76.73], test:[61.20]
--------------------------------------------------------------------------------------------------------------------------------------------------------------------------------------------------------
Train Iter:[0  /772] CauLoss:[0.9378], AdvLoss:[0.0042]
Train Iter:[193/772] CauLoss:[1.0592], AdvLoss:[0.1110]
Train Iter:[386/772] CauLoss:[1.0558], AdvLoss:[0.1130]
Train Iter:[579/772] CauLoss:[1.0652], AdvLoss:[0.1225]
--------------------------------------------------------------------------------------------------------------------------------------------------------------------------------------------------------
Epoch:[89/100], CauAdvLoss:[1.0656/0.1212] valid:[73.89], test:[59.92]
--------------------------------------------------------------------------------------------------------------------------------------------------------------------------------------------------------
Train Iter:[0  /772] CauLoss:[1.2636], AdvLoss:[0.2681]
Train Iter:[193/772] CauLoss:[1.0494], AdvLoss:[0.1131]
Train Iter:[386/772] CauLoss:[1.0624], AdvLoss:[0.1223]
Train Iter:[579/772] CauLoss:[1.0613], AdvLoss:[0.1171]
--------------------------------------------------------------------------------------------------------------------------------------------------------------------------------------------------------
Epoch:[90/100], CauAdvLoss:[1.0644/0.1159] valid:[73.25], test:[66.22]
--------------------------------------------------------------------------------------------------------------------------------------------------------------------------------------------------------
Train Iter:[0  /772] CauLoss:[0.9620], AdvLoss:[0.0149]
Train Iter:[193/772] CauLoss:[1.0559], AdvLoss:[0.1134]
Train Iter:[386/772] CauLoss:[1.0672], AdvLoss:[0.1189]
Train Iter:[579/772] CauLoss:[1.0658], AdvLoss:[0.1173]
--------------------------------------------------------------------------------------------------------------------------------------------------------------------------------------------------------
Epoch:[91/100], CauAdvLoss:[1.0685/0.1161] valid:[76.79], test:[63.34]
--------------------------------------------------------------------------------------------------------------------------------------------------------------------------------------------------------
Train Iter:[0  /772] CauLoss:[0.9426], AdvLoss:[0.0483]
Train Iter:[193/772] CauLoss:[1.0577], AdvLoss:[0.1126]
Train Iter:[386/772] CauLoss:[1.0550], AdvLoss:[0.1141]
Train Iter:[579/772] CauLoss:[1.0641], AdvLoss:[0.1144]
--------------------------------------------------------------------------------------------------------------------------------------------------------------------------------------------------------
Epoch:[92/100], CauAdvLoss:[1.0664/0.1167] valid:[69.22], test:[60.58]
--------------------------------------------------------------------------------------------------------------------------------------------------------------------------------------------------------
Train Iter:[0  /772] CauLoss:[0.9832], AdvLoss:[0.0215]
Train Iter:[193/772] CauLoss:[1.0655], AdvLoss:[0.1129]
Train Iter:[386/772] CauLoss:[1.0619], AdvLoss:[0.1119]
Train Iter:[579/772] CauLoss:[1.0624], AdvLoss:[0.1150]
--------------------------------------------------------------------------------------------------------------------------------------------------------------------------------------------------------
Epoch:[93/100], CauAdvLoss:[1.0635/0.1144] valid:[76.65], test:[65.17]
--------------------------------------------------------------------------------------------------------------------------------------------------------------------------------------------------------
Train Iter:[0  /772] CauLoss:[0.9624], AdvLoss:[0.0150]
Train Iter:[193/772] CauLoss:[1.0536], AdvLoss:[0.1148]
Train Iter:[386/772] CauLoss:[1.0516], AdvLoss:[0.1190]
Train Iter:[579/772] CauLoss:[1.0579], AdvLoss:[0.1224]
--------------------------------------------------------------------------------------------------------------------------------------------------------------------------------------------------------
Epoch:[94/100], CauAdvLoss:[1.0598/0.1258] valid:[75.28], test:[62.83]
--------------------------------------------------------------------------------------------------------------------------------------------------------------------------------------------------------
Train Iter:[0  /772] CauLoss:[0.9575], AdvLoss:[0.0840]
Train Iter:[193/772] CauLoss:[1.0588], AdvLoss:[0.1229]
Train Iter:[386/772] CauLoss:[1.0581], AdvLoss:[0.1167]
Train Iter:[579/772] CauLoss:[1.0606], AdvLoss:[0.1175]
--------------------------------------------------------------------------------------------------------------------------------------------------------------------------------------------------------
Epoch:[95/100], CauAdvLoss:[1.0607/0.1191] valid:[74.69], test:[64.49]
--------------------------------------------------------------------------------------------------------------------------------------------------------------------------------------------------------
Train Iter:[0  /772] CauLoss:[1.2769], AdvLoss:[0.3418]
Train Iter:[193/772] CauLoss:[1.0574], AdvLoss:[0.1190]
Train Iter:[386/772] CauLoss:[1.0614], AdvLoss:[0.1268]
Train Iter:[579/772] CauLoss:[1.0625], AdvLoss:[0.1270]
--------------------------------------------------------------------------------------------------------------------------------------------------------------------------------------------------------
Epoch:[96/100], CauAdvLoss:[1.0655/0.1276] valid:[75.21], test:[61.55]
--------------------------------------------------------------------------------------------------------------------------------------------------------------------------------------------------------
Train Iter:[0  /772] CauLoss:[1.1825], AdvLoss:[0.2541]
Train Iter:[193/772] CauLoss:[1.0583], AdvLoss:[0.1082]
Train Iter:[386/772] CauLoss:[1.0637], AdvLoss:[0.1132]
Train Iter:[579/772] CauLoss:[1.0594], AdvLoss:[0.1100]
--------------------------------------------------------------------------------------------------------------------------------------------------------------------------------------------------------
Epoch:[97/100], CauAdvLoss:[1.0644/0.1150] valid:[76.07], test:[63.14]
--------------------------------------------------------------------------------------------------------------------------------------------------------------------------------------------------------
Train Iter:[0  /772] CauLoss:[1.0090], AdvLoss:[0.2580]
Train Iter:[193/772] CauLoss:[1.0549], AdvLoss:[0.1054]
Train Iter:[386/772] CauLoss:[1.0631], AdvLoss:[0.1205]
Train Iter:[579/772] CauLoss:[1.0615], AdvLoss:[0.1186]
--------------------------------------------------------------------------------------------------------------------------------------------------------------------------------------------------------
Epoch:[98/100], CauAdvLoss:[1.0575/0.1165] valid:[75.57], test:[63.27]
--------------------------------------------------------------------------------------------------------------------------------------------------------------------------------------------------------
Train Iter:[0  /772] CauLoss:[1.1967], AdvLoss:[0.2794]
Train Iter:[193/772] CauLoss:[1.0463], AdvLoss:[0.1066]
Train Iter:[386/772] CauLoss:[1.0454], AdvLoss:[0.1048]
Train Iter:[579/772] CauLoss:[1.0526], AdvLoss:[0.1147]
--------------------------------------------------------------------------------------------------------------------------------------------------------------------------------------------------------
Epoch:[99/100], CauAdvLoss:[1.0590/0.1165] valid:[73.51], test:[63.39]
--------------------------------------------------------------------------------------------------------------------------------------------------------------------------------------------------------
Train Iter:[0  /772] CauLoss:[1.1542], AdvLoss:[0.1546]
Train Iter:[193/772] CauLoss:[1.0541], AdvLoss:[0.1079]
Train Iter:[386/772] CauLoss:[1.0562], AdvLoss:[0.1212]
Train Iter:[579/772] CauLoss:[1.0620], AdvLoss:[0.1258]
--------------------------------------------------------------------------------------------------------------------------------------------------------------------------------------------------------
Epoch:[100/100], CauAdvLoss:[1.0624/0.1258] valid:[73.67], test:[61.29]
--------------------------------------------------------------------------------------------------------------------------------------------------------------------------------------------------------
Update test:[64.03] at epoch:[23] | Total time:01:03:32
/workspace/AIA/Molhiv/GOOD/data/good_datasets/good_hiv.py:410: UserWarning: It is not recommended to directly access the internal storage format `data` of an 'InMemoryDataset'. The data of the dataset is already cached, so any modifications to `data` will not be reflected when accessing its elements. Clearing the cache now by removing all elements in `dataset._data_list`. If you are absolutely certain what you are doing, access the internal storage via `InMemoryDataset._data` instead to suppress this warning. Alternatively, you can access stacked individual attributes of every graph via `dataset.{attr_name}`.
  meta_info.num_envs = torch.unique(train_dataset.data.env_id).shape[0]
/workspace/AIA/Molhiv/GOOD/data/good_datasets/good_hiv.py:414: UserWarning: It is not recommended to directly access the internal storage format `data` of an 'InMemoryDataset'. If you are absolutely certain what you are doing, access the internal storage via `InMemoryDataset._data` instead to suppress this warning. Alternatively, you can access stacked individual attributes of every graph via `dataset.{attr_name}`.
  meta_info.num_classes = train_dataset.data.y.shape[1]
initialize network with kaiming
Train Iter:[0  /772] CauLoss:[3.3825], AdvLoss:[-33.9500]
Train Iter:[193/772] CauLoss:[1.4297], AdvLoss:[0.0200]
Train Iter:[386/772] CauLoss:[1.3376], AdvLoss:[0.0897]
Train Iter:[579/772] CauLoss:[1.3118], AdvLoss:[0.1182]
--------------------------------------------------------------------------------------------------------------------------------------------------------------------------------------------------------
Epoch:[1/100], CauAdvLoss:[1.2995/0.1314] valid:[70.61], test:[52.25]
--------------------------------------------------------------------------------------------------------------------------------------------------------------------------------------------------------
Train Iter:[0  /772] CauLoss:[1.0665], AdvLoss:[0.0812]
Train Iter:[193/772] CauLoss:[1.2654], AdvLoss:[0.1660]
Train Iter:[386/772] CauLoss:[1.2571], AdvLoss:[0.1636]
Train Iter:[579/772] CauLoss:[1.2469], AdvLoss:[0.1592]
--------------------------------------------------------------------------------------------------------------------------------------------------------------------------------------------------------
Epoch:[2/100], CauAdvLoss:[1.2386/0.1564] valid:[73.22], test:[62.25]
--------------------------------------------------------------------------------------------------------------------------------------------------------------------------------------------------------
Train Iter:[0  /772] CauLoss:[1.2498], AdvLoss:[0.1342]
Train Iter:[193/772] CauLoss:[1.2590], AdvLoss:[0.1702]
Train Iter:[386/772] CauLoss:[1.2374], AdvLoss:[0.1576]
Train Iter:[579/772] CauLoss:[1.2274], AdvLoss:[0.1532]
--------------------------------------------------------------------------------------------------------------------------------------------------------------------------------------------------------
Epoch:[3/100], CauAdvLoss:[1.2272/0.1531] valid:[75.02], test:[66.62]
--------------------------------------------------------------------------------------------------------------------------------------------------------------------------------------------------------
Train Iter:[0  /772] CauLoss:[1.1606], AdvLoss:[0.1105]
Train Iter:[193/772] CauLoss:[1.2395], AdvLoss:[0.1565]
Train Iter:[386/772] CauLoss:[1.2144], AdvLoss:[0.1434]
Train Iter:[579/772] CauLoss:[1.2109], AdvLoss:[0.1403]
--------------------------------------------------------------------------------------------------------------------------------------------------------------------------------------------------------
Epoch:[4/100], CauAdvLoss:[1.2144/0.1413] valid:[74.10], test:[63.62]
--------------------------------------------------------------------------------------------------------------------------------------------------------------------------------------------------------
Train Iter:[0  /772] CauLoss:[1.3136], AdvLoss:[0.1438]
Train Iter:[193/772] CauLoss:[1.1740], AdvLoss:[0.1252]
Train Iter:[386/772] CauLoss:[1.1866], AdvLoss:[0.1296]
Train Iter:[579/772] CauLoss:[1.1941], AdvLoss:[0.1328]
--------------------------------------------------------------------------------------------------------------------------------------------------------------------------------------------------------
Epoch:[5/100], CauAdvLoss:[1.2045/0.1388] valid:[75.87], test:[65.61]
--------------------------------------------------------------------------------------------------------------------------------------------------------------------------------------------------------
Train Iter:[0  /772] CauLoss:[1.2978], AdvLoss:[0.2038]
Train Iter:[193/772] CauLoss:[1.1760], AdvLoss:[0.1258]
Train Iter:[386/772] CauLoss:[1.1900], AdvLoss:[0.1304]
Train Iter:[579/772] CauLoss:[1.1979], AdvLoss:[0.1366]
--------------------------------------------------------------------------------------------------------------------------------------------------------------------------------------------------------
Epoch:[6/100], CauAdvLoss:[1.1954/0.1366] valid:[75.29], test:[63.29]
--------------------------------------------------------------------------------------------------------------------------------------------------------------------------------------------------------
Train Iter:[0  /772] CauLoss:[1.1903], AdvLoss:[0.1308]
Train Iter:[193/772] CauLoss:[1.2035], AdvLoss:[0.1384]
Train Iter:[386/772] CauLoss:[1.1871], AdvLoss:[0.1290]
Train Iter:[579/772] CauLoss:[1.1841], AdvLoss:[0.1295]
--------------------------------------------------------------------------------------------------------------------------------------------------------------------------------------------------------
Epoch:[7/100], CauAdvLoss:[1.1870/0.1328] valid:[73.72], test:[66.41]
--------------------------------------------------------------------------------------------------------------------------------------------------------------------------------------------------------
Train Iter:[0  /772] CauLoss:[1.2099], AdvLoss:[0.1398]
Train Iter:[193/772] CauLoss:[1.1558], AdvLoss:[0.1138]
Train Iter:[386/772] CauLoss:[1.1731], AdvLoss:[0.1243]
Train Iter:[579/772] CauLoss:[1.1805], AdvLoss:[0.1277]
--------------------------------------------------------------------------------------------------------------------------------------------------------------------------------------------------------
Epoch:[8/100], CauAdvLoss:[1.1807/0.1283] valid:[72.81], test:[63.82]
--------------------------------------------------------------------------------------------------------------------------------------------------------------------------------------------------------
Train Iter:[0  /772] CauLoss:[1.0176], AdvLoss:[0.0516]
Train Iter:[193/772] CauLoss:[1.1653], AdvLoss:[0.1224]
Train Iter:[386/772] CauLoss:[1.1854], AdvLoss:[0.1303]
Train Iter:[579/772] CauLoss:[1.1799], AdvLoss:[0.1291]
--------------------------------------------------------------------------------------------------------------------------------------------------------------------------------------------------------
Epoch:[9/100], CauAdvLoss:[1.1792/0.1287] valid:[75.91], test:[65.90]
--------------------------------------------------------------------------------------------------------------------------------------------------------------------------------------------------------
Train Iter:[0  /772] CauLoss:[1.0012], AdvLoss:[0.0390]
Train Iter:[193/772] CauLoss:[1.1687], AdvLoss:[0.1245]
Train Iter:[386/772] CauLoss:[1.1668], AdvLoss:[0.1242]
Train Iter:[579/772] CauLoss:[1.1670], AdvLoss:[0.1246]
--------------------------------------------------------------------------------------------------------------------------------------------------------------------------------------------------------
Epoch:[10/100], CauAdvLoss:[1.1691/0.1251] valid:[73.64], test:[68.84]
--------------------------------------------------------------------------------------------------------------------------------------------------------------------------------------------------------
Train Iter:[0  /772] CauLoss:[1.2867], AdvLoss:[0.1624]
Train Iter:[193/772] CauLoss:[1.1665], AdvLoss:[0.1249]
Train Iter:[386/772] CauLoss:[1.1719], AdvLoss:[0.1260]
Train Iter:[579/772] CauLoss:[1.1723], AdvLoss:[0.1267]
--------------------------------------------------------------------------------------------------------------------------------------------------------------------------------------------------------
Epoch:[11/100], CauAdvLoss:[1.1668/0.1265] valid:[76.04], test:[68.94]
--------------------------------------------------------------------------------------------------------------------------------------------------------------------------------------------------------
Train Iter:[0  /772] CauLoss:[1.1970], AdvLoss:[0.1189]
Train Iter:[193/772] CauLoss:[1.1370], AdvLoss:[0.1105]
Train Iter:[386/772] CauLoss:[1.1452], AdvLoss:[0.1140]
Train Iter:[579/772] CauLoss:[1.1573], AdvLoss:[0.1183]
--------------------------------------------------------------------------------------------------------------------------------------------------------------------------------------------------------
Epoch:[12/100], CauAdvLoss:[1.1613/0.1215] valid:[74.23], test:[68.60]
--------------------------------------------------------------------------------------------------------------------------------------------------------------------------------------------------------
Train Iter:[0  /772] CauLoss:[1.0389], AdvLoss:[0.0642]
Train Iter:[193/772] CauLoss:[1.1748], AdvLoss:[0.1269]
Train Iter:[386/772] CauLoss:[1.1651], AdvLoss:[0.1234]
Train Iter:[579/772] CauLoss:[1.1598], AdvLoss:[0.1206]
--------------------------------------------------------------------------------------------------------------------------------------------------------------------------------------------------------
Epoch:[13/100], CauAdvLoss:[1.1590/0.1210] valid:[76.29], test:[68.35]
--------------------------------------------------------------------------------------------------------------------------------------------------------------------------------------------------------
Train Iter:[0  /772] CauLoss:[1.4148], AdvLoss:[0.2307]
Train Iter:[193/772] CauLoss:[1.1621], AdvLoss:[0.1223]
Train Iter:[386/772] CauLoss:[1.1548], AdvLoss:[0.1196]
Train Iter:[579/772] CauLoss:[1.1539], AdvLoss:[0.1192]
--------------------------------------------------------------------------------------------------------------------------------------------------------------------------------------------------------
Epoch:[14/100], CauAdvLoss:[1.1559/0.1202] valid:[75.78], test:[66.86]
--------------------------------------------------------------------------------------------------------------------------------------------------------------------------------------------------------
Train Iter:[0  /772] CauLoss:[1.0135], AdvLoss:[0.0631]
Train Iter:[193/772] CauLoss:[1.1512], AdvLoss:[0.1171]
Train Iter:[386/772] CauLoss:[1.1545], AdvLoss:[0.1169]
Train Iter:[579/772] CauLoss:[1.1571], AdvLoss:[0.1182]
--------------------------------------------------------------------------------------------------------------------------------------------------------------------------------------------------------
Epoch:[15/100], CauAdvLoss:[1.1553/0.1175] valid:[74.94], test:[65.45]
--------------------------------------------------------------------------------------------------------------------------------------------------------------------------------------------------------
Train Iter:[0  /772] CauLoss:[0.9706], AdvLoss:[0.0267]
Train Iter:[193/772] CauLoss:[1.1582], AdvLoss:[0.1219]
Train Iter:[386/772] CauLoss:[1.1597], AdvLoss:[0.1201]
Train Iter:[579/772] CauLoss:[1.1556], AdvLoss:[0.1179]
--------------------------------------------------------------------------------------------------------------------------------------------------------------------------------------------------------
Epoch:[16/100], CauAdvLoss:[1.1531/0.1167] valid:[76.21], test:[66.82]
--------------------------------------------------------------------------------------------------------------------------------------------------------------------------------------------------------
Train Iter:[0  /772] CauLoss:[0.9634], AdvLoss:[0.0228]
Train Iter:[193/772] CauLoss:[1.1500], AdvLoss:[0.1140]
Train Iter:[386/772] CauLoss:[1.1450], AdvLoss:[0.1114]
Train Iter:[579/772] CauLoss:[1.1450], AdvLoss:[0.1133]
--------------------------------------------------------------------------------------------------------------------------------------------------------------------------------------------------------
Epoch:[17/100], CauAdvLoss:[1.1472/0.1148] valid:[75.43], test:[69.07]
--------------------------------------------------------------------------------------------------------------------------------------------------------------------------------------------------------
Train Iter:[0  /772] CauLoss:[0.9964], AdvLoss:[0.0394]
Train Iter:[193/772] CauLoss:[1.1220], AdvLoss:[0.1041]
Train Iter:[386/772] CauLoss:[1.1275], AdvLoss:[0.1043]
Train Iter:[579/772] CauLoss:[1.1443], AdvLoss:[0.1124]
--------------------------------------------------------------------------------------------------------------------------------------------------------------------------------------------------------
Epoch:[18/100], CauAdvLoss:[1.1469/0.1133] valid:[75.59], test:[71.02]
--------------------------------------------------------------------------------------------------------------------------------------------------------------------------------------------------------
Train Iter:[0  /772] CauLoss:[1.3216], AdvLoss:[0.2569]
Train Iter:[193/772] CauLoss:[1.1592], AdvLoss:[0.1207]
Train Iter:[386/772] CauLoss:[1.1477], AdvLoss:[0.1141]
Train Iter:[579/772] CauLoss:[1.1450], AdvLoss:[0.1132]
--------------------------------------------------------------------------------------------------------------------------------------------------------------------------------------------------------
Epoch:[19/100], CauAdvLoss:[1.1464/0.1134] valid:[76.08], test:[68.50]
--------------------------------------------------------------------------------------------------------------------------------------------------------------------------------------------------------
Train Iter:[0  /772] CauLoss:[1.2572], AdvLoss:[0.2039]
Train Iter:[193/772] CauLoss:[1.1572], AdvLoss:[0.1200]
Train Iter:[386/772] CauLoss:[1.1483], AdvLoss:[0.1140]
Train Iter:[579/772] CauLoss:[1.1475], AdvLoss:[0.1140]
--------------------------------------------------------------------------------------------------------------------------------------------------------------------------------------------------------
Epoch:[20/100], CauAdvLoss:[1.1406/0.1117] valid:[75.54], test:[69.33]
--------------------------------------------------------------------------------------------------------------------------------------------------------------------------------------------------------
Train Iter:[0  /772] CauLoss:[1.2019], AdvLoss:[0.1312]
Train Iter:[193/772] CauLoss:[1.1524], AdvLoss:[0.1177]
Train Iter:[386/772] CauLoss:[1.1477], AdvLoss:[0.1143]
Train Iter:[579/772] CauLoss:[1.1411], AdvLoss:[0.1118]
--------------------------------------------------------------------------------------------------------------------------------------------------------------------------------------------------------
Epoch:[21/100], CauAdvLoss:[1.1382/0.1102] valid:[76.57], test:[71.70]
--------------------------------------------------------------------------------------------------------------------------------------------------------------------------------------------------------
Train Iter:[0  /772] CauLoss:[0.9522], AdvLoss:[0.0218]
Train Iter:[193/772] CauLoss:[1.1248], AdvLoss:[0.1027]
Train Iter:[386/772] CauLoss:[1.1382], AdvLoss:[0.1099]
Train Iter:[579/772] CauLoss:[1.1430], AdvLoss:[0.1115]
--------------------------------------------------------------------------------------------------------------------------------------------------------------------------------------------------------
Epoch:[22/100], CauAdvLoss:[1.1398/0.1106] valid:[76.57], test:[68.56]
--------------------------------------------------------------------------------------------------------------------------------------------------------------------------------------------------------
Train Iter:[0  /772] CauLoss:[1.0607], AdvLoss:[0.0621]
Train Iter:[193/772] CauLoss:[1.1268], AdvLoss:[0.1038]
Train Iter:[386/772] CauLoss:[1.1326], AdvLoss:[0.1074]
Train Iter:[579/772] CauLoss:[1.1314], AdvLoss:[0.1066]
--------------------------------------------------------------------------------------------------------------------------------------------------------------------------------------------------------
Epoch:[23/100], CauAdvLoss:[1.1361/0.1088] valid:[77.38], test:[65.21]
--------------------------------------------------------------------------------------------------------------------------------------------------------------------------------------------------------
Train Iter:[0  /772] CauLoss:[1.2437], AdvLoss:[0.1520]
Train Iter:[193/772] CauLoss:[1.1362], AdvLoss:[0.1079]
Train Iter:[386/772] CauLoss:[1.1417], AdvLoss:[0.1109]
Train Iter:[579/772] CauLoss:[1.1383], AdvLoss:[0.1090]
--------------------------------------------------------------------------------------------------------------------------------------------------------------------------------------------------------
Epoch:[24/100], CauAdvLoss:[1.1343/0.1072] valid:[77.37], test:[65.70]
--------------------------------------------------------------------------------------------------------------------------------------------------------------------------------------------------------
Train Iter:[0  /772] CauLoss:[1.3111], AdvLoss:[0.1494]
Train Iter:[193/772] CauLoss:[1.1240], AdvLoss:[0.1016]
Train Iter:[386/772] CauLoss:[1.1181], AdvLoss:[0.1004]
Train Iter:[579/772] CauLoss:[1.1300], AdvLoss:[0.1061]
--------------------------------------------------------------------------------------------------------------------------------------------------------------------------------------------------------
Epoch:[25/100], CauAdvLoss:[1.1315/0.1064] valid:[77.17], test:[66.15]
--------------------------------------------------------------------------------------------------------------------------------------------------------------------------------------------------------
Train Iter:[0  /772] CauLoss:[0.9863], AdvLoss:[0.0243]
Train Iter:[193/772] CauLoss:[1.1310], AdvLoss:[0.1041]
Train Iter:[386/772] CauLoss:[1.1310], AdvLoss:[0.1038]
Train Iter:[579/772] CauLoss:[1.1388], AdvLoss:[0.1084]
--------------------------------------------------------------------------------------------------------------------------------------------------------------------------------------------------------
Epoch:[26/100], CauAdvLoss:[1.1338/0.1062] valid:[78.17], test:[69.78]
--------------------------------------------------------------------------------------------------------------------------------------------------------------------------------------------------------
Train Iter:[0  /772] CauLoss:[0.9530], AdvLoss:[0.0094]
Train Iter:[193/772] CauLoss:[1.1173], AdvLoss:[0.1000]
Train Iter:[386/772] CauLoss:[1.1240], AdvLoss:[0.1034]
Train Iter:[579/772] CauLoss:[1.1329], AdvLoss:[0.1088]
--------------------------------------------------------------------------------------------------------------------------------------------------------------------------------------------------------
Epoch:[27/100], CauAdvLoss:[1.1293/0.1061] valid:[74.66], test:[67.36]
--------------------------------------------------------------------------------------------------------------------------------------------------------------------------------------------------------
Train Iter:[0  /772] CauLoss:[0.9943], AdvLoss:[0.0346]
Train Iter:[193/772] CauLoss:[1.1335], AdvLoss:[0.1033]
Train Iter:[386/772] CauLoss:[1.1272], AdvLoss:[0.1032]
Train Iter:[579/772] CauLoss:[1.1296], AdvLoss:[0.1054]
--------------------------------------------------------------------------------------------------------------------------------------------------------------------------------------------------------
Epoch:[28/100], CauAdvLoss:[1.1280/0.1051] valid:[74.77], test:[66.77]
--------------------------------------------------------------------------------------------------------------------------------------------------------------------------------------------------------
Train Iter:[0  /772] CauLoss:[0.9482], AdvLoss:[0.0068]
Train Iter:[193/772] CauLoss:[1.1297], AdvLoss:[0.1011]
Train Iter:[386/772] CauLoss:[1.1270], AdvLoss:[0.1021]
Train Iter:[579/772] CauLoss:[1.1330], AdvLoss:[0.1072]
--------------------------------------------------------------------------------------------------------------------------------------------------------------------------------------------------------
Epoch:[29/100], CauAdvLoss:[1.1256/0.1040] valid:[74.25], test:[67.16]
--------------------------------------------------------------------------------------------------------------------------------------------------------------------------------------------------------
Train Iter:[0  /772] CauLoss:[1.0617], AdvLoss:[0.0806]
Train Iter:[193/772] CauLoss:[1.1136], AdvLoss:[0.0978]
Train Iter:[386/772] CauLoss:[1.1177], AdvLoss:[0.1008]
Train Iter:[579/772] CauLoss:[1.1203], AdvLoss:[0.1025]
--------------------------------------------------------------------------------------------------------------------------------------------------------------------------------------------------------
Epoch:[30/100], CauAdvLoss:[1.1223/0.1024] valid:[76.74], test:[65.98]
--------------------------------------------------------------------------------------------------------------------------------------------------------------------------------------------------------
Train Iter:[0  /772] CauLoss:[1.5421], AdvLoss:[0.3682]
Train Iter:[193/772] CauLoss:[1.1295], AdvLoss:[0.1057]
Train Iter:[386/772] CauLoss:[1.1277], AdvLoss:[0.1047]
Train Iter:[579/772] CauLoss:[1.1301], AdvLoss:[0.1063]
--------------------------------------------------------------------------------------------------------------------------------------------------------------------------------------------------------
Epoch:[31/100], CauAdvLoss:[1.1257/0.1038] valid:[73.99], test:[65.90]
--------------------------------------------------------------------------------------------------------------------------------------------------------------------------------------------------------
Train Iter:[0  /772] CauLoss:[1.0059], AdvLoss:[0.0414]
Train Iter:[193/772] CauLoss:[1.1226], AdvLoss:[0.1003]
Train Iter:[386/772] CauLoss:[1.1209], AdvLoss:[0.1001]
Train Iter:[579/772] CauLoss:[1.1253], AdvLoss:[0.1032]
--------------------------------------------------------------------------------------------------------------------------------------------------------------------------------------------------------
Epoch:[32/100], CauAdvLoss:[1.1224/0.1023] valid:[76.73], test:[67.06]
--------------------------------------------------------------------------------------------------------------------------------------------------------------------------------------------------------
Train Iter:[0  /772] CauLoss:[0.9466], AdvLoss:[0.0057]
Train Iter:[193/772] CauLoss:[1.1279], AdvLoss:[0.1028]
Train Iter:[386/772] CauLoss:[1.1219], AdvLoss:[0.1005]
Train Iter:[579/772] CauLoss:[1.1188], AdvLoss:[0.1004]
--------------------------------------------------------------------------------------------------------------------------------------------------------------------------------------------------------
Epoch:[33/100], CauAdvLoss:[1.1242/0.1025] valid:[76.41], test:[66.78]
--------------------------------------------------------------------------------------------------------------------------------------------------------------------------------------------------------
Train Iter:[0  /772] CauLoss:[0.9587], AdvLoss:[0.0319]
Train Iter:[193/772] CauLoss:[1.1179], AdvLoss:[0.1045]
Train Iter:[386/772] CauLoss:[1.1162], AdvLoss:[0.1017]
Train Iter:[579/772] CauLoss:[1.1214], AdvLoss:[0.1034]
--------------------------------------------------------------------------------------------------------------------------------------------------------------------------------------------------------
Epoch:[34/100], CauAdvLoss:[1.1206/0.1031] valid:[76.99], test:[66.94]
--------------------------------------------------------------------------------------------------------------------------------------------------------------------------------------------------------
Train Iter:[0  /772] CauLoss:[1.0493], AdvLoss:[0.0806]
Train Iter:[193/772] CauLoss:[1.1101], AdvLoss:[0.0967]
Train Iter:[386/772] CauLoss:[1.1098], AdvLoss:[0.0993]
Train Iter:[579/772] CauLoss:[1.1110], AdvLoss:[0.0986]
--------------------------------------------------------------------------------------------------------------------------------------------------------------------------------------------------------
Epoch:[35/100], CauAdvLoss:[1.1142/0.1009] valid:[75.46], test:[63.03]
--------------------------------------------------------------------------------------------------------------------------------------------------------------------------------------------------------
Train Iter:[0  /772] CauLoss:[0.9537], AdvLoss:[0.0081]
Train Iter:[193/772] CauLoss:[1.1196], AdvLoss:[0.1040]
Train Iter:[386/772] CauLoss:[1.1108], AdvLoss:[0.0990]
Train Iter:[579/772] CauLoss:[1.1160], AdvLoss:[0.1008]
--------------------------------------------------------------------------------------------------------------------------------------------------------------------------------------------------------
Epoch:[36/100], CauAdvLoss:[1.1184/0.1012] valid:[75.51], test:[67.03]
--------------------------------------------------------------------------------------------------------------------------------------------------------------------------------------------------------
Train Iter:[0  /772] CauLoss:[1.4048], AdvLoss:[0.2579]
Train Iter:[193/772] CauLoss:[1.1200], AdvLoss:[0.1027]
Train Iter:[386/772] CauLoss:[1.1300], AdvLoss:[0.1057]
Train Iter:[579/772] CauLoss:[1.1169], AdvLoss:[0.0992]
--------------------------------------------------------------------------------------------------------------------------------------------------------------------------------------------------------
Epoch:[37/100], CauAdvLoss:[1.1159/0.0986] valid:[75.17], test:[66.47]
--------------------------------------------------------------------------------------------------------------------------------------------------------------------------------------------------------
Train Iter:[0  /772] CauLoss:[1.6803], AdvLoss:[0.4311]
Train Iter:[193/772] CauLoss:[1.1222], AdvLoss:[0.1004]
Train Iter:[386/772] CauLoss:[1.1186], AdvLoss:[0.0983]
Train Iter:[579/772] CauLoss:[1.1160], AdvLoss:[0.0983]
--------------------------------------------------------------------------------------------------------------------------------------------------------------------------------------------------------
Epoch:[38/100], CauAdvLoss:[1.1145/0.0976] valid:[75.20], test:[62.74]
--------------------------------------------------------------------------------------------------------------------------------------------------------------------------------------------------------
Train Iter:[0  /772] CauLoss:[0.9821], AdvLoss:[0.0200]
Train Iter:[193/772] CauLoss:[1.1202], AdvLoss:[0.1009]
Train Iter:[386/772] CauLoss:[1.1108], AdvLoss:[0.0975]
Train Iter:[579/772] CauLoss:[1.1103], AdvLoss:[0.0974]
--------------------------------------------------------------------------------------------------------------------------------------------------------------------------------------------------------
Epoch:[39/100], CauAdvLoss:[1.1128/0.0984] valid:[76.13], test:[63.87]
--------------------------------------------------------------------------------------------------------------------------------------------------------------------------------------------------------
Train Iter:[0  /772] CauLoss:[1.3133], AdvLoss:[0.1924]
Train Iter:[193/772] CauLoss:[1.1195], AdvLoss:[0.0991]
Train Iter:[386/772] CauLoss:[1.1229], AdvLoss:[0.1003]
Train Iter:[579/772] CauLoss:[1.1168], AdvLoss:[0.0972]
--------------------------------------------------------------------------------------------------------------------------------------------------------------------------------------------------------
Epoch:[40/100], CauAdvLoss:[1.1122/0.0952] valid:[75.50], test:[59.91]
--------------------------------------------------------------------------------------------------------------------------------------------------------------------------------------------------------
Train Iter:[0  /772] CauLoss:[1.1993], AdvLoss:[0.1374]
Train Iter:[193/772] CauLoss:[1.1065], AdvLoss:[0.0920]
Train Iter:[386/772] CauLoss:[1.1109], AdvLoss:[0.0941]
Train Iter:[579/772] CauLoss:[1.1108], AdvLoss:[0.0952]
--------------------------------------------------------------------------------------------------------------------------------------------------------------------------------------------------------
Epoch:[41/100], CauAdvLoss:[1.1124/0.0955] valid:[77.15], test:[66.49]
--------------------------------------------------------------------------------------------------------------------------------------------------------------------------------------------------------
Train Iter:[0  /772] CauLoss:[1.2809], AdvLoss:[0.1833]
Train Iter:[193/772] CauLoss:[1.1121], AdvLoss:[0.0967]
Train Iter:[386/772] CauLoss:[1.1106], AdvLoss:[0.0956]
Train Iter:[579/772] CauLoss:[1.1110], AdvLoss:[0.0953]
--------------------------------------------------------------------------------------------------------------------------------------------------------------------------------------------------------
Epoch:[42/100], CauAdvLoss:[1.1123/0.0965] valid:[75.66], test:[64.54]
--------------------------------------------------------------------------------------------------------------------------------------------------------------------------------------------------------
Train Iter:[0  /772] CauLoss:[0.9689], AdvLoss:[0.0221]
Train Iter:[193/772] CauLoss:[1.1141], AdvLoss:[0.0933]
Train Iter:[386/772] CauLoss:[1.1123], AdvLoss:[0.0954]
Train Iter:[579/772] CauLoss:[1.1090], AdvLoss:[0.0936]
--------------------------------------------------------------------------------------------------------------------------------------------------------------------------------------------------------
Epoch:[43/100], CauAdvLoss:[1.1087/0.0942] valid:[74.16], test:[65.20]
--------------------------------------------------------------------------------------------------------------------------------------------------------------------------------------------------------
Train Iter:[0  /772] CauLoss:[0.9915], AdvLoss:[0.0463]
Train Iter:[193/772] CauLoss:[1.0872], AdvLoss:[0.0841]
Train Iter:[386/772] CauLoss:[1.1003], AdvLoss:[0.0895]
Train Iter:[579/772] CauLoss:[1.1095], AdvLoss:[0.0938]
--------------------------------------------------------------------------------------------------------------------------------------------------------------------------------------------------------
Epoch:[44/100], CauAdvLoss:[1.1091/0.0946] valid:[76.01], test:[63.92]
--------------------------------------------------------------------------------------------------------------------------------------------------------------------------------------------------------
Train Iter:[0  /772] CauLoss:[0.9799], AdvLoss:[0.0246]
Train Iter:[193/772] CauLoss:[1.0977], AdvLoss:[0.0855]
Train Iter:[386/772] CauLoss:[1.0982], AdvLoss:[0.0865]
Train Iter:[579/772] CauLoss:[1.1034], AdvLoss:[0.0903]
--------------------------------------------------------------------------------------------------------------------------------------------------------------------------------------------------------
Epoch:[45/100], CauAdvLoss:[1.1102/0.0933] valid:[74.34], test:[61.69]
--------------------------------------------------------------------------------------------------------------------------------------------------------------------------------------------------------
Train Iter:[0  /772] CauLoss:[1.0965], AdvLoss:[0.0715]
Train Iter:[193/772] CauLoss:[1.0841], AdvLoss:[0.0814]
Train Iter:[386/772] CauLoss:[1.1038], AdvLoss:[0.0908]
Train Iter:[579/772] CauLoss:[1.1039], AdvLoss:[0.0914]
--------------------------------------------------------------------------------------------------------------------------------------------------------------------------------------------------------
Epoch:[46/100], CauAdvLoss:[1.1051/0.0927] valid:[76.12], test:[64.81]
--------------------------------------------------------------------------------------------------------------------------------------------------------------------------------------------------------
Train Iter:[0  /772] CauLoss:[1.0769], AdvLoss:[0.1563]
Train Iter:[193/772] CauLoss:[1.0970], AdvLoss:[0.0907]
Train Iter:[386/772] CauLoss:[1.0897], AdvLoss:[0.0866]
Train Iter:[579/772] CauLoss:[1.0889], AdvLoss:[0.0869]
--------------------------------------------------------------------------------------------------------------------------------------------------------------------------------------------------------
Epoch:[47/100], CauAdvLoss:[1.1028/0.0935] valid:[74.94], test:[63.73]
--------------------------------------------------------------------------------------------------------------------------------------------------------------------------------------------------------
Train Iter:[0  /772] CauLoss:[0.9491], AdvLoss:[0.0092]
Train Iter:[193/772] CauLoss:[1.0928], AdvLoss:[0.0858]
Train Iter:[386/772] CauLoss:[1.1070], AdvLoss:[0.0943]
Train Iter:[579/772] CauLoss:[1.1103], AdvLoss:[0.0953]
--------------------------------------------------------------------------------------------------------------------------------------------------------------------------------------------------------
Epoch:[48/100], CauAdvLoss:[1.1048/0.0930] valid:[76.25], test:[66.05]
--------------------------------------------------------------------------------------------------------------------------------------------------------------------------------------------------------
Train Iter:[0  /772] CauLoss:[1.3080], AdvLoss:[0.1961]
Train Iter:[193/772] CauLoss:[1.0911], AdvLoss:[0.0877]
Train Iter:[386/772] CauLoss:[1.0872], AdvLoss:[0.0872]
Train Iter:[579/772] CauLoss:[1.0963], AdvLoss:[0.0917]
--------------------------------------------------------------------------------------------------------------------------------------------------------------------------------------------------------
Epoch:[49/100], CauAdvLoss:[1.0996/0.0930] valid:[75.17], test:[63.21]
--------------------------------------------------------------------------------------------------------------------------------------------------------------------------------------------------------
Train Iter:[0  /772] CauLoss:[1.4082], AdvLoss:[0.2467]
Train Iter:[193/772] CauLoss:[1.0974], AdvLoss:[0.0889]
Train Iter:[386/772] CauLoss:[1.0958], AdvLoss:[0.0902]
Train Iter:[579/772] CauLoss:[1.0978], AdvLoss:[0.0911]
--------------------------------------------------------------------------------------------------------------------------------------------------------------------------------------------------------
Epoch:[50/100], CauAdvLoss:[1.0987/0.0917] valid:[75.78], test:[63.83]
--------------------------------------------------------------------------------------------------------------------------------------------------------------------------------------------------------
Train Iter:[0  /772] CauLoss:[1.0802], AdvLoss:[0.0582]
Train Iter:[193/772] CauLoss:[1.0925], AdvLoss:[0.0898]
Train Iter:[386/772] CauLoss:[1.0907], AdvLoss:[0.0897]
Train Iter:[579/772] CauLoss:[1.0925], AdvLoss:[0.0910]
--------------------------------------------------------------------------------------------------------------------------------------------------------------------------------------------------------
Epoch:[51/100], CauAdvLoss:[1.0986/0.0925] valid:[77.19], test:[63.87]
--------------------------------------------------------------------------------------------------------------------------------------------------------------------------------------------------------
Train Iter:[0  /772] CauLoss:[0.9490], AdvLoss:[0.0065]
Train Iter:[193/772] CauLoss:[1.0942], AdvLoss:[0.0856]
Train Iter:[386/772] CauLoss:[1.1016], AdvLoss:[0.0917]
Train Iter:[579/772] CauLoss:[1.1022], AdvLoss:[0.0935]
--------------------------------------------------------------------------------------------------------------------------------------------------------------------------------------------------------
Epoch:[52/100], CauAdvLoss:[1.0987/0.0922] valid:[75.07], test:[63.06]
--------------------------------------------------------------------------------------------------------------------------------------------------------------------------------------------------------
Train Iter:[0  /772] CauLoss:[0.9319], AdvLoss:[0.0073]
Train Iter:[193/772] CauLoss:[1.0946], AdvLoss:[0.0908]
Train Iter:[386/772] CauLoss:[1.1058], AdvLoss:[0.0973]
Train Iter:[579/772] CauLoss:[1.1042], AdvLoss:[0.0956]
--------------------------------------------------------------------------------------------------------------------------------------------------------------------------------------------------------
Epoch:[53/100], CauAdvLoss:[1.0975/0.0924] valid:[73.72], test:[63.72]
--------------------------------------------------------------------------------------------------------------------------------------------------------------------------------------------------------
Train Iter:[0  /772] CauLoss:[1.0129], AdvLoss:[0.0613]
Train Iter:[193/772] CauLoss:[1.1099], AdvLoss:[0.0980]
Train Iter:[386/772] CauLoss:[1.1075], AdvLoss:[0.0971]
Train Iter:[579/772] CauLoss:[1.0965], AdvLoss:[0.0930]
--------------------------------------------------------------------------------------------------------------------------------------------------------------------------------------------------------
Epoch:[54/100], CauAdvLoss:[1.0991/0.0948] valid:[74.26], test:[64.16]
--------------------------------------------------------------------------------------------------------------------------------------------------------------------------------------------------------
Train Iter:[0  /772] CauLoss:[1.0886], AdvLoss:[0.1224]
Train Iter:[193/772] CauLoss:[1.0902], AdvLoss:[0.0912]
Train Iter:[386/772] CauLoss:[1.0894], AdvLoss:[0.0903]
Train Iter:[579/772] CauLoss:[1.0898], AdvLoss:[0.0895]
--------------------------------------------------------------------------------------------------------------------------------------------------------------------------------------------------------
Epoch:[55/100], CauAdvLoss:[1.0960/0.0922] valid:[75.09], test:[63.65]
--------------------------------------------------------------------------------------------------------------------------------------------------------------------------------------------------------
Train Iter:[0  /772] CauLoss:[1.0747], AdvLoss:[0.0555]
Train Iter:[193/772] CauLoss:[1.0807], AdvLoss:[0.0841]
Train Iter:[386/772] CauLoss:[1.0862], AdvLoss:[0.0856]
Train Iter:[579/772] CauLoss:[1.0934], AdvLoss:[0.0897]
--------------------------------------------------------------------------------------------------------------------------------------------------------------------------------------------------------
Epoch:[56/100], CauAdvLoss:[1.0937/0.0896] valid:[74.51], test:[63.44]
--------------------------------------------------------------------------------------------------------------------------------------------------------------------------------------------------------
Train Iter:[0  /772] CauLoss:[1.2782], AdvLoss:[0.1238]
Train Iter:[193/772] CauLoss:[1.0867], AdvLoss:[0.0854]
Train Iter:[386/772] CauLoss:[1.0857], AdvLoss:[0.0851]
Train Iter:[579/772] CauLoss:[1.0948], AdvLoss:[0.0894]
--------------------------------------------------------------------------------------------------------------------------------------------------------------------------------------------------------
Epoch:[57/100], CauAdvLoss:[1.0930/0.0895] valid:[76.16], test:[63.45]
--------------------------------------------------------------------------------------------------------------------------------------------------------------------------------------------------------
Train Iter:[0  /772] CauLoss:[1.0912], AdvLoss:[0.0601]
Train Iter:[193/772] CauLoss:[1.1033], AdvLoss:[0.0929]
Train Iter:[386/772] CauLoss:[1.0945], AdvLoss:[0.0879]
Train Iter:[579/772] CauLoss:[1.0920], AdvLoss:[0.0880]
--------------------------------------------------------------------------------------------------------------------------------------------------------------------------------------------------------
Epoch:[58/100], CauAdvLoss:[1.0919/0.0885] valid:[75.19], test:[63.75]
--------------------------------------------------------------------------------------------------------------------------------------------------------------------------------------------------------
Train Iter:[0  /772] CauLoss:[0.9921], AdvLoss:[0.0213]
Train Iter:[193/772] CauLoss:[1.0896], AdvLoss:[0.0899]
Train Iter:[386/772] CauLoss:[1.0973], AdvLoss:[0.0941]
Train Iter:[579/772] CauLoss:[1.0894], AdvLoss:[0.0903]
--------------------------------------------------------------------------------------------------------------------------------------------------------------------------------------------------------
Epoch:[59/100], CauAdvLoss:[1.0891/0.0901] valid:[75.37], test:[62.67]
--------------------------------------------------------------------------------------------------------------------------------------------------------------------------------------------------------
Train Iter:[0  /772] CauLoss:[1.4259], AdvLoss:[0.0735]
Train Iter:[193/772] CauLoss:[1.0820], AdvLoss:[0.0810]
Train Iter:[386/772] CauLoss:[1.0894], AdvLoss:[0.0852]
Train Iter:[579/772] CauLoss:[1.0943], AdvLoss:[0.0879]
--------------------------------------------------------------------------------------------------------------------------------------------------------------------------------------------------------
Epoch:[60/100], CauAdvLoss:[1.0915/0.0867] valid:[74.45], test:[62.63]
--------------------------------------------------------------------------------------------------------------------------------------------------------------------------------------------------------
Train Iter:[0  /772] CauLoss:[0.9565], AdvLoss:[0.0198]
Train Iter:[193/772] CauLoss:[1.0936], AdvLoss:[0.0894]
Train Iter:[386/772] CauLoss:[1.0937], AdvLoss:[0.0886]
Train Iter:[579/772] CauLoss:[1.0952], AdvLoss:[0.0884]
--------------------------------------------------------------------------------------------------------------------------------------------------------------------------------------------------------
Epoch:[61/100], CauAdvLoss:[1.0912/0.0872] valid:[77.08], test:[65.83]
--------------------------------------------------------------------------------------------------------------------------------------------------------------------------------------------------------
Train Iter:[0  /772] CauLoss:[1.1751], AdvLoss:[0.1453]
Train Iter:[193/772] CauLoss:[1.0695], AdvLoss:[0.0781]
Train Iter:[386/772] CauLoss:[1.0846], AdvLoss:[0.0873]
Train Iter:[579/772] CauLoss:[1.0853], AdvLoss:[0.0874]
--------------------------------------------------------------------------------------------------------------------------------------------------------------------------------------------------------
Epoch:[62/100], CauAdvLoss:[1.0908/0.0899] valid:[75.47], test:[57.75]
--------------------------------------------------------------------------------------------------------------------------------------------------------------------------------------------------------
Train Iter:[0  /772] CauLoss:[0.9379], AdvLoss:[0.0057]
Train Iter:[193/772] CauLoss:[1.0910], AdvLoss:[0.0882]
Train Iter:[386/772] CauLoss:[1.0888], AdvLoss:[0.0870]
Train Iter:[579/772] CauLoss:[1.0869], AdvLoss:[0.0874]
--------------------------------------------------------------------------------------------------------------------------------------------------------------------------------------------------------
Epoch:[63/100], CauAdvLoss:[1.0881/0.0892] valid:[73.74], test:[57.07]
--------------------------------------------------------------------------------------------------------------------------------------------------------------------------------------------------------
Train Iter:[0  /772] CauLoss:[1.4739], AdvLoss:[0.3001]
Train Iter:[193/772] CauLoss:[1.0817], AdvLoss:[0.0849]
Train Iter:[386/772] CauLoss:[1.0841], AdvLoss:[0.0851]
Train Iter:[579/772] CauLoss:[1.0833], AdvLoss:[0.0852]
--------------------------------------------------------------------------------------------------------------------------------------------------------------------------------------------------------
Epoch:[64/100], CauAdvLoss:[1.0879/0.0876] valid:[74.00], test:[58.66]
--------------------------------------------------------------------------------------------------------------------------------------------------------------------------------------------------------
Train Iter:[0  /772] CauLoss:[1.0008], AdvLoss:[0.0271]
Train Iter:[193/772] CauLoss:[1.0895], AdvLoss:[0.0884]
Train Iter:[386/772] CauLoss:[1.0872], AdvLoss:[0.0871]
Train Iter:[579/772] CauLoss:[1.0861], AdvLoss:[0.0871]
--------------------------------------------------------------------------------------------------------------------------------------------------------------------------------------------------------
Epoch:[65/100], CauAdvLoss:[1.0853/0.0878] valid:[74.58], test:[61.08]
--------------------------------------------------------------------------------------------------------------------------------------------------------------------------------------------------------
Train Iter:[0  /772] CauLoss:[1.1035], AdvLoss:[0.0750]
Train Iter:[193/772] CauLoss:[1.0625], AdvLoss:[0.0745]
Train Iter:[386/772] CauLoss:[1.0719], AdvLoss:[0.0787]
Train Iter:[579/772] CauLoss:[1.0814], AdvLoss:[0.0843]
--------------------------------------------------------------------------------------------------------------------------------------------------------------------------------------------------------
Epoch:[66/100], CauAdvLoss:[1.0845/0.0862] valid:[75.02], test:[61.91]
--------------------------------------------------------------------------------------------------------------------------------------------------------------------------------------------------------
Train Iter:[0  /772] CauLoss:[1.1040], AdvLoss:[0.1131]
Train Iter:[193/772] CauLoss:[1.0616], AdvLoss:[0.0758]
Train Iter:[386/772] CauLoss:[1.0791], AdvLoss:[0.0843]
Train Iter:[579/772] CauLoss:[1.0869], AdvLoss:[0.0882]
--------------------------------------------------------------------------------------------------------------------------------------------------------------------------------------------------------
Epoch:[67/100], CauAdvLoss:[1.0836/0.0854] valid:[74.31], test:[64.42]
--------------------------------------------------------------------------------------------------------------------------------------------------------------------------------------------------------
Train Iter:[0  /772] CauLoss:[1.1027], AdvLoss:[0.1572]
Train Iter:[193/772] CauLoss:[1.0797], AdvLoss:[0.0847]
Train Iter:[386/772] CauLoss:[1.0797], AdvLoss:[0.0852]
Train Iter:[579/772] CauLoss:[1.0826], AdvLoss:[0.0858]
--------------------------------------------------------------------------------------------------------------------------------------------------------------------------------------------------------
Epoch:[68/100], CauAdvLoss:[1.0799/0.0839] valid:[73.95], test:[61.16]
--------------------------------------------------------------------------------------------------------------------------------------------------------------------------------------------------------
Train Iter:[0  /772] CauLoss:[0.9634], AdvLoss:[0.0301]
Train Iter:[193/772] CauLoss:[1.0753], AdvLoss:[0.0825]
Train Iter:[386/772] CauLoss:[1.0803], AdvLoss:[0.0853]
Train Iter:[579/772] CauLoss:[1.0817], AdvLoss:[0.0868]
--------------------------------------------------------------------------------------------------------------------------------------------------------------------------------------------------------
Epoch:[69/100], CauAdvLoss:[1.0780/0.0850] valid:[74.72], test:[65.23]
--------------------------------------------------------------------------------------------------------------------------------------------------------------------------------------------------------
Train Iter:[0  /772] CauLoss:[1.0849], AdvLoss:[0.0165]
Train Iter:[193/772] CauLoss:[1.0845], AdvLoss:[0.0844]
Train Iter:[386/772] CauLoss:[1.0787], AdvLoss:[0.0817]
Train Iter:[579/772] CauLoss:[1.0773], AdvLoss:[0.0829]
--------------------------------------------------------------------------------------------------------------------------------------------------------------------------------------------------------
Epoch:[70/100], CauAdvLoss:[1.0824/0.0848] valid:[73.60], test:[60.03]
--------------------------------------------------------------------------------------------------------------------------------------------------------------------------------------------------------
Train Iter:[0  /772] CauLoss:[0.9490], AdvLoss:[0.0115]
Train Iter:[193/772] CauLoss:[1.0746], AdvLoss:[0.0818]
Train Iter:[386/772] CauLoss:[1.0837], AdvLoss:[0.0846]
Train Iter:[579/772] CauLoss:[1.0813], AdvLoss:[0.0852]
--------------------------------------------------------------------------------------------------------------------------------------------------------------------------------------------------------
Epoch:[71/100], CauAdvLoss:[1.0805/0.0850] valid:[75.57], test:[62.42]
--------------------------------------------------------------------------------------------------------------------------------------------------------------------------------------------------------
Train Iter:[0  /772] CauLoss:[1.2457], AdvLoss:[0.2116]
Train Iter:[193/772] CauLoss:[1.0788], AdvLoss:[0.0821]
Train Iter:[386/772] CauLoss:[1.0710], AdvLoss:[0.0794]
Train Iter:[579/772] CauLoss:[1.0767], AdvLoss:[0.0818]
--------------------------------------------------------------------------------------------------------------------------------------------------------------------------------------------------------
Epoch:[72/100], CauAdvLoss:[1.0803/0.0833] valid:[75.70], test:[63.30]
--------------------------------------------------------------------------------------------------------------------------------------------------------------------------------------------------------
Train Iter:[0  /772] CauLoss:[1.0102], AdvLoss:[0.0280]
Train Iter:[193/772] CauLoss:[1.0722], AdvLoss:[0.0792]
Train Iter:[386/772] CauLoss:[1.0772], AdvLoss:[0.0842]
Train Iter:[579/772] CauLoss:[1.0805], AdvLoss:[0.0840]
--------------------------------------------------------------------------------------------------------------------------------------------------------------------------------------------------------
Epoch:[73/100], CauAdvLoss:[1.0789/0.0831] valid:[76.34], test:[63.27]
--------------------------------------------------------------------------------------------------------------------------------------------------------------------------------------------------------
Train Iter:[0  /772] CauLoss:[1.1912], AdvLoss:[0.1730]
Train Iter:[193/772] CauLoss:[1.0718], AdvLoss:[0.0792]
Train Iter:[386/772] CauLoss:[1.0764], AdvLoss:[0.0815]
Train Iter:[579/772] CauLoss:[1.0816], AdvLoss:[0.0843]
--------------------------------------------------------------------------------------------------------------------------------------------------------------------------------------------------------
Epoch:[74/100], CauAdvLoss:[1.0808/0.0848] valid:[75.31], test:[61.11]
--------------------------------------------------------------------------------------------------------------------------------------------------------------------------------------------------------
Train Iter:[0  /772] CauLoss:[0.9476], AdvLoss:[0.0059]
Train Iter:[193/772] CauLoss:[1.0712], AdvLoss:[0.0805]
Train Iter:[386/772] CauLoss:[1.0766], AdvLoss:[0.0835]
Train Iter:[579/772] CauLoss:[1.0759], AdvLoss:[0.0835]
--------------------------------------------------------------------------------------------------------------------------------------------------------------------------------------------------------
Epoch:[75/100], CauAdvLoss:[1.0760/0.0837] valid:[74.81], test:[64.20]
--------------------------------------------------------------------------------------------------------------------------------------------------------------------------------------------------------
Train Iter:[0  /772] CauLoss:[0.9359], AdvLoss:[0.0047]
Train Iter:[193/772] CauLoss:[1.0617], AdvLoss:[0.0754]
Train Iter:[386/772] CauLoss:[1.0750], AdvLoss:[0.0817]
Train Iter:[579/772] CauLoss:[1.0787], AdvLoss:[0.0836]
--------------------------------------------------------------------------------------------------------------------------------------------------------------------------------------------------------
Epoch:[76/100], CauAdvLoss:[1.0763/0.0818] valid:[74.16], test:[63.13]
--------------------------------------------------------------------------------------------------------------------------------------------------------------------------------------------------------
Train Iter:[0  /772] CauLoss:[0.9924], AdvLoss:[0.0578]
Train Iter:[193/772] CauLoss:[1.0504], AdvLoss:[0.0695]
Train Iter:[386/772] CauLoss:[1.0727], AdvLoss:[0.0811]
Train Iter:[579/772] CauLoss:[1.0727], AdvLoss:[0.0818]
--------------------------------------------------------------------------------------------------------------------------------------------------------------------------------------------------------
Epoch:[77/100], CauAdvLoss:[1.0753/0.0818] valid:[74.54], test:[61.24]
--------------------------------------------------------------------------------------------------------------------------------------------------------------------------------------------------------
Train Iter:[0  /772] CauLoss:[1.0970], AdvLoss:[0.0995]
Train Iter:[193/772] CauLoss:[1.0557], AdvLoss:[0.0769]
Train Iter:[386/772] CauLoss:[1.0656], AdvLoss:[0.0801]
Train Iter:[579/772] CauLoss:[1.0707], AdvLoss:[0.0808]
--------------------------------------------------------------------------------------------------------------------------------------------------------------------------------------------------------
Epoch:[78/100], CauAdvLoss:[1.0725/0.0813] valid:[74.84], test:[60.41]
--------------------------------------------------------------------------------------------------------------------------------------------------------------------------------------------------------
Train Iter:[0  /772] CauLoss:[1.1109], AdvLoss:[0.1061]
Train Iter:[193/772] CauLoss:[1.0661], AdvLoss:[0.0790]
Train Iter:[386/772] CauLoss:[1.0743], AdvLoss:[0.0828]
Train Iter:[579/772] CauLoss:[1.0743], AdvLoss:[0.0820]
--------------------------------------------------------------------------------------------------------------------------------------------------------------------------------------------------------
Epoch:[79/100], CauAdvLoss:[1.0701/0.0784] valid:[71.37], test:[58.21]
--------------------------------------------------------------------------------------------------------------------------------------------------------------------------------------------------------
Train Iter:[0  /772] CauLoss:[0.9375], AdvLoss:[0.0265]
Train Iter:[193/772] CauLoss:[1.0664], AdvLoss:[0.0775]
Train Iter:[386/772] CauLoss:[1.0634], AdvLoss:[0.0748]
Train Iter:[579/772] CauLoss:[1.0680], AdvLoss:[0.0773]
--------------------------------------------------------------------------------------------------------------------------------------------------------------------------------------------------------
Epoch:[80/100], CauAdvLoss:[1.0771/0.0820] valid:[73.39], test:[59.98]
--------------------------------------------------------------------------------------------------------------------------------------------------------------------------------------------------------
Train Iter:[0  /772] CauLoss:[1.1275], AdvLoss:[0.0847]
Train Iter:[193/772] CauLoss:[1.0660], AdvLoss:[0.0734]
Train Iter:[386/772] CauLoss:[1.0774], AdvLoss:[0.0806]
Train Iter:[579/772] CauLoss:[1.0781], AdvLoss:[0.0832]
--------------------------------------------------------------------------------------------------------------------------------------------------------------------------------------------------------
Epoch:[81/100], CauAdvLoss:[1.0728/0.0814] valid:[73.74], test:[55.92]
--------------------------------------------------------------------------------------------------------------------------------------------------------------------------------------------------------
Train Iter:[0  /772] CauLoss:[1.2687], AdvLoss:[0.1811]
Train Iter:[193/772] CauLoss:[1.0907], AdvLoss:[0.0907]
Train Iter:[386/772] CauLoss:[1.0767], AdvLoss:[0.0836]
Train Iter:[579/772] CauLoss:[1.0743], AdvLoss:[0.0817]
--------------------------------------------------------------------------------------------------------------------------------------------------------------------------------------------------------
Epoch:[82/100], CauAdvLoss:[1.0717/0.0805] valid:[74.81], test:[61.01]
--------------------------------------------------------------------------------------------------------------------------------------------------------------------------------------------------------
Train Iter:[0  /772] CauLoss:[1.0611], AdvLoss:[0.0738]
Train Iter:[193/772] CauLoss:[1.0716], AdvLoss:[0.0756]
Train Iter:[386/772] CauLoss:[1.0714], AdvLoss:[0.0762]
Train Iter:[579/772] CauLoss:[1.0703], AdvLoss:[0.0773]
--------------------------------------------------------------------------------------------------------------------------------------------------------------------------------------------------------
Epoch:[83/100], CauAdvLoss:[1.0736/0.0793] valid:[71.53], test:[59.13]
--------------------------------------------------------------------------------------------------------------------------------------------------------------------------------------------------------
Train Iter:[0  /772] CauLoss:[0.9518], AdvLoss:[0.0127]
Train Iter:[193/772] CauLoss:[1.0538], AdvLoss:[0.0678]
Train Iter:[386/772] CauLoss:[1.0644], AdvLoss:[0.0743]
Train Iter:[579/772] CauLoss:[1.0699], AdvLoss:[0.0783]
--------------------------------------------------------------------------------------------------------------------------------------------------------------------------------------------------------
Epoch:[84/100], CauAdvLoss:[1.0690/0.0782] valid:[70.91], test:[57.45]
--------------------------------------------------------------------------------------------------------------------------------------------------------------------------------------------------------
Train Iter:[0  /772] CauLoss:[1.1880], AdvLoss:[0.1753]
Train Iter:[193/772] CauLoss:[1.0437], AdvLoss:[0.0637]
Train Iter:[386/772] CauLoss:[1.0696], AdvLoss:[0.0792]
Train Iter:[579/772] CauLoss:[1.0640], AdvLoss:[0.0772]
--------------------------------------------------------------------------------------------------------------------------------------------------------------------------------------------------------
Epoch:[85/100], CauAdvLoss:[1.0657/0.0777] valid:[73.12], test:[58.80]
--------------------------------------------------------------------------------------------------------------------------------------------------------------------------------------------------------
Train Iter:[0  /772] CauLoss:[1.1460], AdvLoss:[0.0778]
Train Iter:[193/772] CauLoss:[1.0651], AdvLoss:[0.0735]
Train Iter:[386/772] CauLoss:[1.0759], AdvLoss:[0.0795]
Train Iter:[579/772] CauLoss:[1.0725], AdvLoss:[0.0792]
--------------------------------------------------------------------------------------------------------------------------------------------------------------------------------------------------------
Epoch:[86/100], CauAdvLoss:[1.0726/0.0788] valid:[71.55], test:[57.99]
--------------------------------------------------------------------------------------------------------------------------------------------------------------------------------------------------------
Train Iter:[0  /772] CauLoss:[0.9760], AdvLoss:[0.0478]
Train Iter:[193/772] CauLoss:[1.0602], AdvLoss:[0.0746]
Train Iter:[386/772] CauLoss:[1.0725], AdvLoss:[0.0823]
Train Iter:[579/772] CauLoss:[1.0675], AdvLoss:[0.0802]
--------------------------------------------------------------------------------------------------------------------------------------------------------------------------------------------------------
Epoch:[87/100], CauAdvLoss:[1.0671/0.0793] valid:[73.51], test:[59.33]
--------------------------------------------------------------------------------------------------------------------------------------------------------------------------------------------------------
Train Iter:[0  /772] CauLoss:[1.0191], AdvLoss:[0.0675]
Train Iter:[193/772] CauLoss:[1.0484], AdvLoss:[0.0697]
Train Iter:[386/772] CauLoss:[1.0608], AdvLoss:[0.0738]
Train Iter:[579/772] CauLoss:[1.0625], AdvLoss:[0.0765]
--------------------------------------------------------------------------------------------------------------------------------------------------------------------------------------------------------
Epoch:[88/100], CauAdvLoss:[1.0638/0.0783] valid:[73.85], test:[57.92]
--------------------------------------------------------------------------------------------------------------------------------------------------------------------------------------------------------
Train Iter:[0  /772] CauLoss:[0.9437], AdvLoss:[0.0045]
Train Iter:[193/772] CauLoss:[1.0560], AdvLoss:[0.0697]
Train Iter:[386/772] CauLoss:[1.0593], AdvLoss:[0.0728]
Train Iter:[579/772] CauLoss:[1.0618], AdvLoss:[0.0752]
--------------------------------------------------------------------------------------------------------------------------------------------------------------------------------------------------------
Epoch:[89/100], CauAdvLoss:[1.0639/0.0764] valid:[73.32], test:[59.74]
--------------------------------------------------------------------------------------------------------------------------------------------------------------------------------------------------------
Train Iter:[0  /772] CauLoss:[1.0359], AdvLoss:[0.0909]
Train Iter:[193/772] CauLoss:[1.0532], AdvLoss:[0.0646]
Train Iter:[386/772] CauLoss:[1.0615], AdvLoss:[0.0741]
Train Iter:[579/772] CauLoss:[1.0627], AdvLoss:[0.0763]
--------------------------------------------------------------------------------------------------------------------------------------------------------------------------------------------------------
Epoch:[90/100], CauAdvLoss:[1.0659/0.0775] valid:[74.81], test:[63.82]
--------------------------------------------------------------------------------------------------------------------------------------------------------------------------------------------------------
Train Iter:[0  /772] CauLoss:[1.4682], AdvLoss:[0.2801]
Train Iter:[193/772] CauLoss:[1.0748], AdvLoss:[0.0808]
Train Iter:[386/772] CauLoss:[1.0648], AdvLoss:[0.0774]
Train Iter:[579/772] CauLoss:[1.0677], AdvLoss:[0.0800]
--------------------------------------------------------------------------------------------------------------------------------------------------------------------------------------------------------
Epoch:[91/100], CauAdvLoss:[1.0628/0.0783] valid:[72.11], test:[58.01]
--------------------------------------------------------------------------------------------------------------------------------------------------------------------------------------------------------
Train Iter:[0  /772] CauLoss:[0.9630], AdvLoss:[0.0018]
Train Iter:[193/772] CauLoss:[1.0565], AdvLoss:[0.0794]
Train Iter:[386/772] CauLoss:[1.0576], AdvLoss:[0.0785]
Train Iter:[579/772] CauLoss:[1.0599], AdvLoss:[0.0809]
--------------------------------------------------------------------------------------------------------------------------------------------------------------------------------------------------------
Epoch:[92/100], CauAdvLoss:[1.0613/0.0809] valid:[73.96], test:[59.41]
--------------------------------------------------------------------------------------------------------------------------------------------------------------------------------------------------------
Train Iter:[0  /772] CauLoss:[1.1416], AdvLoss:[0.0926]
Train Iter:[193/772] CauLoss:[1.0561], AdvLoss:[0.0790]
Train Iter:[386/772] CauLoss:[1.0573], AdvLoss:[0.0820]
Train Iter:[579/772] CauLoss:[1.0607], AdvLoss:[0.0817]
--------------------------------------------------------------------------------------------------------------------------------------------------------------------------------------------------------
Epoch:[93/100], CauAdvLoss:[1.0621/0.0813] valid:[73.07], test:[62.70]
--------------------------------------------------------------------------------------------------------------------------------------------------------------------------------------------------------
Train Iter:[0  /772] CauLoss:[0.9948], AdvLoss:[0.0203]
Train Iter:[193/772] CauLoss:[1.0568], AdvLoss:[0.0744]
Train Iter:[386/772] CauLoss:[1.0580], AdvLoss:[0.0769]
Train Iter:[579/772] CauLoss:[1.0611], AdvLoss:[0.0785]
--------------------------------------------------------------------------------------------------------------------------------------------------------------------------------------------------------
Epoch:[94/100], CauAdvLoss:[1.0634/0.0790] valid:[75.22], test:[61.67]
--------------------------------------------------------------------------------------------------------------------------------------------------------------------------------------------------------
Train Iter:[0  /772] CauLoss:[1.1384], AdvLoss:[0.0919]
Train Iter:[193/772] CauLoss:[1.0372], AdvLoss:[0.0644]
Train Iter:[386/772] CauLoss:[1.0450], AdvLoss:[0.0701]
Train Iter:[579/772] CauLoss:[1.0529], AdvLoss:[0.0733]
--------------------------------------------------------------------------------------------------------------------------------------------------------------------------------------------------------
Epoch:[95/100], CauAdvLoss:[1.0603/0.0768] valid:[72.76], test:[62.73]
--------------------------------------------------------------------------------------------------------------------------------------------------------------------------------------------------------
Train Iter:[0  /772] CauLoss:[1.0117], AdvLoss:[0.0312]
Train Iter:[193/772] CauLoss:[1.0455], AdvLoss:[0.0687]
Train Iter:[386/772] CauLoss:[1.0482], AdvLoss:[0.0738]
Train Iter:[579/772] CauLoss:[1.0579], AdvLoss:[0.0795]
--------------------------------------------------------------------------------------------------------------------------------------------------------------------------------------------------------
Epoch:[96/100], CauAdvLoss:[1.0581/0.0800] valid:[71.52], test:[59.12]
--------------------------------------------------------------------------------------------------------------------------------------------------------------------------------------------------------
Train Iter:[0  /772] CauLoss:[0.9762], AdvLoss:[0.0381]
Train Iter:[193/772] CauLoss:[1.0577], AdvLoss:[0.0800]
Train Iter:[386/772] CauLoss:[1.0570], AdvLoss:[0.0778]
Train Iter:[579/772] CauLoss:[1.0588], AdvLoss:[0.0795]
--------------------------------------------------------------------------------------------------------------------------------------------------------------------------------------------------------
Epoch:[97/100], CauAdvLoss:[1.0586/0.0792] valid:[71.76], test:[55.50]
--------------------------------------------------------------------------------------------------------------------------------------------------------------------------------------------------------
Train Iter:[0  /772] CauLoss:[0.9283], AdvLoss:[0.0016]
Train Iter:[193/772] CauLoss:[1.0437], AdvLoss:[0.0796]
Train Iter:[386/772] CauLoss:[1.0479], AdvLoss:[0.0795]
Train Iter:[579/772] CauLoss:[1.0523], AdvLoss:[0.0813]
--------------------------------------------------------------------------------------------------------------------------------------------------------------------------------------------------------
Epoch:[98/100], CauAdvLoss:[1.0533/0.0809] valid:[70.28], test:[54.22]
--------------------------------------------------------------------------------------------------------------------------------------------------------------------------------------------------------
Train Iter:[0  /772] CauLoss:[0.9349], AdvLoss:[0.0472]
Train Iter:[193/772] CauLoss:[1.0491], AdvLoss:[0.0819]
Train Iter:[386/772] CauLoss:[1.0513], AdvLoss:[0.0794]
Train Iter:[579/772] CauLoss:[1.0549], AdvLoss:[0.0800]
--------------------------------------------------------------------------------------------------------------------------------------------------------------------------------------------------------
Epoch:[99/100], CauAdvLoss:[1.0611/0.0822] valid:[71.60], test:[57.04]
--------------------------------------------------------------------------------------------------------------------------------------------------------------------------------------------------------
Train Iter:[0  /772] CauLoss:[0.9195], AdvLoss:[0.0035]
Train Iter:[193/772] CauLoss:[1.0318], AdvLoss:[0.0643]
Train Iter:[386/772] CauLoss:[1.0531], AdvLoss:[0.0735]
Train Iter:[579/772] CauLoss:[1.0563], AdvLoss:[0.0761]
--------------------------------------------------------------------------------------------------------------------------------------------------------------------------------------------------------
Epoch:[100/100], CauAdvLoss:[1.0596/0.0780] valid:[71.27], test:[52.71]
--------------------------------------------------------------------------------------------------------------------------------------------------------------------------------------------------------
Update test:[69.78] at epoch:[26] | Total time:01:06:56
/workspace/AIA/Molhiv/GOOD/data/good_datasets/good_hiv.py:410: UserWarning: It is not recommended to directly access the internal storage format `data` of an 'InMemoryDataset'. The data of the dataset is already cached, so any modifications to `data` will not be reflected when accessing its elements. Clearing the cache now by removing all elements in `dataset._data_list`. If you are absolutely certain what you are doing, access the internal storage via `InMemoryDataset._data` instead to suppress this warning. Alternatively, you can access stacked individual attributes of every graph via `dataset.{attr_name}`.
  meta_info.num_envs = torch.unique(train_dataset.data.env_id).shape[0]
/workspace/AIA/Molhiv/GOOD/data/good_datasets/good_hiv.py:414: UserWarning: It is not recommended to directly access the internal storage format `data` of an 'InMemoryDataset'. If you are absolutely certain what you are doing, access the internal storage via `InMemoryDataset._data` instead to suppress this warning. Alternatively, you can access stacked individual attributes of every graph via `dataset.{attr_name}`.
  meta_info.num_classes = train_dataset.data.y.shape[1]
initialize network with kaiming
Train Iter:[0  /772] CauLoss:[2.8468], AdvLoss:[-84.9549]
Train Iter:[193/772] CauLoss:[1.3972], AdvLoss:[-0.2841]
Train Iter:[386/772] CauLoss:[1.3298], AdvLoss:[-0.0646]
Train Iter:[579/772] CauLoss:[1.3186], AdvLoss:[0.0148]
--------------------------------------------------------------------------------------------------------------------------------------------------------------------------------------------------------
Epoch:[1/100], CauAdvLoss:[1.3045/0.0501] valid:[70.49], test:[46.76]
--------------------------------------------------------------------------------------------------------------------------------------------------------------------------------------------------------
Train Iter:[0  /772] CauLoss:[1.0378], AdvLoss:[0.0180]
Train Iter:[193/772] CauLoss:[1.2629], AdvLoss:[0.1595]
Train Iter:[386/772] CauLoss:[1.2644], AdvLoss:[0.1633]
Train Iter:[579/772] CauLoss:[1.2598], AdvLoss:[0.1614]
--------------------------------------------------------------------------------------------------------------------------------------------------------------------------------------------------------
Epoch:[2/100], CauAdvLoss:[1.2486/0.1561] valid:[72.19], test:[49.59]
--------------------------------------------------------------------------------------------------------------------------------------------------------------------------------------------------------
Train Iter:[0  /772] CauLoss:[1.4133], AdvLoss:[0.2803]
Train Iter:[193/772] CauLoss:[1.2621], AdvLoss:[0.1595]
Train Iter:[386/772] CauLoss:[1.2510], AdvLoss:[0.1553]
Train Iter:[579/772] CauLoss:[1.2465], AdvLoss:[0.1551]
--------------------------------------------------------------------------------------------------------------------------------------------------------------------------------------------------------
Epoch:[3/100], CauAdvLoss:[1.2337/0.1486] valid:[73.12], test:[63.66]
--------------------------------------------------------------------------------------------------------------------------------------------------------------------------------------------------------
Train Iter:[0  /772] CauLoss:[1.1918], AdvLoss:[0.1380]
Train Iter:[193/772] CauLoss:[1.2559], AdvLoss:[0.1545]
Train Iter:[386/772] CauLoss:[1.2468], AdvLoss:[0.1520]
Train Iter:[579/772] CauLoss:[1.2277], AdvLoss:[0.1443]
--------------------------------------------------------------------------------------------------------------------------------------------------------------------------------------------------------
Epoch:[4/100], CauAdvLoss:[1.2223/0.1436] valid:[73.96], test:[65.69]
--------------------------------------------------------------------------------------------------------------------------------------------------------------------------------------------------------
Train Iter:[0  /772] CauLoss:[1.3519], AdvLoss:[0.2714]
Train Iter:[193/772] CauLoss:[1.1957], AdvLoss:[0.1361]
Train Iter:[386/772] CauLoss:[1.2002], AdvLoss:[0.1394]
Train Iter:[579/772] CauLoss:[1.2075], AdvLoss:[0.1421]
--------------------------------------------------------------------------------------------------------------------------------------------------------------------------------------------------------
Epoch:[5/100], CauAdvLoss:[1.2080/0.1436] valid:[76.09], test:[67.15]
--------------------------------------------------------------------------------------------------------------------------------------------------------------------------------------------------------
Train Iter:[0  /772] CauLoss:[0.9958], AdvLoss:[0.0249]
Train Iter:[193/772] CauLoss:[1.2116], AdvLoss:[0.1436]
Train Iter:[386/772] CauLoss:[1.2009], AdvLoss:[0.1407]
Train Iter:[579/772] CauLoss:[1.1981], AdvLoss:[0.1394]
--------------------------------------------------------------------------------------------------------------------------------------------------------------------------------------------------------
Epoch:[6/100], CauAdvLoss:[1.1940/0.1373] valid:[74.80], test:[61.58]
--------------------------------------------------------------------------------------------------------------------------------------------------------------------------------------------------------
Train Iter:[0  /772] CauLoss:[1.1644], AdvLoss:[0.0863]
Train Iter:[193/772] CauLoss:[1.1851], AdvLoss:[0.1333]
Train Iter:[386/772] CauLoss:[1.1915], AdvLoss:[0.1345]
Train Iter:[579/772] CauLoss:[1.1893], AdvLoss:[0.1342]
--------------------------------------------------------------------------------------------------------------------------------------------------------------------------------------------------------
Epoch:[7/100], CauAdvLoss:[1.1869/0.1330] valid:[74.92], test:[64.87]
--------------------------------------------------------------------------------------------------------------------------------------------------------------------------------------------------------
Train Iter:[0  /772] CauLoss:[0.9813], AdvLoss:[0.0256]
Train Iter:[193/772] CauLoss:[1.2035], AdvLoss:[0.1424]
Train Iter:[386/772] CauLoss:[1.1897], AdvLoss:[0.1372]
Train Iter:[579/772] CauLoss:[1.1821], AdvLoss:[0.1343]
--------------------------------------------------------------------------------------------------------------------------------------------------------------------------------------------------------
Epoch:[8/100], CauAdvLoss:[1.1799/0.1323] valid:[74.84], test:[64.64]
--------------------------------------------------------------------------------------------------------------------------------------------------------------------------------------------------------
Train Iter:[0  /772] CauLoss:[1.1147], AdvLoss:[0.0708]
Train Iter:[193/772] CauLoss:[1.1681], AdvLoss:[0.1392]
Train Iter:[386/772] CauLoss:[1.1666], AdvLoss:[0.1316]
Train Iter:[579/772] CauLoss:[1.1676], AdvLoss:[0.1290]
--------------------------------------------------------------------------------------------------------------------------------------------------------------------------------------------------------
Epoch:[9/100], CauAdvLoss:[1.1743/0.1329] valid:[75.74], test:[64.83]
--------------------------------------------------------------------------------------------------------------------------------------------------------------------------------------------------------
Train Iter:[0  /772] CauLoss:[1.2955], AdvLoss:[0.2060]
Train Iter:[193/772] CauLoss:[1.1676], AdvLoss:[0.1218]
Train Iter:[386/772] CauLoss:[1.1753], AdvLoss:[0.1269]
Train Iter:[579/772] CauLoss:[1.1736], AdvLoss:[0.1273]
--------------------------------------------------------------------------------------------------------------------------------------------------------------------------------------------------------
Epoch:[10/100], CauAdvLoss:[1.1695/0.1253] valid:[74.77], test:[69.97]
--------------------------------------------------------------------------------------------------------------------------------------------------------------------------------------------------------
Train Iter:[0  /772] CauLoss:[0.9913], AdvLoss:[0.0364]
Train Iter:[193/772] CauLoss:[1.1728], AdvLoss:[0.1284]
Train Iter:[386/772] CauLoss:[1.1632], AdvLoss:[0.1246]
Train Iter:[579/772] CauLoss:[1.1629], AdvLoss:[0.1242]
--------------------------------------------------------------------------------------------------------------------------------------------------------------------------------------------------------
Epoch:[11/100], CauAdvLoss:[1.1643/0.1260] valid:[76.63], test:[64.84]
--------------------------------------------------------------------------------------------------------------------------------------------------------------------------------------------------------
Train Iter:[0  /772] CauLoss:[1.0196], AdvLoss:[0.0423]
Train Iter:[193/772] CauLoss:[1.1704], AdvLoss:[0.1274]
Train Iter:[386/772] CauLoss:[1.1598], AdvLoss:[0.1221]
Train Iter:[579/772] CauLoss:[1.1600], AdvLoss:[0.1213]
--------------------------------------------------------------------------------------------------------------------------------------------------------------------------------------------------------
Epoch:[12/100], CauAdvLoss:[1.1592/0.1215] valid:[75.98], test:[66.24]
--------------------------------------------------------------------------------------------------------------------------------------------------------------------------------------------------------
Train Iter:[0  /772] CauLoss:[1.0137], AdvLoss:[0.0818]
Train Iter:[193/772] CauLoss:[1.1589], AdvLoss:[0.1214]
Train Iter:[386/772] CauLoss:[1.1561], AdvLoss:[0.1199]
Train Iter:[579/772] CauLoss:[1.1492], AdvLoss:[0.1161]
--------------------------------------------------------------------------------------------------------------------------------------------------------------------------------------------------------
Epoch:[13/100], CauAdvLoss:[1.1590/0.1209] valid:[76.95], test:[64.95]
--------------------------------------------------------------------------------------------------------------------------------------------------------------------------------------------------------
Train Iter:[0  /772] CauLoss:[1.1751], AdvLoss:[0.1639]
Train Iter:[193/772] CauLoss:[1.1402], AdvLoss:[0.1099]
Train Iter:[386/772] CauLoss:[1.1497], AdvLoss:[0.1165]
Train Iter:[579/772] CauLoss:[1.1559], AdvLoss:[0.1203]
--------------------------------------------------------------------------------------------------------------------------------------------------------------------------------------------------------
Epoch:[14/100], CauAdvLoss:[1.1520/0.1185] valid:[74.68], test:[67.67]
--------------------------------------------------------------------------------------------------------------------------------------------------------------------------------------------------------
Train Iter:[0  /772] CauLoss:[1.0651], AdvLoss:[0.0613]
Train Iter:[193/772] CauLoss:[1.1555], AdvLoss:[0.1178]
Train Iter:[386/772] CauLoss:[1.1484], AdvLoss:[0.1149]
Train Iter:[579/772] CauLoss:[1.1485], AdvLoss:[0.1157]
--------------------------------------------------------------------------------------------------------------------------------------------------------------------------------------------------------
Epoch:[15/100], CauAdvLoss:[1.1507/0.1182] valid:[76.62], test:[66.21]
--------------------------------------------------------------------------------------------------------------------------------------------------------------------------------------------------------
Train Iter:[0  /772] CauLoss:[0.9853], AdvLoss:[0.0297]
Train Iter:[193/772] CauLoss:[1.1320], AdvLoss:[0.1091]
Train Iter:[386/772] CauLoss:[1.1349], AdvLoss:[0.1114]
Train Iter:[579/772] CauLoss:[1.1451], AdvLoss:[0.1162]
--------------------------------------------------------------------------------------------------------------------------------------------------------------------------------------------------------
Epoch:[16/100], CauAdvLoss:[1.1473/0.1170] valid:[76.11], test:[68.92]
--------------------------------------------------------------------------------------------------------------------------------------------------------------------------------------------------------
Train Iter:[0  /772] CauLoss:[0.9851], AdvLoss:[0.0186]
Train Iter:[193/772] CauLoss:[1.1163], AdvLoss:[0.0995]
Train Iter:[386/772] CauLoss:[1.1303], AdvLoss:[0.1080]
Train Iter:[579/772] CauLoss:[1.1428], AdvLoss:[0.1137]
--------------------------------------------------------------------------------------------------------------------------------------------------------------------------------------------------------
Epoch:[17/100], CauAdvLoss:[1.1444/0.1159] valid:[73.79], test:[67.79]
--------------------------------------------------------------------------------------------------------------------------------------------------------------------------------------------------------
Train Iter:[0  /772] CauLoss:[1.3918], AdvLoss:[0.2934]
Train Iter:[193/772] CauLoss:[1.1417], AdvLoss:[0.1126]
Train Iter:[386/772] CauLoss:[1.1387], AdvLoss:[0.1119]
Train Iter:[579/772] CauLoss:[1.1476], AdvLoss:[0.1164]
--------------------------------------------------------------------------------------------------------------------------------------------------------------------------------------------------------
Epoch:[18/100], CauAdvLoss:[1.1422/0.1134] valid:[72.59], test:[61.96]
--------------------------------------------------------------------------------------------------------------------------------------------------------------------------------------------------------
Train Iter:[0  /772] CauLoss:[1.3370], AdvLoss:[0.2327]
Train Iter:[193/772] CauLoss:[1.1240], AdvLoss:[0.1028]
Train Iter:[386/772] CauLoss:[1.1395], AdvLoss:[0.1115]
Train Iter:[579/772] CauLoss:[1.1407], AdvLoss:[0.1117]
--------------------------------------------------------------------------------------------------------------------------------------------------------------------------------------------------------
Epoch:[19/100], CauAdvLoss:[1.1414/0.1128] valid:[76.64], test:[64.68]
--------------------------------------------------------------------------------------------------------------------------------------------------------------------------------------------------------
Train Iter:[0  /772] CauLoss:[1.0721], AdvLoss:[0.0699]
Train Iter:[193/772] CauLoss:[1.1403], AdvLoss:[0.1121]
Train Iter:[386/772] CauLoss:[1.1356], AdvLoss:[0.1101]
Train Iter:[579/772] CauLoss:[1.1392], AdvLoss:[0.1107]
--------------------------------------------------------------------------------------------------------------------------------------------------------------------------------------------------------
Epoch:[20/100], CauAdvLoss:[1.1392/0.1115] valid:[75.18], test:[64.73]
--------------------------------------------------------------------------------------------------------------------------------------------------------------------------------------------------------
Train Iter:[0  /772] CauLoss:[1.1368], AdvLoss:[0.0895]
Train Iter:[193/772] CauLoss:[1.1152], AdvLoss:[0.0956]
Train Iter:[386/772] CauLoss:[1.1243], AdvLoss:[0.1026]
Train Iter:[579/772] CauLoss:[1.1342], AdvLoss:[0.1089]
--------------------------------------------------------------------------------------------------------------------------------------------------------------------------------------------------------
Epoch:[21/100], CauAdvLoss:[1.1358/0.1097] valid:[75.19], test:[64.78]
--------------------------------------------------------------------------------------------------------------------------------------------------------------------------------------------------------
Train Iter:[0  /772] CauLoss:[0.9642], AdvLoss:[0.0410]
Train Iter:[193/772] CauLoss:[1.1320], AdvLoss:[0.1072]
Train Iter:[386/772] CauLoss:[1.1289], AdvLoss:[0.1051]
Train Iter:[579/772] CauLoss:[1.1349], AdvLoss:[0.1087]
--------------------------------------------------------------------------------------------------------------------------------------------------------------------------------------------------------
Epoch:[22/100], CauAdvLoss:[1.1375/0.1106] valid:[73.47], test:[64.48]
--------------------------------------------------------------------------------------------------------------------------------------------------------------------------------------------------------
Train Iter:[0  /772] CauLoss:[1.1740], AdvLoss:[0.1208]
Train Iter:[193/772] CauLoss:[1.1292], AdvLoss:[0.1078]
Train Iter:[386/772] CauLoss:[1.1320], AdvLoss:[0.1082]
Train Iter:[579/772] CauLoss:[1.1346], AdvLoss:[0.1105]
--------------------------------------------------------------------------------------------------------------------------------------------------------------------------------------------------------
Epoch:[23/100], CauAdvLoss:[1.1338/0.1107] valid:[75.45], test:[69.07]
--------------------------------------------------------------------------------------------------------------------------------------------------------------------------------------------------------
Train Iter:[0  /772] CauLoss:[1.7961], AdvLoss:[0.4962]
Train Iter:[193/772] CauLoss:[1.1164], AdvLoss:[0.1011]
Train Iter:[386/772] CauLoss:[1.1277], AdvLoss:[0.1089]
Train Iter:[579/772] CauLoss:[1.1276], AdvLoss:[0.1074]
--------------------------------------------------------------------------------------------------------------------------------------------------------------------------------------------------------
Epoch:[24/100], CauAdvLoss:[1.1318/0.1090] valid:[73.83], test:[64.88]
--------------------------------------------------------------------------------------------------------------------------------------------------------------------------------------------------------
Train Iter:[0  /772] CauLoss:[0.9373], AdvLoss:[0.0114]
Train Iter:[193/772] CauLoss:[1.1342], AdvLoss:[0.1091]
Train Iter:[386/772] CauLoss:[1.1260], AdvLoss:[0.1053]
Train Iter:[579/772] CauLoss:[1.1343], AdvLoss:[0.1096]
--------------------------------------------------------------------------------------------------------------------------------------------------------------------------------------------------------
Epoch:[25/100], CauAdvLoss:[1.1295/0.1082] valid:[76.62], test:[65.12]
--------------------------------------------------------------------------------------------------------------------------------------------------------------------------------------------------------
Train Iter:[0  /772] CauLoss:[0.9753], AdvLoss:[0.0171]
Train Iter:[193/772] CauLoss:[1.1162], AdvLoss:[0.0993]
Train Iter:[386/772] CauLoss:[1.1285], AdvLoss:[0.1065]
Train Iter:[579/772] CauLoss:[1.1276], AdvLoss:[0.1065]
--------------------------------------------------------------------------------------------------------------------------------------------------------------------------------------------------------
Epoch:[26/100], CauAdvLoss:[1.1297/0.1073] valid:[77.66], test:[68.32]
--------------------------------------------------------------------------------------------------------------------------------------------------------------------------------------------------------
Train Iter:[0  /772] CauLoss:[1.1042], AdvLoss:[0.1107]
Train Iter:[193/772] CauLoss:[1.1126], AdvLoss:[0.0986]
Train Iter:[386/772] CauLoss:[1.1199], AdvLoss:[0.1028]
Train Iter:[579/772] CauLoss:[1.1254], AdvLoss:[0.1058]
--------------------------------------------------------------------------------------------------------------------------------------------------------------------------------------------------------
Epoch:[27/100], CauAdvLoss:[1.1268/0.1065] valid:[75.02], test:[67.84]
--------------------------------------------------------------------------------------------------------------------------------------------------------------------------------------------------------
Train Iter:[0  /772] CauLoss:[0.9762], AdvLoss:[0.0085]
Train Iter:[193/772] CauLoss:[1.1302], AdvLoss:[0.1081]
Train Iter:[386/772] CauLoss:[1.1316], AdvLoss:[0.1074]
Train Iter:[579/772] CauLoss:[1.1295], AdvLoss:[0.1072]
--------------------------------------------------------------------------------------------------------------------------------------------------------------------------------------------------------
Epoch:[28/100], CauAdvLoss:[1.1295/0.1068] valid:[77.39], test:[66.82]
--------------------------------------------------------------------------------------------------------------------------------------------------------------------------------------------------------
Train Iter:[0  /772] CauLoss:[0.9864], AdvLoss:[0.0618]
Train Iter:[193/772] CauLoss:[1.1128], AdvLoss:[0.0992]
Train Iter:[386/772] CauLoss:[1.1194], AdvLoss:[0.1039]
Train Iter:[579/772] CauLoss:[1.1235], AdvLoss:[0.1048]
--------------------------------------------------------------------------------------------------------------------------------------------------------------------------------------------------------
Epoch:[29/100], CauAdvLoss:[1.1236/0.1061] valid:[77.91], test:[68.56]
--------------------------------------------------------------------------------------------------------------------------------------------------------------------------------------------------------
Train Iter:[0  /772] CauLoss:[0.9634], AdvLoss:[0.0158]
Train Iter:[193/772] CauLoss:[1.1282], AdvLoss:[0.1081]
Train Iter:[386/772] CauLoss:[1.1172], AdvLoss:[0.1027]
Train Iter:[579/772] CauLoss:[1.1260], AdvLoss:[0.1067]
--------------------------------------------------------------------------------------------------------------------------------------------------------------------------------------------------------
Epoch:[30/100], CauAdvLoss:[1.1229/0.1046] valid:[75.84], test:[67.15]
--------------------------------------------------------------------------------------------------------------------------------------------------------------------------------------------------------
Train Iter:[0  /772] CauLoss:[1.0066], AdvLoss:[0.0204]
Train Iter:[193/772] CauLoss:[1.1177], AdvLoss:[0.0997]
Train Iter:[386/772] CauLoss:[1.1245], AdvLoss:[0.1045]
Train Iter:[579/772] CauLoss:[1.1248], AdvLoss:[0.1061]
--------------------------------------------------------------------------------------------------------------------------------------------------------------------------------------------------------
Epoch:[31/100], CauAdvLoss:[1.1238/0.1057] valid:[76.83], test:[67.34]
--------------------------------------------------------------------------------------------------------------------------------------------------------------------------------------------------------
Train Iter:[0  /772] CauLoss:[0.9412], AdvLoss:[0.0075]
Train Iter:[193/772] CauLoss:[1.1085], AdvLoss:[0.0992]
Train Iter:[386/772] CauLoss:[1.1150], AdvLoss:[0.1021]
Train Iter:[579/772] CauLoss:[1.1236], AdvLoss:[0.1059]
--------------------------------------------------------------------------------------------------------------------------------------------------------------------------------------------------------
Epoch:[32/100], CauAdvLoss:[1.1214/0.1048] valid:[78.37], test:[68.88]
--------------------------------------------------------------------------------------------------------------------------------------------------------------------------------------------------------
Train Iter:[0  /772] CauLoss:[0.9376], AdvLoss:[0.0075]
Train Iter:[193/772] CauLoss:[1.1137], AdvLoss:[0.0967]
Train Iter:[386/772] CauLoss:[1.1183], AdvLoss:[0.1016]
Train Iter:[579/772] CauLoss:[1.1198], AdvLoss:[0.1030]
--------------------------------------------------------------------------------------------------------------------------------------------------------------------------------------------------------
Epoch:[33/100], CauAdvLoss:[1.1204/0.1036] valid:[77.62], test:[69.10]
--------------------------------------------------------------------------------------------------------------------------------------------------------------------------------------------------------
Train Iter:[0  /772] CauLoss:[1.1883], AdvLoss:[0.1175]
Train Iter:[193/772] CauLoss:[1.1216], AdvLoss:[0.1031]
Train Iter:[386/772] CauLoss:[1.1281], AdvLoss:[0.1076]
Train Iter:[579/772] CauLoss:[1.1209], AdvLoss:[0.1043]
--------------------------------------------------------------------------------------------------------------------------------------------------------------------------------------------------------
Epoch:[34/100], CauAdvLoss:[1.1207/0.1037] valid:[77.21], test:[68.13]
--------------------------------------------------------------------------------------------------------------------------------------------------------------------------------------------------------
Train Iter:[0  /772] CauLoss:[1.1582], AdvLoss:[0.1420]
Train Iter:[193/772] CauLoss:[1.1116], AdvLoss:[0.0979]
Train Iter:[386/772] CauLoss:[1.1200], AdvLoss:[0.1039]
Train Iter:[579/772] CauLoss:[1.1191], AdvLoss:[0.1046]
--------------------------------------------------------------------------------------------------------------------------------------------------------------------------------------------------------
Epoch:[35/100], CauAdvLoss:[1.1176/0.1042] valid:[75.24], test:[67.99]
--------------------------------------------------------------------------------------------------------------------------------------------------------------------------------------------------------
Train Iter:[0  /772] CauLoss:[0.9630], AdvLoss:[0.0201]
Train Iter:[193/772] CauLoss:[1.1124], AdvLoss:[0.1007]
Train Iter:[386/772] CauLoss:[1.1200], AdvLoss:[0.1052]
Train Iter:[579/772] CauLoss:[1.1204], AdvLoss:[0.1052]
--------------------------------------------------------------------------------------------------------------------------------------------------------------------------------------------------------
Epoch:[36/100], CauAdvLoss:[1.1174/0.1034] valid:[76.76], test:[69.70]
--------------------------------------------------------------------------------------------------------------------------------------------------------------------------------------------------------
Train Iter:[0  /772] CauLoss:[1.3009], AdvLoss:[0.2177]
Train Iter:[193/772] CauLoss:[1.1194], AdvLoss:[0.1008]
Train Iter:[386/772] CauLoss:[1.1198], AdvLoss:[0.1068]
Train Iter:[579/772] CauLoss:[1.1205], AdvLoss:[0.1064]
--------------------------------------------------------------------------------------------------------------------------------------------------------------------------------------------------------
Epoch:[37/100], CauAdvLoss:[1.1179/0.1054] valid:[75.89], test:[63.99]
--------------------------------------------------------------------------------------------------------------------------------------------------------------------------------------------------------
Train Iter:[0  /772] CauLoss:[1.0498], AdvLoss:[0.0371]
Train Iter:[193/772] CauLoss:[1.0949], AdvLoss:[0.0956]
Train Iter:[386/772] CauLoss:[1.1091], AdvLoss:[0.1006]
Train Iter:[579/772] CauLoss:[1.1157], AdvLoss:[0.1028]
--------------------------------------------------------------------------------------------------------------------------------------------------------------------------------------------------------
Epoch:[38/100], CauAdvLoss:[1.1163/0.1028] valid:[75.46], test:[64.73]
--------------------------------------------------------------------------------------------------------------------------------------------------------------------------------------------------------
Train Iter:[0  /772] CauLoss:[1.0194], AdvLoss:[0.0353]
Train Iter:[193/772] CauLoss:[1.1089], AdvLoss:[0.0984]
Train Iter:[386/772] CauLoss:[1.1133], AdvLoss:[0.1020]
Train Iter:[579/772] CauLoss:[1.1175], AdvLoss:[0.1046]
--------------------------------------------------------------------------------------------------------------------------------------------------------------------------------------------------------
Epoch:[39/100], CauAdvLoss:[1.1133/0.1023] valid:[77.32], test:[64.96]
--------------------------------------------------------------------------------------------------------------------------------------------------------------------------------------------------------
Train Iter:[0  /772] CauLoss:[1.0471], AdvLoss:[0.0241]
Train Iter:[193/772] CauLoss:[1.1093], AdvLoss:[0.0977]
Train Iter:[386/772] CauLoss:[1.1152], AdvLoss:[0.1017]
Train Iter:[579/772] CauLoss:[1.1161], AdvLoss:[0.1019]
--------------------------------------------------------------------------------------------------------------------------------------------------------------------------------------------------------
Epoch:[40/100], CauAdvLoss:[1.1122/0.0997] valid:[76.69], test:[69.18]
--------------------------------------------------------------------------------------------------------------------------------------------------------------------------------------------------------
Train Iter:[0  /772] CauLoss:[0.9378], AdvLoss:[0.0063]
Train Iter:[193/772] CauLoss:[1.1018], AdvLoss:[0.0913]
Train Iter:[386/772] CauLoss:[1.0986], AdvLoss:[0.0920]
Train Iter:[579/772] CauLoss:[1.1047], AdvLoss:[0.0971]
--------------------------------------------------------------------------------------------------------------------------------------------------------------------------------------------------------
Epoch:[41/100], CauAdvLoss:[1.1093/0.1008] valid:[77.26], test:[69.40]
--------------------------------------------------------------------------------------------------------------------------------------------------------------------------------------------------------
Train Iter:[0  /772] CauLoss:[0.9930], AdvLoss:[0.0186]
Train Iter:[193/772] CauLoss:[1.1118], AdvLoss:[0.1014]
Train Iter:[386/772] CauLoss:[1.1088], AdvLoss:[0.1026]
Train Iter:[579/772] CauLoss:[1.1074], AdvLoss:[0.1015]
--------------------------------------------------------------------------------------------------------------------------------------------------------------------------------------------------------
Epoch:[42/100], CauAdvLoss:[1.1057/0.1002] valid:[75.90], test:[64.56]
--------------------------------------------------------------------------------------------------------------------------------------------------------------------------------------------------------
Train Iter:[0  /772] CauLoss:[1.1299], AdvLoss:[0.0877]
Train Iter:[193/772] CauLoss:[1.1013], AdvLoss:[0.0922]
Train Iter:[386/772] CauLoss:[1.1006], AdvLoss:[0.0895]
Train Iter:[579/772] CauLoss:[1.1107], AdvLoss:[0.0974]
--------------------------------------------------------------------------------------------------------------------------------------------------------------------------------------------------------
Epoch:[43/100], CauAdvLoss:[1.1130/0.0989] valid:[78.28], test:[66.43]
--------------------------------------------------------------------------------------------------------------------------------------------------------------------------------------------------------
Train Iter:[0  /772] CauLoss:[1.0033], AdvLoss:[0.0545]
Train Iter:[193/772] CauLoss:[1.1120], AdvLoss:[0.1037]
Train Iter:[386/772] CauLoss:[1.1115], AdvLoss:[0.1026]
Train Iter:[579/772] CauLoss:[1.1080], AdvLoss:[0.1002]
--------------------------------------------------------------------------------------------------------------------------------------------------------------------------------------------------------
Epoch:[44/100], CauAdvLoss:[1.1083/0.1006] valid:[76.15], test:[64.87]
--------------------------------------------------------------------------------------------------------------------------------------------------------------------------------------------------------
Train Iter:[0  /772] CauLoss:[1.1638], AdvLoss:[0.1293]
Train Iter:[193/772] CauLoss:[1.1163], AdvLoss:[0.1058]
Train Iter:[386/772] CauLoss:[1.1042], AdvLoss:[0.1026]
Train Iter:[579/772] CauLoss:[1.1082], AdvLoss:[0.1035]
--------------------------------------------------------------------------------------------------------------------------------------------------------------------------------------------------------
Epoch:[45/100], CauAdvLoss:[1.1073/0.1021] valid:[76.95], test:[66.66]
--------------------------------------------------------------------------------------------------------------------------------------------------------------------------------------------------------
Train Iter:[0  /772] CauLoss:[0.9989], AdvLoss:[0.0259]
Train Iter:[193/772] CauLoss:[1.0925], AdvLoss:[0.0956]
Train Iter:[386/772] CauLoss:[1.1043], AdvLoss:[0.1030]
Train Iter:[579/772] CauLoss:[1.1025], AdvLoss:[0.1007]
--------------------------------------------------------------------------------------------------------------------------------------------------------------------------------------------------------
Epoch:[46/100], CauAdvLoss:[1.1019/0.0996] valid:[77.31], test:[65.77]
--------------------------------------------------------------------------------------------------------------------------------------------------------------------------------------------------------
Train Iter:[0  /772] CauLoss:[1.0133], AdvLoss:[0.0545]
Train Iter:[193/772] CauLoss:[1.1149], AdvLoss:[0.0979]
Train Iter:[386/772] CauLoss:[1.1049], AdvLoss:[0.0969]
Train Iter:[579/772] CauLoss:[1.1019], AdvLoss:[0.0973]
--------------------------------------------------------------------------------------------------------------------------------------------------------------------------------------------------------
Epoch:[47/100], CauAdvLoss:[1.1058/0.1000] valid:[76.37], test:[66.85]
--------------------------------------------------------------------------------------------------------------------------------------------------------------------------------------------------------
Train Iter:[0  /772] CauLoss:[0.9844], AdvLoss:[0.0151]
Train Iter:[193/772] CauLoss:[1.0850], AdvLoss:[0.0864]
Train Iter:[386/772] CauLoss:[1.1094], AdvLoss:[0.0999]
Train Iter:[579/772] CauLoss:[1.1090], AdvLoss:[0.1008]
--------------------------------------------------------------------------------------------------------------------------------------------------------------------------------------------------------
Epoch:[48/100], CauAdvLoss:[1.1040/0.0988] valid:[78.40], test:[63.87]
--------------------------------------------------------------------------------------------------------------------------------------------------------------------------------------------------------
Train Iter:[0  /772] CauLoss:[1.2405], AdvLoss:[0.2290]
Train Iter:[193/772] CauLoss:[1.0920], AdvLoss:[0.0895]
Train Iter:[386/772] CauLoss:[1.1002], AdvLoss:[0.0978]
Train Iter:[579/772] CauLoss:[1.1008], AdvLoss:[0.0982]
--------------------------------------------------------------------------------------------------------------------------------------------------------------------------------------------------------
Epoch:[49/100], CauAdvLoss:[1.1020/0.0990] valid:[75.41], test:[64.95]
--------------------------------------------------------------------------------------------------------------------------------------------------------------------------------------------------------
Train Iter:[0  /772] CauLoss:[0.9869], AdvLoss:[0.0142]
Train Iter:[193/772] CauLoss:[1.0836], AdvLoss:[0.0857]
Train Iter:[386/772] CauLoss:[1.0946], AdvLoss:[0.0946]
Train Iter:[579/772] CauLoss:[1.0974], AdvLoss:[0.0960]
--------------------------------------------------------------------------------------------------------------------------------------------------------------------------------------------------------
Epoch:[50/100], CauAdvLoss:[1.1010/0.0995] valid:[78.13], test:[63.62]
--------------------------------------------------------------------------------------------------------------------------------------------------------------------------------------------------------
Train Iter:[0  /772] CauLoss:[1.2248], AdvLoss:[0.2059]
Train Iter:[193/772] CauLoss:[1.0959], AdvLoss:[0.0919]
Train Iter:[386/772] CauLoss:[1.1022], AdvLoss:[0.0972]
Train Iter:[579/772] CauLoss:[1.1004], AdvLoss:[0.0971]
--------------------------------------------------------------------------------------------------------------------------------------------------------------------------------------------------------
Epoch:[51/100], CauAdvLoss:[1.1018/0.0977] valid:[77.92], test:[67.46]
--------------------------------------------------------------------------------------------------------------------------------------------------------------------------------------------------------
Train Iter:[0  /772] CauLoss:[1.1611], AdvLoss:[0.1537]
Train Iter:[193/772] CauLoss:[1.1019], AdvLoss:[0.0995]
Train Iter:[386/772] CauLoss:[1.0999], AdvLoss:[0.0981]
Train Iter:[579/772] CauLoss:[1.0998], AdvLoss:[0.0971]
--------------------------------------------------------------------------------------------------------------------------------------------------------------------------------------------------------
Epoch:[52/100], CauAdvLoss:[1.1003/0.0970] valid:[77.26], test:[66.54]
--------------------------------------------------------------------------------------------------------------------------------------------------------------------------------------------------------
Train Iter:[0  /772] CauLoss:[1.5980], AdvLoss:[0.2942]
Train Iter:[193/772] CauLoss:[1.1048], AdvLoss:[0.0969]
Train Iter:[386/772] CauLoss:[1.0944], AdvLoss:[0.0908]
Train Iter:[579/772] CauLoss:[1.0996], AdvLoss:[0.0945]
--------------------------------------------------------------------------------------------------------------------------------------------------------------------------------------------------------
Epoch:[53/100], CauAdvLoss:[1.0993/0.0960] valid:[75.63], test:[64.43]
--------------------------------------------------------------------------------------------------------------------------------------------------------------------------------------------------------
Train Iter:[0  /772] CauLoss:[1.0858], AdvLoss:[0.1056]
Train Iter:[193/772] CauLoss:[1.0835], AdvLoss:[0.0951]
Train Iter:[386/772] CauLoss:[1.0941], AdvLoss:[0.0977]
Train Iter:[579/772] CauLoss:[1.0935], AdvLoss:[0.0959]
--------------------------------------------------------------------------------------------------------------------------------------------------------------------------------------------------------
Epoch:[54/100], CauAdvLoss:[1.0982/0.0979] valid:[78.21], test:[65.37]
--------------------------------------------------------------------------------------------------------------------------------------------------------------------------------------------------------
Train Iter:[0  /772] CauLoss:[0.9787], AdvLoss:[0.0333]
Train Iter:[193/772] CauLoss:[1.0985], AdvLoss:[0.0873]
Train Iter:[386/772] CauLoss:[1.0956], AdvLoss:[0.0899]
Train Iter:[579/772] CauLoss:[1.0995], AdvLoss:[0.0935]
--------------------------------------------------------------------------------------------------------------------------------------------------------------------------------------------------------
Epoch:[55/100], CauAdvLoss:[1.0998/0.0949] valid:[78.05], test:[61.70]
--------------------------------------------------------------------------------------------------------------------------------------------------------------------------------------------------------
Train Iter:[0  /772] CauLoss:[0.9447], AdvLoss:[0.0026]
Train Iter:[193/772] CauLoss:[1.0798], AdvLoss:[0.0916]
Train Iter:[386/772] CauLoss:[1.0953], AdvLoss:[0.1004]
Train Iter:[579/772] CauLoss:[1.0960], AdvLoss:[0.0984]
--------------------------------------------------------------------------------------------------------------------------------------------------------------------------------------------------------
Epoch:[56/100], CauAdvLoss:[1.0967/0.0982] valid:[78.87], test:[65.29]
--------------------------------------------------------------------------------------------------------------------------------------------------------------------------------------------------------
Train Iter:[0  /772] CauLoss:[1.1425], AdvLoss:[0.2525]
Train Iter:[193/772] CauLoss:[1.1046], AdvLoss:[0.1023]
Train Iter:[386/772] CauLoss:[1.0939], AdvLoss:[0.0945]
Train Iter:[579/772] CauLoss:[1.0900], AdvLoss:[0.0923]
--------------------------------------------------------------------------------------------------------------------------------------------------------------------------------------------------------
Epoch:[57/100], CauAdvLoss:[1.0970/0.0957] valid:[76.71], test:[62.31]
--------------------------------------------------------------------------------------------------------------------------------------------------------------------------------------------------------
Train Iter:[0  /772] CauLoss:[1.4057], AdvLoss:[0.2354]
Train Iter:[193/772] CauLoss:[1.0933], AdvLoss:[0.0938]
Train Iter:[386/772] CauLoss:[1.0928], AdvLoss:[0.0931]
Train Iter:[579/772] CauLoss:[1.0960], AdvLoss:[0.0953]
--------------------------------------------------------------------------------------------------------------------------------------------------------------------------------------------------------
Epoch:[58/100], CauAdvLoss:[1.0942/0.0945] valid:[76.30], test:[61.81]
--------------------------------------------------------------------------------------------------------------------------------------------------------------------------------------------------------
Train Iter:[0  /772] CauLoss:[1.0262], AdvLoss:[0.0561]
Train Iter:[193/772] CauLoss:[1.0774], AdvLoss:[0.0849]
Train Iter:[386/772] CauLoss:[1.0860], AdvLoss:[0.0895]
Train Iter:[579/772] CauLoss:[1.0914], AdvLoss:[0.0916]
--------------------------------------------------------------------------------------------------------------------------------------------------------------------------------------------------------
Epoch:[59/100], CauAdvLoss:[1.0953/0.0945] valid:[77.88], test:[67.79]
--------------------------------------------------------------------------------------------------------------------------------------------------------------------------------------------------------
Train Iter:[0  /772] CauLoss:[0.9465], AdvLoss:[0.0038]
Train Iter:[193/772] CauLoss:[1.0816], AdvLoss:[0.0890]
Train Iter:[386/772] CauLoss:[1.0873], AdvLoss:[0.0895]
Train Iter:[579/772] CauLoss:[1.0889], AdvLoss:[0.0923]
--------------------------------------------------------------------------------------------------------------------------------------------------------------------------------------------------------
Epoch:[60/100], CauAdvLoss:[1.0933/0.0951] valid:[76.19], test:[63.49]
--------------------------------------------------------------------------------------------------------------------------------------------------------------------------------------------------------
Train Iter:[0  /772] CauLoss:[1.0000], AdvLoss:[0.0528]
Train Iter:[193/772] CauLoss:[1.0819], AdvLoss:[0.0926]
Train Iter:[386/772] CauLoss:[1.0888], AdvLoss:[0.0943]
Train Iter:[579/772] CauLoss:[1.0879], AdvLoss:[0.0946]
--------------------------------------------------------------------------------------------------------------------------------------------------------------------------------------------------------
Epoch:[61/100], CauAdvLoss:[1.0922/0.0963] valid:[75.61], test:[62.84]
--------------------------------------------------------------------------------------------------------------------------------------------------------------------------------------------------------
Train Iter:[0  /772] CauLoss:[1.2413], AdvLoss:[0.1987]
Train Iter:[193/772] CauLoss:[1.0796], AdvLoss:[0.0901]
Train Iter:[386/772] CauLoss:[1.0847], AdvLoss:[0.0963]
Train Iter:[579/772] CauLoss:[1.0902], AdvLoss:[0.0974]
--------------------------------------------------------------------------------------------------------------------------------------------------------------------------------------------------------
Epoch:[62/100], CauAdvLoss:[1.0909/0.0959] valid:[75.83], test:[63.61]
--------------------------------------------------------------------------------------------------------------------------------------------------------------------------------------------------------
Train Iter:[0  /772] CauLoss:[0.9756], AdvLoss:[0.0073]
Train Iter:[193/772] CauLoss:[1.0720], AdvLoss:[0.0906]
Train Iter:[386/772] CauLoss:[1.0841], AdvLoss:[0.0915]
Train Iter:[579/772] CauLoss:[1.0879], AdvLoss:[0.0943]
--------------------------------------------------------------------------------------------------------------------------------------------------------------------------------------------------------
Epoch:[63/100], CauAdvLoss:[1.0906/0.0948] valid:[74.88], test:[62.51]
--------------------------------------------------------------------------------------------------------------------------------------------------------------------------------------------------------
Train Iter:[0  /772] CauLoss:[0.9455], AdvLoss:[0.0330]
Train Iter:[193/772] CauLoss:[1.0838], AdvLoss:[0.0935]
Train Iter:[386/772] CauLoss:[1.0874], AdvLoss:[0.0938]
Train Iter:[579/772] CauLoss:[1.0901], AdvLoss:[0.0957]
--------------------------------------------------------------------------------------------------------------------------------------------------------------------------------------------------------
Epoch:[64/100], CauAdvLoss:[1.0912/0.0973] valid:[75.82], test:[62.96]
--------------------------------------------------------------------------------------------------------------------------------------------------------------------------------------------------------
Train Iter:[0  /772] CauLoss:[0.9796], AdvLoss:[0.0111]
Train Iter:[193/772] CauLoss:[1.0918], AdvLoss:[0.0957]
Train Iter:[386/772] CauLoss:[1.0890], AdvLoss:[0.0959]
Train Iter:[579/772] CauLoss:[1.0886], AdvLoss:[0.0960]
--------------------------------------------------------------------------------------------------------------------------------------------------------------------------------------------------------
Epoch:[65/100], CauAdvLoss:[1.0834/0.0947] valid:[74.51], test:[62.16]
--------------------------------------------------------------------------------------------------------------------------------------------------------------------------------------------------------
Train Iter:[0  /772] CauLoss:[0.9499], AdvLoss:[0.0061]
Train Iter:[193/772] CauLoss:[1.0822], AdvLoss:[0.0945]
Train Iter:[386/772] CauLoss:[1.0785], AdvLoss:[0.0904]
Train Iter:[579/772] CauLoss:[1.0799], AdvLoss:[0.0909]
--------------------------------------------------------------------------------------------------------------------------------------------------------------------------------------------------------
Epoch:[66/100], CauAdvLoss:[1.0861/0.0941] valid:[75.08], test:[59.15]
--------------------------------------------------------------------------------------------------------------------------------------------------------------------------------------------------------
Train Iter:[0  /772] CauLoss:[1.1415], AdvLoss:[0.1662]
Train Iter:[193/772] CauLoss:[1.0738], AdvLoss:[0.0872]
Train Iter:[386/772] CauLoss:[1.0837], AdvLoss:[0.0903]
Train Iter:[579/772] CauLoss:[1.0848], AdvLoss:[0.0903]
--------------------------------------------------------------------------------------------------------------------------------------------------------------------------------------------------------
Epoch:[67/100], CauAdvLoss:[1.0883/0.0909] valid:[73.35], test:[54.77]
--------------------------------------------------------------------------------------------------------------------------------------------------------------------------------------------------------
Train Iter:[0  /772] CauLoss:[1.1322], AdvLoss:[0.1653]
Train Iter:[193/772] CauLoss:[1.0823], AdvLoss:[0.0921]
Train Iter:[386/772] CauLoss:[1.0848], AdvLoss:[0.0914]
Train Iter:[579/772] CauLoss:[1.0801], AdvLoss:[0.0894]
--------------------------------------------------------------------------------------------------------------------------------------------------------------------------------------------------------
Epoch:[68/100], CauAdvLoss:[1.0835/0.0911] valid:[76.10], test:[59.63]
--------------------------------------------------------------------------------------------------------------------------------------------------------------------------------------------------------
Train Iter:[0  /772] CauLoss:[1.0718], AdvLoss:[0.0928]
Train Iter:[193/772] CauLoss:[1.0883], AdvLoss:[0.0935]
Train Iter:[386/772] CauLoss:[1.0862], AdvLoss:[0.0912]
Train Iter:[579/772] CauLoss:[1.0845], AdvLoss:[0.0916]
--------------------------------------------------------------------------------------------------------------------------------------------------------------------------------------------------------
Epoch:[69/100], CauAdvLoss:[1.0847/0.0931] valid:[75.69], test:[57.95]
--------------------------------------------------------------------------------------------------------------------------------------------------------------------------------------------------------
Train Iter:[0  /772] CauLoss:[1.0984], AdvLoss:[0.0381]
Train Iter:[193/772] CauLoss:[1.0629], AdvLoss:[0.0854]
Train Iter:[386/772] CauLoss:[1.0794], AdvLoss:[0.0943]
Train Iter:[579/772] CauLoss:[1.0840], AdvLoss:[0.0959]
--------------------------------------------------------------------------------------------------------------------------------------------------------------------------------------------------------
Epoch:[70/100], CauAdvLoss:[1.0816/0.0937] valid:[77.23], test:[64.24]
--------------------------------------------------------------------------------------------------------------------------------------------------------------------------------------------------------
Train Iter:[0  /772] CauLoss:[0.9855], AdvLoss:[0.0047]
Train Iter:[193/772] CauLoss:[1.0796], AdvLoss:[0.0891]
Train Iter:[386/772] CauLoss:[1.0804], AdvLoss:[0.0910]
Train Iter:[579/772] CauLoss:[1.0773], AdvLoss:[0.0896]
--------------------------------------------------------------------------------------------------------------------------------------------------------------------------------------------------------
Epoch:[71/100], CauAdvLoss:[1.0828/0.0927] valid:[76.98], test:[57.10]
--------------------------------------------------------------------------------------------------------------------------------------------------------------------------------------------------------
Train Iter:[0  /772] CauLoss:[0.9903], AdvLoss:[0.0105]
Train Iter:[193/772] CauLoss:[1.0702], AdvLoss:[0.0887]
Train Iter:[386/772] CauLoss:[1.0785], AdvLoss:[0.0927]
Train Iter:[579/772] CauLoss:[1.0843], AdvLoss:[0.0928]
--------------------------------------------------------------------------------------------------------------------------------------------------------------------------------------------------------
Epoch:[72/100], CauAdvLoss:[1.0821/0.0915] valid:[75.32], test:[55.73]
--------------------------------------------------------------------------------------------------------------------------------------------------------------------------------------------------------
Train Iter:[0  /772] CauLoss:[0.9399], AdvLoss:[0.0059]
Train Iter:[193/772] CauLoss:[1.0805], AdvLoss:[0.0926]
Train Iter:[386/772] CauLoss:[1.0805], AdvLoss:[0.0935]
Train Iter:[579/772] CauLoss:[1.0748], AdvLoss:[0.0902]
--------------------------------------------------------------------------------------------------------------------------------------------------------------------------------------------------------
Epoch:[73/100], CauAdvLoss:[1.0809/0.0934] valid:[73.85], test:[53.77]
--------------------------------------------------------------------------------------------------------------------------------------------------------------------------------------------------------
Train Iter:[0  /772] CauLoss:[1.0535], AdvLoss:[0.0405]
Train Iter:[193/772] CauLoss:[1.0771], AdvLoss:[0.0936]
Train Iter:[386/772] CauLoss:[1.0718], AdvLoss:[0.0865]
Train Iter:[579/772] CauLoss:[1.0747], AdvLoss:[0.0880]
--------------------------------------------------------------------------------------------------------------------------------------------------------------------------------------------------------
Epoch:[74/100], CauAdvLoss:[1.0811/0.0907] valid:[77.68], test:[59.78]
--------------------------------------------------------------------------------------------------------------------------------------------------------------------------------------------------------
Train Iter:[0  /772] CauLoss:[0.9953], AdvLoss:[0.0369]
Train Iter:[193/772] CauLoss:[1.0598], AdvLoss:[0.0825]
Train Iter:[386/772] CauLoss:[1.0699], AdvLoss:[0.0874]
Train Iter:[579/772] CauLoss:[1.0795], AdvLoss:[0.0915]
--------------------------------------------------------------------------------------------------------------------------------------------------------------------------------------------------------
Epoch:[75/100], CauAdvLoss:[1.0803/0.0924] valid:[75.16], test:[59.67]
--------------------------------------------------------------------------------------------------------------------------------------------------------------------------------------------------------
Train Iter:[0  /772] CauLoss:[1.0259], AdvLoss:[0.0098]
Train Iter:[193/772] CauLoss:[1.0742], AdvLoss:[0.0871]
Train Iter:[386/772] CauLoss:[1.0804], AdvLoss:[0.0911]
Train Iter:[579/772] CauLoss:[1.0844], AdvLoss:[0.0936]
--------------------------------------------------------------------------------------------------------------------------------------------------------------------------------------------------------
Epoch:[76/100], CauAdvLoss:[1.0801/0.0922] valid:[72.93], test:[54.71]
--------------------------------------------------------------------------------------------------------------------------------------------------------------------------------------------------------
Train Iter:[0  /772] CauLoss:[1.0235], AdvLoss:[0.0452]
Train Iter:[193/772] CauLoss:[1.0751], AdvLoss:[0.0886]
Train Iter:[386/772] CauLoss:[1.0742], AdvLoss:[0.0874]
Train Iter:[579/772] CauLoss:[1.0811], AdvLoss:[0.0917]
--------------------------------------------------------------------------------------------------------------------------------------------------------------------------------------------------------
Epoch:[77/100], CauAdvLoss:[1.0811/0.0914] valid:[76.70], test:[63.15]
--------------------------------------------------------------------------------------------------------------------------------------------------------------------------------------------------------
Train Iter:[0  /772] CauLoss:[1.0706], AdvLoss:[0.0690]
Train Iter:[193/772] CauLoss:[1.0704], AdvLoss:[0.0928]
Train Iter:[386/772] CauLoss:[1.0746], AdvLoss:[0.0967]
Train Iter:[579/772] CauLoss:[1.0756], AdvLoss:[0.0962]
--------------------------------------------------------------------------------------------------------------------------------------------------------------------------------------------------------
Epoch:[78/100], CauAdvLoss:[1.0749/0.0935] valid:[75.42], test:[60.16]
--------------------------------------------------------------------------------------------------------------------------------------------------------------------------------------------------------
Train Iter:[0  /772] CauLoss:[1.0015], AdvLoss:[0.0058]
Train Iter:[193/772] CauLoss:[1.0665], AdvLoss:[0.0873]
Train Iter:[386/772] CauLoss:[1.0786], AdvLoss:[0.0940]
Train Iter:[579/772] CauLoss:[1.0759], AdvLoss:[0.0939]
--------------------------------------------------------------------------------------------------------------------------------------------------------------------------------------------------------
Epoch:[79/100], CauAdvLoss:[1.0755/0.0938] valid:[77.31], test:[64.23]
--------------------------------------------------------------------------------------------------------------------------------------------------------------------------------------------------------
Train Iter:[0  /772] CauLoss:[1.0325], AdvLoss:[0.0151]
Train Iter:[193/772] CauLoss:[1.0678], AdvLoss:[0.0826]
Train Iter:[386/772] CauLoss:[1.0756], AdvLoss:[0.0872]
Train Iter:[579/772] CauLoss:[1.0772], AdvLoss:[0.0875]
--------------------------------------------------------------------------------------------------------------------------------------------------------------------------------------------------------
Epoch:[80/100], CauAdvLoss:[1.0782/0.0882] valid:[73.45], test:[64.21]
--------------------------------------------------------------------------------------------------------------------------------------------------------------------------------------------------------
Train Iter:[0  /772] CauLoss:[0.9910], AdvLoss:[0.0817]
Train Iter:[193/772] CauLoss:[1.0813], AdvLoss:[0.0917]
Train Iter:[386/772] CauLoss:[1.0738], AdvLoss:[0.0906]
Train Iter:[579/772] CauLoss:[1.0734], AdvLoss:[0.0913]
--------------------------------------------------------------------------------------------------------------------------------------------------------------------------------------------------------
Epoch:[81/100], CauAdvLoss:[1.0747/0.0921] valid:[76.49], test:[57.45]
--------------------------------------------------------------------------------------------------------------------------------------------------------------------------------------------------------
Train Iter:[0  /772] CauLoss:[1.3665], AdvLoss:[0.2776]
Train Iter:[193/772] CauLoss:[1.0723], AdvLoss:[0.0840]
Train Iter:[386/772] CauLoss:[1.0834], AdvLoss:[0.0921]
Train Iter:[579/772] CauLoss:[1.0672], AdvLoss:[0.0851]
--------------------------------------------------------------------------------------------------------------------------------------------------------------------------------------------------------
Epoch:[82/100], CauAdvLoss:[1.0726/0.0911] valid:[73.59], test:[61.68]
--------------------------------------------------------------------------------------------------------------------------------------------------------------------------------------------------------
Train Iter:[0  /772] CauLoss:[0.9397], AdvLoss:[0.0008]
Train Iter:[193/772] CauLoss:[1.0639], AdvLoss:[0.0785]
Train Iter:[386/772] CauLoss:[1.0679], AdvLoss:[0.0836]
Train Iter:[579/772] CauLoss:[1.0662], AdvLoss:[0.0865]
--------------------------------------------------------------------------------------------------------------------------------------------------------------------------------------------------------
Epoch:[83/100], CauAdvLoss:[1.0695/0.0914] valid:[75.35], test:[59.79]
--------------------------------------------------------------------------------------------------------------------------------------------------------------------------------------------------------
Train Iter:[0  /772] CauLoss:[0.9866], AdvLoss:[0.0080]
Train Iter:[193/772] CauLoss:[1.0647], AdvLoss:[0.0938]
Train Iter:[386/772] CauLoss:[1.0631], AdvLoss:[0.0894]
Train Iter:[579/772] CauLoss:[1.0680], AdvLoss:[0.0942]
--------------------------------------------------------------------------------------------------------------------------------------------------------------------------------------------------------
Epoch:[84/100], CauAdvLoss:[1.0705/0.0941] valid:[76.90], test:[61.56]
--------------------------------------------------------------------------------------------------------------------------------------------------------------------------------------------------------
Train Iter:[0  /772] CauLoss:[0.9356], AdvLoss:[0.0012]
Train Iter:[193/772] CauLoss:[1.0641], AdvLoss:[0.0806]
Train Iter:[386/772] CauLoss:[1.0560], AdvLoss:[0.0778]
Train Iter:[579/772] CauLoss:[1.0642], AdvLoss:[0.0850]
--------------------------------------------------------------------------------------------------------------------------------------------------------------------------------------------------------
Epoch:[85/100], CauAdvLoss:[1.0689/0.0888] valid:[75.95], test:[64.19]
--------------------------------------------------------------------------------------------------------------------------------------------------------------------------------------------------------
Train Iter:[0  /772] CauLoss:[1.3258], AdvLoss:[0.1785]
Train Iter:[193/772] CauLoss:[1.0696], AdvLoss:[0.0840]
Train Iter:[386/772] CauLoss:[1.0702], AdvLoss:[0.0883]
Train Iter:[579/772] CauLoss:[1.0703], AdvLoss:[0.0870]
--------------------------------------------------------------------------------------------------------------------------------------------------------------------------------------------------------
Epoch:[86/100], CauAdvLoss:[1.0730/0.0875] valid:[75.43], test:[62.39]
--------------------------------------------------------------------------------------------------------------------------------------------------------------------------------------------------------
Train Iter:[0  /772] CauLoss:[1.0068], AdvLoss:[0.0044]
Train Iter:[193/772] CauLoss:[1.0782], AdvLoss:[0.0889]
Train Iter:[386/772] CauLoss:[1.0684], AdvLoss:[0.0847]
Train Iter:[579/772] CauLoss:[1.0709], AdvLoss:[0.0857]
--------------------------------------------------------------------------------------------------------------------------------------------------------------------------------------------------------
Epoch:[87/100], CauAdvLoss:[1.0689/0.0841] valid:[76.14], test:[63.20]
--------------------------------------------------------------------------------------------------------------------------------------------------------------------------------------------------------
Train Iter:[0  /772] CauLoss:[1.0590], AdvLoss:[0.0572]
Train Iter:[193/772] CauLoss:[1.0661], AdvLoss:[0.0872]
Train Iter:[386/772] CauLoss:[1.0670], AdvLoss:[0.0893]
Train Iter:[579/772] CauLoss:[1.0634], AdvLoss:[0.0869]
--------------------------------------------------------------------------------------------------------------------------------------------------------------------------------------------------------
Epoch:[88/100], CauAdvLoss:[1.0689/0.0890] valid:[76.08], test:[61.54]
--------------------------------------------------------------------------------------------------------------------------------------------------------------------------------------------------------
Train Iter:[0  /772] CauLoss:[1.0068], AdvLoss:[0.0401]
Train Iter:[193/772] CauLoss:[1.0742], AdvLoss:[0.0884]
Train Iter:[386/772] CauLoss:[1.0702], AdvLoss:[0.0833]
Train Iter:[579/772] CauLoss:[1.0676], AdvLoss:[0.0848]
--------------------------------------------------------------------------------------------------------------------------------------------------------------------------------------------------------
Epoch:[89/100], CauAdvLoss:[1.0701/0.0877] valid:[72.50], test:[61.13]
--------------------------------------------------------------------------------------------------------------------------------------------------------------------------------------------------------
Train Iter:[0  /772] CauLoss:[0.9761], AdvLoss:[0.0464]
Train Iter:[193/772] CauLoss:[1.0746], AdvLoss:[0.0920]
Train Iter:[386/772] CauLoss:[1.0597], AdvLoss:[0.0830]
Train Iter:[579/772] CauLoss:[1.0673], AdvLoss:[0.0873]
--------------------------------------------------------------------------------------------------------------------------------------------------------------------------------------------------------
Epoch:[90/100], CauAdvLoss:[1.0686/0.0876] valid:[73.28], test:[58.97]
--------------------------------------------------------------------------------------------------------------------------------------------------------------------------------------------------------
Train Iter:[0  /772] CauLoss:[0.9449], AdvLoss:[0.0024]
Train Iter:[193/772] CauLoss:[1.0483], AdvLoss:[0.0802]
Train Iter:[386/772] CauLoss:[1.0570], AdvLoss:[0.0836]
Train Iter:[579/772] CauLoss:[1.0625], AdvLoss:[0.0864]
--------------------------------------------------------------------------------------------------------------------------------------------------------------------------------------------------------
Epoch:[91/100], CauAdvLoss:[1.0646/0.0883] valid:[72.69], test:[60.01]
--------------------------------------------------------------------------------------------------------------------------------------------------------------------------------------------------------
Train Iter:[0  /772] CauLoss:[0.9698], AdvLoss:[0.0022]
Train Iter:[193/772] CauLoss:[1.0666], AdvLoss:[0.0845]
Train Iter:[386/772] CauLoss:[1.0628], AdvLoss:[0.0837]
Train Iter:[579/772] CauLoss:[1.0671], AdvLoss:[0.0865]
--------------------------------------------------------------------------------------------------------------------------------------------------------------------------------------------------------
Epoch:[92/100], CauAdvLoss:[1.0677/0.0864] valid:[75.13], test:[60.82]
--------------------------------------------------------------------------------------------------------------------------------------------------------------------------------------------------------
Train Iter:[0  /772] CauLoss:[0.9667], AdvLoss:[0.0280]
Train Iter:[193/772] CauLoss:[1.0512], AdvLoss:[0.0827]
Train Iter:[386/772] CauLoss:[1.0639], AdvLoss:[0.0867]
Train Iter:[579/772] CauLoss:[1.0618], AdvLoss:[0.0862]
--------------------------------------------------------------------------------------------------------------------------------------------------------------------------------------------------------
Epoch:[93/100], CauAdvLoss:[1.0653/0.0860] valid:[74.92], test:[55.12]
--------------------------------------------------------------------------------------------------------------------------------------------------------------------------------------------------------
Train Iter:[0  /772] CauLoss:[1.0241], AdvLoss:[0.0806]
Train Iter:[193/772] CauLoss:[1.0557], AdvLoss:[0.0735]
Train Iter:[386/772] CauLoss:[1.0645], AdvLoss:[0.0820]
Train Iter:[579/772] CauLoss:[1.0644], AdvLoss:[0.0805]
--------------------------------------------------------------------------------------------------------------------------------------------------------------------------------------------------------
Epoch:[94/100], CauAdvLoss:[1.0657/0.0824] valid:[72.23], test:[52.77]
--------------------------------------------------------------------------------------------------------------------------------------------------------------------------------------------------------
Train Iter:[0  /772] CauLoss:[1.1566], AdvLoss:[0.1005]
Train Iter:[193/772] CauLoss:[1.0628], AdvLoss:[0.0833]
Train Iter:[386/772] CauLoss:[1.0666], AdvLoss:[0.0868]
Train Iter:[579/772] CauLoss:[1.0614], AdvLoss:[0.0833]
--------------------------------------------------------------------------------------------------------------------------------------------------------------------------------------------------------
Epoch:[95/100], CauAdvLoss:[1.0645/0.0850] valid:[75.64], test:[59.30]
--------------------------------------------------------------------------------------------------------------------------------------------------------------------------------------------------------
Train Iter:[0  /772] CauLoss:[0.9729], AdvLoss:[0.0044]
Train Iter:[193/772] CauLoss:[1.0492], AdvLoss:[0.0825]
Train Iter:[386/772] CauLoss:[1.0513], AdvLoss:[0.0797]
Train Iter:[579/772] CauLoss:[1.0572], AdvLoss:[0.0818]
--------------------------------------------------------------------------------------------------------------------------------------------------------------------------------------------------------
Epoch:[96/100], CauAdvLoss:[1.0601/0.0828] valid:[74.68], test:[56.68]
--------------------------------------------------------------------------------------------------------------------------------------------------------------------------------------------------------
Train Iter:[0  /772] CauLoss:[0.9830], AdvLoss:[0.0064]
Train Iter:[193/772] CauLoss:[1.0656], AdvLoss:[0.0831]
Train Iter:[386/772] CauLoss:[1.0615], AdvLoss:[0.0795]
Train Iter:[579/772] CauLoss:[1.0630], AdvLoss:[0.0803]
--------------------------------------------------------------------------------------------------------------------------------------------------------------------------------------------------------
Epoch:[97/100], CauAdvLoss:[1.0620/0.0812] valid:[73.91], test:[51.06]
--------------------------------------------------------------------------------------------------------------------------------------------------------------------------------------------------------
Train Iter:[0  /772] CauLoss:[1.0044], AdvLoss:[0.0068]
Train Iter:[193/772] CauLoss:[1.0431], AdvLoss:[0.0673]
Train Iter:[386/772] CauLoss:[1.0480], AdvLoss:[0.0717]
Train Iter:[579/772] CauLoss:[1.0567], AdvLoss:[0.0797]
--------------------------------------------------------------------------------------------------------------------------------------------------------------------------------------------------------
Epoch:[98/100], CauAdvLoss:[1.0615/0.0821] valid:[73.30], test:[50.15]
--------------------------------------------------------------------------------------------------------------------------------------------------------------------------------------------------------
Train Iter:[0  /772] CauLoss:[1.0164], AdvLoss:[0.0856]
Train Iter:[193/772] CauLoss:[1.0704], AdvLoss:[0.0881]
Train Iter:[386/772] CauLoss:[1.0643], AdvLoss:[0.0842]
Train Iter:[579/772] CauLoss:[1.0619], AdvLoss:[0.0828]
--------------------------------------------------------------------------------------------------------------------------------------------------------------------------------------------------------
Epoch:[99/100], CauAdvLoss:[1.0625/0.0833] valid:[76.65], test:[58.94]
--------------------------------------------------------------------------------------------------------------------------------------------------------------------------------------------------------
Train Iter:[0  /772] CauLoss:[1.1435], AdvLoss:[0.2187]
Train Iter:[193/772] CauLoss:[1.0728], AdvLoss:[0.0871]
Train Iter:[386/772] CauLoss:[1.0637], AdvLoss:[0.0824]
Train Iter:[579/772] CauLoss:[1.0614], AdvLoss:[0.0830]
--------------------------------------------------------------------------------------------------------------------------------------------------------------------------------------------------------
Epoch:[100/100], CauAdvLoss:[1.0621/0.0816] valid:[71.72], test:[49.22]
--------------------------------------------------------------------------------------------------------------------------------------------------------------------------------------------------------
Update test:[65.29] at epoch:[56] | Total time:01:04:22
/workspace/AIA/Molhiv/GOOD/data/good_datasets/good_hiv.py:410: UserWarning: It is not recommended to directly access the internal storage format `data` of an 'InMemoryDataset'. The data of the dataset is already cached, so any modifications to `data` will not be reflected when accessing its elements. Clearing the cache now by removing all elements in `dataset._data_list`. If you are absolutely certain what you are doing, access the internal storage via `InMemoryDataset._data` instead to suppress this warning. Alternatively, you can access stacked individual attributes of every graph via `dataset.{attr_name}`.
  meta_info.num_envs = torch.unique(train_dataset.data.env_id).shape[0]
/workspace/AIA/Molhiv/GOOD/data/good_datasets/good_hiv.py:414: UserWarning: It is not recommended to directly access the internal storage format `data` of an 'InMemoryDataset'. If you are absolutely certain what you are doing, access the internal storage via `InMemoryDataset._data` instead to suppress this warning. Alternatively, you can access stacked individual attributes of every graph via `dataset.{attr_name}`.
  meta_info.num_classes = train_dataset.data.y.shape[1]
initialize network with kaiming
Train Iter:[0  /772] CauLoss:[2.5369], AdvLoss:[-23.4818]
Train Iter:[193/772] CauLoss:[1.3522], AdvLoss:[0.0352]
Train Iter:[386/772] CauLoss:[1.3188], AdvLoss:[0.1068]
Train Iter:[579/772] CauLoss:[1.2946], AdvLoss:[0.1208]
--------------------------------------------------------------------------------------------------------------------------------------------------------------------------------------------------------
Epoch:[1/100], CauAdvLoss:[1.2849/0.1302] valid:[68.31], test:[54.81]
--------------------------------------------------------------------------------------------------------------------------------------------------------------------------------------------------------
Train Iter:[0  /772] CauLoss:[1.0130], AdvLoss:[0.0255]
Train Iter:[193/772] CauLoss:[1.2358], AdvLoss:[0.1481]
Train Iter:[386/772] CauLoss:[1.2354], AdvLoss:[0.1522]
Train Iter:[579/772] CauLoss:[1.2301], AdvLoss:[0.1501]
--------------------------------------------------------------------------------------------------------------------------------------------------------------------------------------------------------
Epoch:[2/100], CauAdvLoss:[1.2409/0.1551] valid:[74.24], test:[60.09]
--------------------------------------------------------------------------------------------------------------------------------------------------------------------------------------------------------
Train Iter:[0  /772] CauLoss:[1.0126], AdvLoss:[0.0166]
Train Iter:[193/772] CauLoss:[1.2277], AdvLoss:[0.1519]
Train Iter:[386/772] CauLoss:[1.2206], AdvLoss:[0.1466]
Train Iter:[579/772] CauLoss:[1.2164], AdvLoss:[0.1440]
--------------------------------------------------------------------------------------------------------------------------------------------------------------------------------------------------------
Epoch:[3/100], CauAdvLoss:[1.2241/0.1482] valid:[76.15], test:[63.13]
--------------------------------------------------------------------------------------------------------------------------------------------------------------------------------------------------------
Train Iter:[0  /772] CauLoss:[1.3803], AdvLoss:[0.3630]
Train Iter:[193/772] CauLoss:[1.2321], AdvLoss:[0.1513]
Train Iter:[386/772] CauLoss:[1.2149], AdvLoss:[0.1423]
Train Iter:[579/772] CauLoss:[1.2128], AdvLoss:[0.1440]
--------------------------------------------------------------------------------------------------------------------------------------------------------------------------------------------------------
Epoch:[4/100], CauAdvLoss:[1.2155/0.1451] valid:[75.22], test:[58.81]
--------------------------------------------------------------------------------------------------------------------------------------------------------------------------------------------------------
Train Iter:[0  /772] CauLoss:[1.2707], AdvLoss:[0.1550]
Train Iter:[193/772] CauLoss:[1.2067], AdvLoss:[0.1379]
Train Iter:[386/772] CauLoss:[1.2061], AdvLoss:[0.1433]
Train Iter:[579/772] CauLoss:[1.2129], AdvLoss:[0.1453]
--------------------------------------------------------------------------------------------------------------------------------------------------------------------------------------------------------
Epoch:[5/100], CauAdvLoss:[1.2043/0.1408] valid:[75.05], test:[59.80]
--------------------------------------------------------------------------------------------------------------------------------------------------------------------------------------------------------
Train Iter:[0  /772] CauLoss:[1.3702], AdvLoss:[0.2388]
Train Iter:[193/772] CauLoss:[1.1937], AdvLoss:[0.1393]
Train Iter:[386/772] CauLoss:[1.2096], AdvLoss:[0.1441]
Train Iter:[579/772] CauLoss:[1.2037], AdvLoss:[0.1399]
--------------------------------------------------------------------------------------------------------------------------------------------------------------------------------------------------------
Epoch:[6/100], CauAdvLoss:[1.1989/0.1372] valid:[76.05], test:[65.66]
--------------------------------------------------------------------------------------------------------------------------------------------------------------------------------------------------------
Train Iter:[0  /772] CauLoss:[1.1994], AdvLoss:[0.1388]
Train Iter:[193/772] CauLoss:[1.1879], AdvLoss:[0.1329]
Train Iter:[386/772] CauLoss:[1.1870], AdvLoss:[0.1319]
Train Iter:[579/772] CauLoss:[1.1905], AdvLoss:[0.1343]
--------------------------------------------------------------------------------------------------------------------------------------------------------------------------------------------------------
Epoch:[7/100], CauAdvLoss:[1.1887/0.1342] valid:[76.55], test:[65.60]
--------------------------------------------------------------------------------------------------------------------------------------------------------------------------------------------------------
Train Iter:[0  /772] CauLoss:[1.2245], AdvLoss:[0.1607]
Train Iter:[193/772] CauLoss:[1.2018], AdvLoss:[0.1399]
Train Iter:[386/772] CauLoss:[1.1915], AdvLoss:[0.1355]
Train Iter:[579/772] CauLoss:[1.1807], AdvLoss:[0.1296]
--------------------------------------------------------------------------------------------------------------------------------------------------------------------------------------------------------
Epoch:[8/100], CauAdvLoss:[1.1818/0.1310] valid:[75.01], test:[66.03]
--------------------------------------------------------------------------------------------------------------------------------------------------------------------------------------------------------
Train Iter:[0  /772] CauLoss:[1.0874], AdvLoss:[0.1195]
Train Iter:[193/772] CauLoss:[1.1528], AdvLoss:[0.1181]
Train Iter:[386/772] CauLoss:[1.1657], AdvLoss:[0.1265]
Train Iter:[579/772] CauLoss:[1.1721], AdvLoss:[0.1286]
--------------------------------------------------------------------------------------------------------------------------------------------------------------------------------------------------------
Epoch:[9/100], CauAdvLoss:[1.1756/0.1304] valid:[76.74], test:[65.72]
--------------------------------------------------------------------------------------------------------------------------------------------------------------------------------------------------------
Train Iter:[0  /772] CauLoss:[1.4010], AdvLoss:[0.2211]
Train Iter:[193/772] CauLoss:[1.1633], AdvLoss:[0.1171]
Train Iter:[386/772] CauLoss:[1.1659], AdvLoss:[0.1201]
Train Iter:[579/772] CauLoss:[1.1679], AdvLoss:[0.1222]
--------------------------------------------------------------------------------------------------------------------------------------------------------------------------------------------------------
Epoch:[10/100], CauAdvLoss:[1.1699/0.1242] valid:[74.89], test:[65.23]
--------------------------------------------------------------------------------------------------------------------------------------------------------------------------------------------------------
Train Iter:[0  /772] CauLoss:[1.0126], AdvLoss:[0.0428]
Train Iter:[193/772] CauLoss:[1.1716], AdvLoss:[0.1328]
Train Iter:[386/772] CauLoss:[1.1671], AdvLoss:[0.1280]
Train Iter:[579/772] CauLoss:[1.1692], AdvLoss:[0.1270]
--------------------------------------------------------------------------------------------------------------------------------------------------------------------------------------------------------
Epoch:[11/100], CauAdvLoss:[1.1644/0.1248] valid:[73.17], test:[66.08]
--------------------------------------------------------------------------------------------------------------------------------------------------------------------------------------------------------
Train Iter:[0  /772] CauLoss:[1.6814], AdvLoss:[0.4023]
Train Iter:[193/772] CauLoss:[1.1817], AdvLoss:[0.1348]
Train Iter:[386/772] CauLoss:[1.1753], AdvLoss:[0.1300]
Train Iter:[579/772] CauLoss:[1.1640], AdvLoss:[0.1242]
--------------------------------------------------------------------------------------------------------------------------------------------------------------------------------------------------------
Epoch:[12/100], CauAdvLoss:[1.1587/0.1214] valid:[75.45], test:[64.25]
--------------------------------------------------------------------------------------------------------------------------------------------------------------------------------------------------------
Train Iter:[0  /772] CauLoss:[1.0232], AdvLoss:[0.0445]
Train Iter:[193/772] CauLoss:[1.1495], AdvLoss:[0.1159]
Train Iter:[386/772] CauLoss:[1.1551], AdvLoss:[0.1196]
Train Iter:[579/772] CauLoss:[1.1533], AdvLoss:[0.1180]
--------------------------------------------------------------------------------------------------------------------------------------------------------------------------------------------------------
Epoch:[13/100], CauAdvLoss:[1.1585/0.1208] valid:[77.71], test:[63.19]
--------------------------------------------------------------------------------------------------------------------------------------------------------------------------------------------------------
Train Iter:[0  /772] CauLoss:[1.1778], AdvLoss:[0.1658]
Train Iter:[193/772] CauLoss:[1.1728], AdvLoss:[0.1290]
Train Iter:[386/772] CauLoss:[1.1553], AdvLoss:[0.1208]
Train Iter:[579/772] CauLoss:[1.1569], AdvLoss:[0.1222]
--------------------------------------------------------------------------------------------------------------------------------------------------------------------------------------------------------
Epoch:[14/100], CauAdvLoss:[1.1497/0.1188] valid:[73.44], test:[65.77]
--------------------------------------------------------------------------------------------------------------------------------------------------------------------------------------------------------
Train Iter:[0  /772] CauLoss:[1.2643], AdvLoss:[0.2053]
Train Iter:[193/772] CauLoss:[1.1575], AdvLoss:[0.1199]
Train Iter:[386/772] CauLoss:[1.1659], AdvLoss:[0.1246]
Train Iter:[579/772] CauLoss:[1.1582], AdvLoss:[0.1210]
--------------------------------------------------------------------------------------------------------------------------------------------------------------------------------------------------------
Epoch:[15/100], CauAdvLoss:[1.1510/0.1173] valid:[74.34], test:[66.10]
--------------------------------------------------------------------------------------------------------------------------------------------------------------------------------------------------------
Train Iter:[0  /772] CauLoss:[1.0200], AdvLoss:[0.0408]
Train Iter:[193/772] CauLoss:[1.1540], AdvLoss:[0.1195]
Train Iter:[386/772] CauLoss:[1.1555], AdvLoss:[0.1188]
Train Iter:[579/772] CauLoss:[1.1562], AdvLoss:[0.1194]
--------------------------------------------------------------------------------------------------------------------------------------------------------------------------------------------------------
Epoch:[16/100], CauAdvLoss:[1.1505/0.1163] valid:[75.76], test:[64.06]
--------------------------------------------------------------------------------------------------------------------------------------------------------------------------------------------------------
Train Iter:[0  /772] CauLoss:[1.0677], AdvLoss:[0.0986]
Train Iter:[193/772] CauLoss:[1.1471], AdvLoss:[0.1130]
Train Iter:[386/772] CauLoss:[1.1457], AdvLoss:[0.1132]
Train Iter:[579/772] CauLoss:[1.1505], AdvLoss:[0.1154]
--------------------------------------------------------------------------------------------------------------------------------------------------------------------------------------------------------
Epoch:[17/100], CauAdvLoss:[1.1474/0.1143] valid:[76.06], test:[67.00]
--------------------------------------------------------------------------------------------------------------------------------------------------------------------------------------------------------
Train Iter:[0  /772] CauLoss:[0.9561], AdvLoss:[0.0187]
Train Iter:[193/772] CauLoss:[1.1483], AdvLoss:[0.1152]
Train Iter:[386/772] CauLoss:[1.1510], AdvLoss:[0.1151]
Train Iter:[579/772] CauLoss:[1.1468], AdvLoss:[0.1132]
--------------------------------------------------------------------------------------------------------------------------------------------------------------------------------------------------------
Epoch:[18/100], CauAdvLoss:[1.1423/0.1127] valid:[74.39], test:[58.87]
--------------------------------------------------------------------------------------------------------------------------------------------------------------------------------------------------------
Train Iter:[0  /772] CauLoss:[0.9779], AdvLoss:[0.0179]
Train Iter:[193/772] CauLoss:[1.1356], AdvLoss:[0.1139]
Train Iter:[386/772] CauLoss:[1.1278], AdvLoss:[0.1070]
Train Iter:[579/772] CauLoss:[1.1428], AdvLoss:[0.1154]
--------------------------------------------------------------------------------------------------------------------------------------------------------------------------------------------------------
Epoch:[19/100], CauAdvLoss:[1.1408/0.1146] valid:[73.38], test:[67.44]
--------------------------------------------------------------------------------------------------------------------------------------------------------------------------------------------------------
Train Iter:[0  /772] CauLoss:[1.0291], AdvLoss:[0.0476]
Train Iter:[193/772] CauLoss:[1.1418], AdvLoss:[0.1174]
Train Iter:[386/772] CauLoss:[1.1455], AdvLoss:[0.1184]
Train Iter:[579/772] CauLoss:[1.1407], AdvLoss:[0.1151]
--------------------------------------------------------------------------------------------------------------------------------------------------------------------------------------------------------
Epoch:[20/100], CauAdvLoss:[1.1384/0.1141] valid:[76.23], test:[64.23]
--------------------------------------------------------------------------------------------------------------------------------------------------------------------------------------------------------
Train Iter:[0  /772] CauLoss:[1.3177], AdvLoss:[0.2251]
Train Iter:[193/772] CauLoss:[1.1334], AdvLoss:[0.1133]
Train Iter:[386/772] CauLoss:[1.1370], AdvLoss:[0.1128]
Train Iter:[579/772] CauLoss:[1.1361], AdvLoss:[0.1119]
--------------------------------------------------------------------------------------------------------------------------------------------------------------------------------------------------------
Epoch:[21/100], CauAdvLoss:[1.1376/0.1124] valid:[74.58], test:[68.16]
--------------------------------------------------------------------------------------------------------------------------------------------------------------------------------------------------------
Train Iter:[0  /772] CauLoss:[1.4848], AdvLoss:[0.3153]
Train Iter:[193/772] CauLoss:[1.1480], AdvLoss:[0.1164]
Train Iter:[386/772] CauLoss:[1.1352], AdvLoss:[0.1113]
Train Iter:[579/772] CauLoss:[1.1323], AdvLoss:[0.1100]
--------------------------------------------------------------------------------------------------------------------------------------------------------------------------------------------------------
Epoch:[22/100], CauAdvLoss:[1.1351/0.1111] valid:[75.82], test:[66.19]
--------------------------------------------------------------------------------------------------------------------------------------------------------------------------------------------------------
Train Iter:[0  /772] CauLoss:[1.2112], AdvLoss:[0.1232]
Train Iter:[193/772] CauLoss:[1.1223], AdvLoss:[0.1042]
Train Iter:[386/772] CauLoss:[1.1304], AdvLoss:[0.1069]
Train Iter:[579/772] CauLoss:[1.1329], AdvLoss:[0.1094]
--------------------------------------------------------------------------------------------------------------------------------------------------------------------------------------------------------
Epoch:[23/100], CauAdvLoss:[1.1346/0.1111] valid:[75.95], test:[65.73]
--------------------------------------------------------------------------------------------------------------------------------------------------------------------------------------------------------
Train Iter:[0  /772] CauLoss:[0.9802], AdvLoss:[0.0105]
Train Iter:[193/772] CauLoss:[1.1416], AdvLoss:[0.1107]
Train Iter:[386/772] CauLoss:[1.1429], AdvLoss:[0.1130]
Train Iter:[579/772] CauLoss:[1.1393], AdvLoss:[0.1115]
--------------------------------------------------------------------------------------------------------------------------------------------------------------------------------------------------------
Epoch:[24/100], CauAdvLoss:[1.1335/0.1089] valid:[76.24], test:[68.46]
--------------------------------------------------------------------------------------------------------------------------------------------------------------------------------------------------------
Train Iter:[0  /772] CauLoss:[1.2123], AdvLoss:[0.1502]
Train Iter:[193/772] CauLoss:[1.1223], AdvLoss:[0.1048]
Train Iter:[386/772] CauLoss:[1.1298], AdvLoss:[0.1078]
Train Iter:[579/772] CauLoss:[1.1327], AdvLoss:[0.1082]
--------------------------------------------------------------------------------------------------------------------------------------------------------------------------------------------------------
Epoch:[25/100], CauAdvLoss:[1.1319/0.1086] valid:[73.57], test:[66.26]
--------------------------------------------------------------------------------------------------------------------------------------------------------------------------------------------------------
Train Iter:[0  /772] CauLoss:[0.9839], AdvLoss:[0.0353]
Train Iter:[193/772] CauLoss:[1.1440], AdvLoss:[0.1129]
Train Iter:[386/772] CauLoss:[1.1302], AdvLoss:[0.1079]
Train Iter:[579/772] CauLoss:[1.1272], AdvLoss:[0.1074]
--------------------------------------------------------------------------------------------------------------------------------------------------------------------------------------------------------
Epoch:[26/100], CauAdvLoss:[1.1271/0.1064] valid:[74.39], test:[58.46]
--------------------------------------------------------------------------------------------------------------------------------------------------------------------------------------------------------
Train Iter:[0  /772] CauLoss:[1.0279], AdvLoss:[0.0098]
Train Iter:[193/772] CauLoss:[1.1277], AdvLoss:[0.1048]
Train Iter:[386/772] CauLoss:[1.1283], AdvLoss:[0.1068]
Train Iter:[579/772] CauLoss:[1.1269], AdvLoss:[0.1075]
--------------------------------------------------------------------------------------------------------------------------------------------------------------------------------------------------------
Epoch:[27/100], CauAdvLoss:[1.1258/0.1061] valid:[75.02], test:[62.04]
--------------------------------------------------------------------------------------------------------------------------------------------------------------------------------------------------------
Train Iter:[0  /772] CauLoss:[1.0601], AdvLoss:[0.0564]
Train Iter:[193/772] CauLoss:[1.1297], AdvLoss:[0.1067]
Train Iter:[386/772] CauLoss:[1.1291], AdvLoss:[0.1058]
Train Iter:[579/772] CauLoss:[1.1282], AdvLoss:[0.1061]
--------------------------------------------------------------------------------------------------------------------------------------------------------------------------------------------------------
Epoch:[28/100], CauAdvLoss:[1.1263/0.1062] valid:[75.43], test:[64.41]
--------------------------------------------------------------------------------------------------------------------------------------------------------------------------------------------------------
Train Iter:[0  /772] CauLoss:[1.2979], AdvLoss:[0.2464]
Train Iter:[193/772] CauLoss:[1.1258], AdvLoss:[0.1069]
Train Iter:[386/772] CauLoss:[1.1346], AdvLoss:[0.1138]
Train Iter:[579/772] CauLoss:[1.1284], AdvLoss:[0.1094]
--------------------------------------------------------------------------------------------------------------------------------------------------------------------------------------------------------
Epoch:[29/100], CauAdvLoss:[1.1232/0.1076] valid:[77.03], test:[65.13]
--------------------------------------------------------------------------------------------------------------------------------------------------------------------------------------------------------
Train Iter:[0  /772] CauLoss:[0.9562], AdvLoss:[0.0066]
Train Iter:[193/772] CauLoss:[1.1176], AdvLoss:[0.1040]
Train Iter:[386/772] CauLoss:[1.1213], AdvLoss:[0.1057]
Train Iter:[579/772] CauLoss:[1.1175], AdvLoss:[0.1025]
--------------------------------------------------------------------------------------------------------------------------------------------------------------------------------------------------------
Epoch:[30/100], CauAdvLoss:[1.1237/0.1051] valid:[75.29], test:[63.89]
--------------------------------------------------------------------------------------------------------------------------------------------------------------------------------------------------------
Train Iter:[0  /772] CauLoss:[1.1129], AdvLoss:[0.0988]
Train Iter:[193/772] CauLoss:[1.1330], AdvLoss:[0.1088]
Train Iter:[386/772] CauLoss:[1.1273], AdvLoss:[0.1063]
Train Iter:[579/772] CauLoss:[1.1245], AdvLoss:[0.1047]
--------------------------------------------------------------------------------------------------------------------------------------------------------------------------------------------------------
Epoch:[31/100], CauAdvLoss:[1.1219/0.1037] valid:[75.45], test:[63.45]
--------------------------------------------------------------------------------------------------------------------------------------------------------------------------------------------------------
Train Iter:[0  /772] CauLoss:[1.0402], AdvLoss:[0.0505]
Train Iter:[193/772] CauLoss:[1.0997], AdvLoss:[0.0950]
Train Iter:[386/772] CauLoss:[1.1099], AdvLoss:[0.0987]
Train Iter:[579/772] CauLoss:[1.1185], AdvLoss:[0.1011]
--------------------------------------------------------------------------------------------------------------------------------------------------------------------------------------------------------
Epoch:[32/100], CauAdvLoss:[1.1205/0.1027] valid:[76.22], test:[65.08]
--------------------------------------------------------------------------------------------------------------------------------------------------------------------------------------------------------
Train Iter:[0  /772] CauLoss:[1.0044], AdvLoss:[0.0284]
Train Iter:[193/772] CauLoss:[1.1263], AdvLoss:[0.1044]
Train Iter:[386/772] CauLoss:[1.1184], AdvLoss:[0.1028]
Train Iter:[579/772] CauLoss:[1.1241], AdvLoss:[0.1054]
--------------------------------------------------------------------------------------------------------------------------------------------------------------------------------------------------------
Epoch:[33/100], CauAdvLoss:[1.1201/0.1033] valid:[75.53], test:[63.44]
--------------------------------------------------------------------------------------------------------------------------------------------------------------------------------------------------------
Train Iter:[0  /772] CauLoss:[0.9897], AdvLoss:[0.0539]
Train Iter:[193/772] CauLoss:[1.1236], AdvLoss:[0.1043]
Train Iter:[386/772] CauLoss:[1.1070], AdvLoss:[0.0975]
Train Iter:[579/772] CauLoss:[1.1216], AdvLoss:[0.1051]
--------------------------------------------------------------------------------------------------------------------------------------------------------------------------------------------------------
Epoch:[34/100], CauAdvLoss:[1.1169/0.1028] valid:[76.58], test:[64.15]
--------------------------------------------------------------------------------------------------------------------------------------------------------------------------------------------------------
Train Iter:[0  /772] CauLoss:[0.9546], AdvLoss:[0.0085]
Train Iter:[193/772] CauLoss:[1.1042], AdvLoss:[0.0962]
Train Iter:[386/772] CauLoss:[1.1124], AdvLoss:[0.1012]
Train Iter:[579/772] CauLoss:[1.1111], AdvLoss:[0.0999]
--------------------------------------------------------------------------------------------------------------------------------------------------------------------------------------------------------
Epoch:[35/100], CauAdvLoss:[1.1162/0.1025] valid:[75.50], test:[65.11]
--------------------------------------------------------------------------------------------------------------------------------------------------------------------------------------------------------
Train Iter:[0  /772] CauLoss:[0.9413], AdvLoss:[0.0279]
Train Iter:[193/772] CauLoss:[1.1163], AdvLoss:[0.1040]
Train Iter:[386/772] CauLoss:[1.1245], AdvLoss:[0.1065]
Train Iter:[579/772] CauLoss:[1.1232], AdvLoss:[0.1055]
--------------------------------------------------------------------------------------------------------------------------------------------------------------------------------------------------------
Epoch:[36/100], CauAdvLoss:[1.1160/0.1024] valid:[75.68], test:[64.42]
--------------------------------------------------------------------------------------------------------------------------------------------------------------------------------------------------------
Train Iter:[0  /772] CauLoss:[1.0024], AdvLoss:[0.0604]
Train Iter:[193/772] CauLoss:[1.1165], AdvLoss:[0.1047]
Train Iter:[386/772] CauLoss:[1.1203], AdvLoss:[0.1051]
Train Iter:[579/772] CauLoss:[1.1132], AdvLoss:[0.1019]
--------------------------------------------------------------------------------------------------------------------------------------------------------------------------------------------------------
Epoch:[37/100], CauAdvLoss:[1.1157/0.1032] valid:[75.11], test:[62.36]
--------------------------------------------------------------------------------------------------------------------------------------------------------------------------------------------------------
Train Iter:[0  /772] CauLoss:[0.9667], AdvLoss:[0.0112]
Train Iter:[193/772] CauLoss:[1.1164], AdvLoss:[0.1001]
Train Iter:[386/772] CauLoss:[1.1092], AdvLoss:[0.0952]
Train Iter:[579/772] CauLoss:[1.1100], AdvLoss:[0.0975]
--------------------------------------------------------------------------------------------------------------------------------------------------------------------------------------------------------
Epoch:[38/100], CauAdvLoss:[1.1144/0.0999] valid:[75.34], test:[63.10]
--------------------------------------------------------------------------------------------------------------------------------------------------------------------------------------------------------
Train Iter:[0  /772] CauLoss:[0.9882], AdvLoss:[0.0304]
Train Iter:[193/772] CauLoss:[1.1274], AdvLoss:[0.1105]
Train Iter:[386/772] CauLoss:[1.1138], AdvLoss:[0.1039]
Train Iter:[579/772] CauLoss:[1.1121], AdvLoss:[0.1017]
--------------------------------------------------------------------------------------------------------------------------------------------------------------------------------------------------------
Epoch:[39/100], CauAdvLoss:[1.1106/0.1003] valid:[76.75], test:[63.90]
--------------------------------------------------------------------------------------------------------------------------------------------------------------------------------------------------------
Train Iter:[0  /772] CauLoss:[1.7529], AdvLoss:[0.4253]
Train Iter:[193/772] CauLoss:[1.1260], AdvLoss:[0.1054]
Train Iter:[386/772] CauLoss:[1.1118], AdvLoss:[0.0987]
Train Iter:[579/772] CauLoss:[1.1061], AdvLoss:[0.0969]
--------------------------------------------------------------------------------------------------------------------------------------------------------------------------------------------------------
Epoch:[40/100], CauAdvLoss:[1.1125/0.1003] valid:[75.16], test:[64.23]
--------------------------------------------------------------------------------------------------------------------------------------------------------------------------------------------------------
Train Iter:[0  /772] CauLoss:[1.0751], AdvLoss:[0.0630]
Train Iter:[193/772] CauLoss:[1.0885], AdvLoss:[0.0866]
Train Iter:[386/772] CauLoss:[1.1009], AdvLoss:[0.0938]
Train Iter:[579/772] CauLoss:[1.1037], AdvLoss:[0.0967]
--------------------------------------------------------------------------------------------------------------------------------------------------------------------------------------------------------
Epoch:[41/100], CauAdvLoss:[1.1090/0.1002] valid:[75.36], test:[62.35]
--------------------------------------------------------------------------------------------------------------------------------------------------------------------------------------------------------
Train Iter:[0  /772] CauLoss:[1.1693], AdvLoss:[0.1282]
Train Iter:[193/772] CauLoss:[1.1119], AdvLoss:[0.1024]
Train Iter:[386/772] CauLoss:[1.1081], AdvLoss:[0.0989]
Train Iter:[579/772] CauLoss:[1.1055], AdvLoss:[0.0983]
--------------------------------------------------------------------------------------------------------------------------------------------------------------------------------------------------------
Epoch:[42/100], CauAdvLoss:[1.1086/0.0995] valid:[76.66], test:[65.22]
--------------------------------------------------------------------------------------------------------------------------------------------------------------------------------------------------------
Train Iter:[0  /772] CauLoss:[0.9761], AdvLoss:[0.0245]
Train Iter:[193/772] CauLoss:[1.0969], AdvLoss:[0.0944]
Train Iter:[386/772] CauLoss:[1.1065], AdvLoss:[0.0984]
Train Iter:[579/772] CauLoss:[1.1034], AdvLoss:[0.0977]
--------------------------------------------------------------------------------------------------------------------------------------------------------------------------------------------------------
Epoch:[43/100], CauAdvLoss:[1.1054/0.0989] valid:[75.34], test:[63.66]
--------------------------------------------------------------------------------------------------------------------------------------------------------------------------------------------------------
Train Iter:[0  /772] CauLoss:[1.2501], AdvLoss:[0.1778]
Train Iter:[193/772] CauLoss:[1.1071], AdvLoss:[0.0983]
Train Iter:[386/772] CauLoss:[1.0997], AdvLoss:[0.0940]
Train Iter:[579/772] CauLoss:[1.0992], AdvLoss:[0.0948]
--------------------------------------------------------------------------------------------------------------------------------------------------------------------------------------------------------
Epoch:[44/100], CauAdvLoss:[1.1039/0.0969] valid:[76.28], test:[62.03]
--------------------------------------------------------------------------------------------------------------------------------------------------------------------------------------------------------
Train Iter:[0  /772] CauLoss:[0.9704], AdvLoss:[0.0184]
Train Iter:[193/772] CauLoss:[1.0979], AdvLoss:[0.0923]
Train Iter:[386/772] CauLoss:[1.1006], AdvLoss:[0.0951]
Train Iter:[579/772] CauLoss:[1.1021], AdvLoss:[0.0965]
--------------------------------------------------------------------------------------------------------------------------------------------------------------------------------------------------------
Epoch:[45/100], CauAdvLoss:[1.1030/0.0978] valid:[72.56], test:[62.03]
--------------------------------------------------------------------------------------------------------------------------------------------------------------------------------------------------------
Train Iter:[0  /772] CauLoss:[1.2870], AdvLoss:[0.2411]
Train Iter:[193/772] CauLoss:[1.1051], AdvLoss:[0.0965]
Train Iter:[386/772] CauLoss:[1.1020], AdvLoss:[0.0980]
Train Iter:[579/772] CauLoss:[1.1069], AdvLoss:[0.1011]
--------------------------------------------------------------------------------------------------------------------------------------------------------------------------------------------------------
Epoch:[46/100], CauAdvLoss:[1.1047/0.0986] valid:[76.52], test:[64.91]
--------------------------------------------------------------------------------------------------------------------------------------------------------------------------------------------------------
Train Iter:[0  /772] CauLoss:[1.0213], AdvLoss:[0.0349]
Train Iter:[193/772] CauLoss:[1.1157], AdvLoss:[0.1029]
Train Iter:[386/772] CauLoss:[1.1106], AdvLoss:[0.1012]
Train Iter:[579/772] CauLoss:[1.1052], AdvLoss:[0.0982]
--------------------------------------------------------------------------------------------------------------------------------------------------------------------------------------------------------
Epoch:[47/100], CauAdvLoss:[1.1032/0.0965] valid:[75.52], test:[64.92]
--------------------------------------------------------------------------------------------------------------------------------------------------------------------------------------------------------
Train Iter:[0  /772] CauLoss:[1.1713], AdvLoss:[0.1228]
Train Iter:[193/772] CauLoss:[1.1023], AdvLoss:[0.0970]
Train Iter:[386/772] CauLoss:[1.0954], AdvLoss:[0.0929]
Train Iter:[579/772] CauLoss:[1.1037], AdvLoss:[0.0960]
--------------------------------------------------------------------------------------------------------------------------------------------------------------------------------------------------------
Epoch:[48/100], CauAdvLoss:[1.1024/0.0942] valid:[75.95], test:[66.44]
--------------------------------------------------------------------------------------------------------------------------------------------------------------------------------------------------------
Train Iter:[0  /772] CauLoss:[0.9617], AdvLoss:[0.0082]
Train Iter:[193/772] CauLoss:[1.0843], AdvLoss:[0.0831]
Train Iter:[386/772] CauLoss:[1.0960], AdvLoss:[0.0901]
Train Iter:[579/772] CauLoss:[1.0982], AdvLoss:[0.0926]
--------------------------------------------------------------------------------------------------------------------------------------------------------------------------------------------------------
Epoch:[49/100], CauAdvLoss:[1.1012/0.0943] valid:[75.57], test:[62.38]
--------------------------------------------------------------------------------------------------------------------------------------------------------------------------------------------------------
Train Iter:[0  /772] CauLoss:[1.3195], AdvLoss:[0.1890]
Train Iter:[193/772] CauLoss:[1.0985], AdvLoss:[0.0920]
Train Iter:[386/772] CauLoss:[1.0984], AdvLoss:[0.0926]
Train Iter:[579/772] CauLoss:[1.1034], AdvLoss:[0.0975]
--------------------------------------------------------------------------------------------------------------------------------------------------------------------------------------------------------
Epoch:[50/100], CauAdvLoss:[1.0992/0.0949] valid:[75.34], test:[61.46]
--------------------------------------------------------------------------------------------------------------------------------------------------------------------------------------------------------
Train Iter:[0  /772] CauLoss:[1.1809], AdvLoss:[0.1679]
Train Iter:[193/772] CauLoss:[1.0920], AdvLoss:[0.0899]
Train Iter:[386/772] CauLoss:[1.0925], AdvLoss:[0.0919]
Train Iter:[579/772] CauLoss:[1.0940], AdvLoss:[0.0918]
--------------------------------------------------------------------------------------------------------------------------------------------------------------------------------------------------------
Epoch:[51/100], CauAdvLoss:[1.0971/0.0929] valid:[75.83], test:[64.30]
--------------------------------------------------------------------------------------------------------------------------------------------------------------------------------------------------------
Train Iter:[0  /772] CauLoss:[1.4094], AdvLoss:[0.3024]
Train Iter:[193/772] CauLoss:[1.0912], AdvLoss:[0.0879]
Train Iter:[386/772] CauLoss:[1.0899], AdvLoss:[0.0878]
Train Iter:[579/772] CauLoss:[1.0917], AdvLoss:[0.0891]
--------------------------------------------------------------------------------------------------------------------------------------------------------------------------------------------------------
Epoch:[52/100], CauAdvLoss:[1.0991/0.0925] valid:[75.17], test:[61.24]
--------------------------------------------------------------------------------------------------------------------------------------------------------------------------------------------------------
Train Iter:[0  /772] CauLoss:[1.1836], AdvLoss:[0.0776]
Train Iter:[193/772] CauLoss:[1.0835], AdvLoss:[0.0811]
Train Iter:[386/772] CauLoss:[1.0870], AdvLoss:[0.0858]
Train Iter:[579/772] CauLoss:[1.0984], AdvLoss:[0.0916]
--------------------------------------------------------------------------------------------------------------------------------------------------------------------------------------------------------
Epoch:[53/100], CauAdvLoss:[1.0954/0.0898] valid:[75.98], test:[61.10]
--------------------------------------------------------------------------------------------------------------------------------------------------------------------------------------------------------
Train Iter:[0  /772] CauLoss:[1.3023], AdvLoss:[0.2015]
Train Iter:[193/772] CauLoss:[1.0822], AdvLoss:[0.0842]
Train Iter:[386/772] CauLoss:[1.0904], AdvLoss:[0.0879]
Train Iter:[579/772] CauLoss:[1.0998], AdvLoss:[0.0923]
--------------------------------------------------------------------------------------------------------------------------------------------------------------------------------------------------------
Epoch:[54/100], CauAdvLoss:[1.0976/0.0913] valid:[75.61], test:[65.48]
--------------------------------------------------------------------------------------------------------------------------------------------------------------------------------------------------------
Train Iter:[0  /772] CauLoss:[0.9673], AdvLoss:[0.0162]
Train Iter:[193/772] CauLoss:[1.0877], AdvLoss:[0.0849]
Train Iter:[386/772] CauLoss:[1.0920], AdvLoss:[0.0896]
Train Iter:[579/772] CauLoss:[1.0942], AdvLoss:[0.0895]
--------------------------------------------------------------------------------------------------------------------------------------------------------------------------------------------------------
Epoch:[55/100], CauAdvLoss:[1.0950/0.0902] valid:[74.20], test:[64.57]
--------------------------------------------------------------------------------------------------------------------------------------------------------------------------------------------------------
Train Iter:[0  /772] CauLoss:[0.9864], AdvLoss:[0.0148]
Train Iter:[193/772] CauLoss:[1.0926], AdvLoss:[0.0931]
Train Iter:[386/772] CauLoss:[1.0878], AdvLoss:[0.0900]
Train Iter:[579/772] CauLoss:[1.0921], AdvLoss:[0.0915]
--------------------------------------------------------------------------------------------------------------------------------------------------------------------------------------------------------
Epoch:[56/100], CauAdvLoss:[1.0926/0.0918] valid:[75.49], test:[62.08]
--------------------------------------------------------------------------------------------------------------------------------------------------------------------------------------------------------
Train Iter:[0  /772] CauLoss:[0.9752], AdvLoss:[0.0246]
Train Iter:[193/772] CauLoss:[1.0752], AdvLoss:[0.0851]
Train Iter:[386/772] CauLoss:[1.0857], AdvLoss:[0.0904]
Train Iter:[579/772] CauLoss:[1.0884], AdvLoss:[0.0914]
--------------------------------------------------------------------------------------------------------------------------------------------------------------------------------------------------------
Epoch:[57/100], CauAdvLoss:[1.0915/0.0928] valid:[73.70], test:[61.47]
--------------------------------------------------------------------------------------------------------------------------------------------------------------------------------------------------------
Train Iter:[0  /772] CauLoss:[0.9658], AdvLoss:[0.0244]
Train Iter:[193/772] CauLoss:[1.0917], AdvLoss:[0.0911]
Train Iter:[386/772] CauLoss:[1.0879], AdvLoss:[0.0915]
Train Iter:[579/772] CauLoss:[1.0918], AdvLoss:[0.0922]
--------------------------------------------------------------------------------------------------------------------------------------------------------------------------------------------------------
Epoch:[58/100], CauAdvLoss:[1.0900/0.0911] valid:[76.12], test:[63.71]
--------------------------------------------------------------------------------------------------------------------------------------------------------------------------------------------------------
Train Iter:[0  /772] CauLoss:[0.9370], AdvLoss:[0.0060]
Train Iter:[193/772] CauLoss:[1.0920], AdvLoss:[0.0869]
Train Iter:[386/772] CauLoss:[1.0853], AdvLoss:[0.0841]
Train Iter:[579/772] CauLoss:[1.0895], AdvLoss:[0.0871]
--------------------------------------------------------------------------------------------------------------------------------------------------------------------------------------------------------
Epoch:[59/100], CauAdvLoss:[1.0901/0.0883] valid:[75.77], test:[62.94]
--------------------------------------------------------------------------------------------------------------------------------------------------------------------------------------------------------
Train Iter:[0  /772] CauLoss:[0.9583], AdvLoss:[0.0109]
Train Iter:[193/772] CauLoss:[1.0868], AdvLoss:[0.0925]
Train Iter:[386/772] CauLoss:[1.0876], AdvLoss:[0.0895]
Train Iter:[579/772] CauLoss:[1.0822], AdvLoss:[0.0865]
--------------------------------------------------------------------------------------------------------------------------------------------------------------------------------------------------------
Epoch:[60/100], CauAdvLoss:[1.0885/0.0894] valid:[76.94], test:[62.47]
--------------------------------------------------------------------------------------------------------------------------------------------------------------------------------------------------------
Train Iter:[0  /772] CauLoss:[1.0954], AdvLoss:[0.0909]
Train Iter:[193/772] CauLoss:[1.0749], AdvLoss:[0.0789]
Train Iter:[386/772] CauLoss:[1.0787], AdvLoss:[0.0799]
Train Iter:[579/772] CauLoss:[1.0886], AdvLoss:[0.0871]
--------------------------------------------------------------------------------------------------------------------------------------------------------------------------------------------------------
Epoch:[61/100], CauAdvLoss:[1.0918/0.0892] valid:[75.63], test:[62.26]
--------------------------------------------------------------------------------------------------------------------------------------------------------------------------------------------------------
Train Iter:[0  /772] CauLoss:[1.2740], AdvLoss:[0.1744]
Train Iter:[193/772] CauLoss:[1.0862], AdvLoss:[0.0879]
Train Iter:[386/772] CauLoss:[1.0789], AdvLoss:[0.0848]
Train Iter:[579/772] CauLoss:[1.0862], AdvLoss:[0.0889]
--------------------------------------------------------------------------------------------------------------------------------------------------------------------------------------------------------
Epoch:[62/100], CauAdvLoss:[1.0843/0.0885] valid:[74.07], test:[60.61]
--------------------------------------------------------------------------------------------------------------------------------------------------------------------------------------------------------
Train Iter:[0  /772] CauLoss:[1.1158], AdvLoss:[0.1223]
Train Iter:[193/772] CauLoss:[1.0802], AdvLoss:[0.0838]
Train Iter:[386/772] CauLoss:[1.0791], AdvLoss:[0.0854]
Train Iter:[579/772] CauLoss:[1.0793], AdvLoss:[0.0861]
--------------------------------------------------------------------------------------------------------------------------------------------------------------------------------------------------------
Epoch:[63/100], CauAdvLoss:[1.0832/0.0890] valid:[73.44], test:[60.26]
--------------------------------------------------------------------------------------------------------------------------------------------------------------------------------------------------------
Train Iter:[0  /772] CauLoss:[1.2140], AdvLoss:[0.1080]
Train Iter:[193/772] CauLoss:[1.0703], AdvLoss:[0.0836]
Train Iter:[386/772] CauLoss:[1.0822], AdvLoss:[0.0874]
Train Iter:[579/772] CauLoss:[1.0868], AdvLoss:[0.0885]
--------------------------------------------------------------------------------------------------------------------------------------------------------------------------------------------------------
Epoch:[64/100], CauAdvLoss:[1.0880/0.0904] valid:[74.41], test:[61.73]
--------------------------------------------------------------------------------------------------------------------------------------------------------------------------------------------------------
Train Iter:[0  /772] CauLoss:[0.9573], AdvLoss:[0.0089]
Train Iter:[193/772] CauLoss:[1.0707], AdvLoss:[0.0779]
Train Iter:[386/772] CauLoss:[1.0748], AdvLoss:[0.0807]
Train Iter:[579/772] CauLoss:[1.0792], AdvLoss:[0.0834]
--------------------------------------------------------------------------------------------------------------------------------------------------------------------------------------------------------
Epoch:[65/100], CauAdvLoss:[1.0822/0.0860] valid:[75.14], test:[62.08]
--------------------------------------------------------------------------------------------------------------------------------------------------------------------------------------------------------
Train Iter:[0  /772] CauLoss:[1.0008], AdvLoss:[0.0172]
Train Iter:[193/772] CauLoss:[1.0796], AdvLoss:[0.0841]
Train Iter:[386/772] CauLoss:[1.0818], AdvLoss:[0.0863]
Train Iter:[579/772] CauLoss:[1.0814], AdvLoss:[0.0863]
--------------------------------------------------------------------------------------------------------------------------------------------------------------------------------------------------------
Epoch:[66/100], CauAdvLoss:[1.0845/0.0864] valid:[75.29], test:[62.18]
--------------------------------------------------------------------------------------------------------------------------------------------------------------------------------------------------------
Train Iter:[0  /772] CauLoss:[1.0219], AdvLoss:[0.0368]
Train Iter:[193/772] CauLoss:[1.0753], AdvLoss:[0.0841]
Train Iter:[386/772] CauLoss:[1.0720], AdvLoss:[0.0836]
Train Iter:[579/772] CauLoss:[1.0777], AdvLoss:[0.0853]
--------------------------------------------------------------------------------------------------------------------------------------------------------------------------------------------------------
Epoch:[67/100], CauAdvLoss:[1.0822/0.0862] valid:[76.21], test:[63.90]
--------------------------------------------------------------------------------------------------------------------------------------------------------------------------------------------------------
Train Iter:[0  /772] CauLoss:[0.9761], AdvLoss:[0.0393]
Train Iter:[193/772] CauLoss:[1.0865], AdvLoss:[0.0847]
Train Iter:[386/772] CauLoss:[1.0874], AdvLoss:[0.0862]
Train Iter:[579/772] CauLoss:[1.0834], AdvLoss:[0.0837]
--------------------------------------------------------------------------------------------------------------------------------------------------------------------------------------------------------
Epoch:[68/100], CauAdvLoss:[1.0833/0.0833] valid:[75.20], test:[59.54]
--------------------------------------------------------------------------------------------------------------------------------------------------------------------------------------------------------
Train Iter:[0  /772] CauLoss:[0.9399], AdvLoss:[0.0028]
Train Iter:[193/772] CauLoss:[1.0847], AdvLoss:[0.0841]
Train Iter:[386/772] CauLoss:[1.0787], AdvLoss:[0.0812]
Train Iter:[579/772] CauLoss:[1.0862], AdvLoss:[0.0849]
--------------------------------------------------------------------------------------------------------------------------------------------------------------------------------------------------------
Epoch:[69/100], CauAdvLoss:[1.0860/0.0849] valid:[74.00], test:[63.68]
--------------------------------------------------------------------------------------------------------------------------------------------------------------------------------------------------------
Train Iter:[0  /772] CauLoss:[0.9357], AdvLoss:[0.0177]
Train Iter:[193/772] CauLoss:[1.0712], AdvLoss:[0.0804]
Train Iter:[386/772] CauLoss:[1.0779], AdvLoss:[0.0820]
Train Iter:[579/772] CauLoss:[1.0831], AdvLoss:[0.0843]
--------------------------------------------------------------------------------------------------------------------------------------------------------------------------------------------------------
Epoch:[70/100], CauAdvLoss:[1.0814/0.0845] valid:[75.11], test:[61.76]
--------------------------------------------------------------------------------------------------------------------------------------------------------------------------------------------------------
Train Iter:[0  /772] CauLoss:[1.0368], AdvLoss:[0.0556]
Train Iter:[193/772] CauLoss:[1.0762], AdvLoss:[0.0824]
Train Iter:[386/772] CauLoss:[1.0737], AdvLoss:[0.0839]
Train Iter:[579/772] CauLoss:[1.0768], AdvLoss:[0.0841]
--------------------------------------------------------------------------------------------------------------------------------------------------------------------------------------------------------
Epoch:[71/100], CauAdvLoss:[1.0788/0.0853] valid:[74.10], test:[65.93]
--------------------------------------------------------------------------------------------------------------------------------------------------------------------------------------------------------
Train Iter:[0  /772] CauLoss:[1.0508], AdvLoss:[0.0492]
Train Iter:[193/772] CauLoss:[1.0729], AdvLoss:[0.0839]
Train Iter:[386/772] CauLoss:[1.0760], AdvLoss:[0.0843]
Train Iter:[579/772] CauLoss:[1.0782], AdvLoss:[0.0859]
--------------------------------------------------------------------------------------------------------------------------------------------------------------------------------------------------------
Epoch:[72/100], CauAdvLoss:[1.0815/0.0869] valid:[72.94], test:[61.51]
--------------------------------------------------------------------------------------------------------------------------------------------------------------------------------------------------------
Train Iter:[0  /772] CauLoss:[1.0806], AdvLoss:[0.0748]
Train Iter:[193/772] CauLoss:[1.0664], AdvLoss:[0.0813]
Train Iter:[386/772] CauLoss:[1.0656], AdvLoss:[0.0811]
Train Iter:[579/772] CauLoss:[1.0746], AdvLoss:[0.0848]
--------------------------------------------------------------------------------------------------------------------------------------------------------------------------------------------------------
Epoch:[73/100], CauAdvLoss:[1.0769/0.0851] valid:[73.30], test:[62.09]
--------------------------------------------------------------------------------------------------------------------------------------------------------------------------------------------------------
Train Iter:[0  /772] CauLoss:[0.9971], AdvLoss:[0.0056]
Train Iter:[193/772] CauLoss:[1.0714], AdvLoss:[0.0788]
Train Iter:[386/772] CauLoss:[1.0687], AdvLoss:[0.0767]
Train Iter:[579/772] CauLoss:[1.0759], AdvLoss:[0.0810]
--------------------------------------------------------------------------------------------------------------------------------------------------------------------------------------------------------
Epoch:[74/100], CauAdvLoss:[1.0780/0.0822] valid:[71.93], test:[60.25]
--------------------------------------------------------------------------------------------------------------------------------------------------------------------------------------------------------
Train Iter:[0  /772] CauLoss:[1.2361], AdvLoss:[0.2012]
Train Iter:[193/772] CauLoss:[1.0811], AdvLoss:[0.0842]
Train Iter:[386/772] CauLoss:[1.0730], AdvLoss:[0.0818]
Train Iter:[579/772] CauLoss:[1.0783], AdvLoss:[0.0850]
--------------------------------------------------------------------------------------------------------------------------------------------------------------------------------------------------------
Epoch:[75/100], CauAdvLoss:[1.0734/0.0831] valid:[73.37], test:[58.63]
--------------------------------------------------------------------------------------------------------------------------------------------------------------------------------------------------------
Train Iter:[0  /772] CauLoss:[1.0055], AdvLoss:[0.0456]
Train Iter:[193/772] CauLoss:[1.0823], AdvLoss:[0.0852]
Train Iter:[386/772] CauLoss:[1.0729], AdvLoss:[0.0842]
Train Iter:[579/772] CauLoss:[1.0732], AdvLoss:[0.0837]
--------------------------------------------------------------------------------------------------------------------------------------------------------------------------------------------------------
Epoch:[76/100], CauAdvLoss:[1.0742/0.0847] valid:[73.59], test:[64.21]
--------------------------------------------------------------------------------------------------------------------------------------------------------------------------------------------------------
Train Iter:[0  /772] CauLoss:[1.0204], AdvLoss:[0.0151]
Train Iter:[193/772] CauLoss:[1.0656], AdvLoss:[0.0797]
Train Iter:[386/772] CauLoss:[1.0744], AdvLoss:[0.0855]
Train Iter:[579/772] CauLoss:[1.0789], AdvLoss:[0.0866]
--------------------------------------------------------------------------------------------------------------------------------------------------------------------------------------------------------
Epoch:[77/100], CauAdvLoss:[1.0742/0.0842] valid:[73.33], test:[64.47]
--------------------------------------------------------------------------------------------------------------------------------------------------------------------------------------------------------
Train Iter:[0  /772] CauLoss:[1.2134], AdvLoss:[0.1594]
Train Iter:[193/772] CauLoss:[1.0636], AdvLoss:[0.0768]
Train Iter:[386/772] CauLoss:[1.0617], AdvLoss:[0.0771]
Train Iter:[579/772] CauLoss:[1.0690], AdvLoss:[0.0818]
--------------------------------------------------------------------------------------------------------------------------------------------------------------------------------------------------------
Epoch:[78/100], CauAdvLoss:[1.0728/0.0840] valid:[73.91], test:[63.72]
--------------------------------------------------------------------------------------------------------------------------------------------------------------------------------------------------------
Train Iter:[0  /772] CauLoss:[1.5938], AdvLoss:[0.4576]
Train Iter:[193/772] CauLoss:[1.0719], AdvLoss:[0.0815]
Train Iter:[386/772] CauLoss:[1.0720], AdvLoss:[0.0845]
Train Iter:[579/772] CauLoss:[1.0718], AdvLoss:[0.0836]
--------------------------------------------------------------------------------------------------------------------------------------------------------------------------------------------------------
Epoch:[79/100], CauAdvLoss:[1.0713/0.0833] valid:[73.63], test:[59.32]
--------------------------------------------------------------------------------------------------------------------------------------------------------------------------------------------------------
Train Iter:[0  /772] CauLoss:[0.9639], AdvLoss:[0.0093]
Train Iter:[193/772] CauLoss:[1.0557], AdvLoss:[0.0774]
Train Iter:[386/772] CauLoss:[1.0657], AdvLoss:[0.0810]
Train Iter:[579/772] CauLoss:[1.0760], AdvLoss:[0.0873]
--------------------------------------------------------------------------------------------------------------------------------------------------------------------------------------------------------
Epoch:[80/100], CauAdvLoss:[1.0753/0.0858] valid:[73.50], test:[62.48]
--------------------------------------------------------------------------------------------------------------------------------------------------------------------------------------------------------
Train Iter:[0  /772] CauLoss:[0.9966], AdvLoss:[0.0105]
Train Iter:[193/772] CauLoss:[1.0721], AdvLoss:[0.0882]
Train Iter:[386/772] CauLoss:[1.0641], AdvLoss:[0.0830]
Train Iter:[579/772] CauLoss:[1.0683], AdvLoss:[0.0850]
--------------------------------------------------------------------------------------------------------------------------------------------------------------------------------------------------------
Epoch:[81/100], CauAdvLoss:[1.0681/0.0840] valid:[74.24], test:[60.62]
--------------------------------------------------------------------------------------------------------------------------------------------------------------------------------------------------------
Train Iter:[0  /772] CauLoss:[1.0002], AdvLoss:[0.0436]
Train Iter:[193/772] CauLoss:[1.0727], AdvLoss:[0.0835]
Train Iter:[386/772] CauLoss:[1.0695], AdvLoss:[0.0838]
Train Iter:[579/772] CauLoss:[1.0678], AdvLoss:[0.0842]
--------------------------------------------------------------------------------------------------------------------------------------------------------------------------------------------------------
Epoch:[82/100], CauAdvLoss:[1.0702/0.0855] valid:[73.36], test:[61.12]
--------------------------------------------------------------------------------------------------------------------------------------------------------------------------------------------------------
Train Iter:[0  /772] CauLoss:[1.0378], AdvLoss:[0.1154]
Train Iter:[193/772] CauLoss:[1.0684], AdvLoss:[0.0899]
Train Iter:[386/772] CauLoss:[1.0724], AdvLoss:[0.0874]
Train Iter:[579/772] CauLoss:[1.0797], AdvLoss:[0.0879]
--------------------------------------------------------------------------------------------------------------------------------------------------------------------------------------------------------
Epoch:[83/100], CauAdvLoss:[1.0773/0.0857] valid:[73.74], test:[61.90]
--------------------------------------------------------------------------------------------------------------------------------------------------------------------------------------------------------
Train Iter:[0  /772] CauLoss:[1.2316], AdvLoss:[0.1389]
Train Iter:[193/772] CauLoss:[1.0893], AdvLoss:[0.0941]
Train Iter:[386/772] CauLoss:[1.0722], AdvLoss:[0.0835]
Train Iter:[579/772] CauLoss:[1.0756], AdvLoss:[0.0845]
--------------------------------------------------------------------------------------------------------------------------------------------------------------------------------------------------------
Epoch:[84/100], CauAdvLoss:[1.0729/0.0844] valid:[73.50], test:[62.18]
--------------------------------------------------------------------------------------------------------------------------------------------------------------------------------------------------------
Train Iter:[0  /772] CauLoss:[0.9385], AdvLoss:[0.0059]
Train Iter:[193/772] CauLoss:[1.0542], AdvLoss:[0.0769]
Train Iter:[386/772] CauLoss:[1.0598], AdvLoss:[0.0794]
Train Iter:[579/772] CauLoss:[1.0618], AdvLoss:[0.0807]
--------------------------------------------------------------------------------------------------------------------------------------------------------------------------------------------------------
Epoch:[85/100], CauAdvLoss:[1.0658/0.0829] valid:[72.43], test:[61.73]
--------------------------------------------------------------------------------------------------------------------------------------------------------------------------------------------------------
Train Iter:[0  /772] CauLoss:[0.9695], AdvLoss:[0.0717]
Train Iter:[193/772] CauLoss:[1.0629], AdvLoss:[0.0782]
Train Iter:[386/772] CauLoss:[1.0730], AdvLoss:[0.0809]
Train Iter:[579/772] CauLoss:[1.0722], AdvLoss:[0.0815]
--------------------------------------------------------------------------------------------------------------------------------------------------------------------------------------------------------
Epoch:[86/100], CauAdvLoss:[1.0716/0.0830] valid:[73.88], test:[61.87]
--------------------------------------------------------------------------------------------------------------------------------------------------------------------------------------------------------
Train Iter:[0  /772] CauLoss:[1.3922], AdvLoss:[0.3712]
Train Iter:[193/772] CauLoss:[1.0726], AdvLoss:[0.0865]
Train Iter:[386/772] CauLoss:[1.0622], AdvLoss:[0.0815]
Train Iter:[579/772] CauLoss:[1.0651], AdvLoss:[0.0815]
--------------------------------------------------------------------------------------------------------------------------------------------------------------------------------------------------------
Epoch:[87/100], CauAdvLoss:[1.0681/0.0836] valid:[74.37], test:[63.21]
--------------------------------------------------------------------------------------------------------------------------------------------------------------------------------------------------------
Train Iter:[0  /772] CauLoss:[1.0154], AdvLoss:[0.1079]
Train Iter:[193/772] CauLoss:[1.0612], AdvLoss:[0.0822]
Train Iter:[386/772] CauLoss:[1.0546], AdvLoss:[0.0791]
Train Iter:[579/772] CauLoss:[1.0634], AdvLoss:[0.0854]
--------------------------------------------------------------------------------------------------------------------------------------------------------------------------------------------------------
Epoch:[88/100], CauAdvLoss:[1.0673/0.0877] valid:[73.08], test:[62.06]
--------------------------------------------------------------------------------------------------------------------------------------------------------------------------------------------------------
Train Iter:[0  /772] CauLoss:[1.0853], AdvLoss:[0.1432]
Train Iter:[193/772] CauLoss:[1.0558], AdvLoss:[0.0865]
Train Iter:[386/772] CauLoss:[1.0591], AdvLoss:[0.0854]
Train Iter:[579/772] CauLoss:[1.0610], AdvLoss:[0.0859]
--------------------------------------------------------------------------------------------------------------------------------------------------------------------------------------------------------
Epoch:[89/100], CauAdvLoss:[1.0642/0.0862] valid:[72.37], test:[63.42]
--------------------------------------------------------------------------------------------------------------------------------------------------------------------------------------------------------
Train Iter:[0  /772] CauLoss:[1.0690], AdvLoss:[0.0980]
Train Iter:[193/772] CauLoss:[1.0664], AdvLoss:[0.0873]
Train Iter:[386/772] CauLoss:[1.0646], AdvLoss:[0.0846]
Train Iter:[579/772] CauLoss:[1.0657], AdvLoss:[0.0836]
--------------------------------------------------------------------------------------------------------------------------------------------------------------------------------------------------------
Epoch:[90/100], CauAdvLoss:[1.0663/0.0845] valid:[74.03], test:[65.99]
--------------------------------------------------------------------------------------------------------------------------------------------------------------------------------------------------------
Train Iter:[0  /772] CauLoss:[1.1512], AdvLoss:[0.1559]
Train Iter:[193/772] CauLoss:[1.0552], AdvLoss:[0.0759]
Train Iter:[386/772] CauLoss:[1.0553], AdvLoss:[0.0760]
Train Iter:[579/772] CauLoss:[1.0564], AdvLoss:[0.0770]
--------------------------------------------------------------------------------------------------------------------------------------------------------------------------------------------------------
Epoch:[91/100], CauAdvLoss:[1.0630/0.0813] valid:[73.77], test:[62.13]
--------------------------------------------------------------------------------------------------------------------------------------------------------------------------------------------------------
Train Iter:[0  /772] CauLoss:[0.9484], AdvLoss:[0.0043]
Train Iter:[193/772] CauLoss:[1.0703], AdvLoss:[0.0851]
Train Iter:[386/772] CauLoss:[1.0640], AdvLoss:[0.0845]
Train Iter:[579/772] CauLoss:[1.0656], AdvLoss:[0.0850]
--------------------------------------------------------------------------------------------------------------------------------------------------------------------------------------------------------
Epoch:[92/100], CauAdvLoss:[1.0633/0.0829] valid:[71.94], test:[61.85]
--------------------------------------------------------------------------------------------------------------------------------------------------------------------------------------------------------
Train Iter:[0  /772] CauLoss:[0.9760], AdvLoss:[0.0281]
Train Iter:[193/772] CauLoss:[1.0510], AdvLoss:[0.0752]
Train Iter:[386/772] CauLoss:[1.0574], AdvLoss:[0.0791]
Train Iter:[579/772] CauLoss:[1.0604], AdvLoss:[0.0802]
--------------------------------------------------------------------------------------------------------------------------------------------------------------------------------------------------------
Epoch:[93/100], CauAdvLoss:[1.0632/0.0820] valid:[74.23], test:[60.96]
--------------------------------------------------------------------------------------------------------------------------------------------------------------------------------------------------------
Train Iter:[0  /772] CauLoss:[0.9190], AdvLoss:[0.0015]
Train Iter:[193/772] CauLoss:[1.0452], AdvLoss:[0.0712]
Train Iter:[386/772] CauLoss:[1.0514], AdvLoss:[0.0750]
Train Iter:[579/772] CauLoss:[1.0610], AdvLoss:[0.0788]
--------------------------------------------------------------------------------------------------------------------------------------------------------------------------------------------------------
Epoch:[94/100], CauAdvLoss:[1.0655/0.0815] valid:[73.75], test:[62.26]
--------------------------------------------------------------------------------------------------------------------------------------------------------------------------------------------------------
Train Iter:[0  /772] CauLoss:[1.0251], AdvLoss:[0.0521]
Train Iter:[193/772] CauLoss:[1.0543], AdvLoss:[0.0798]
Train Iter:[386/772] CauLoss:[1.0581], AdvLoss:[0.0784]
Train Iter:[579/772] CauLoss:[1.0598], AdvLoss:[0.0798]
--------------------------------------------------------------------------------------------------------------------------------------------------------------------------------------------------------
Epoch:[95/100], CauAdvLoss:[1.0621/0.0804] valid:[73.86], test:[63.06]
--------------------------------------------------------------------------------------------------------------------------------------------------------------------------------------------------------
Train Iter:[0  /772] CauLoss:[1.4781], AdvLoss:[0.3665]
Train Iter:[193/772] CauLoss:[1.0526], AdvLoss:[0.0803]
Train Iter:[386/772] CauLoss:[1.0527], AdvLoss:[0.0767]
Train Iter:[579/772] CauLoss:[1.0550], AdvLoss:[0.0797]
--------------------------------------------------------------------------------------------------------------------------------------------------------------------------------------------------------
Epoch:[96/100], CauAdvLoss:[1.0587/0.0808] valid:[73.34], test:[62.75]
--------------------------------------------------------------------------------------------------------------------------------------------------------------------------------------------------------
Train Iter:[0  /772] CauLoss:[1.0689], AdvLoss:[0.0613]
Train Iter:[193/772] CauLoss:[1.0502], AdvLoss:[0.0717]
Train Iter:[386/772] CauLoss:[1.0524], AdvLoss:[0.0726]
Train Iter:[579/772] CauLoss:[1.0597], AdvLoss:[0.0773]
--------------------------------------------------------------------------------------------------------------------------------------------------------------------------------------------------------
Epoch:[97/100], CauAdvLoss:[1.0626/0.0783] valid:[74.41], test:[64.01]
--------------------------------------------------------------------------------------------------------------------------------------------------------------------------------------------------------
Train Iter:[0  /772] CauLoss:[0.9489], AdvLoss:[0.0088]
Train Iter:[193/772] CauLoss:[1.0503], AdvLoss:[0.0730]
Train Iter:[386/772] CauLoss:[1.0682], AdvLoss:[0.0855]
Train Iter:[579/772] CauLoss:[1.0606], AdvLoss:[0.0805]
--------------------------------------------------------------------------------------------------------------------------------------------------------------------------------------------------------
Epoch:[98/100], CauAdvLoss:[1.0635/0.0818] valid:[72.34], test:[63.15]
--------------------------------------------------------------------------------------------------------------------------------------------------------------------------------------------------------
Train Iter:[0  /772] CauLoss:[0.9960], AdvLoss:[0.0072]
Train Iter:[193/772] CauLoss:[1.0519], AdvLoss:[0.0780]
Train Iter:[386/772] CauLoss:[1.0524], AdvLoss:[0.0762]
Train Iter:[579/772] CauLoss:[1.0545], AdvLoss:[0.0764]
--------------------------------------------------------------------------------------------------------------------------------------------------------------------------------------------------------
Epoch:[99/100], CauAdvLoss:[1.0600/0.0783] valid:[73.48], test:[64.37]
--------------------------------------------------------------------------------------------------------------------------------------------------------------------------------------------------------
Train Iter:[0  /772] CauLoss:[0.9406], AdvLoss:[0.0200]
Train Iter:[193/772] CauLoss:[1.0412], AdvLoss:[0.0657]
Train Iter:[386/772] CauLoss:[1.0466], AdvLoss:[0.0706]
Train Iter:[579/772] CauLoss:[1.0475], AdvLoss:[0.0706]
--------------------------------------------------------------------------------------------------------------------------------------------------------------------------------------------------------
Epoch:[100/100], CauAdvLoss:[1.0555/0.0769] valid:[72.56], test:[61.31]
--------------------------------------------------------------------------------------------------------------------------------------------------------------------------------------------------------
Update test:[63.19] at epoch:[13] | Total time:01:04:19
/workspace/AIA/Molhiv/GOOD/data/good_datasets/good_hiv.py:410: UserWarning: It is not recommended to directly access the internal storage format `data` of an 'InMemoryDataset'. The data of the dataset is already cached, so any modifications to `data` will not be reflected when accessing its elements. Clearing the cache now by removing all elements in `dataset._data_list`. If you are absolutely certain what you are doing, access the internal storage via `InMemoryDataset._data` instead to suppress this warning. Alternatively, you can access stacked individual attributes of every graph via `dataset.{attr_name}`.
  meta_info.num_envs = torch.unique(train_dataset.data.env_id).shape[0]
/workspace/AIA/Molhiv/GOOD/data/good_datasets/good_hiv.py:414: UserWarning: It is not recommended to directly access the internal storage format `data` of an 'InMemoryDataset'. If you are absolutely certain what you are doing, access the internal storage via `InMemoryDataset._data` instead to suppress this warning. Alternatively, you can access stacked individual attributes of every graph via `dataset.{attr_name}`.
  meta_info.num_classes = train_dataset.data.y.shape[1]
initialize network with kaiming
Train Iter:[0  /772] CauLoss:[3.2229], AdvLoss:[-168.0375]
Train Iter:[193/772] CauLoss:[1.4039], AdvLoss:[-0.9305]
Train Iter:[386/772] CauLoss:[1.3427], AdvLoss:[-0.3617]
Train Iter:[579/772] CauLoss:[1.3146], AdvLoss:[-0.1834]
--------------------------------------------------------------------------------------------------------------------------------------------------------------------------------------------------------
Epoch:[1/100], CauAdvLoss:[1.2956/-0.0982] valid:[71.00], test:[62.26]
--------------------------------------------------------------------------------------------------------------------------------------------------------------------------------------------------------
Train Iter:[0  /772] CauLoss:[2.0314], AdvLoss:[0.5880]
Train Iter:[193/772] CauLoss:[1.2501], AdvLoss:[0.1647]
Train Iter:[386/772] CauLoss:[1.2503], AdvLoss:[0.1632]
Train Iter:[579/772] CauLoss:[1.2438], AdvLoss:[0.1582]
--------------------------------------------------------------------------------------------------------------------------------------------------------------------------------------------------------
Epoch:[2/100], CauAdvLoss:[1.2430/0.1584] valid:[70.79], test:[62.33]
--------------------------------------------------------------------------------------------------------------------------------------------------------------------------------------------------------
Train Iter:[0  /772] CauLoss:[1.3059], AdvLoss:[0.1308]
Train Iter:[193/772] CauLoss:[1.2236], AdvLoss:[0.1490]
Train Iter:[386/772] CauLoss:[1.2167], AdvLoss:[0.1484]
Train Iter:[579/772] CauLoss:[1.2251], AdvLoss:[0.1517]
--------------------------------------------------------------------------------------------------------------------------------------------------------------------------------------------------------
Epoch:[3/100], CauAdvLoss:[1.2270/0.1520] valid:[73.78], test:[56.01]
--------------------------------------------------------------------------------------------------------------------------------------------------------------------------------------------------------
Train Iter:[0  /772] CauLoss:[1.4873], AdvLoss:[0.2218]
Train Iter:[193/772] CauLoss:[1.2237], AdvLoss:[0.1471]
Train Iter:[386/772] CauLoss:[1.2034], AdvLoss:[0.1392]
Train Iter:[579/772] CauLoss:[1.2147], AdvLoss:[0.1445]
--------------------------------------------------------------------------------------------------------------------------------------------------------------------------------------------------------
Epoch:[4/100], CauAdvLoss:[1.2120/0.1440] valid:[70.33], test:[60.14]
--------------------------------------------------------------------------------------------------------------------------------------------------------------------------------------------------------
Train Iter:[0  /772] CauLoss:[1.0798], AdvLoss:[0.0461]
Train Iter:[193/772] CauLoss:[1.2154], AdvLoss:[0.1435]
Train Iter:[386/772] CauLoss:[1.2051], AdvLoss:[0.1426]
Train Iter:[579/772] CauLoss:[1.2131], AdvLoss:[0.1448]
--------------------------------------------------------------------------------------------------------------------------------------------------------------------------------------------------------
Epoch:[5/100], CauAdvLoss:[1.2089/0.1437] valid:[72.92], test:[61.33]
--------------------------------------------------------------------------------------------------------------------------------------------------------------------------------------------------------
Train Iter:[0  /772] CauLoss:[1.3359], AdvLoss:[0.1220]
Train Iter:[193/772] CauLoss:[1.1984], AdvLoss:[0.1376]
Train Iter:[386/772] CauLoss:[1.2002], AdvLoss:[0.1398]
Train Iter:[579/772] CauLoss:[1.2057], AdvLoss:[0.1426]
--------------------------------------------------------------------------------------------------------------------------------------------------------------------------------------------------------
Epoch:[6/100], CauAdvLoss:[1.2014/0.1402] valid:[75.61], test:[66.09]
--------------------------------------------------------------------------------------------------------------------------------------------------------------------------------------------------------
Train Iter:[0  /772] CauLoss:[0.9789], AdvLoss:[0.0177]
Train Iter:[193/772] CauLoss:[1.1965], AdvLoss:[0.1327]
Train Iter:[386/772] CauLoss:[1.1945], AdvLoss:[0.1313]
Train Iter:[579/772] CauLoss:[1.1966], AdvLoss:[0.1353]
--------------------------------------------------------------------------------------------------------------------------------------------------------------------------------------------------------
Epoch:[7/100], CauAdvLoss:[1.1913/0.1340] valid:[75.79], test:[65.27]
--------------------------------------------------------------------------------------------------------------------------------------------------------------------------------------------------------
Train Iter:[0  /772] CauLoss:[1.3821], AdvLoss:[0.2488]
Train Iter:[193/772] CauLoss:[1.1811], AdvLoss:[0.1318]
Train Iter:[386/772] CauLoss:[1.1859], AdvLoss:[0.1311]
Train Iter:[579/772] CauLoss:[1.1900], AdvLoss:[0.1325]
--------------------------------------------------------------------------------------------------------------------------------------------------------------------------------------------------------
Epoch:[8/100], CauAdvLoss:[1.1865/0.1319] valid:[74.83], test:[60.61]
--------------------------------------------------------------------------------------------------------------------------------------------------------------------------------------------------------
Train Iter:[0  /772] CauLoss:[1.1995], AdvLoss:[0.1567]
Train Iter:[193/772] CauLoss:[1.1824], AdvLoss:[0.1301]
Train Iter:[386/772] CauLoss:[1.1758], AdvLoss:[0.1272]
Train Iter:[579/772] CauLoss:[1.1778], AdvLoss:[0.1281]
--------------------------------------------------------------------------------------------------------------------------------------------------------------------------------------------------------
Epoch:[9/100], CauAdvLoss:[1.1790/0.1290] valid:[74.37], test:[65.93]
--------------------------------------------------------------------------------------------------------------------------------------------------------------------------------------------------------
Train Iter:[0  /772] CauLoss:[1.9490], AdvLoss:[0.4294]
Train Iter:[193/772] CauLoss:[1.1819], AdvLoss:[0.1314]
Train Iter:[386/772] CauLoss:[1.1696], AdvLoss:[0.1276]
Train Iter:[579/772] CauLoss:[1.1692], AdvLoss:[0.1270]
--------------------------------------------------------------------------------------------------------------------------------------------------------------------------------------------------------
Epoch:[10/100], CauAdvLoss:[1.1756/0.1297] valid:[76.14], test:[67.70]
--------------------------------------------------------------------------------------------------------------------------------------------------------------------------------------------------------
Train Iter:[0  /772] CauLoss:[1.0068], AdvLoss:[0.0149]
Train Iter:[193/772] CauLoss:[1.1717], AdvLoss:[0.1291]
Train Iter:[386/772] CauLoss:[1.1691], AdvLoss:[0.1279]
Train Iter:[579/772] CauLoss:[1.1716], AdvLoss:[0.1273]
--------------------------------------------------------------------------------------------------------------------------------------------------------------------------------------------------------
Epoch:[11/100], CauAdvLoss:[1.1672/0.1256] valid:[76.64], test:[68.95]
--------------------------------------------------------------------------------------------------------------------------------------------------------------------------------------------------------
Train Iter:[0  /772] CauLoss:[1.3818], AdvLoss:[0.1671]
Train Iter:[193/772] CauLoss:[1.1633], AdvLoss:[0.1211]
Train Iter:[386/772] CauLoss:[1.1621], AdvLoss:[0.1220]
Train Iter:[579/772] CauLoss:[1.1676], AdvLoss:[0.1256]
--------------------------------------------------------------------------------------------------------------------------------------------------------------------------------------------------------
Epoch:[12/100], CauAdvLoss:[1.1644/0.1237] valid:[75.31], test:[67.82]
--------------------------------------------------------------------------------------------------------------------------------------------------------------------------------------------------------
Train Iter:[0  /772] CauLoss:[1.0149], AdvLoss:[0.0552]
Train Iter:[193/772] CauLoss:[1.1600], AdvLoss:[0.1224]
Train Iter:[386/772] CauLoss:[1.1486], AdvLoss:[0.1169]
Train Iter:[579/772] CauLoss:[1.1614], AdvLoss:[0.1228]
--------------------------------------------------------------------------------------------------------------------------------------------------------------------------------------------------------
Epoch:[13/100], CauAdvLoss:[1.1575/0.1204] valid:[74.71], test:[65.25]
--------------------------------------------------------------------------------------------------------------------------------------------------------------------------------------------------------
Train Iter:[0  /772] CauLoss:[1.1590], AdvLoss:[0.0781]
Train Iter:[193/772] CauLoss:[1.1667], AdvLoss:[0.1232]
Train Iter:[386/772] CauLoss:[1.1587], AdvLoss:[0.1188]
Train Iter:[579/772] CauLoss:[1.1603], AdvLoss:[0.1217]
--------------------------------------------------------------------------------------------------------------------------------------------------------------------------------------------------------
Epoch:[14/100], CauAdvLoss:[1.1581/0.1200] valid:[75.18], test:[69.98]
--------------------------------------------------------------------------------------------------------------------------------------------------------------------------------------------------------
Train Iter:[0  /772] CauLoss:[1.1542], AdvLoss:[0.1173]
Train Iter:[193/772] CauLoss:[1.1546], AdvLoss:[0.1218]
Train Iter:[386/772] CauLoss:[1.1566], AdvLoss:[0.1209]
Train Iter:[579/772] CauLoss:[1.1558], AdvLoss:[0.1201]
--------------------------------------------------------------------------------------------------------------------------------------------------------------------------------------------------------
Epoch:[15/100], CauAdvLoss:[1.1528/0.1184] valid:[73.72], test:[67.61]
--------------------------------------------------------------------------------------------------------------------------------------------------------------------------------------------------------
Train Iter:[0  /772] CauLoss:[1.5668], AdvLoss:[0.3877]
Train Iter:[193/772] CauLoss:[1.1589], AdvLoss:[0.1218]
Train Iter:[386/772] CauLoss:[1.1583], AdvLoss:[0.1201]
Train Iter:[579/772] CauLoss:[1.1510], AdvLoss:[0.1167]
--------------------------------------------------------------------------------------------------------------------------------------------------------------------------------------------------------
Epoch:[16/100], CauAdvLoss:[1.1506/0.1175] valid:[76.04], test:[70.31]
--------------------------------------------------------------------------------------------------------------------------------------------------------------------------------------------------------
Train Iter:[0  /772] CauLoss:[1.2003], AdvLoss:[0.1288]
Train Iter:[193/772] CauLoss:[1.1398], AdvLoss:[0.1112]
Train Iter:[386/772] CauLoss:[1.1468], AdvLoss:[0.1144]
Train Iter:[579/772] CauLoss:[1.1511], AdvLoss:[0.1164]
--------------------------------------------------------------------------------------------------------------------------------------------------------------------------------------------------------
Epoch:[17/100], CauAdvLoss:[1.1459/0.1143] valid:[74.82], test:[70.03]
--------------------------------------------------------------------------------------------------------------------------------------------------------------------------------------------------------
Train Iter:[0  /772] CauLoss:[1.0464], AdvLoss:[0.0735]
Train Iter:[193/772] CauLoss:[1.1536], AdvLoss:[0.1185]
Train Iter:[386/772] CauLoss:[1.1484], AdvLoss:[0.1157]
Train Iter:[579/772] CauLoss:[1.1429], AdvLoss:[0.1136]
--------------------------------------------------------------------------------------------------------------------------------------------------------------------------------------------------------
Epoch:[18/100], CauAdvLoss:[1.1433/0.1144] valid:[74.93], test:[68.27]
--------------------------------------------------------------------------------------------------------------------------------------------------------------------------------------------------------
Train Iter:[0  /772] CauLoss:[0.9861], AdvLoss:[0.0558]
Train Iter:[193/772] CauLoss:[1.1586], AdvLoss:[0.1225]
Train Iter:[386/772] CauLoss:[1.1520], AdvLoss:[0.1182]
Train Iter:[579/772] CauLoss:[1.1502], AdvLoss:[0.1182]
--------------------------------------------------------------------------------------------------------------------------------------------------------------------------------------------------------
Epoch:[19/100], CauAdvLoss:[1.1424/0.1139] valid:[74.18], test:[71.31]
--------------------------------------------------------------------------------------------------------------------------------------------------------------------------------------------------------
Train Iter:[0  /772] CauLoss:[1.3932], AdvLoss:[0.2389]
Train Iter:[193/772] CauLoss:[1.1643], AdvLoss:[0.1219]
Train Iter:[386/772] CauLoss:[1.1504], AdvLoss:[0.1151]
Train Iter:[579/772] CauLoss:[1.1455], AdvLoss:[0.1127]
--------------------------------------------------------------------------------------------------------------------------------------------------------------------------------------------------------
Epoch:[20/100], CauAdvLoss:[1.1412/0.1109] valid:[76.14], test:[67.43]
--------------------------------------------------------------------------------------------------------------------------------------------------------------------------------------------------------
Train Iter:[0  /772] CauLoss:[0.9866], AdvLoss:[0.0198]
Train Iter:[193/772] CauLoss:[1.1458], AdvLoss:[0.1141]
Train Iter:[386/772] CauLoss:[1.1406], AdvLoss:[0.1121]
Train Iter:[579/772] CauLoss:[1.1458], AdvLoss:[0.1141]
--------------------------------------------------------------------------------------------------------------------------------------------------------------------------------------------------------
Epoch:[21/100], CauAdvLoss:[1.1394/0.1112] valid:[76.40], test:[71.08]
--------------------------------------------------------------------------------------------------------------------------------------------------------------------------------------------------------
Train Iter:[0  /772] CauLoss:[1.6069], AdvLoss:[0.3906]
Train Iter:[193/772] CauLoss:[1.1440], AdvLoss:[0.1136]
Train Iter:[386/772] CauLoss:[1.1460], AdvLoss:[0.1139]
Train Iter:[579/772] CauLoss:[1.1408], AdvLoss:[0.1121]
--------------------------------------------------------------------------------------------------------------------------------------------------------------------------------------------------------
Epoch:[22/100], CauAdvLoss:[1.1370/0.1107] valid:[75.84], test:[70.95]
--------------------------------------------------------------------------------------------------------------------------------------------------------------------------------------------------------
Train Iter:[0  /772] CauLoss:[1.4549], AdvLoss:[0.2375]
Train Iter:[193/772] CauLoss:[1.1481], AdvLoss:[0.1148]
Train Iter:[386/772] CauLoss:[1.1389], AdvLoss:[0.1106]
Train Iter:[579/772] CauLoss:[1.1340], AdvLoss:[0.1082]
--------------------------------------------------------------------------------------------------------------------------------------------------------------------------------------------------------
Epoch:[23/100], CauAdvLoss:[1.1364/0.1092] valid:[76.26], test:[65.90]
--------------------------------------------------------------------------------------------------------------------------------------------------------------------------------------------------------
Train Iter:[0  /772] CauLoss:[0.9861], AdvLoss:[0.0267]
Train Iter:[193/772] CauLoss:[1.1286], AdvLoss:[0.1075]
Train Iter:[386/772] CauLoss:[1.1282], AdvLoss:[0.1070]
Train Iter:[579/772] CauLoss:[1.1332], AdvLoss:[0.1090]
--------------------------------------------------------------------------------------------------------------------------------------------------------------------------------------------------------
Epoch:[24/100], CauAdvLoss:[1.1304/0.1083] valid:[74.07], test:[66.94]
--------------------------------------------------------------------------------------------------------------------------------------------------------------------------------------------------------
Train Iter:[0  /772] CauLoss:[1.0047], AdvLoss:[0.0416]
Train Iter:[193/772] CauLoss:[1.1433], AdvLoss:[0.1091]
Train Iter:[386/772] CauLoss:[1.1346], AdvLoss:[0.1073]
Train Iter:[579/772] CauLoss:[1.1303], AdvLoss:[0.1060]
--------------------------------------------------------------------------------------------------------------------------------------------------------------------------------------------------------
Epoch:[25/100], CauAdvLoss:[1.1324/0.1080] valid:[76.98], test:[69.73]
--------------------------------------------------------------------------------------------------------------------------------------------------------------------------------------------------------
Train Iter:[0  /772] CauLoss:[1.2379], AdvLoss:[0.1266]
Train Iter:[193/772] CauLoss:[1.1202], AdvLoss:[0.0992]
Train Iter:[386/772] CauLoss:[1.1139], AdvLoss:[0.0990]
Train Iter:[579/772] CauLoss:[1.1298], AdvLoss:[0.1068]
--------------------------------------------------------------------------------------------------------------------------------------------------------------------------------------------------------
Epoch:[26/100], CauAdvLoss:[1.1305/0.1068] valid:[76.00], test:[69.55]
--------------------------------------------------------------------------------------------------------------------------------------------------------------------------------------------------------
Train Iter:[0  /772] CauLoss:[1.4283], AdvLoss:[0.3055]
Train Iter:[193/772] CauLoss:[1.1332], AdvLoss:[0.1078]
Train Iter:[386/772] CauLoss:[1.1229], AdvLoss:[0.1039]
Train Iter:[579/772] CauLoss:[1.1186], AdvLoss:[0.1029]
--------------------------------------------------------------------------------------------------------------------------------------------------------------------------------------------------------
Epoch:[27/100], CauAdvLoss:[1.1267/0.1070] valid:[76.20], test:[67.60]
--------------------------------------------------------------------------------------------------------------------------------------------------------------------------------------------------------
Train Iter:[0  /772] CauLoss:[0.9623], AdvLoss:[0.0102]
Train Iter:[193/772] CauLoss:[1.1519], AdvLoss:[0.1161]
Train Iter:[386/772] CauLoss:[1.1373], AdvLoss:[0.1098]
Train Iter:[579/772] CauLoss:[1.1332], AdvLoss:[0.1082]
--------------------------------------------------------------------------------------------------------------------------------------------------------------------------------------------------------
Epoch:[28/100], CauAdvLoss:[1.1264/0.1049] valid:[75.97], test:[67.78]
--------------------------------------------------------------------------------------------------------------------------------------------------------------------------------------------------------
Train Iter:[0  /772] CauLoss:[0.9873], AdvLoss:[0.0289]
Train Iter:[193/772] CauLoss:[1.1219], AdvLoss:[0.1031]
Train Iter:[386/772] CauLoss:[1.1328], AdvLoss:[0.1090]
Train Iter:[579/772] CauLoss:[1.1263], AdvLoss:[0.1057]
--------------------------------------------------------------------------------------------------------------------------------------------------------------------------------------------------------
Epoch:[29/100], CauAdvLoss:[1.1235/0.1053] valid:[77.45], test:[68.60]
--------------------------------------------------------------------------------------------------------------------------------------------------------------------------------------------------------
Train Iter:[0  /772] CauLoss:[1.0123], AdvLoss:[0.0341]
Train Iter:[193/772] CauLoss:[1.1359], AdvLoss:[0.1137]
Train Iter:[386/772] CauLoss:[1.1199], AdvLoss:[0.1031]
Train Iter:[579/772] CauLoss:[1.1201], AdvLoss:[0.1029]
--------------------------------------------------------------------------------------------------------------------------------------------------------------------------------------------------------
Epoch:[30/100], CauAdvLoss:[1.1213/0.1049] valid:[76.58], test:[66.50]
--------------------------------------------------------------------------------------------------------------------------------------------------------------------------------------------------------
Train Iter:[0  /772] CauLoss:[1.3295], AdvLoss:[0.2018]
Train Iter:[193/772] CauLoss:[1.1214], AdvLoss:[0.1028]
Train Iter:[386/772] CauLoss:[1.1290], AdvLoss:[0.1069]
Train Iter:[579/772] CauLoss:[1.1282], AdvLoss:[0.1078]
--------------------------------------------------------------------------------------------------------------------------------------------------------------------------------------------------------
Epoch:[31/100], CauAdvLoss:[1.1205/0.1047] valid:[76.46], test:[64.10]
--------------------------------------------------------------------------------------------------------------------------------------------------------------------------------------------------------
Train Iter:[0  /772] CauLoss:[1.1473], AdvLoss:[0.1676]
Train Iter:[193/772] CauLoss:[1.1183], AdvLoss:[0.1075]
Train Iter:[386/772] CauLoss:[1.1127], AdvLoss:[0.1023]
Train Iter:[579/772] CauLoss:[1.1193], AdvLoss:[0.1045]
--------------------------------------------------------------------------------------------------------------------------------------------------------------------------------------------------------
Epoch:[32/100], CauAdvLoss:[1.1189/0.1047] valid:[75.48], test:[66.73]
--------------------------------------------------------------------------------------------------------------------------------------------------------------------------------------------------------
Train Iter:[0  /772] CauLoss:[0.9753], AdvLoss:[0.0130]
Train Iter:[193/772] CauLoss:[1.0962], AdvLoss:[0.0980]
Train Iter:[386/772] CauLoss:[1.1101], AdvLoss:[0.1040]
Train Iter:[579/772] CauLoss:[1.1139], AdvLoss:[0.1044]
--------------------------------------------------------------------------------------------------------------------------------------------------------------------------------------------------------
Epoch:[33/100], CauAdvLoss:[1.1188/0.1049] valid:[75.04], test:[65.23]
--------------------------------------------------------------------------------------------------------------------------------------------------------------------------------------------------------
Train Iter:[0  /772] CauLoss:[1.2076], AdvLoss:[0.2049]
Train Iter:[193/772] CauLoss:[1.0992], AdvLoss:[0.0900]
Train Iter:[386/772] CauLoss:[1.1189], AdvLoss:[0.1005]
Train Iter:[579/772] CauLoss:[1.1213], AdvLoss:[0.1025]
--------------------------------------------------------------------------------------------------------------------------------------------------------------------------------------------------------
Epoch:[34/100], CauAdvLoss:[1.1221/0.1027] valid:[75.91], test:[66.77]
--------------------------------------------------------------------------------------------------------------------------------------------------------------------------------------------------------
Train Iter:[0  /772] CauLoss:[0.9513], AdvLoss:[0.0057]
Train Iter:[193/772] CauLoss:[1.0987], AdvLoss:[0.0942]
Train Iter:[386/772] CauLoss:[1.1035], AdvLoss:[0.0969]
Train Iter:[579/772] CauLoss:[1.1162], AdvLoss:[0.1046]
--------------------------------------------------------------------------------------------------------------------------------------------------------------------------------------------------------
Epoch:[35/100], CauAdvLoss:[1.1136/0.1038] valid:[76.08], test:[66.84]
--------------------------------------------------------------------------------------------------------------------------------------------------------------------------------------------------------
Train Iter:[0  /772] CauLoss:[1.2032], AdvLoss:[0.1762]
Train Iter:[193/772] CauLoss:[1.1123], AdvLoss:[0.1042]
Train Iter:[386/772] CauLoss:[1.1050], AdvLoss:[0.1007]
Train Iter:[579/772] CauLoss:[1.1099], AdvLoss:[0.1009]
--------------------------------------------------------------------------------------------------------------------------------------------------------------------------------------------------------
Epoch:[36/100], CauAdvLoss:[1.1146/0.1033] valid:[77.92], test:[67.12]
--------------------------------------------------------------------------------------------------------------------------------------------------------------------------------------------------------
Train Iter:[0  /772] CauLoss:[1.2240], AdvLoss:[0.1239]
Train Iter:[193/772] CauLoss:[1.1090], AdvLoss:[0.1004]
Train Iter:[386/772] CauLoss:[1.1057], AdvLoss:[0.0986]
Train Iter:[579/772] CauLoss:[1.1062], AdvLoss:[0.0992]
--------------------------------------------------------------------------------------------------------------------------------------------------------------------------------------------------------
Epoch:[37/100], CauAdvLoss:[1.1099/0.1007] valid:[75.56], test:[61.35]
--------------------------------------------------------------------------------------------------------------------------------------------------------------------------------------------------------
Train Iter:[0  /772] CauLoss:[1.0032], AdvLoss:[0.0462]
Train Iter:[193/772] CauLoss:[1.1010], AdvLoss:[0.0985]
Train Iter:[386/772] CauLoss:[1.1148], AdvLoss:[0.1047]
Train Iter:[579/772] CauLoss:[1.1174], AdvLoss:[0.1045]
--------------------------------------------------------------------------------------------------------------------------------------------------------------------------------------------------------
Epoch:[38/100], CauAdvLoss:[1.1128/0.1023] valid:[76.15], test:[61.85]
--------------------------------------------------------------------------------------------------------------------------------------------------------------------------------------------------------
Train Iter:[0  /772] CauLoss:[1.3122], AdvLoss:[0.2123]
Train Iter:[193/772] CauLoss:[1.1302], AdvLoss:[0.1135]
Train Iter:[386/772] CauLoss:[1.1263], AdvLoss:[0.1096]
Train Iter:[579/772] CauLoss:[1.1175], AdvLoss:[0.1060]
--------------------------------------------------------------------------------------------------------------------------------------------------------------------------------------------------------
Epoch:[39/100], CauAdvLoss:[1.1123/0.1032] valid:[75.67], test:[63.85]
--------------------------------------------------------------------------------------------------------------------------------------------------------------------------------------------------------
Train Iter:[0  /772] CauLoss:[1.2277], AdvLoss:[0.1588]
Train Iter:[193/772] CauLoss:[1.1059], AdvLoss:[0.1004]
Train Iter:[386/772] CauLoss:[1.1047], AdvLoss:[0.0986]
Train Iter:[579/772] CauLoss:[1.1034], AdvLoss:[0.0989]
--------------------------------------------------------------------------------------------------------------------------------------------------------------------------------------------------------
Epoch:[40/100], CauAdvLoss:[1.1103/0.1021] valid:[76.68], test:[63.93]
--------------------------------------------------------------------------------------------------------------------------------------------------------------------------------------------------------
Train Iter:[0  /772] CauLoss:[1.1841], AdvLoss:[0.1535]
Train Iter:[193/772] CauLoss:[1.1129], AdvLoss:[0.1067]
Train Iter:[386/772] CauLoss:[1.1144], AdvLoss:[0.1074]
Train Iter:[579/772] CauLoss:[1.1089], AdvLoss:[0.1039]
--------------------------------------------------------------------------------------------------------------------------------------------------------------------------------------------------------
Epoch:[41/100], CauAdvLoss:[1.1075/0.1023] valid:[73.99], test:[63.28]
--------------------------------------------------------------------------------------------------------------------------------------------------------------------------------------------------------
Train Iter:[0  /772] CauLoss:[0.9962], AdvLoss:[0.0388]
Train Iter:[193/772] CauLoss:[1.1158], AdvLoss:[0.1067]
Train Iter:[386/772] CauLoss:[1.1069], AdvLoss:[0.1018]
Train Iter:[579/772] CauLoss:[1.0997], AdvLoss:[0.0992]
--------------------------------------------------------------------------------------------------------------------------------------------------------------------------------------------------------
Epoch:[42/100], CauAdvLoss:[1.1079/0.1026] valid:[76.56], test:[68.53]
--------------------------------------------------------------------------------------------------------------------------------------------------------------------------------------------------------
Train Iter:[0  /772] CauLoss:[1.0882], AdvLoss:[0.0907]
Train Iter:[193/772] CauLoss:[1.1063], AdvLoss:[0.1027]
Train Iter:[386/772] CauLoss:[1.1062], AdvLoss:[0.1015]
Train Iter:[579/772] CauLoss:[1.1082], AdvLoss:[0.1026]
--------------------------------------------------------------------------------------------------------------------------------------------------------------------------------------------------------
Epoch:[43/100], CauAdvLoss:[1.1037/0.0998] valid:[77.94], test:[65.40]
--------------------------------------------------------------------------------------------------------------------------------------------------------------------------------------------------------
Train Iter:[0  /772] CauLoss:[0.9435], AdvLoss:[0.0049]
Train Iter:[193/772] CauLoss:[1.1095], AdvLoss:[0.1006]
Train Iter:[386/772] CauLoss:[1.1063], AdvLoss:[0.0998]
Train Iter:[579/772] CauLoss:[1.1051], AdvLoss:[0.0997]
--------------------------------------------------------------------------------------------------------------------------------------------------------------------------------------------------------
Epoch:[44/100], CauAdvLoss:[1.1061/0.1009] valid:[77.67], test:[65.64]
--------------------------------------------------------------------------------------------------------------------------------------------------------------------------------------------------------
Train Iter:[0  /772] CauLoss:[1.2050], AdvLoss:[0.1729]
Train Iter:[193/772] CauLoss:[1.1311], AdvLoss:[0.1110]
Train Iter:[386/772] CauLoss:[1.1029], AdvLoss:[0.0978]
Train Iter:[579/772] CauLoss:[1.1043], AdvLoss:[0.0993]
--------------------------------------------------------------------------------------------------------------------------------------------------------------------------------------------------------
Epoch:[45/100], CauAdvLoss:[1.1035/0.1000] valid:[76.90], test:[67.25]
--------------------------------------------------------------------------------------------------------------------------------------------------------------------------------------------------------
Train Iter:[0  /772] CauLoss:[1.0936], AdvLoss:[0.1328]
Train Iter:[193/772] CauLoss:[1.0987], AdvLoss:[0.0986]
Train Iter:[386/772] CauLoss:[1.1043], AdvLoss:[0.1008]
Train Iter:[579/772] CauLoss:[1.0988], AdvLoss:[0.0973]
--------------------------------------------------------------------------------------------------------------------------------------------------------------------------------------------------------
Epoch:[46/100], CauAdvLoss:[1.1044/0.1004] valid:[76.24], test:[61.82]
--------------------------------------------------------------------------------------------------------------------------------------------------------------------------------------------------------
Train Iter:[0  /772] CauLoss:[1.0683], AdvLoss:[0.0597]
Train Iter:[193/772] CauLoss:[1.0895], AdvLoss:[0.0890]
Train Iter:[386/772] CauLoss:[1.1050], AdvLoss:[0.0997]
Train Iter:[579/772] CauLoss:[1.1035], AdvLoss:[0.1013]
--------------------------------------------------------------------------------------------------------------------------------------------------------------------------------------------------------
Epoch:[47/100], CauAdvLoss:[1.1022/0.1002] valid:[76.42], test:[65.33]
--------------------------------------------------------------------------------------------------------------------------------------------------------------------------------------------------------
Train Iter:[0  /772] CauLoss:[1.1905], AdvLoss:[0.1604]
Train Iter:[193/772] CauLoss:[1.0814], AdvLoss:[0.0913]
Train Iter:[386/772] CauLoss:[1.0936], AdvLoss:[0.0964]
Train Iter:[579/772] CauLoss:[1.0974], AdvLoss:[0.0979]
--------------------------------------------------------------------------------------------------------------------------------------------------------------------------------------------------------
Epoch:[48/100], CauAdvLoss:[1.1007/0.0995] valid:[77.08], test:[63.69]
--------------------------------------------------------------------------------------------------------------------------------------------------------------------------------------------------------
Train Iter:[0  /772] CauLoss:[1.0849], AdvLoss:[0.1115]
Train Iter:[193/772] CauLoss:[1.0955], AdvLoss:[0.0980]
Train Iter:[386/772] CauLoss:[1.1042], AdvLoss:[0.1019]
Train Iter:[579/772] CauLoss:[1.1009], AdvLoss:[0.1001]
--------------------------------------------------------------------------------------------------------------------------------------------------------------------------------------------------------
Epoch:[49/100], CauAdvLoss:[1.0988/0.0993] valid:[76.85], test:[64.53]
--------------------------------------------------------------------------------------------------------------------------------------------------------------------------------------------------------
Train Iter:[0  /772] CauLoss:[1.1307], AdvLoss:[0.1575]
Train Iter:[193/772] CauLoss:[1.1000], AdvLoss:[0.1029]
Train Iter:[386/772] CauLoss:[1.0975], AdvLoss:[0.1022]
Train Iter:[579/772] CauLoss:[1.1004], AdvLoss:[0.1041]
--------------------------------------------------------------------------------------------------------------------------------------------------------------------------------------------------------
Epoch:[50/100], CauAdvLoss:[1.0966/0.1014] valid:[75.94], test:[65.11]
--------------------------------------------------------------------------------------------------------------------------------------------------------------------------------------------------------
Train Iter:[0  /772] CauLoss:[1.4551], AdvLoss:[0.3074]
Train Iter:[193/772] CauLoss:[1.0902], AdvLoss:[0.0895]
Train Iter:[386/772] CauLoss:[1.0972], AdvLoss:[0.0948]
Train Iter:[579/772] CauLoss:[1.0997], AdvLoss:[0.0981]
--------------------------------------------------------------------------------------------------------------------------------------------------------------------------------------------------------
Epoch:[51/100], CauAdvLoss:[1.0984/0.0977] valid:[75.31], test:[66.77]
--------------------------------------------------------------------------------------------------------------------------------------------------------------------------------------------------------
Train Iter:[0  /772] CauLoss:[1.2614], AdvLoss:[0.2498]
Train Iter:[193/772] CauLoss:[1.1061], AdvLoss:[0.1041]
Train Iter:[386/772] CauLoss:[1.1129], AdvLoss:[0.1058]
Train Iter:[579/772] CauLoss:[1.1026], AdvLoss:[0.0998]
--------------------------------------------------------------------------------------------------------------------------------------------------------------------------------------------------------
Epoch:[52/100], CauAdvLoss:[1.0975/0.0985] valid:[76.78], test:[64.16]
--------------------------------------------------------------------------------------------------------------------------------------------------------------------------------------------------------
Train Iter:[0  /772] CauLoss:[1.0936], AdvLoss:[0.1001]
Train Iter:[193/772] CauLoss:[1.0950], AdvLoss:[0.0967]
Train Iter:[386/772] CauLoss:[1.1040], AdvLoss:[0.1023]
Train Iter:[579/772] CauLoss:[1.1027], AdvLoss:[0.1007]
--------------------------------------------------------------------------------------------------------------------------------------------------------------------------------------------------------
Epoch:[53/100], CauAdvLoss:[1.0983/0.0995] valid:[74.49], test:[60.36]
--------------------------------------------------------------------------------------------------------------------------------------------------------------------------------------------------------
Train Iter:[0  /772] CauLoss:[0.9474], AdvLoss:[0.0098]
Train Iter:[193/772] CauLoss:[1.0839], AdvLoss:[0.0931]
Train Iter:[386/772] CauLoss:[1.0958], AdvLoss:[0.0976]
Train Iter:[579/772] CauLoss:[1.0933], AdvLoss:[0.0971]
--------------------------------------------------------------------------------------------------------------------------------------------------------------------------------------------------------
Epoch:[54/100], CauAdvLoss:[1.0947/0.0978] valid:[76.14], test:[63.15]
--------------------------------------------------------------------------------------------------------------------------------------------------------------------------------------------------------
Train Iter:[0  /772] CauLoss:[1.1920], AdvLoss:[0.1750]
Train Iter:[193/772] CauLoss:[1.1058], AdvLoss:[0.0993]
Train Iter:[386/772] CauLoss:[1.0975], AdvLoss:[0.0985]
Train Iter:[579/772] CauLoss:[1.0917], AdvLoss:[0.0962]
--------------------------------------------------------------------------------------------------------------------------------------------------------------------------------------------------------
Epoch:[55/100], CauAdvLoss:[1.0931/0.0978] valid:[76.27], test:[63.22]
--------------------------------------------------------------------------------------------------------------------------------------------------------------------------------------------------------
Train Iter:[0  /772] CauLoss:[0.9595], AdvLoss:[0.0049]
Train Iter:[193/772] CauLoss:[1.0895], AdvLoss:[0.0972]
Train Iter:[386/772] CauLoss:[1.0863], AdvLoss:[0.0939]
Train Iter:[579/772] CauLoss:[1.0922], AdvLoss:[0.0971]
--------------------------------------------------------------------------------------------------------------------------------------------------------------------------------------------------------
Epoch:[56/100], CauAdvLoss:[1.0922/0.0967] valid:[76.51], test:[63.53]
--------------------------------------------------------------------------------------------------------------------------------------------------------------------------------------------------------
Train Iter:[0  /772] CauLoss:[0.9541], AdvLoss:[0.0042]
Train Iter:[193/772] CauLoss:[1.0978], AdvLoss:[0.0988]
Train Iter:[386/772] CauLoss:[1.0965], AdvLoss:[0.0971]
Train Iter:[579/772] CauLoss:[1.0943], AdvLoss:[0.0956]
--------------------------------------------------------------------------------------------------------------------------------------------------------------------------------------------------------
Epoch:[57/100], CauAdvLoss:[1.0939/0.0975] valid:[76.02], test:[64.01]
--------------------------------------------------------------------------------------------------------------------------------------------------------------------------------------------------------
Train Iter:[0  /772] CauLoss:[1.3277], AdvLoss:[0.4021]
Train Iter:[193/772] CauLoss:[1.0908], AdvLoss:[0.0952]
Train Iter:[386/772] CauLoss:[1.0921], AdvLoss:[0.0938]
Train Iter:[579/772] CauLoss:[1.0902], AdvLoss:[0.0943]
--------------------------------------------------------------------------------------------------------------------------------------------------------------------------------------------------------
Epoch:[58/100], CauAdvLoss:[1.0932/0.0963] valid:[76.10], test:[61.48]
--------------------------------------------------------------------------------------------------------------------------------------------------------------------------------------------------------
Train Iter:[0  /772] CauLoss:[0.9817], AdvLoss:[0.0137]
Train Iter:[193/772] CauLoss:[1.0728], AdvLoss:[0.0916]
Train Iter:[386/772] CauLoss:[1.0743], AdvLoss:[0.0901]
Train Iter:[579/772] CauLoss:[1.0870], AdvLoss:[0.0970]
--------------------------------------------------------------------------------------------------------------------------------------------------------------------------------------------------------
Epoch:[59/100], CauAdvLoss:[1.0913/0.0994] valid:[74.45], test:[65.51]
--------------------------------------------------------------------------------------------------------------------------------------------------------------------------------------------------------
Train Iter:[0  /772] CauLoss:[1.5673], AdvLoss:[0.2784]
Train Iter:[193/772] CauLoss:[1.0841], AdvLoss:[0.0938]
Train Iter:[386/772] CauLoss:[1.0851], AdvLoss:[0.0968]
Train Iter:[579/772] CauLoss:[1.0846], AdvLoss:[0.0966]
--------------------------------------------------------------------------------------------------------------------------------------------------------------------------------------------------------
Epoch:[60/100], CauAdvLoss:[1.0855/0.0962] valid:[75.79], test:[63.63]
--------------------------------------------------------------------------------------------------------------------------------------------------------------------------------------------------------
Train Iter:[0  /772] CauLoss:[0.9552], AdvLoss:[0.0171]
Train Iter:[193/772] CauLoss:[1.0923], AdvLoss:[0.0959]
Train Iter:[386/772] CauLoss:[1.0894], AdvLoss:[0.0925]
Train Iter:[579/772] CauLoss:[1.0879], AdvLoss:[0.0922]
--------------------------------------------------------------------------------------------------------------------------------------------------------------------------------------------------------
Epoch:[61/100], CauAdvLoss:[1.0906/0.0943] valid:[75.73], test:[61.80]
--------------------------------------------------------------------------------------------------------------------------------------------------------------------------------------------------------
Train Iter:[0  /772] CauLoss:[1.4067], AdvLoss:[0.2692]
Train Iter:[193/772] CauLoss:[1.0793], AdvLoss:[0.0886]
Train Iter:[386/772] CauLoss:[1.0892], AdvLoss:[0.0923]
Train Iter:[579/772] CauLoss:[1.0931], AdvLoss:[0.0958]
--------------------------------------------------------------------------------------------------------------------------------------------------------------------------------------------------------
Epoch:[62/100], CauAdvLoss:[1.0907/0.0946] valid:[74.60], test:[61.83]
--------------------------------------------------------------------------------------------------------------------------------------------------------------------------------------------------------
Train Iter:[0  /772] CauLoss:[0.9925], AdvLoss:[0.0242]
Train Iter:[193/772] CauLoss:[1.0824], AdvLoss:[0.0914]
Train Iter:[386/772] CauLoss:[1.0736], AdvLoss:[0.0866]
Train Iter:[579/772] CauLoss:[1.0864], AdvLoss:[0.0923]
--------------------------------------------------------------------------------------------------------------------------------------------------------------------------------------------------------
Epoch:[63/100], CauAdvLoss:[1.0891/0.0946] valid:[75.20], test:[64.95]
--------------------------------------------------------------------------------------------------------------------------------------------------------------------------------------------------------
Train Iter:[0  /772] CauLoss:[1.2091], AdvLoss:[0.1731]
Train Iter:[193/772] CauLoss:[1.0827], AdvLoss:[0.0948]
Train Iter:[386/772] CauLoss:[1.0811], AdvLoss:[0.0948]
Train Iter:[579/772] CauLoss:[1.0851], AdvLoss:[0.0956]
--------------------------------------------------------------------------------------------------------------------------------------------------------------------------------------------------------
Epoch:[64/100], CauAdvLoss:[1.0863/0.0957] valid:[75.93], test:[65.18]
--------------------------------------------------------------------------------------------------------------------------------------------------------------------------------------------------------
Train Iter:[0  /772] CauLoss:[1.0539], AdvLoss:[0.0959]
Train Iter:[193/772] CauLoss:[1.0795], AdvLoss:[0.0934]
Train Iter:[386/772] CauLoss:[1.0872], AdvLoss:[0.0965]
Train Iter:[579/772] CauLoss:[1.0833], AdvLoss:[0.0978]
--------------------------------------------------------------------------------------------------------------------------------------------------------------------------------------------------------
Epoch:[65/100], CauAdvLoss:[1.0832/0.0983] valid:[75.21], test:[64.38]
--------------------------------------------------------------------------------------------------------------------------------------------------------------------------------------------------------
Train Iter:[0  /772] CauLoss:[1.0848], AdvLoss:[0.1082]
Train Iter:[193/772] CauLoss:[1.0889], AdvLoss:[0.1059]
Train Iter:[386/772] CauLoss:[1.0866], AdvLoss:[0.0998]
Train Iter:[579/772] CauLoss:[1.0838], AdvLoss:[0.0988]
--------------------------------------------------------------------------------------------------------------------------------------------------------------------------------------------------------
Epoch:[66/100], CauAdvLoss:[1.0816/0.0990] valid:[74.69], test:[60.98]
--------------------------------------------------------------------------------------------------------------------------------------------------------------------------------------------------------
Train Iter:[0  /772] CauLoss:[1.4487], AdvLoss:[0.2082]
Train Iter:[193/772] CauLoss:[1.0804], AdvLoss:[0.0982]
Train Iter:[386/772] CauLoss:[1.0846], AdvLoss:[0.1030]
Train Iter:[579/772] CauLoss:[1.0856], AdvLoss:[0.1026]
--------------------------------------------------------------------------------------------------------------------------------------------------------------------------------------------------------
Epoch:[67/100], CauAdvLoss:[1.0837/0.1009] valid:[74.75], test:[62.51]
--------------------------------------------------------------------------------------------------------------------------------------------------------------------------------------------------------
Train Iter:[0  /772] CauLoss:[1.2338], AdvLoss:[0.2438]
Train Iter:[193/772] CauLoss:[1.0771], AdvLoss:[0.0956]
Train Iter:[386/772] CauLoss:[1.0795], AdvLoss:[0.0970]
Train Iter:[579/772] CauLoss:[1.0793], AdvLoss:[0.0964]
--------------------------------------------------------------------------------------------------------------------------------------------------------------------------------------------------------
Epoch:[68/100], CauAdvLoss:[1.0801/0.0965] valid:[77.22], test:[65.35]
--------------------------------------------------------------------------------------------------------------------------------------------------------------------------------------------------------
Train Iter:[0  /772] CauLoss:[1.0604], AdvLoss:[0.0529]
Train Iter:[193/772] CauLoss:[1.0566], AdvLoss:[0.0862]
Train Iter:[386/772] CauLoss:[1.0691], AdvLoss:[0.0940]
Train Iter:[579/772] CauLoss:[1.0732], AdvLoss:[0.0954]
--------------------------------------------------------------------------------------------------------------------------------------------------------------------------------------------------------
Epoch:[69/100], CauAdvLoss:[1.0783/0.0977] valid:[74.10], test:[60.55]
--------------------------------------------------------------------------------------------------------------------------------------------------------------------------------------------------------
Train Iter:[0  /772] CauLoss:[0.9931], AdvLoss:[0.0203]
Train Iter:[193/772] CauLoss:[1.0629], AdvLoss:[0.0830]
Train Iter:[386/772] CauLoss:[1.0708], AdvLoss:[0.0904]
Train Iter:[579/772] CauLoss:[1.0744], AdvLoss:[0.0909]
--------------------------------------------------------------------------------------------------------------------------------------------------------------------------------------------------------
Epoch:[70/100], CauAdvLoss:[1.0810/0.0946] valid:[75.18], test:[65.01]
--------------------------------------------------------------------------------------------------------------------------------------------------------------------------------------------------------
Train Iter:[0  /772] CauLoss:[1.2915], AdvLoss:[0.2374]
Train Iter:[193/772] CauLoss:[1.0787], AdvLoss:[0.0980]
Train Iter:[386/772] CauLoss:[1.0793], AdvLoss:[0.1011]
Train Iter:[579/772] CauLoss:[1.0747], AdvLoss:[0.0969]
--------------------------------------------------------------------------------------------------------------------------------------------------------------------------------------------------------
Epoch:[71/100], CauAdvLoss:[1.0766/0.0968] valid:[73.03], test:[63.56]
--------------------------------------------------------------------------------------------------------------------------------------------------------------------------------------------------------
Train Iter:[0  /772] CauLoss:[0.9909], AdvLoss:[0.0744]
Train Iter:[193/772] CauLoss:[1.0706], AdvLoss:[0.0883]
Train Iter:[386/772] CauLoss:[1.0683], AdvLoss:[0.0886]
Train Iter:[579/772] CauLoss:[1.0710], AdvLoss:[0.0917]
--------------------------------------------------------------------------------------------------------------------------------------------------------------------------------------------------------
Epoch:[72/100], CauAdvLoss:[1.0753/0.0929] valid:[75.57], test:[64.06]
--------------------------------------------------------------------------------------------------------------------------------------------------------------------------------------------------------
Train Iter:[0  /772] CauLoss:[0.9898], AdvLoss:[0.0915]
Train Iter:[193/772] CauLoss:[1.0642], AdvLoss:[0.0859]
Train Iter:[386/772] CauLoss:[1.0755], AdvLoss:[0.0936]
Train Iter:[579/772] CauLoss:[1.0751], AdvLoss:[0.0927]
--------------------------------------------------------------------------------------------------------------------------------------------------------------------------------------------------------
Epoch:[73/100], CauAdvLoss:[1.0770/0.0928] valid:[71.75], test:[64.51]
--------------------------------------------------------------------------------------------------------------------------------------------------------------------------------------------------------
Train Iter:[0  /772] CauLoss:[0.9304], AdvLoss:[0.0022]
Train Iter:[193/772] CauLoss:[1.0673], AdvLoss:[0.0878]
Train Iter:[386/772] CauLoss:[1.0750], AdvLoss:[0.0917]
Train Iter:[579/772] CauLoss:[1.0748], AdvLoss:[0.0920]
--------------------------------------------------------------------------------------------------------------------------------------------------------------------------------------------------------
Epoch:[74/100], CauAdvLoss:[1.0756/0.0912] valid:[74.92], test:[63.35]
--------------------------------------------------------------------------------------------------------------------------------------------------------------------------------------------------------
Train Iter:[0  /772] CauLoss:[0.9789], AdvLoss:[0.0036]
Train Iter:[193/772] CauLoss:[1.0714], AdvLoss:[0.0889]
Train Iter:[386/772] CauLoss:[1.0868], AdvLoss:[0.1000]
Train Iter:[579/772] CauLoss:[1.0798], AdvLoss:[0.0959]
--------------------------------------------------------------------------------------------------------------------------------------------------------------------------------------------------------
Epoch:[75/100], CauAdvLoss:[1.0758/0.0926] valid:[74.79], test:[65.46]
--------------------------------------------------------------------------------------------------------------------------------------------------------------------------------------------------------
Train Iter:[0  /772] CauLoss:[0.9977], AdvLoss:[0.0057]
Train Iter:[193/772] CauLoss:[1.0491], AdvLoss:[0.0839]
Train Iter:[386/772] CauLoss:[1.0606], AdvLoss:[0.0849]
Train Iter:[579/772] CauLoss:[1.0716], AdvLoss:[0.0884]
--------------------------------------------------------------------------------------------------------------------------------------------------------------------------------------------------------
Epoch:[76/100], CauAdvLoss:[1.0750/0.0918] valid:[75.62], test:[62.77]
--------------------------------------------------------------------------------------------------------------------------------------------------------------------------------------------------------
Train Iter:[0  /772] CauLoss:[0.9685], AdvLoss:[0.0229]
Train Iter:[193/772] CauLoss:[1.0721], AdvLoss:[0.0967]
Train Iter:[386/772] CauLoss:[1.0739], AdvLoss:[0.0985]
Train Iter:[579/772] CauLoss:[1.0821], AdvLoss:[0.0991]
--------------------------------------------------------------------------------------------------------------------------------------------------------------------------------------------------------
Epoch:[77/100], CauAdvLoss:[1.0768/0.0960] valid:[73.60], test:[63.32]
--------------------------------------------------------------------------------------------------------------------------------------------------------------------------------------------------------
Train Iter:[0  /772] CauLoss:[1.3941], AdvLoss:[0.2776]
Train Iter:[193/772] CauLoss:[1.0664], AdvLoss:[0.0952]
Train Iter:[386/772] CauLoss:[1.0757], AdvLoss:[0.0982]
Train Iter:[579/772] CauLoss:[1.0717], AdvLoss:[0.0954]
--------------------------------------------------------------------------------------------------------------------------------------------------------------------------------------------------------
Epoch:[78/100], CauAdvLoss:[1.0753/0.0992] valid:[75.17], test:[62.72]
--------------------------------------------------------------------------------------------------------------------------------------------------------------------------------------------------------
Train Iter:[0  /772] CauLoss:[0.9368], AdvLoss:[0.0160]
Train Iter:[193/772] CauLoss:[1.0804], AdvLoss:[0.1015]
Train Iter:[386/772] CauLoss:[1.0832], AdvLoss:[0.1014]
Train Iter:[579/772] CauLoss:[1.0784], AdvLoss:[0.0991]
--------------------------------------------------------------------------------------------------------------------------------------------------------------------------------------------------------
Epoch:[79/100], CauAdvLoss:[1.0700/0.0961] valid:[73.94], test:[63.82]
--------------------------------------------------------------------------------------------------------------------------------------------------------------------------------------------------------
Train Iter:[0  /772] CauLoss:[1.0468], AdvLoss:[0.0417]
Train Iter:[193/772] CauLoss:[1.0656], AdvLoss:[0.0897]
Train Iter:[386/772] CauLoss:[1.0679], AdvLoss:[0.0951]
Train Iter:[579/772] CauLoss:[1.0710], AdvLoss:[0.0977]
--------------------------------------------------------------------------------------------------------------------------------------------------------------------------------------------------------
Epoch:[80/100], CauAdvLoss:[1.0715/0.0975] valid:[73.64], test:[60.83]
--------------------------------------------------------------------------------------------------------------------------------------------------------------------------------------------------------
Train Iter:[0  /772] CauLoss:[1.4881], AdvLoss:[0.3753]
Train Iter:[193/772] CauLoss:[1.0675], AdvLoss:[0.0840]
Train Iter:[386/772] CauLoss:[1.0671], AdvLoss:[0.0882]
Train Iter:[579/772] CauLoss:[1.0680], AdvLoss:[0.0885]
--------------------------------------------------------------------------------------------------------------------------------------------------------------------------------------------------------
Epoch:[81/100], CauAdvLoss:[1.0718/0.0894] valid:[75.17], test:[62.67]
--------------------------------------------------------------------------------------------------------------------------------------------------------------------------------------------------------
Train Iter:[0  /772] CauLoss:[1.0547], AdvLoss:[0.1073]
Train Iter:[193/772] CauLoss:[1.0449], AdvLoss:[0.0800]
Train Iter:[386/772] CauLoss:[1.0570], AdvLoss:[0.0889]
Train Iter:[579/772] CauLoss:[1.0620], AdvLoss:[0.0914]
--------------------------------------------------------------------------------------------------------------------------------------------------------------------------------------------------------
Epoch:[82/100], CauAdvLoss:[1.0670/0.0919] valid:[72.97], test:[63.88]
--------------------------------------------------------------------------------------------------------------------------------------------------------------------------------------------------------
Train Iter:[0  /772] CauLoss:[0.9546], AdvLoss:[0.0090]
Train Iter:[193/772] CauLoss:[1.0616], AdvLoss:[0.0938]
Train Iter:[386/772] CauLoss:[1.0582], AdvLoss:[0.0887]
Train Iter:[579/772] CauLoss:[1.0648], AdvLoss:[0.0924]
--------------------------------------------------------------------------------------------------------------------------------------------------------------------------------------------------------
Epoch:[83/100], CauAdvLoss:[1.0694/0.0968] valid:[74.87], test:[64.73]
--------------------------------------------------------------------------------------------------------------------------------------------------------------------------------------------------------
Train Iter:[0  /772] CauLoss:[0.9463], AdvLoss:[0.0116]
Train Iter:[193/772] CauLoss:[1.0612], AdvLoss:[0.0896]
Train Iter:[386/772] CauLoss:[1.0610], AdvLoss:[0.0941]
Train Iter:[579/772] CauLoss:[1.0614], AdvLoss:[0.0970]
--------------------------------------------------------------------------------------------------------------------------------------------------------------------------------------------------------
Epoch:[84/100], CauAdvLoss:[1.0656/0.0999] valid:[73.78], test:[65.22]
--------------------------------------------------------------------------------------------------------------------------------------------------------------------------------------------------------
Train Iter:[0  /772] CauLoss:[1.0003], AdvLoss:[0.0637]
Train Iter:[193/772] CauLoss:[1.0806], AdvLoss:[0.1094]
Train Iter:[386/772] CauLoss:[1.0705], AdvLoss:[0.0996]
Train Iter:[579/772] CauLoss:[1.0677], AdvLoss:[0.0953]
--------------------------------------------------------------------------------------------------------------------------------------------------------------------------------------------------------
Epoch:[85/100], CauAdvLoss:[1.0698/0.0967] valid:[75.29], test:[64.30]
--------------------------------------------------------------------------------------------------------------------------------------------------------------------------------------------------------
Train Iter:[0  /772] CauLoss:[0.9344], AdvLoss:[0.0012]
Train Iter:[193/772] CauLoss:[1.0731], AdvLoss:[0.0923]
Train Iter:[386/772] CauLoss:[1.0691], AdvLoss:[0.0931]
Train Iter:[579/772] CauLoss:[1.0704], AdvLoss:[0.0971]
--------------------------------------------------------------------------------------------------------------------------------------------------------------------------------------------------------
Epoch:[86/100], CauAdvLoss:[1.0695/0.0978] valid:[73.27], test:[67.01]
--------------------------------------------------------------------------------------------------------------------------------------------------------------------------------------------------------
Train Iter:[0  /772] CauLoss:[0.9851], AdvLoss:[0.0724]
Train Iter:[193/772] CauLoss:[1.0648], AdvLoss:[0.0972]
Train Iter:[386/772] CauLoss:[1.0636], AdvLoss:[0.0951]
Train Iter:[579/772] CauLoss:[1.0595], AdvLoss:[0.0951]
--------------------------------------------------------------------------------------------------------------------------------------------------------------------------------------------------------
Epoch:[87/100], CauAdvLoss:[1.0662/0.0987] valid:[74.34], test:[64.75]
--------------------------------------------------------------------------------------------------------------------------------------------------------------------------------------------------------
Train Iter:[0  /772] CauLoss:[0.9656], AdvLoss:[0.0542]
Train Iter:[193/772] CauLoss:[1.0477], AdvLoss:[0.0825]
Train Iter:[386/772] CauLoss:[1.0618], AdvLoss:[0.0961]
Train Iter:[579/772] CauLoss:[1.0699], AdvLoss:[0.0993]
--------------------------------------------------------------------------------------------------------------------------------------------------------------------------------------------------------
Epoch:[88/100], CauAdvLoss:[1.0664/0.0981] valid:[74.62], test:[63.87]
--------------------------------------------------------------------------------------------------------------------------------------------------------------------------------------------------------
Train Iter:[0  /772] CauLoss:[1.1112], AdvLoss:[0.2015]
Train Iter:[193/772] CauLoss:[1.0586], AdvLoss:[0.0947]
Train Iter:[386/772] CauLoss:[1.0630], AdvLoss:[0.1001]
Train Iter:[579/772] CauLoss:[1.0610], AdvLoss:[0.0995]
--------------------------------------------------------------------------------------------------------------------------------------------------------------------------------------------------------
Epoch:[89/100], CauAdvLoss:[1.0626/0.0995] valid:[74.57], test:[63.93]
--------------------------------------------------------------------------------------------------------------------------------------------------------------------------------------------------------
Train Iter:[0  /772] CauLoss:[0.9477], AdvLoss:[0.0071]
Train Iter:[193/772] CauLoss:[1.0645], AdvLoss:[0.0917]
Train Iter:[386/772] CauLoss:[1.0618], AdvLoss:[0.0905]
Train Iter:[579/772] CauLoss:[1.0619], AdvLoss:[0.0946]
--------------------------------------------------------------------------------------------------------------------------------------------------------------------------------------------------------
Epoch:[90/100], CauAdvLoss:[1.0642/0.0984] valid:[75.12], test:[65.96]
--------------------------------------------------------------------------------------------------------------------------------------------------------------------------------------------------------
Train Iter:[0  /772] CauLoss:[1.0084], AdvLoss:[0.0108]
Train Iter:[193/772] CauLoss:[1.0650], AdvLoss:[0.0997]
Train Iter:[386/772] CauLoss:[1.0701], AdvLoss:[0.0981]
Train Iter:[579/772] CauLoss:[1.0649], AdvLoss:[0.0941]
--------------------------------------------------------------------------------------------------------------------------------------------------------------------------------------------------------
Epoch:[91/100], CauAdvLoss:[1.0653/0.0947] valid:[73.78], test:[62.72]
--------------------------------------------------------------------------------------------------------------------------------------------------------------------------------------------------------
Train Iter:[0  /772] CauLoss:[1.0278], AdvLoss:[0.0503]
Train Iter:[193/772] CauLoss:[1.0753], AdvLoss:[0.0952]
Train Iter:[386/772] CauLoss:[1.0622], AdvLoss:[0.0921]
Train Iter:[579/772] CauLoss:[1.0655], AdvLoss:[0.0924]
--------------------------------------------------------------------------------------------------------------------------------------------------------------------------------------------------------
Epoch:[92/100], CauAdvLoss:[1.0612/0.0904] valid:[73.34], test:[63.79]
--------------------------------------------------------------------------------------------------------------------------------------------------------------------------------------------------------
Train Iter:[0  /772] CauLoss:[1.5457], AdvLoss:[0.3064]
Train Iter:[193/772] CauLoss:[1.0638], AdvLoss:[0.1053]
Train Iter:[386/772] CauLoss:[1.0643], AdvLoss:[0.1005]
Train Iter:[579/772] CauLoss:[1.0657], AdvLoss:[0.0993]
--------------------------------------------------------------------------------------------------------------------------------------------------------------------------------------------------------
Epoch:[93/100], CauAdvLoss:[1.0615/0.0956] valid:[74.01], test:[66.31]
--------------------------------------------------------------------------------------------------------------------------------------------------------------------------------------------------------
Train Iter:[0  /772] CauLoss:[0.9852], AdvLoss:[0.0189]
Train Iter:[193/772] CauLoss:[1.0501], AdvLoss:[0.0865]
Train Iter:[386/772] CauLoss:[1.0577], AdvLoss:[0.0968]
Train Iter:[579/772] CauLoss:[1.0621], AdvLoss:[0.1023]
--------------------------------------------------------------------------------------------------------------------------------------------------------------------------------------------------------
Epoch:[94/100], CauAdvLoss:[1.0623/0.1023] valid:[74.79], test:[65.29]
--------------------------------------------------------------------------------------------------------------------------------------------------------------------------------------------------------
Train Iter:[0  /772] CauLoss:[1.2027], AdvLoss:[0.2550]
Train Iter:[193/772] CauLoss:[1.0506], AdvLoss:[0.0974]
Train Iter:[386/772] CauLoss:[1.0521], AdvLoss:[0.0975]
Train Iter:[579/772] CauLoss:[1.0561], AdvLoss:[0.1011]
--------------------------------------------------------------------------------------------------------------------------------------------------------------------------------------------------------
Epoch:[95/100], CauAdvLoss:[1.0582/0.1029] valid:[73.58], test:[66.11]
--------------------------------------------------------------------------------------------------------------------------------------------------------------------------------------------------------
Train Iter:[0  /772] CauLoss:[1.0542], AdvLoss:[0.1328]
Train Iter:[193/772] CauLoss:[1.0427], AdvLoss:[0.0972]
Train Iter:[386/772] CauLoss:[1.0521], AdvLoss:[0.1018]
Train Iter:[579/772] CauLoss:[1.0601], AdvLoss:[0.1028]
--------------------------------------------------------------------------------------------------------------------------------------------------------------------------------------------------------
Epoch:[96/100], CauAdvLoss:[1.0590/0.0980] valid:[72.17], test:[61.76]
--------------------------------------------------------------------------------------------------------------------------------------------------------------------------------------------------------
Train Iter:[0  /772] CauLoss:[0.9832], AdvLoss:[0.0650]
Train Iter:[193/772] CauLoss:[1.0555], AdvLoss:[0.0997]
Train Iter:[386/772] CauLoss:[1.0534], AdvLoss:[0.0954]
Train Iter:[579/772] CauLoss:[1.0585], AdvLoss:[0.0999]
--------------------------------------------------------------------------------------------------------------------------------------------------------------------------------------------------------
Epoch:[97/100], CauAdvLoss:[1.0565/0.0942] valid:[72.00], test:[62.79]
--------------------------------------------------------------------------------------------------------------------------------------------------------------------------------------------------------
Train Iter:[0  /772] CauLoss:[0.9357], AdvLoss:[0.0247]
Train Iter:[193/772] CauLoss:[1.0421], AdvLoss:[0.0813]
Train Iter:[386/772] CauLoss:[1.0584], AdvLoss:[0.0972]
Train Iter:[579/772] CauLoss:[1.0553], AdvLoss:[0.0944]
--------------------------------------------------------------------------------------------------------------------------------------------------------------------------------------------------------
Epoch:[98/100], CauAdvLoss:[1.0595/0.0961] valid:[73.50], test:[63.46]
--------------------------------------------------------------------------------------------------------------------------------------------------------------------------------------------------------
Train Iter:[0  /772] CauLoss:[1.1510], AdvLoss:[0.1072]
Train Iter:[193/772] CauLoss:[1.0411], AdvLoss:[0.0859]
Train Iter:[386/772] CauLoss:[1.0500], AdvLoss:[0.0944]
Train Iter:[579/772] CauLoss:[1.0565], AdvLoss:[0.1000]
--------------------------------------------------------------------------------------------------------------------------------------------------------------------------------------------------------
Epoch:[99/100], CauAdvLoss:[1.0536/0.0973] valid:[73.82], test:[66.13]
--------------------------------------------------------------------------------------------------------------------------------------------------------------------------------------------------------
Train Iter:[0  /772] CauLoss:[0.9994], AdvLoss:[0.0448]
Train Iter:[193/772] CauLoss:[1.0415], AdvLoss:[0.0898]
Train Iter:[386/772] CauLoss:[1.0470], AdvLoss:[0.0905]
Train Iter:[579/772] CauLoss:[1.0553], AdvLoss:[0.0959]
--------------------------------------------------------------------------------------------------------------------------------------------------------------------------------------------------------
Epoch:[100/100], CauAdvLoss:[1.0586/0.0975] valid:[75.50], test:[64.54]
--------------------------------------------------------------------------------------------------------------------------------------------------------------------------------------------------------
Update test:[65.40] at epoch:[43] | Total time:01:05:25
/workspace/AIA/Molhiv/GOOD/data/good_datasets/good_hiv.py:410: UserWarning: It is not recommended to directly access the internal storage format `data` of an 'InMemoryDataset'. The data of the dataset is already cached, so any modifications to `data` will not be reflected when accessing its elements. Clearing the cache now by removing all elements in `dataset._data_list`. If you are absolutely certain what you are doing, access the internal storage via `InMemoryDataset._data` instead to suppress this warning. Alternatively, you can access stacked individual attributes of every graph via `dataset.{attr_name}`.
  meta_info.num_envs = torch.unique(train_dataset.data.env_id).shape[0]
/workspace/AIA/Molhiv/GOOD/data/good_datasets/good_hiv.py:414: UserWarning: It is not recommended to directly access the internal storage format `data` of an 'InMemoryDataset'. If you are absolutely certain what you are doing, access the internal storage via `InMemoryDataset._data` instead to suppress this warning. Alternatively, you can access stacked individual attributes of every graph via `dataset.{attr_name}`.
  meta_info.num_classes = train_dataset.data.y.shape[1]
initialize network with kaiming
Train Iter:[0  /772] CauLoss:[3.9514], AdvLoss:[-117.1559]
Train Iter:[193/772] CauLoss:[1.4639], AdvLoss:[-0.5196]
Train Iter:[386/772] CauLoss:[1.3734], AdvLoss:[-0.1723]
Train Iter:[579/772] CauLoss:[1.3335], AdvLoss:[-0.0600]
--------------------------------------------------------------------------------------------------------------------------------------------------------------------------------------------------------
Epoch:[1/100], CauAdvLoss:[1.3108/-0.0071] valid:[73.03], test:[59.31]
--------------------------------------------------------------------------------------------------------------------------------------------------------------------------------------------------------
Train Iter:[0  /772] CauLoss:[1.1088], AdvLoss:[0.1029]
Train Iter:[193/772] CauLoss:[1.2468], AdvLoss:[0.1552]
Train Iter:[386/772] CauLoss:[1.2472], AdvLoss:[0.1573]
Train Iter:[579/772] CauLoss:[1.2411], AdvLoss:[0.1541]
--------------------------------------------------------------------------------------------------------------------------------------------------------------------------------------------------------
Epoch:[2/100], CauAdvLoss:[1.2407/0.1543] valid:[73.15], test:[61.91]
--------------------------------------------------------------------------------------------------------------------------------------------------------------------------------------------------------
Train Iter:[0  /772] CauLoss:[1.0085], AdvLoss:[0.0242]
Train Iter:[193/772] CauLoss:[1.2510], AdvLoss:[0.1592]
Train Iter:[386/772] CauLoss:[1.2381], AdvLoss:[0.1523]
Train Iter:[579/772] CauLoss:[1.2306], AdvLoss:[0.1480]
--------------------------------------------------------------------------------------------------------------------------------------------------------------------------------------------------------
Epoch:[3/100], CauAdvLoss:[1.2283/0.1466] valid:[77.75], test:[66.43]
--------------------------------------------------------------------------------------------------------------------------------------------------------------------------------------------------------
Train Iter:[0  /772] CauLoss:[1.1084], AdvLoss:[0.0638]
Train Iter:[193/772] CauLoss:[1.2184], AdvLoss:[0.1455]
Train Iter:[386/772] CauLoss:[1.2230], AdvLoss:[0.1505]
Train Iter:[579/772] CauLoss:[1.2112], AdvLoss:[0.1431]
--------------------------------------------------------------------------------------------------------------------------------------------------------------------------------------------------------
Epoch:[4/100], CauAdvLoss:[1.2148/0.1445] valid:[75.18], test:[64.77]
--------------------------------------------------------------------------------------------------------------------------------------------------------------------------------------------------------
Train Iter:[0  /772] CauLoss:[1.4575], AdvLoss:[0.2141]
Train Iter:[193/772] CauLoss:[1.2441], AdvLoss:[0.1568]
Train Iter:[386/772] CauLoss:[1.2130], AdvLoss:[0.1442]
Train Iter:[579/772] CauLoss:[1.2107], AdvLoss:[0.1423]
--------------------------------------------------------------------------------------------------------------------------------------------------------------------------------------------------------
Epoch:[5/100], CauAdvLoss:[1.2095/0.1416] valid:[74.18], test:[64.25]
--------------------------------------------------------------------------------------------------------------------------------------------------------------------------------------------------------
Train Iter:[0  /772] CauLoss:[1.2071], AdvLoss:[0.1316]
Train Iter:[193/772] CauLoss:[1.1901], AdvLoss:[0.1321]
Train Iter:[386/772] CauLoss:[1.2027], AdvLoss:[0.1395]
Train Iter:[579/772] CauLoss:[1.1997], AdvLoss:[0.1376]
--------------------------------------------------------------------------------------------------------------------------------------------------------------------------------------------------------
Epoch:[6/100], CauAdvLoss:[1.2008/0.1364] valid:[76.08], test:[67.02]
--------------------------------------------------------------------------------------------------------------------------------------------------------------------------------------------------------
Train Iter:[0  /772] CauLoss:[1.7799], AdvLoss:[0.4725]
Train Iter:[193/772] CauLoss:[1.2030], AdvLoss:[0.1376]
Train Iter:[386/772] CauLoss:[1.2080], AdvLoss:[0.1406]
Train Iter:[579/772] CauLoss:[1.1955], AdvLoss:[0.1355]
--------------------------------------------------------------------------------------------------------------------------------------------------------------------------------------------------------
Epoch:[7/100], CauAdvLoss:[1.1942/0.1348] valid:[76.81], test:[62.97]
--------------------------------------------------------------------------------------------------------------------------------------------------------------------------------------------------------
Train Iter:[0  /772] CauLoss:[1.1792], AdvLoss:[0.0811]
Train Iter:[193/772] CauLoss:[1.1896], AdvLoss:[0.1367]
Train Iter:[386/772] CauLoss:[1.1805], AdvLoss:[0.1297]
Train Iter:[579/772] CauLoss:[1.1805], AdvLoss:[0.1293]
--------------------------------------------------------------------------------------------------------------------------------------------------------------------------------------------------------
Epoch:[8/100], CauAdvLoss:[1.1847/0.1316] valid:[72.95], test:[68.34]
--------------------------------------------------------------------------------------------------------------------------------------------------------------------------------------------------------
Train Iter:[0  /772] CauLoss:[1.1751], AdvLoss:[0.0947]
Train Iter:[193/772] CauLoss:[1.1943], AdvLoss:[0.1396]
Train Iter:[386/772] CauLoss:[1.1920], AdvLoss:[0.1367]
Train Iter:[579/772] CauLoss:[1.1843], AdvLoss:[0.1312]
--------------------------------------------------------------------------------------------------------------------------------------------------------------------------------------------------------
Epoch:[9/100], CauAdvLoss:[1.1825/0.1306] valid:[74.74], test:[67.04]
--------------------------------------------------------------------------------------------------------------------------------------------------------------------------------------------------------
Train Iter:[0  /772] CauLoss:[1.0102], AdvLoss:[0.0174]
Train Iter:[193/772] CauLoss:[1.1872], AdvLoss:[0.1367]
Train Iter:[386/772] CauLoss:[1.1787], AdvLoss:[0.1304]
Train Iter:[579/772] CauLoss:[1.1846], AdvLoss:[0.1318]
--------------------------------------------------------------------------------------------------------------------------------------------------------------------------------------------------------
Epoch:[10/100], CauAdvLoss:[1.1734/0.1267] valid:[74.51], test:[67.23]
--------------------------------------------------------------------------------------------------------------------------------------------------------------------------------------------------------
Train Iter:[0  /772] CauLoss:[1.0094], AdvLoss:[0.0555]
Train Iter:[193/772] CauLoss:[1.1672], AdvLoss:[0.1244]
Train Iter:[386/772] CauLoss:[1.1666], AdvLoss:[0.1241]
Train Iter:[579/772] CauLoss:[1.1661], AdvLoss:[0.1233]
--------------------------------------------------------------------------------------------------------------------------------------------------------------------------------------------------------
Epoch:[11/100], CauAdvLoss:[1.1678/0.1239] valid:[73.00], test:[69.21]
--------------------------------------------------------------------------------------------------------------------------------------------------------------------------------------------------------
Train Iter:[0  /772] CauLoss:[1.0198], AdvLoss:[0.0569]
Train Iter:[193/772] CauLoss:[1.1807], AdvLoss:[0.1299]
Train Iter:[386/772] CauLoss:[1.1695], AdvLoss:[0.1232]
Train Iter:[579/772] CauLoss:[1.1623], AdvLoss:[0.1209]
--------------------------------------------------------------------------------------------------------------------------------------------------------------------------------------------------------
Epoch:[12/100], CauAdvLoss:[1.1638/0.1216] valid:[73.56], test:[64.96]
--------------------------------------------------------------------------------------------------------------------------------------------------------------------------------------------------------
Train Iter:[0  /772] CauLoss:[0.9504], AdvLoss:[0.0128]
Train Iter:[193/772] CauLoss:[1.1536], AdvLoss:[0.1139]
Train Iter:[386/772] CauLoss:[1.1566], AdvLoss:[0.1188]
Train Iter:[579/772] CauLoss:[1.1533], AdvLoss:[0.1162]
--------------------------------------------------------------------------------------------------------------------------------------------------------------------------------------------------------
Epoch:[13/100], CauAdvLoss:[1.1595/0.1187] valid:[74.42], test:[65.73]
--------------------------------------------------------------------------------------------------------------------------------------------------------------------------------------------------------
Train Iter:[0  /772] CauLoss:[1.1143], AdvLoss:[0.0744]
Train Iter:[193/772] CauLoss:[1.1642], AdvLoss:[0.1207]
Train Iter:[386/772] CauLoss:[1.1631], AdvLoss:[0.1216]
Train Iter:[579/772] CauLoss:[1.1573], AdvLoss:[0.1176]
--------------------------------------------------------------------------------------------------------------------------------------------------------------------------------------------------------
Epoch:[14/100], CauAdvLoss:[1.1558/0.1167] valid:[74.11], test:[67.53]
--------------------------------------------------------------------------------------------------------------------------------------------------------------------------------------------------------
Train Iter:[0  /772] CauLoss:[1.3371], AdvLoss:[0.1815]
Train Iter:[193/772] CauLoss:[1.1404], AdvLoss:[0.1093]
Train Iter:[386/772] CauLoss:[1.1384], AdvLoss:[0.1075]
Train Iter:[579/772] CauLoss:[1.1496], AdvLoss:[0.1139]
--------------------------------------------------------------------------------------------------------------------------------------------------------------------------------------------------------
Epoch:[15/100], CauAdvLoss:[1.1526/0.1160] valid:[75.06], test:[64.64]
--------------------------------------------------------------------------------------------------------------------------------------------------------------------------------------------------------
Train Iter:[0  /772] CauLoss:[1.2286], AdvLoss:[0.1838]
Train Iter:[193/772] CauLoss:[1.1460], AdvLoss:[0.1157]
Train Iter:[386/772] CauLoss:[1.1483], AdvLoss:[0.1159]
Train Iter:[579/772] CauLoss:[1.1525], AdvLoss:[0.1164]
--------------------------------------------------------------------------------------------------------------------------------------------------------------------------------------------------------
Epoch:[16/100], CauAdvLoss:[1.1489/0.1144] valid:[76.74], test:[69.92]
--------------------------------------------------------------------------------------------------------------------------------------------------------------------------------------------------------
Train Iter:[0  /772] CauLoss:[1.1389], AdvLoss:[0.0818]
Train Iter:[193/772] CauLoss:[1.1383], AdvLoss:[0.1100]
Train Iter:[386/772] CauLoss:[1.1388], AdvLoss:[0.1085]
Train Iter:[579/772] CauLoss:[1.1415], AdvLoss:[0.1095]
--------------------------------------------------------------------------------------------------------------------------------------------------------------------------------------------------------
Epoch:[17/100], CauAdvLoss:[1.1457/0.1127] valid:[76.69], test:[73.24]
--------------------------------------------------------------------------------------------------------------------------------------------------------------------------------------------------------
Train Iter:[0  /772] CauLoss:[1.0042], AdvLoss:[0.0183]
Train Iter:[193/772] CauLoss:[1.1484], AdvLoss:[0.1122]
Train Iter:[386/772] CauLoss:[1.1423], AdvLoss:[0.1118]
Train Iter:[579/772] CauLoss:[1.1446], AdvLoss:[0.1123]
--------------------------------------------------------------------------------------------------------------------------------------------------------------------------------------------------------
Epoch:[18/100], CauAdvLoss:[1.1449/0.1119] valid:[75.33], test:[69.29]
--------------------------------------------------------------------------------------------------------------------------------------------------------------------------------------------------------
Train Iter:[0  /772] CauLoss:[1.2376], AdvLoss:[0.1582]
Train Iter:[193/772] CauLoss:[1.1469], AdvLoss:[0.1121]
Train Iter:[386/772] CauLoss:[1.1379], AdvLoss:[0.1083]
Train Iter:[579/772] CauLoss:[1.1417], AdvLoss:[0.1107]
--------------------------------------------------------------------------------------------------------------------------------------------------------------------------------------------------------
Epoch:[19/100], CauAdvLoss:[1.1443/0.1121] valid:[74.71], test:[66.01]
--------------------------------------------------------------------------------------------------------------------------------------------------------------------------------------------------------
Train Iter:[0  /772] CauLoss:[1.2161], AdvLoss:[0.1606]
Train Iter:[193/772] CauLoss:[1.1356], AdvLoss:[0.1114]
Train Iter:[386/772] CauLoss:[1.1396], AdvLoss:[0.1118]
Train Iter:[579/772] CauLoss:[1.1417], AdvLoss:[0.1122]
--------------------------------------------------------------------------------------------------------------------------------------------------------------------------------------------------------
Epoch:[20/100], CauAdvLoss:[1.1387/0.1104] valid:[73.01], test:[66.32]
--------------------------------------------------------------------------------------------------------------------------------------------------------------------------------------------------------
Train Iter:[0  /772] CauLoss:[1.0705], AdvLoss:[0.0853]
Train Iter:[193/772] CauLoss:[1.1380], AdvLoss:[0.1074]
Train Iter:[386/772] CauLoss:[1.1357], AdvLoss:[0.1089]
Train Iter:[579/772] CauLoss:[1.1357], AdvLoss:[0.1084]
--------------------------------------------------------------------------------------------------------------------------------------------------------------------------------------------------------
Epoch:[21/100], CauAdvLoss:[1.1364/0.1094] valid:[75.19], test:[67.74]
--------------------------------------------------------------------------------------------------------------------------------------------------------------------------------------------------------
Train Iter:[0  /772] CauLoss:[0.9455], AdvLoss:[0.0099]
Train Iter:[193/772] CauLoss:[1.1345], AdvLoss:[0.1088]
Train Iter:[386/772] CauLoss:[1.1324], AdvLoss:[0.1068]
Train Iter:[579/772] CauLoss:[1.1289], AdvLoss:[0.1053]
--------------------------------------------------------------------------------------------------------------------------------------------------------------------------------------------------------
Epoch:[22/100], CauAdvLoss:[1.1364/0.1086] valid:[74.34], test:[59.35]
--------------------------------------------------------------------------------------------------------------------------------------------------------------------------------------------------------
Train Iter:[0  /772] CauLoss:[1.3379], AdvLoss:[0.2159]
Train Iter:[193/772] CauLoss:[1.1171], AdvLoss:[0.1037]
Train Iter:[386/772] CauLoss:[1.1341], AdvLoss:[0.1090]
Train Iter:[579/772] CauLoss:[1.1321], AdvLoss:[0.1076]
--------------------------------------------------------------------------------------------------------------------------------------------------------------------------------------------------------
Epoch:[23/100], CauAdvLoss:[1.1336/0.1082] valid:[74.93], test:[65.91]
--------------------------------------------------------------------------------------------------------------------------------------------------------------------------------------------------------
Train Iter:[0  /772] CauLoss:[1.0815], AdvLoss:[0.0759]
Train Iter:[193/772] CauLoss:[1.1289], AdvLoss:[0.1071]
Train Iter:[386/772] CauLoss:[1.1370], AdvLoss:[0.1093]
Train Iter:[579/772] CauLoss:[1.1319], AdvLoss:[0.1068]
--------------------------------------------------------------------------------------------------------------------------------------------------------------------------------------------------------
Epoch:[24/100], CauAdvLoss:[1.1301/0.1065] valid:[75.87], test:[69.29]
--------------------------------------------------------------------------------------------------------------------------------------------------------------------------------------------------------
Train Iter:[0  /772] CauLoss:[1.1988], AdvLoss:[0.1569]
Train Iter:[193/772] CauLoss:[1.1404], AdvLoss:[0.1087]
Train Iter:[386/772] CauLoss:[1.1419], AdvLoss:[0.1105]
Train Iter:[579/772] CauLoss:[1.1365], AdvLoss:[0.1086]
--------------------------------------------------------------------------------------------------------------------------------------------------------------------------------------------------------
Epoch:[25/100], CauAdvLoss:[1.1322/0.1068] valid:[75.04], test:[64.45]
--------------------------------------------------------------------------------------------------------------------------------------------------------------------------------------------------------
Train Iter:[0  /772] CauLoss:[1.2363], AdvLoss:[0.2549]
Train Iter:[193/772] CauLoss:[1.1165], AdvLoss:[0.1005]
Train Iter:[386/772] CauLoss:[1.1177], AdvLoss:[0.1004]
Train Iter:[579/772] CauLoss:[1.1333], AdvLoss:[0.1075]
--------------------------------------------------------------------------------------------------------------------------------------------------------------------------------------------------------
Epoch:[26/100], CauAdvLoss:[1.1309/0.1058] valid:[74.75], test:[64.65]
--------------------------------------------------------------------------------------------------------------------------------------------------------------------------------------------------------
Train Iter:[0  /772] CauLoss:[0.9384], AdvLoss:[0.0096]
Train Iter:[193/772] CauLoss:[1.1177], AdvLoss:[0.1030]
Train Iter:[386/772] CauLoss:[1.1317], AdvLoss:[0.1108]
Train Iter:[579/772] CauLoss:[1.1255], AdvLoss:[0.1068]
--------------------------------------------------------------------------------------------------------------------------------------------------------------------------------------------------------
Epoch:[27/100], CauAdvLoss:[1.1273/0.1066] valid:[75.99], test:[65.09]
--------------------------------------------------------------------------------------------------------------------------------------------------------------------------------------------------------
Train Iter:[0  /772] CauLoss:[1.2565], AdvLoss:[0.1750]
Train Iter:[193/772] CauLoss:[1.1148], AdvLoss:[0.1010]
Train Iter:[386/772] CauLoss:[1.1205], AdvLoss:[0.1025]
Train Iter:[579/772] CauLoss:[1.1252], AdvLoss:[0.1046]
--------------------------------------------------------------------------------------------------------------------------------------------------------------------------------------------------------
Epoch:[28/100], CauAdvLoss:[1.1239/0.1040] valid:[76.22], test:[65.48]
--------------------------------------------------------------------------------------------------------------------------------------------------------------------------------------------------------
Train Iter:[0  /772] CauLoss:[1.1608], AdvLoss:[0.1172]
Train Iter:[193/772] CauLoss:[1.1278], AdvLoss:[0.1034]
Train Iter:[386/772] CauLoss:[1.1369], AdvLoss:[0.1101]
Train Iter:[579/772] CauLoss:[1.1302], AdvLoss:[0.1070]
--------------------------------------------------------------------------------------------------------------------------------------------------------------------------------------------------------
Epoch:[29/100], CauAdvLoss:[1.1222/0.1030] valid:[74.51], test:[67.22]
--------------------------------------------------------------------------------------------------------------------------------------------------------------------------------------------------------
Train Iter:[0  /772] CauLoss:[1.0003], AdvLoss:[0.0496]
Train Iter:[193/772] CauLoss:[1.1169], AdvLoss:[0.1064]
Train Iter:[386/772] CauLoss:[1.1196], AdvLoss:[0.1034]
Train Iter:[579/772] CauLoss:[1.1177], AdvLoss:[0.1022]
--------------------------------------------------------------------------------------------------------------------------------------------------------------------------------------------------------
Epoch:[30/100], CauAdvLoss:[1.1220/0.1041] valid:[75.15], test:[66.40]
--------------------------------------------------------------------------------------------------------------------------------------------------------------------------------------------------------
Train Iter:[0  /772] CauLoss:[1.1963], AdvLoss:[0.0962]
Train Iter:[193/772] CauLoss:[1.1276], AdvLoss:[0.1048]
Train Iter:[386/772] CauLoss:[1.1283], AdvLoss:[0.1040]
Train Iter:[579/772] CauLoss:[1.1241], AdvLoss:[0.1022]
--------------------------------------------------------------------------------------------------------------------------------------------------------------------------------------------------------
Epoch:[31/100], CauAdvLoss:[1.1239/0.1029] valid:[73.67], test:[63.81]
--------------------------------------------------------------------------------------------------------------------------------------------------------------------------------------------------------
Train Iter:[0  /772] CauLoss:[1.0812], AdvLoss:[0.1114]
Train Iter:[193/772] CauLoss:[1.1210], AdvLoss:[0.1009]
Train Iter:[386/772] CauLoss:[1.1289], AdvLoss:[0.1058]
Train Iter:[579/772] CauLoss:[1.1214], AdvLoss:[0.1023]
--------------------------------------------------------------------------------------------------------------------------------------------------------------------------------------------------------
Epoch:[32/100], CauAdvLoss:[1.1207/0.1023] valid:[74.45], test:[62.87]
--------------------------------------------------------------------------------------------------------------------------------------------------------------------------------------------------------
Train Iter:[0  /772] CauLoss:[0.9462], AdvLoss:[0.0109]
Train Iter:[193/772] CauLoss:[1.1128], AdvLoss:[0.0998]
Train Iter:[386/772] CauLoss:[1.1074], AdvLoss:[0.0972]
Train Iter:[579/772] CauLoss:[1.1163], AdvLoss:[0.1010]
--------------------------------------------------------------------------------------------------------------------------------------------------------------------------------------------------------
Epoch:[33/100], CauAdvLoss:[1.1181/0.1023] valid:[74.33], test:[64.53]
--------------------------------------------------------------------------------------------------------------------------------------------------------------------------------------------------------
Train Iter:[0  /772] CauLoss:[0.9743], AdvLoss:[0.0243]
Train Iter:[193/772] CauLoss:[1.0958], AdvLoss:[0.0889]
Train Iter:[386/772] CauLoss:[1.1068], AdvLoss:[0.0951]
Train Iter:[579/772] CauLoss:[1.1146], AdvLoss:[0.0998]
--------------------------------------------------------------------------------------------------------------------------------------------------------------------------------------------------------
Epoch:[34/100], CauAdvLoss:[1.1166/0.1012] valid:[74.43], test:[66.17]
--------------------------------------------------------------------------------------------------------------------------------------------------------------------------------------------------------
Train Iter:[0  /772] CauLoss:[1.0535], AdvLoss:[0.0308]
Train Iter:[193/772] CauLoss:[1.1138], AdvLoss:[0.0969]
Train Iter:[386/772] CauLoss:[1.1042], AdvLoss:[0.0942]
Train Iter:[579/772] CauLoss:[1.1156], AdvLoss:[0.1003]
--------------------------------------------------------------------------------------------------------------------------------------------------------------------------------------------------------
Epoch:[35/100], CauAdvLoss:[1.1166/0.1013] valid:[75.62], test:[63.62]
--------------------------------------------------------------------------------------------------------------------------------------------------------------------------------------------------------
Train Iter:[0  /772] CauLoss:[1.3913], AdvLoss:[0.2618]
Train Iter:[193/772] CauLoss:[1.1102], AdvLoss:[0.0968]
Train Iter:[386/772] CauLoss:[1.1268], AdvLoss:[0.1062]
Train Iter:[579/772] CauLoss:[1.1169], AdvLoss:[0.1013]
--------------------------------------------------------------------------------------------------------------------------------------------------------------------------------------------------------
Epoch:[36/100], CauAdvLoss:[1.1134/0.1002] valid:[75.36], test:[61.61]
--------------------------------------------------------------------------------------------------------------------------------------------------------------------------------------------------------
Train Iter:[0  /772] CauLoss:[0.9592], AdvLoss:[0.0082]
Train Iter:[193/772] CauLoss:[1.1106], AdvLoss:[0.0963]
Train Iter:[386/772] CauLoss:[1.1133], AdvLoss:[0.0988]
Train Iter:[579/772] CauLoss:[1.1126], AdvLoss:[0.0987]
--------------------------------------------------------------------------------------------------------------------------------------------------------------------------------------------------------
Epoch:[37/100], CauAdvLoss:[1.1151/0.0997] valid:[75.10], test:[64.86]
--------------------------------------------------------------------------------------------------------------------------------------------------------------------------------------------------------
Train Iter:[0  /772] CauLoss:[0.9973], AdvLoss:[0.0278]
Train Iter:[193/772] CauLoss:[1.1265], AdvLoss:[0.1027]
Train Iter:[386/772] CauLoss:[1.1167], AdvLoss:[0.1015]
Train Iter:[579/772] CauLoss:[1.1130], AdvLoss:[0.0998]
--------------------------------------------------------------------------------------------------------------------------------------------------------------------------------------------------------
Epoch:[38/100], CauAdvLoss:[1.1109/0.0985] valid:[74.40], test:[61.91]
--------------------------------------------------------------------------------------------------------------------------------------------------------------------------------------------------------
Train Iter:[0  /772] CauLoss:[0.9964], AdvLoss:[0.0586]
Train Iter:[193/772] CauLoss:[1.0907], AdvLoss:[0.0880]
Train Iter:[386/772] CauLoss:[1.0989], AdvLoss:[0.0935]
Train Iter:[579/772] CauLoss:[1.1062], AdvLoss:[0.0965]
--------------------------------------------------------------------------------------------------------------------------------------------------------------------------------------------------------
Epoch:[39/100], CauAdvLoss:[1.1114/0.0994] valid:[73.91], test:[64.03]
--------------------------------------------------------------------------------------------------------------------------------------------------------------------------------------------------------
Train Iter:[0  /772] CauLoss:[0.9697], AdvLoss:[0.0075]
Train Iter:[193/772] CauLoss:[1.1193], AdvLoss:[0.1027]
Train Iter:[386/772] CauLoss:[1.1080], AdvLoss:[0.0978]
Train Iter:[579/772] CauLoss:[1.1057], AdvLoss:[0.0970]
--------------------------------------------------------------------------------------------------------------------------------------------------------------------------------------------------------
Epoch:[40/100], CauAdvLoss:[1.1097/0.0986] valid:[73.28], test:[62.77]
--------------------------------------------------------------------------------------------------------------------------------------------------------------------------------------------------------
Train Iter:[0  /772] CauLoss:[1.3802], AdvLoss:[0.2650]
Train Iter:[193/772] CauLoss:[1.1182], AdvLoss:[0.1019]
Train Iter:[386/772] CauLoss:[1.1189], AdvLoss:[0.1016]
Train Iter:[579/772] CauLoss:[1.1168], AdvLoss:[0.1007]
--------------------------------------------------------------------------------------------------------------------------------------------------------------------------------------------------------
Epoch:[41/100], CauAdvLoss:[1.1108/0.0979] valid:[75.68], test:[64.71]
--------------------------------------------------------------------------------------------------------------------------------------------------------------------------------------------------------
Train Iter:[0  /772] CauLoss:[1.3184], AdvLoss:[0.2773]
Train Iter:[193/772] CauLoss:[1.1084], AdvLoss:[0.0975]
Train Iter:[386/772] CauLoss:[1.1058], AdvLoss:[0.0983]
Train Iter:[579/772] CauLoss:[1.1049], AdvLoss:[0.0979]
--------------------------------------------------------------------------------------------------------------------------------------------------------------------------------------------------------
Epoch:[42/100], CauAdvLoss:[1.1073/0.0978] valid:[75.59], test:[65.90]
--------------------------------------------------------------------------------------------------------------------------------------------------------------------------------------------------------
Train Iter:[0  /772] CauLoss:[1.0650], AdvLoss:[0.0472]
Train Iter:[193/772] CauLoss:[1.1128], AdvLoss:[0.1035]
Train Iter:[386/772] CauLoss:[1.1052], AdvLoss:[0.0981]
Train Iter:[579/772] CauLoss:[1.1034], AdvLoss:[0.0988]
--------------------------------------------------------------------------------------------------------------------------------------------------------------------------------------------------------
Epoch:[43/100], CauAdvLoss:[1.1056/0.0994] valid:[74.57], test:[66.51]
--------------------------------------------------------------------------------------------------------------------------------------------------------------------------------------------------------
Train Iter:[0  /772] CauLoss:[1.2645], AdvLoss:[0.2622]
Train Iter:[193/772] CauLoss:[1.1063], AdvLoss:[0.1012]
Train Iter:[386/772] CauLoss:[1.1122], AdvLoss:[0.1020]
Train Iter:[579/772] CauLoss:[1.1071], AdvLoss:[0.0985]
--------------------------------------------------------------------------------------------------------------------------------------------------------------------------------------------------------
Epoch:[44/100], CauAdvLoss:[1.1065/0.0988] valid:[74.64], test:[67.23]
--------------------------------------------------------------------------------------------------------------------------------------------------------------------------------------------------------
Train Iter:[0  /772] CauLoss:[0.9569], AdvLoss:[0.0138]
Train Iter:[193/772] CauLoss:[1.0852], AdvLoss:[0.0895]
Train Iter:[386/772] CauLoss:[1.0976], AdvLoss:[0.0962]
Train Iter:[579/772] CauLoss:[1.1021], AdvLoss:[0.0977]
--------------------------------------------------------------------------------------------------------------------------------------------------------------------------------------------------------
Epoch:[45/100], CauAdvLoss:[1.1051/0.0994] valid:[75.68], test:[62.41]
--------------------------------------------------------------------------------------------------------------------------------------------------------------------------------------------------------
Train Iter:[0  /772] CauLoss:[0.9516], AdvLoss:[0.0062]
Train Iter:[193/772] CauLoss:[1.1119], AdvLoss:[0.1052]
Train Iter:[386/772] CauLoss:[1.1127], AdvLoss:[0.1031]
Train Iter:[579/772] CauLoss:[1.1127], AdvLoss:[0.1044]
--------------------------------------------------------------------------------------------------------------------------------------------------------------------------------------------------------
Epoch:[46/100], CauAdvLoss:[1.1070/0.1003] valid:[73.21], test:[64.09]
--------------------------------------------------------------------------------------------------------------------------------------------------------------------------------------------------------
Train Iter:[0  /772] CauLoss:[1.1489], AdvLoss:[0.0896]
Train Iter:[193/772] CauLoss:[1.1327], AdvLoss:[0.1151]
Train Iter:[386/772] CauLoss:[1.1180], AdvLoss:[0.1064]
Train Iter:[579/772] CauLoss:[1.1103], AdvLoss:[0.1017]
--------------------------------------------------------------------------------------------------------------------------------------------------------------------------------------------------------
Epoch:[47/100], CauAdvLoss:[1.1034/0.0983] valid:[74.39], test:[66.62]
--------------------------------------------------------------------------------------------------------------------------------------------------------------------------------------------------------
Train Iter:[0  /772] CauLoss:[0.9716], AdvLoss:[0.0267]
Train Iter:[193/772] CauLoss:[1.0807], AdvLoss:[0.0810]
Train Iter:[386/772] CauLoss:[1.0956], AdvLoss:[0.0895]
Train Iter:[579/772] CauLoss:[1.0976], AdvLoss:[0.0907]
--------------------------------------------------------------------------------------------------------------------------------------------------------------------------------------------------------
Epoch:[48/100], CauAdvLoss:[1.1004/0.0927] valid:[75.39], test:[64.85]
--------------------------------------------------------------------------------------------------------------------------------------------------------------------------------------------------------
Train Iter:[0  /772] CauLoss:[0.9849], AdvLoss:[0.0206]
Train Iter:[193/772] CauLoss:[1.0832], AdvLoss:[0.0850]
Train Iter:[386/772] CauLoss:[1.0974], AdvLoss:[0.0947]
Train Iter:[579/772] CauLoss:[1.1012], AdvLoss:[0.0971]
--------------------------------------------------------------------------------------------------------------------------------------------------------------------------------------------------------
Epoch:[49/100], CauAdvLoss:[1.1012/0.0961] valid:[73.44], test:[64.74]
--------------------------------------------------------------------------------------------------------------------------------------------------------------------------------------------------------
Train Iter:[0  /772] CauLoss:[0.9972], AdvLoss:[0.0391]
Train Iter:[193/772] CauLoss:[1.0980], AdvLoss:[0.0943]
Train Iter:[386/772] CauLoss:[1.1095], AdvLoss:[0.0985]
Train Iter:[579/772] CauLoss:[1.1020], AdvLoss:[0.0948]
--------------------------------------------------------------------------------------------------------------------------------------------------------------------------------------------------------
Epoch:[50/100], CauAdvLoss:[1.0990/0.0934] valid:[75.11], test:[64.28]
--------------------------------------------------------------------------------------------------------------------------------------------------------------------------------------------------------
Train Iter:[0  /772] CauLoss:[1.1125], AdvLoss:[0.1524]
Train Iter:[193/772] CauLoss:[1.1059], AdvLoss:[0.0970]
Train Iter:[386/772] CauLoss:[1.0975], AdvLoss:[0.0916]
Train Iter:[579/772] CauLoss:[1.0984], AdvLoss:[0.0929]
--------------------------------------------------------------------------------------------------------------------------------------------------------------------------------------------------------
Epoch:[51/100], CauAdvLoss:[1.0982/0.0937] valid:[74.10], test:[62.36]
--------------------------------------------------------------------------------------------------------------------------------------------------------------------------------------------------------
Train Iter:[0  /772] CauLoss:[0.9574], AdvLoss:[0.0099]
Train Iter:[193/772] CauLoss:[1.0866], AdvLoss:[0.0858]
Train Iter:[386/772] CauLoss:[1.0931], AdvLoss:[0.0900]
Train Iter:[579/772] CauLoss:[1.0965], AdvLoss:[0.0924]
--------------------------------------------------------------------------------------------------------------------------------------------------------------------------------------------------------
Epoch:[52/100], CauAdvLoss:[1.0984/0.0936] valid:[75.05], test:[59.81]
--------------------------------------------------------------------------------------------------------------------------------------------------------------------------------------------------------
Train Iter:[0  /772] CauLoss:[1.1318], AdvLoss:[0.1306]
Train Iter:[193/772] CauLoss:[1.0932], AdvLoss:[0.0926]
Train Iter:[386/772] CauLoss:[1.0950], AdvLoss:[0.0948]
Train Iter:[579/772] CauLoss:[1.0949], AdvLoss:[0.0943]
--------------------------------------------------------------------------------------------------------------------------------------------------------------------------------------------------------
Epoch:[53/100], CauAdvLoss:[1.0929/0.0943] valid:[74.96], test:[63.72]
--------------------------------------------------------------------------------------------------------------------------------------------------------------------------------------------------------
Train Iter:[0  /772] CauLoss:[0.9456], AdvLoss:[0.0027]
Train Iter:[193/772] CauLoss:[1.0883], AdvLoss:[0.0932]
Train Iter:[386/772] CauLoss:[1.0845], AdvLoss:[0.0895]
Train Iter:[579/772] CauLoss:[1.0935], AdvLoss:[0.0940]
--------------------------------------------------------------------------------------------------------------------------------------------------------------------------------------------------------
Epoch:[54/100], CauAdvLoss:[1.0933/0.0929] valid:[75.66], test:[60.20]
--------------------------------------------------------------------------------------------------------------------------------------------------------------------------------------------------------
Train Iter:[0  /772] CauLoss:[1.0726], AdvLoss:[0.0879]
Train Iter:[193/772] CauLoss:[1.0930], AdvLoss:[0.0905]
Train Iter:[386/772] CauLoss:[1.0904], AdvLoss:[0.0917]
Train Iter:[579/772] CauLoss:[1.0890], AdvLoss:[0.0914]
--------------------------------------------------------------------------------------------------------------------------------------------------------------------------------------------------------
Epoch:[55/100], CauAdvLoss:[1.0928/0.0931] valid:[74.45], test:[65.81]
--------------------------------------------------------------------------------------------------------------------------------------------------------------------------------------------------------
Train Iter:[0  /772] CauLoss:[1.1896], AdvLoss:[0.1459]
Train Iter:[193/772] CauLoss:[1.1167], AdvLoss:[0.1011]
Train Iter:[386/772] CauLoss:[1.1061], AdvLoss:[0.0952]
Train Iter:[579/772] CauLoss:[1.1016], AdvLoss:[0.0953]
--------------------------------------------------------------------------------------------------------------------------------------------------------------------------------------------------------
Epoch:[56/100], CauAdvLoss:[1.0930/0.0912] valid:[76.32], test:[60.43]
--------------------------------------------------------------------------------------------------------------------------------------------------------------------------------------------------------
Train Iter:[0  /772] CauLoss:[0.9300], AdvLoss:[0.0019]
Train Iter:[193/772] CauLoss:[1.0928], AdvLoss:[0.0920]
Train Iter:[386/772] CauLoss:[1.0995], AdvLoss:[0.0966]
Train Iter:[579/772] CauLoss:[1.0972], AdvLoss:[0.0954]
--------------------------------------------------------------------------------------------------------------------------------------------------------------------------------------------------------
Epoch:[57/100], CauAdvLoss:[1.0933/0.0934] valid:[74.02], test:[62.22]
--------------------------------------------------------------------------------------------------------------------------------------------------------------------------------------------------------
Train Iter:[0  /772] CauLoss:[1.0289], AdvLoss:[0.0814]
Train Iter:[193/772] CauLoss:[1.0834], AdvLoss:[0.0860]
Train Iter:[386/772] CauLoss:[1.0860], AdvLoss:[0.0895]
Train Iter:[579/772] CauLoss:[1.0945], AdvLoss:[0.0948]
--------------------------------------------------------------------------------------------------------------------------------------------------------------------------------------------------------
Epoch:[58/100], CauAdvLoss:[1.0920/0.0936] valid:[76.29], test:[61.98]
--------------------------------------------------------------------------------------------------------------------------------------------------------------------------------------------------------
Train Iter:[0  /772] CauLoss:[0.9596], AdvLoss:[0.0069]
Train Iter:[193/772] CauLoss:[1.0752], AdvLoss:[0.0873]
Train Iter:[386/772] CauLoss:[1.0793], AdvLoss:[0.0878]
Train Iter:[579/772] CauLoss:[1.0845], AdvLoss:[0.0911]
--------------------------------------------------------------------------------------------------------------------------------------------------------------------------------------------------------
Epoch:[59/100], CauAdvLoss:[1.0944/0.0958] valid:[73.34], test:[61.21]
--------------------------------------------------------------------------------------------------------------------------------------------------------------------------------------------------------
Train Iter:[0  /772] CauLoss:[1.0828], AdvLoss:[0.0066]
Train Iter:[193/772] CauLoss:[1.0888], AdvLoss:[0.0978]
Train Iter:[386/772] CauLoss:[1.0794], AdvLoss:[0.0888]
Train Iter:[579/772] CauLoss:[1.0903], AdvLoss:[0.0930]
--------------------------------------------------------------------------------------------------------------------------------------------------------------------------------------------------------
Epoch:[60/100], CauAdvLoss:[1.0895/0.0929] valid:[74.33], test:[64.27]
--------------------------------------------------------------------------------------------------------------------------------------------------------------------------------------------------------
Train Iter:[0  /772] CauLoss:[0.9535], AdvLoss:[0.0071]
Train Iter:[193/772] CauLoss:[1.0937], AdvLoss:[0.0951]
Train Iter:[386/772] CauLoss:[1.0897], AdvLoss:[0.0938]
Train Iter:[579/772] CauLoss:[1.0865], AdvLoss:[0.0919]
--------------------------------------------------------------------------------------------------------------------------------------------------------------------------------------------------------
Epoch:[61/100], CauAdvLoss:[1.0904/0.0937] valid:[76.39], test:[61.73]
--------------------------------------------------------------------------------------------------------------------------------------------------------------------------------------------------------
Train Iter:[0  /772] CauLoss:[1.0134], AdvLoss:[0.0231]
Train Iter:[193/772] CauLoss:[1.0766], AdvLoss:[0.0893]
Train Iter:[386/772] CauLoss:[1.0764], AdvLoss:[0.0890]
Train Iter:[579/772] CauLoss:[1.0819], AdvLoss:[0.0910]
--------------------------------------------------------------------------------------------------------------------------------------------------------------------------------------------------------
Epoch:[62/100], CauAdvLoss:[1.0834/0.0938] valid:[74.93], test:[61.91]
--------------------------------------------------------------------------------------------------------------------------------------------------------------------------------------------------------
Train Iter:[0  /772] CauLoss:[0.9790], AdvLoss:[0.0224]
Train Iter:[193/772] CauLoss:[1.0821], AdvLoss:[0.0943]
Train Iter:[386/772] CauLoss:[1.0860], AdvLoss:[0.0952]
Train Iter:[579/772] CauLoss:[1.0901], AdvLoss:[0.0969]
--------------------------------------------------------------------------------------------------------------------------------------------------------------------------------------------------------
Epoch:[63/100], CauAdvLoss:[1.0865/0.0948] valid:[74.00], test:[61.34]
--------------------------------------------------------------------------------------------------------------------------------------------------------------------------------------------------------
Train Iter:[0  /772] CauLoss:[0.9361], AdvLoss:[0.0013]
Train Iter:[193/772] CauLoss:[1.0742], AdvLoss:[0.0873]
Train Iter:[386/772] CauLoss:[1.0792], AdvLoss:[0.0892]
Train Iter:[579/772] CauLoss:[1.0838], AdvLoss:[0.0921]
--------------------------------------------------------------------------------------------------------------------------------------------------------------------------------------------------------
Epoch:[64/100], CauAdvLoss:[1.0852/0.0905] valid:[74.70], test:[61.49]
--------------------------------------------------------------------------------------------------------------------------------------------------------------------------------------------------------
Train Iter:[0  /772] CauLoss:[1.0810], AdvLoss:[0.0973]
Train Iter:[193/772] CauLoss:[1.0747], AdvLoss:[0.0828]
Train Iter:[386/772] CauLoss:[1.0812], AdvLoss:[0.0891]
Train Iter:[579/772] CauLoss:[1.0858], AdvLoss:[0.0901]
--------------------------------------------------------------------------------------------------------------------------------------------------------------------------------------------------------
Epoch:[65/100], CauAdvLoss:[1.0853/0.0895] valid:[73.81], test:[56.76]
--------------------------------------------------------------------------------------------------------------------------------------------------------------------------------------------------------
Train Iter:[0  /772] CauLoss:[0.9895], AdvLoss:[0.0572]
Train Iter:[193/772] CauLoss:[1.0866], AdvLoss:[0.0941]
Train Iter:[386/772] CauLoss:[1.0855], AdvLoss:[0.0926]
Train Iter:[579/772] CauLoss:[1.0852], AdvLoss:[0.0932]
--------------------------------------------------------------------------------------------------------------------------------------------------------------------------------------------------------
Epoch:[66/100], CauAdvLoss:[1.0817/0.0902] valid:[74.53], test:[63.23]
--------------------------------------------------------------------------------------------------------------------------------------------------------------------------------------------------------
Train Iter:[0  /772] CauLoss:[0.9473], AdvLoss:[0.0329]
Train Iter:[193/772] CauLoss:[1.0862], AdvLoss:[0.0951]
Train Iter:[386/772] CauLoss:[1.0861], AdvLoss:[0.0959]
Train Iter:[579/772] CauLoss:[1.0832], AdvLoss:[0.0947]
--------------------------------------------------------------------------------------------------------------------------------------------------------------------------------------------------------
Epoch:[67/100], CauAdvLoss:[1.0794/0.0926] valid:[75.61], test:[61.42]
--------------------------------------------------------------------------------------------------------------------------------------------------------------------------------------------------------
Train Iter:[0  /772] CauLoss:[1.0356], AdvLoss:[0.0319]
Train Iter:[193/772] CauLoss:[1.0730], AdvLoss:[0.0799]
Train Iter:[386/772] CauLoss:[1.0690], AdvLoss:[0.0780]
Train Iter:[579/772] CauLoss:[1.0742], AdvLoss:[0.0829]
--------------------------------------------------------------------------------------------------------------------------------------------------------------------------------------------------------
Epoch:[68/100], CauAdvLoss:[1.0835/0.0886] valid:[73.95], test:[58.89]
--------------------------------------------------------------------------------------------------------------------------------------------------------------------------------------------------------
Train Iter:[0  /772] CauLoss:[0.9319], AdvLoss:[0.0059]
Train Iter:[193/772] CauLoss:[1.0836], AdvLoss:[0.0875]
Train Iter:[386/772] CauLoss:[1.0800], AdvLoss:[0.0902]
Train Iter:[579/772] CauLoss:[1.0809], AdvLoss:[0.0898]
--------------------------------------------------------------------------------------------------------------------------------------------------------------------------------------------------------
Epoch:[69/100], CauAdvLoss:[1.0824/0.0906] valid:[72.60], test:[59.77]
--------------------------------------------------------------------------------------------------------------------------------------------------------------------------------------------------------
Train Iter:[0  /772] CauLoss:[0.9686], AdvLoss:[0.0186]
Train Iter:[193/772] CauLoss:[1.0689], AdvLoss:[0.0817]
Train Iter:[386/772] CauLoss:[1.0790], AdvLoss:[0.0889]
Train Iter:[579/772] CauLoss:[1.0832], AdvLoss:[0.0895]
--------------------------------------------------------------------------------------------------------------------------------------------------------------------------------------------------------
Epoch:[70/100], CauAdvLoss:[1.0839/0.0897] valid:[74.82], test:[62.21]
--------------------------------------------------------------------------------------------------------------------------------------------------------------------------------------------------------
Train Iter:[0  /772] CauLoss:[0.9538], AdvLoss:[0.0068]
Train Iter:[193/772] CauLoss:[1.0780], AdvLoss:[0.0845]
Train Iter:[386/772] CauLoss:[1.0783], AdvLoss:[0.0898]
Train Iter:[579/772] CauLoss:[1.0810], AdvLoss:[0.0913]
--------------------------------------------------------------------------------------------------------------------------------------------------------------------------------------------------------
Epoch:[71/100], CauAdvLoss:[1.0774/0.0888] valid:[72.15], test:[58.04]
--------------------------------------------------------------------------------------------------------------------------------------------------------------------------------------------------------
Train Iter:[0  /772] CauLoss:[0.9479], AdvLoss:[0.0044]
Train Iter:[193/772] CauLoss:[1.0856], AdvLoss:[0.0929]
Train Iter:[386/772] CauLoss:[1.0780], AdvLoss:[0.0897]
Train Iter:[579/772] CauLoss:[1.0823], AdvLoss:[0.0937]
--------------------------------------------------------------------------------------------------------------------------------------------------------------------------------------------------------
Epoch:[72/100], CauAdvLoss:[1.0803/0.0920] valid:[73.44], test:[59.95]
--------------------------------------------------------------------------------------------------------------------------------------------------------------------------------------------------------
Train Iter:[0  /772] CauLoss:[1.2146], AdvLoss:[0.2271]
Train Iter:[193/772] CauLoss:[1.0605], AdvLoss:[0.0848]
Train Iter:[386/772] CauLoss:[1.0652], AdvLoss:[0.0881]
Train Iter:[579/772] CauLoss:[1.0703], AdvLoss:[0.0917]
--------------------------------------------------------------------------------------------------------------------------------------------------------------------------------------------------------
Epoch:[73/100], CauAdvLoss:[1.0766/0.0933] valid:[74.82], test:[60.40]
--------------------------------------------------------------------------------------------------------------------------------------------------------------------------------------------------------
Train Iter:[0  /772] CauLoss:[1.0195], AdvLoss:[0.0784]
Train Iter:[193/772] CauLoss:[1.0846], AdvLoss:[0.0898]
Train Iter:[386/772] CauLoss:[1.0763], AdvLoss:[0.0875]
Train Iter:[579/772] CauLoss:[1.0733], AdvLoss:[0.0874]
--------------------------------------------------------------------------------------------------------------------------------------------------------------------------------------------------------
Epoch:[74/100], CauAdvLoss:[1.0742/0.0898] valid:[74.32], test:[60.44]
--------------------------------------------------------------------------------------------------------------------------------------------------------------------------------------------------------
Train Iter:[0  /772] CauLoss:[1.1615], AdvLoss:[0.2041]
Train Iter:[193/772] CauLoss:[1.0657], AdvLoss:[0.0866]
Train Iter:[386/772] CauLoss:[1.0715], AdvLoss:[0.0918]
Train Iter:[579/772] CauLoss:[1.0767], AdvLoss:[0.0956]
--------------------------------------------------------------------------------------------------------------------------------------------------------------------------------------------------------
Epoch:[75/100], CauAdvLoss:[1.0775/0.0937] valid:[73.35], test:[61.83]
--------------------------------------------------------------------------------------------------------------------------------------------------------------------------------------------------------
Train Iter:[0  /772] CauLoss:[1.0220], AdvLoss:[0.0785]
Train Iter:[193/772] CauLoss:[1.0640], AdvLoss:[0.0819]
Train Iter:[386/772] CauLoss:[1.0685], AdvLoss:[0.0848]
Train Iter:[579/772] CauLoss:[1.0684], AdvLoss:[0.0857]
--------------------------------------------------------------------------------------------------------------------------------------------------------------------------------------------------------
Epoch:[76/100], CauAdvLoss:[1.0744/0.0901] valid:[73.09], test:[58.10]
--------------------------------------------------------------------------------------------------------------------------------------------------------------------------------------------------------
Train Iter:[0  /772] CauLoss:[0.9929], AdvLoss:[0.0204]
Train Iter:[193/772] CauLoss:[1.0695], AdvLoss:[0.0826]
Train Iter:[386/772] CauLoss:[1.0684], AdvLoss:[0.0848]
Train Iter:[579/772] CauLoss:[1.0745], AdvLoss:[0.0865]
--------------------------------------------------------------------------------------------------------------------------------------------------------------------------------------------------------
Epoch:[77/100], CauAdvLoss:[1.0776/0.0886] valid:[75.05], test:[60.14]
--------------------------------------------------------------------------------------------------------------------------------------------------------------------------------------------------------
Train Iter:[0  /772] CauLoss:[0.9990], AdvLoss:[0.0551]
Train Iter:[193/772] CauLoss:[1.0606], AdvLoss:[0.0801]
Train Iter:[386/772] CauLoss:[1.0705], AdvLoss:[0.0829]
Train Iter:[579/772] CauLoss:[1.0733], AdvLoss:[0.0851]
--------------------------------------------------------------------------------------------------------------------------------------------------------------------------------------------------------
Epoch:[78/100], CauAdvLoss:[1.0727/0.0861] valid:[71.81], test:[56.15]
--------------------------------------------------------------------------------------------------------------------------------------------------------------------------------------------------------
Train Iter:[0  /772] CauLoss:[0.9358], AdvLoss:[0.0023]
Train Iter:[193/772] CauLoss:[1.0477], AdvLoss:[0.0731]
Train Iter:[386/772] CauLoss:[1.0624], AdvLoss:[0.0833]
Train Iter:[579/772] CauLoss:[1.0700], AdvLoss:[0.0853]
--------------------------------------------------------------------------------------------------------------------------------------------------------------------------------------------------------
Epoch:[79/100], CauAdvLoss:[1.0734/0.0877] valid:[74.22], test:[57.46]
--------------------------------------------------------------------------------------------------------------------------------------------------------------------------------------------------------
Train Iter:[0  /772] CauLoss:[1.0173], AdvLoss:[0.0930]
Train Iter:[193/772] CauLoss:[1.0664], AdvLoss:[0.0816]
Train Iter:[386/772] CauLoss:[1.0740], AdvLoss:[0.0870]
Train Iter:[579/772] CauLoss:[1.0695], AdvLoss:[0.0852]
--------------------------------------------------------------------------------------------------------------------------------------------------------------------------------------------------------
Epoch:[80/100], CauAdvLoss:[1.0730/0.0871] valid:[74.05], test:[56.60]
--------------------------------------------------------------------------------------------------------------------------------------------------------------------------------------------------------
Train Iter:[0  /772] CauLoss:[0.9665], AdvLoss:[0.0057]
Train Iter:[193/772] CauLoss:[1.0719], AdvLoss:[0.0877]
Train Iter:[386/772] CauLoss:[1.0650], AdvLoss:[0.0845]
Train Iter:[579/772] CauLoss:[1.0728], AdvLoss:[0.0905]
--------------------------------------------------------------------------------------------------------------------------------------------------------------------------------------------------------
Epoch:[81/100], CauAdvLoss:[1.0726/0.0897] valid:[74.24], test:[57.88]
--------------------------------------------------------------------------------------------------------------------------------------------------------------------------------------------------------
Train Iter:[0  /772] CauLoss:[1.4841], AdvLoss:[0.4043]
Train Iter:[193/772] CauLoss:[1.0580], AdvLoss:[0.0821]
Train Iter:[386/772] CauLoss:[1.0699], AdvLoss:[0.0884]
Train Iter:[579/772] CauLoss:[1.0698], AdvLoss:[0.0904]
--------------------------------------------------------------------------------------------------------------------------------------------------------------------------------------------------------
Epoch:[82/100], CauAdvLoss:[1.0709/0.0902] valid:[75.86], test:[61.33]
--------------------------------------------------------------------------------------------------------------------------------------------------------------------------------------------------------
Train Iter:[0  /772] CauLoss:[1.1111], AdvLoss:[0.0890]
Train Iter:[193/772] CauLoss:[1.0680], AdvLoss:[0.0935]
Train Iter:[386/772] CauLoss:[1.0693], AdvLoss:[0.0937]
Train Iter:[579/772] CauLoss:[1.0688], AdvLoss:[0.0936]
--------------------------------------------------------------------------------------------------------------------------------------------------------------------------------------------------------
Epoch:[83/100], CauAdvLoss:[1.0678/0.0920] valid:[73.59], test:[56.10]
--------------------------------------------------------------------------------------------------------------------------------------------------------------------------------------------------------
Train Iter:[0  /772] CauLoss:[1.1208], AdvLoss:[0.0942]
Train Iter:[193/772] CauLoss:[1.0761], AdvLoss:[0.0905]
Train Iter:[386/772] CauLoss:[1.0710], AdvLoss:[0.0878]
Train Iter:[579/772] CauLoss:[1.0681], AdvLoss:[0.0861]
--------------------------------------------------------------------------------------------------------------------------------------------------------------------------------------------------------
Epoch:[84/100], CauAdvLoss:[1.0690/0.0891] valid:[73.46], test:[60.70]
--------------------------------------------------------------------------------------------------------------------------------------------------------------------------------------------------------
Train Iter:[0  /772] CauLoss:[0.9926], AdvLoss:[0.0210]
Train Iter:[193/772] CauLoss:[1.0666], AdvLoss:[0.0989]
Train Iter:[386/772] CauLoss:[1.0662], AdvLoss:[0.0936]
Train Iter:[579/772] CauLoss:[1.0625], AdvLoss:[0.0922]
--------------------------------------------------------------------------------------------------------------------------------------------------------------------------------------------------------
Epoch:[85/100], CauAdvLoss:[1.0636/0.0932] valid:[73.96], test:[60.79]
--------------------------------------------------------------------------------------------------------------------------------------------------------------------------------------------------------
Train Iter:[0  /772] CauLoss:[0.9834], AdvLoss:[0.0051]
Train Iter:[193/772] CauLoss:[1.0536], AdvLoss:[0.0829]
Train Iter:[386/772] CauLoss:[1.0668], AdvLoss:[0.0916]
Train Iter:[579/772] CauLoss:[1.0668], AdvLoss:[0.0909]
--------------------------------------------------------------------------------------------------------------------------------------------------------------------------------------------------------
Epoch:[86/100], CauAdvLoss:[1.0662/0.0923] valid:[74.15], test:[56.79]
--------------------------------------------------------------------------------------------------------------------------------------------------------------------------------------------------------
Train Iter:[0  /772] CauLoss:[1.0103], AdvLoss:[0.0780]
Train Iter:[193/772] CauLoss:[1.0610], AdvLoss:[0.0862]
Train Iter:[386/772] CauLoss:[1.0555], AdvLoss:[0.0876]
Train Iter:[579/772] CauLoss:[1.0603], AdvLoss:[0.0882]
--------------------------------------------------------------------------------------------------------------------------------------------------------------------------------------------------------
Epoch:[87/100], CauAdvLoss:[1.0640/0.0907] valid:[73.84], test:[61.81]
--------------------------------------------------------------------------------------------------------------------------------------------------------------------------------------------------------
Train Iter:[0  /772] CauLoss:[0.9477], AdvLoss:[0.0014]
Train Iter:[193/772] CauLoss:[1.0591], AdvLoss:[0.0840]
Train Iter:[386/772] CauLoss:[1.0561], AdvLoss:[0.0819]
Train Iter:[579/772] CauLoss:[1.0624], AdvLoss:[0.0861]
--------------------------------------------------------------------------------------------------------------------------------------------------------------------------------------------------------
Epoch:[88/100], CauAdvLoss:[1.0671/0.0893] valid:[73.16], test:[58.00]
--------------------------------------------------------------------------------------------------------------------------------------------------------------------------------------------------------
Train Iter:[0  /772] CauLoss:[1.0067], AdvLoss:[0.0477]
Train Iter:[193/772] CauLoss:[1.0625], AdvLoss:[0.0884]
Train Iter:[386/772] CauLoss:[1.0633], AdvLoss:[0.0879]
Train Iter:[579/772] CauLoss:[1.0627], AdvLoss:[0.0894]
--------------------------------------------------------------------------------------------------------------------------------------------------------------------------------------------------------
Epoch:[89/100], CauAdvLoss:[1.0630/0.0899] valid:[73.44], test:[59.02]
--------------------------------------------------------------------------------------------------------------------------------------------------------------------------------------------------------
Train Iter:[0  /772] CauLoss:[1.1932], AdvLoss:[0.1849]
Train Iter:[193/772] CauLoss:[1.0647], AdvLoss:[0.0858]
Train Iter:[386/772] CauLoss:[1.0668], AdvLoss:[0.0913]
Train Iter:[579/772] CauLoss:[1.0652], AdvLoss:[0.0899]
--------------------------------------------------------------------------------------------------------------------------------------------------------------------------------------------------------
Epoch:[90/100], CauAdvLoss:[1.0645/0.0895] valid:[73.76], test:[60.54]
--------------------------------------------------------------------------------------------------------------------------------------------------------------------------------------------------------
Train Iter:[0  /772] CauLoss:[0.9524], AdvLoss:[0.0032]
Train Iter:[193/772] CauLoss:[1.0646], AdvLoss:[0.0861]
Train Iter:[386/772] CauLoss:[1.0677], AdvLoss:[0.0898]
Train Iter:[579/772] CauLoss:[1.0635], AdvLoss:[0.0904]
--------------------------------------------------------------------------------------------------------------------------------------------------------------------------------------------------------
Epoch:[91/100], CauAdvLoss:[1.0633/0.0914] valid:[74.07], test:[61.03]
--------------------------------------------------------------------------------------------------------------------------------------------------------------------------------------------------------
Train Iter:[0  /772] CauLoss:[1.2173], AdvLoss:[0.2515]
Train Iter:[193/772] CauLoss:[1.0682], AdvLoss:[0.0937]
Train Iter:[386/772] CauLoss:[1.0577], AdvLoss:[0.0875]
Train Iter:[579/772] CauLoss:[1.0607], AdvLoss:[0.0891]
--------------------------------------------------------------------------------------------------------------------------------------------------------------------------------------------------------
Epoch:[92/100], CauAdvLoss:[1.0617/0.0894] valid:[75.29], test:[63.14]
--------------------------------------------------------------------------------------------------------------------------------------------------------------------------------------------------------
Train Iter:[0  /772] CauLoss:[1.0684], AdvLoss:[0.0776]
Train Iter:[193/772] CauLoss:[1.0608], AdvLoss:[0.0805]
Train Iter:[386/772] CauLoss:[1.0669], AdvLoss:[0.0893]
Train Iter:[579/772] CauLoss:[1.0660], AdvLoss:[0.0908]
--------------------------------------------------------------------------------------------------------------------------------------------------------------------------------------------------------
Epoch:[93/100], CauAdvLoss:[1.0629/0.0887] valid:[73.00], test:[64.36]
--------------------------------------------------------------------------------------------------------------------------------------------------------------------------------------------------------
Train Iter:[0  /772] CauLoss:[1.0624], AdvLoss:[0.0289]
Train Iter:[193/772] CauLoss:[1.0470], AdvLoss:[0.0823]
Train Iter:[386/772] CauLoss:[1.0558], AdvLoss:[0.0892]
Train Iter:[579/772] CauLoss:[1.0572], AdvLoss:[0.0901]
--------------------------------------------------------------------------------------------------------------------------------------------------------------------------------------------------------
Epoch:[94/100], CauAdvLoss:[1.0617/0.0920] valid:[73.12], test:[61.64]
--------------------------------------------------------------------------------------------------------------------------------------------------------------------------------------------------------
Train Iter:[0  /772] CauLoss:[1.1286], AdvLoss:[0.1706]
Train Iter:[193/772] CauLoss:[1.0545], AdvLoss:[0.0874]
Train Iter:[386/772] CauLoss:[1.0573], AdvLoss:[0.0851]
Train Iter:[579/772] CauLoss:[1.0574], AdvLoss:[0.0872]
--------------------------------------------------------------------------------------------------------------------------------------------------------------------------------------------------------
Epoch:[95/100], CauAdvLoss:[1.0599/0.0892] valid:[73.49], test:[62.43]
--------------------------------------------------------------------------------------------------------------------------------------------------------------------------------------------------------
Train Iter:[0  /772] CauLoss:[0.9850], AdvLoss:[0.0017]
Train Iter:[193/772] CauLoss:[1.0633], AdvLoss:[0.0878]
Train Iter:[386/772] CauLoss:[1.0604], AdvLoss:[0.0864]
Train Iter:[579/772] CauLoss:[1.0603], AdvLoss:[0.0860]
--------------------------------------------------------------------------------------------------------------------------------------------------------------------------------------------------------
Epoch:[96/100], CauAdvLoss:[1.0601/0.0868] valid:[73.13], test:[62.28]
--------------------------------------------------------------------------------------------------------------------------------------------------------------------------------------------------------
Train Iter:[0  /772] CauLoss:[0.9787], AdvLoss:[0.0198]
Train Iter:[193/772] CauLoss:[1.0585], AdvLoss:[0.0869]
Train Iter:[386/772] CauLoss:[1.0566], AdvLoss:[0.0924]
Train Iter:[579/772] CauLoss:[1.0546], AdvLoss:[0.0918]
--------------------------------------------------------------------------------------------------------------------------------------------------------------------------------------------------------
Epoch:[97/100], CauAdvLoss:[1.0593/0.0929] valid:[72.13], test:[57.50]
--------------------------------------------------------------------------------------------------------------------------------------------------------------------------------------------------------
Train Iter:[0  /772] CauLoss:[1.0407], AdvLoss:[0.0536]
Train Iter:[193/772] CauLoss:[1.0697], AdvLoss:[0.0931]
Train Iter:[386/772] CauLoss:[1.0612], AdvLoss:[0.0924]
Train Iter:[579/772] CauLoss:[1.0587], AdvLoss:[0.0927]
--------------------------------------------------------------------------------------------------------------------------------------------------------------------------------------------------------
Epoch:[98/100], CauAdvLoss:[1.0552/0.0912] valid:[74.20], test:[61.01]
--------------------------------------------------------------------------------------------------------------------------------------------------------------------------------------------------------
Train Iter:[0  /772] CauLoss:[0.9742], AdvLoss:[0.0188]
Train Iter:[193/772] CauLoss:[1.0550], AdvLoss:[0.0875]
Train Iter:[386/772] CauLoss:[1.0553], AdvLoss:[0.0868]
Train Iter:[579/772] CauLoss:[1.0606], AdvLoss:[0.0908]
--------------------------------------------------------------------------------------------------------------------------------------------------------------------------------------------------------
Epoch:[99/100], CauAdvLoss:[1.0614/0.0911] valid:[72.97], test:[59.03]
--------------------------------------------------------------------------------------------------------------------------------------------------------------------------------------------------------
Train Iter:[0  /772] CauLoss:[1.1255], AdvLoss:[0.1706]
Train Iter:[193/772] CauLoss:[1.0501], AdvLoss:[0.0828]
Train Iter:[386/772] CauLoss:[1.0525], AdvLoss:[0.0817]
Train Iter:[579/772] CauLoss:[1.0534], AdvLoss:[0.0833]
--------------------------------------------------------------------------------------------------------------------------------------------------------------------------------------------------------
Epoch:[100/100], CauAdvLoss:[1.0582/0.0856] valid:[74.32], test:[62.07]
--------------------------------------------------------------------------------------------------------------------------------------------------------------------------------------------------------
Update test:[66.43] at epoch:[3] | Total time:01:03:29
/workspace/AIA/Molhiv/GOOD/data/good_datasets/good_hiv.py:410: UserWarning: It is not recommended to directly access the internal storage format `data` of an 'InMemoryDataset'. The data of the dataset is already cached, so any modifications to `data` will not be reflected when accessing its elements. Clearing the cache now by removing all elements in `dataset._data_list`. If you are absolutely certain what you are doing, access the internal storage via `InMemoryDataset._data` instead to suppress this warning. Alternatively, you can access stacked individual attributes of every graph via `dataset.{attr_name}`.
  meta_info.num_envs = torch.unique(train_dataset.data.env_id).shape[0]
/workspace/AIA/Molhiv/GOOD/data/good_datasets/good_hiv.py:414: UserWarning: It is not recommended to directly access the internal storage format `data` of an 'InMemoryDataset'. If you are absolutely certain what you are doing, access the internal storage via `InMemoryDataset._data` instead to suppress this warning. Alternatively, you can access stacked individual attributes of every graph via `dataset.{attr_name}`.
  meta_info.num_classes = train_dataset.data.y.shape[1]
initialize network with kaiming
Train Iter:[0  /772] CauLoss:[2.7238], AdvLoss:[-83.9853]
Train Iter:[193/772] CauLoss:[1.3411], AdvLoss:[-0.2761]
Train Iter:[386/772] CauLoss:[1.3088], AdvLoss:[-0.0530]
Train Iter:[579/772] CauLoss:[1.2938], AdvLoss:[0.0227]
--------------------------------------------------------------------------------------------------------------------------------------------------------------------------------------------------------
Epoch:[1/100], CauAdvLoss:[1.2815/0.0564] valid:[73.51], test:[54.63]
--------------------------------------------------------------------------------------------------------------------------------------------------------------------------------------------------------
Train Iter:[0  /772] CauLoss:[1.3095], AdvLoss:[0.1681]
Train Iter:[193/772] CauLoss:[1.2624], AdvLoss:[0.1637]
Train Iter:[386/772] CauLoss:[1.2652], AdvLoss:[0.1677]
Train Iter:[579/772] CauLoss:[1.2508], AdvLoss:[0.1595]
--------------------------------------------------------------------------------------------------------------------------------------------------------------------------------------------------------
Epoch:[2/100], CauAdvLoss:[1.2420/0.1548] valid:[74.08], test:[53.83]
--------------------------------------------------------------------------------------------------------------------------------------------------------------------------------------------------------
Train Iter:[0  /772] CauLoss:[0.9979], AdvLoss:[0.0146]
Train Iter:[193/772] CauLoss:[1.2237], AdvLoss:[0.1433]
Train Iter:[386/772] CauLoss:[1.2210], AdvLoss:[0.1426]
Train Iter:[579/772] CauLoss:[1.2186], AdvLoss:[0.1422]
--------------------------------------------------------------------------------------------------------------------------------------------------------------------------------------------------------
Epoch:[3/100], CauAdvLoss:[1.2268/0.1476] valid:[72.62], test:[55.89]
--------------------------------------------------------------------------------------------------------------------------------------------------------------------------------------------------------
Train Iter:[0  /772] CauLoss:[1.3259], AdvLoss:[0.1739]
Train Iter:[193/772] CauLoss:[1.2055], AdvLoss:[0.1353]
Train Iter:[386/772] CauLoss:[1.2174], AdvLoss:[0.1433]
Train Iter:[579/772] CauLoss:[1.2105], AdvLoss:[0.1407]
--------------------------------------------------------------------------------------------------------------------------------------------------------------------------------------------------------
Epoch:[4/100], CauAdvLoss:[1.2169/0.1439] valid:[77.07], test:[67.39]
--------------------------------------------------------------------------------------------------------------------------------------------------------------------------------------------------------
Train Iter:[0  /772] CauLoss:[1.0508], AdvLoss:[0.2302]
Train Iter:[193/772] CauLoss:[1.1684], AdvLoss:[0.1170]
Train Iter:[386/772] CauLoss:[1.1972], AdvLoss:[0.1353]
Train Iter:[579/772] CauLoss:[1.2046], AdvLoss:[0.1380]
--------------------------------------------------------------------------------------------------------------------------------------------------------------------------------------------------------
Epoch:[5/100], CauAdvLoss:[1.2058/0.1403] valid:[74.51], test:[64.53]
--------------------------------------------------------------------------------------------------------------------------------------------------------------------------------------------------------
Train Iter:[0  /772] CauLoss:[0.9999], AdvLoss:[0.0443]
Train Iter:[193/772] CauLoss:[1.2074], AdvLoss:[0.1408]
Train Iter:[386/772] CauLoss:[1.1961], AdvLoss:[0.1347]
Train Iter:[579/772] CauLoss:[1.2050], AdvLoss:[0.1381]
--------------------------------------------------------------------------------------------------------------------------------------------------------------------------------------------------------
Epoch:[6/100], CauAdvLoss:[1.2000/0.1365] valid:[73.97], test:[62.65]
--------------------------------------------------------------------------------------------------------------------------------------------------------------------------------------------------------
Train Iter:[0  /772] CauLoss:[1.1539], AdvLoss:[0.1444]
Train Iter:[193/772] CauLoss:[1.1839], AdvLoss:[0.1272]
Train Iter:[386/772] CauLoss:[1.1896], AdvLoss:[0.1348]
Train Iter:[579/772] CauLoss:[1.1969], AdvLoss:[0.1394]
--------------------------------------------------------------------------------------------------------------------------------------------------------------------------------------------------------
Epoch:[7/100], CauAdvLoss:[1.1914/0.1366] valid:[74.14], test:[65.65]
--------------------------------------------------------------------------------------------------------------------------------------------------------------------------------------------------------
Train Iter:[0  /772] CauLoss:[1.1781], AdvLoss:[0.0965]
Train Iter:[193/772] CauLoss:[1.1756], AdvLoss:[0.1253]
Train Iter:[386/772] CauLoss:[1.1752], AdvLoss:[0.1266]
Train Iter:[579/772] CauLoss:[1.1833], AdvLoss:[0.1322]
--------------------------------------------------------------------------------------------------------------------------------------------------------------------------------------------------------
Epoch:[8/100], CauAdvLoss:[1.1837/0.1315] valid:[77.20], test:[68.37]
--------------------------------------------------------------------------------------------------------------------------------------------------------------------------------------------------------
Train Iter:[0  /772] CauLoss:[1.2575], AdvLoss:[0.1722]
Train Iter:[193/772] CauLoss:[1.1620], AdvLoss:[0.1214]
Train Iter:[386/772] CauLoss:[1.1789], AdvLoss:[0.1320]
Train Iter:[579/772] CauLoss:[1.1754], AdvLoss:[0.1290]
--------------------------------------------------------------------------------------------------------------------------------------------------------------------------------------------------------
Epoch:[9/100], CauAdvLoss:[1.1728/0.1283] valid:[75.25], test:[67.44]
--------------------------------------------------------------------------------------------------------------------------------------------------------------------------------------------------------
Train Iter:[0  /772] CauLoss:[1.1439], AdvLoss:[0.0691]
Train Iter:[193/772] CauLoss:[1.1538], AdvLoss:[0.1181]
Train Iter:[386/772] CauLoss:[1.1618], AdvLoss:[0.1211]
Train Iter:[579/772] CauLoss:[1.1690], AdvLoss:[0.1243]
--------------------------------------------------------------------------------------------------------------------------------------------------------------------------------------------------------
Epoch:[10/100], CauAdvLoss:[1.1696/0.1251] valid:[71.73], test:[67.13]
--------------------------------------------------------------------------------------------------------------------------------------------------------------------------------------------------------
Train Iter:[0  /772] CauLoss:[1.2529], AdvLoss:[0.1425]
Train Iter:[193/772] CauLoss:[1.1832], AdvLoss:[0.1332]
Train Iter:[386/772] CauLoss:[1.1724], AdvLoss:[0.1280]
Train Iter:[579/772] CauLoss:[1.1688], AdvLoss:[0.1251]
--------------------------------------------------------------------------------------------------------------------------------------------------------------------------------------------------------
Epoch:[11/100], CauAdvLoss:[1.1670/0.1246] valid:[73.75], test:[70.18]
--------------------------------------------------------------------------------------------------------------------------------------------------------------------------------------------------------
Train Iter:[0  /772] CauLoss:[1.0261], AdvLoss:[0.0440]
Train Iter:[193/772] CauLoss:[1.1672], AdvLoss:[0.1257]
Train Iter:[386/772] CauLoss:[1.1634], AdvLoss:[0.1241]
Train Iter:[579/772] CauLoss:[1.1598], AdvLoss:[0.1212]
--------------------------------------------------------------------------------------------------------------------------------------------------------------------------------------------------------
Epoch:[12/100], CauAdvLoss:[1.1609/0.1236] valid:[75.86], test:[68.53]
--------------------------------------------------------------------------------------------------------------------------------------------------------------------------------------------------------
Train Iter:[0  /772] CauLoss:[1.0196], AdvLoss:[0.0239]
Train Iter:[193/772] CauLoss:[1.1550], AdvLoss:[0.1172]
Train Iter:[386/772] CauLoss:[1.1563], AdvLoss:[0.1179]
Train Iter:[579/772] CauLoss:[1.1610], AdvLoss:[0.1220]
--------------------------------------------------------------------------------------------------------------------------------------------------------------------------------------------------------
Epoch:[13/100], CauAdvLoss:[1.1575/0.1203] valid:[74.62], test:[71.06]
--------------------------------------------------------------------------------------------------------------------------------------------------------------------------------------------------------
Train Iter:[0  /772] CauLoss:[1.0019], AdvLoss:[0.0872]
Train Iter:[193/772] CauLoss:[1.1564], AdvLoss:[0.1161]
Train Iter:[386/772] CauLoss:[1.1629], AdvLoss:[0.1212]
Train Iter:[579/772] CauLoss:[1.1573], AdvLoss:[0.1180]
--------------------------------------------------------------------------------------------------------------------------------------------------------------------------------------------------------
Epoch:[14/100], CauAdvLoss:[1.1532/0.1151] valid:[72.53], test:[64.51]
--------------------------------------------------------------------------------------------------------------------------------------------------------------------------------------------------------
Train Iter:[0  /772] CauLoss:[1.1160], AdvLoss:[0.0901]
Train Iter:[193/772] CauLoss:[1.1353], AdvLoss:[0.1096]
Train Iter:[386/772] CauLoss:[1.1475], AdvLoss:[0.1159]
Train Iter:[579/772] CauLoss:[1.1489], AdvLoss:[0.1158]
--------------------------------------------------------------------------------------------------------------------------------------------------------------------------------------------------------
Epoch:[15/100], CauAdvLoss:[1.1495/0.1162] valid:[75.27], test:[64.06]
--------------------------------------------------------------------------------------------------------------------------------------------------------------------------------------------------------
Train Iter:[0  /772] CauLoss:[1.0252], AdvLoss:[0.0525]
Train Iter:[193/772] CauLoss:[1.1450], AdvLoss:[0.1166]
Train Iter:[386/772] CauLoss:[1.1352], AdvLoss:[0.1097]
Train Iter:[579/772] CauLoss:[1.1432], AdvLoss:[0.1139]
--------------------------------------------------------------------------------------------------------------------------------------------------------------------------------------------------------
Epoch:[16/100], CauAdvLoss:[1.1473/0.1158] valid:[73.80], test:[66.16]
--------------------------------------------------------------------------------------------------------------------------------------------------------------------------------------------------------
Train Iter:[0  /772] CauLoss:[1.0015], AdvLoss:[0.0396]
Train Iter:[193/772] CauLoss:[1.1463], AdvLoss:[0.1132]
Train Iter:[386/772] CauLoss:[1.1537], AdvLoss:[0.1168]
Train Iter:[579/772] CauLoss:[1.1496], AdvLoss:[0.1141]
--------------------------------------------------------------------------------------------------------------------------------------------------------------------------------------------------------
Epoch:[17/100], CauAdvLoss:[1.1448/0.1124] valid:[76.79], test:[68.10]
--------------------------------------------------------------------------------------------------------------------------------------------------------------------------------------------------------
Train Iter:[0  /772] CauLoss:[1.0269], AdvLoss:[0.0726]
Train Iter:[193/772] CauLoss:[1.1498], AdvLoss:[0.1153]
Train Iter:[386/772] CauLoss:[1.1383], AdvLoss:[0.1093]
Train Iter:[579/772] CauLoss:[1.1412], AdvLoss:[0.1110]
--------------------------------------------------------------------------------------------------------------------------------------------------------------------------------------------------------
Epoch:[18/100], CauAdvLoss:[1.1447/0.1133] valid:[73.15], test:[67.22]
--------------------------------------------------------------------------------------------------------------------------------------------------------------------------------------------------------
Train Iter:[0  /772] CauLoss:[1.0080], AdvLoss:[0.0523]
Train Iter:[193/772] CauLoss:[1.1517], AdvLoss:[0.1162]
Train Iter:[386/772] CauLoss:[1.1429], AdvLoss:[0.1131]
Train Iter:[579/772] CauLoss:[1.1440], AdvLoss:[0.1135]
--------------------------------------------------------------------------------------------------------------------------------------------------------------------------------------------------------
Epoch:[19/100], CauAdvLoss:[1.1409/0.1118] valid:[75.02], test:[64.02]
--------------------------------------------------------------------------------------------------------------------------------------------------------------------------------------------------------
Train Iter:[0  /772] CauLoss:[1.0986], AdvLoss:[0.0437]
Train Iter:[193/772] CauLoss:[1.1213], AdvLoss:[0.1020]
Train Iter:[386/772] CauLoss:[1.1352], AdvLoss:[0.1088]
Train Iter:[579/772] CauLoss:[1.1379], AdvLoss:[0.1096]
--------------------------------------------------------------------------------------------------------------------------------------------------------------------------------------------------------
Epoch:[20/100], CauAdvLoss:[1.1404/0.1107] valid:[74.86], test:[65.55]
--------------------------------------------------------------------------------------------------------------------------------------------------------------------------------------------------------
Train Iter:[0  /772] CauLoss:[0.9815], AdvLoss:[0.0514]
Train Iter:[193/772] CauLoss:[1.1442], AdvLoss:[0.1122]
Train Iter:[386/772] CauLoss:[1.1373], AdvLoss:[0.1108]
Train Iter:[579/772] CauLoss:[1.1365], AdvLoss:[0.1099]
--------------------------------------------------------------------------------------------------------------------------------------------------------------------------------------------------------
Epoch:[21/100], CauAdvLoss:[1.1364/0.1095] valid:[74.61], test:[66.65]
--------------------------------------------------------------------------------------------------------------------------------------------------------------------------------------------------------
Train Iter:[0  /772] CauLoss:[1.4636], AdvLoss:[0.2627]
Train Iter:[193/772] CauLoss:[1.1179], AdvLoss:[0.0991]
Train Iter:[386/772] CauLoss:[1.1349], AdvLoss:[0.1077]
Train Iter:[579/772] CauLoss:[1.1387], AdvLoss:[0.1091]
--------------------------------------------------------------------------------------------------------------------------------------------------------------------------------------------------------
Epoch:[22/100], CauAdvLoss:[1.1367/0.1084] valid:[76.39], test:[66.12]
--------------------------------------------------------------------------------------------------------------------------------------------------------------------------------------------------------
Train Iter:[0  /772] CauLoss:[0.9844], AdvLoss:[0.0191]
Train Iter:[193/772] CauLoss:[1.1111], AdvLoss:[0.0976]
Train Iter:[386/772] CauLoss:[1.1291], AdvLoss:[0.1044]
Train Iter:[579/772] CauLoss:[1.1315], AdvLoss:[0.1053]
--------------------------------------------------------------------------------------------------------------------------------------------------------------------------------------------------------
Epoch:[23/100], CauAdvLoss:[1.1333/0.1067] valid:[75.47], test:[62.00]
--------------------------------------------------------------------------------------------------------------------------------------------------------------------------------------------------------
Train Iter:[0  /772] CauLoss:[0.9911], AdvLoss:[0.0574]
Train Iter:[193/772] CauLoss:[1.1256], AdvLoss:[0.1058]
Train Iter:[386/772] CauLoss:[1.1249], AdvLoss:[0.1047]
Train Iter:[579/772] CauLoss:[1.1297], AdvLoss:[0.1056]
--------------------------------------------------------------------------------------------------------------------------------------------------------------------------------------------------------
Epoch:[24/100], CauAdvLoss:[1.1347/0.1072] valid:[76.44], test:[67.27]
--------------------------------------------------------------------------------------------------------------------------------------------------------------------------------------------------------
Train Iter:[0  /772] CauLoss:[1.4289], AdvLoss:[0.2778]
Train Iter:[193/772] CauLoss:[1.1109], AdvLoss:[0.0946]
Train Iter:[386/772] CauLoss:[1.1178], AdvLoss:[0.0986]
Train Iter:[579/772] CauLoss:[1.1272], AdvLoss:[0.1031]
--------------------------------------------------------------------------------------------------------------------------------------------------------------------------------------------------------
Epoch:[25/100], CauAdvLoss:[1.1319/0.1051] valid:[74.54], test:[62.76]
--------------------------------------------------------------------------------------------------------------------------------------------------------------------------------------------------------
Train Iter:[0  /772] CauLoss:[1.0477], AdvLoss:[0.0718]
Train Iter:[193/772] CauLoss:[1.1305], AdvLoss:[0.1034]
Train Iter:[386/772] CauLoss:[1.1378], AdvLoss:[0.1072]
Train Iter:[579/772] CauLoss:[1.1403], AdvLoss:[0.1089]
--------------------------------------------------------------------------------------------------------------------------------------------------------------------------------------------------------
Epoch:[26/100], CauAdvLoss:[1.1318/0.1047] valid:[73.76], test:[62.38]
--------------------------------------------------------------------------------------------------------------------------------------------------------------------------------------------------------
Train Iter:[0  /772] CauLoss:[0.9849], AdvLoss:[0.0673]
Train Iter:[193/772] CauLoss:[1.1205], AdvLoss:[0.0961]
Train Iter:[386/772] CauLoss:[1.1279], AdvLoss:[0.1027]
Train Iter:[579/772] CauLoss:[1.1237], AdvLoss:[0.1004]
--------------------------------------------------------------------------------------------------------------------------------------------------------------------------------------------------------
Epoch:[27/100], CauAdvLoss:[1.1293/0.1034] valid:[75.86], test:[60.62]
--------------------------------------------------------------------------------------------------------------------------------------------------------------------------------------------------------
Train Iter:[0  /772] CauLoss:[1.1428], AdvLoss:[0.1052]
Train Iter:[193/772] CauLoss:[1.1425], AdvLoss:[0.1130]
Train Iter:[386/772] CauLoss:[1.1305], AdvLoss:[0.1051]
Train Iter:[579/772] CauLoss:[1.1214], AdvLoss:[0.0997]
--------------------------------------------------------------------------------------------------------------------------------------------------------------------------------------------------------
Epoch:[28/100], CauAdvLoss:[1.1282/0.1032] valid:[75.72], test:[63.22]
--------------------------------------------------------------------------------------------------------------------------------------------------------------------------------------------------------
Train Iter:[0  /772] CauLoss:[0.9919], AdvLoss:[0.0554]
Train Iter:[193/772] CauLoss:[1.1185], AdvLoss:[0.0964]
Train Iter:[386/772] CauLoss:[1.1223], AdvLoss:[0.0996]
Train Iter:[579/772] CauLoss:[1.1179], AdvLoss:[0.0974]
--------------------------------------------------------------------------------------------------------------------------------------------------------------------------------------------------------
Epoch:[29/100], CauAdvLoss:[1.1263/0.1017] valid:[74.83], test:[63.00]
--------------------------------------------------------------------------------------------------------------------------------------------------------------------------------------------------------
Train Iter:[0  /772] CauLoss:[1.1001], AdvLoss:[0.0979]
Train Iter:[193/772] CauLoss:[1.1464], AdvLoss:[0.1122]
Train Iter:[386/772] CauLoss:[1.1333], AdvLoss:[0.1063]
Train Iter:[579/772] CauLoss:[1.1244], AdvLoss:[0.1015]
--------------------------------------------------------------------------------------------------------------------------------------------------------------------------------------------------------
Epoch:[30/100], CauAdvLoss:[1.1223/0.1009] valid:[77.75], test:[67.88]
--------------------------------------------------------------------------------------------------------------------------------------------------------------------------------------------------------
Train Iter:[0  /772] CauLoss:[1.2140], AdvLoss:[0.1584]
Train Iter:[193/772] CauLoss:[1.1122], AdvLoss:[0.0950]
Train Iter:[386/772] CauLoss:[1.1281], AdvLoss:[0.1037]
Train Iter:[579/772] CauLoss:[1.1251], AdvLoss:[0.1026]
--------------------------------------------------------------------------------------------------------------------------------------------------------------------------------------------------------
Epoch:[31/100], CauAdvLoss:[1.1235/0.1006] valid:[74.05], test:[62.29]
--------------------------------------------------------------------------------------------------------------------------------------------------------------------------------------------------------
Train Iter:[0  /772] CauLoss:[1.1631], AdvLoss:[0.1268]
Train Iter:[193/772] CauLoss:[1.1185], AdvLoss:[0.0996]
Train Iter:[386/772] CauLoss:[1.1176], AdvLoss:[0.0996]
Train Iter:[579/772] CauLoss:[1.1173], AdvLoss:[0.0991]
--------------------------------------------------------------------------------------------------------------------------------------------------------------------------------------------------------
Epoch:[32/100], CauAdvLoss:[1.1202/0.1001] valid:[75.84], test:[61.86]
--------------------------------------------------------------------------------------------------------------------------------------------------------------------------------------------------------
Train Iter:[0  /772] CauLoss:[0.9834], AdvLoss:[0.0437]
Train Iter:[193/772] CauLoss:[1.1150], AdvLoss:[0.0928]
Train Iter:[386/772] CauLoss:[1.1219], AdvLoss:[0.0992]
Train Iter:[579/772] CauLoss:[1.1254], AdvLoss:[0.1024]
--------------------------------------------------------------------------------------------------------------------------------------------------------------------------------------------------------
Epoch:[33/100], CauAdvLoss:[1.1183/0.0986] valid:[75.79], test:[61.17]
--------------------------------------------------------------------------------------------------------------------------------------------------------------------------------------------------------
Train Iter:[0  /772] CauLoss:[0.9486], AdvLoss:[0.0144]
Train Iter:[193/772] CauLoss:[1.1065], AdvLoss:[0.0943]
Train Iter:[386/772] CauLoss:[1.1151], AdvLoss:[0.0980]
Train Iter:[579/772] CauLoss:[1.1114], AdvLoss:[0.0954]
--------------------------------------------------------------------------------------------------------------------------------------------------------------------------------------------------------
Epoch:[34/100], CauAdvLoss:[1.1184/0.0986] valid:[73.68], test:[59.11]
--------------------------------------------------------------------------------------------------------------------------------------------------------------------------------------------------------
Train Iter:[0  /772] CauLoss:[1.2324], AdvLoss:[0.1494]
Train Iter:[193/772] CauLoss:[1.1068], AdvLoss:[0.0931]
Train Iter:[386/772] CauLoss:[1.1197], AdvLoss:[0.0989]
Train Iter:[579/772] CauLoss:[1.1182], AdvLoss:[0.0970]
--------------------------------------------------------------------------------------------------------------------------------------------------------------------------------------------------------
Epoch:[35/100], CauAdvLoss:[1.1170/0.0964] valid:[76.66], test:[60.28]
--------------------------------------------------------------------------------------------------------------------------------------------------------------------------------------------------------
Train Iter:[0  /772] CauLoss:[1.0024], AdvLoss:[0.0232]
Train Iter:[193/772] CauLoss:[1.1141], AdvLoss:[0.0917]
Train Iter:[386/772] CauLoss:[1.1201], AdvLoss:[0.0985]
Train Iter:[579/772] CauLoss:[1.1129], AdvLoss:[0.0957]
--------------------------------------------------------------------------------------------------------------------------------------------------------------------------------------------------------
Epoch:[36/100], CauAdvLoss:[1.1158/0.0972] valid:[76.21], test:[59.76]
--------------------------------------------------------------------------------------------------------------------------------------------------------------------------------------------------------
Train Iter:[0  /772] CauLoss:[1.2812], AdvLoss:[0.1690]
Train Iter:[193/772] CauLoss:[1.0927], AdvLoss:[0.0881]
Train Iter:[386/772] CauLoss:[1.1162], AdvLoss:[0.0977]
Train Iter:[579/772] CauLoss:[1.1188], AdvLoss:[0.0995]
--------------------------------------------------------------------------------------------------------------------------------------------------------------------------------------------------------
Epoch:[37/100], CauAdvLoss:[1.1146/0.0968] valid:[77.23], test:[60.15]
--------------------------------------------------------------------------------------------------------------------------------------------------------------------------------------------------------
Train Iter:[0  /772] CauLoss:[1.0795], AdvLoss:[0.0838]
Train Iter:[193/772] CauLoss:[1.0979], AdvLoss:[0.0900]
Train Iter:[386/772] CauLoss:[1.1115], AdvLoss:[0.0953]
Train Iter:[579/772] CauLoss:[1.1118], AdvLoss:[0.0952]
--------------------------------------------------------------------------------------------------------------------------------------------------------------------------------------------------------
Epoch:[38/100], CauAdvLoss:[1.1129/0.0956] valid:[76.42], test:[57.89]
--------------------------------------------------------------------------------------------------------------------------------------------------------------------------------------------------------
Train Iter:[0  /772] CauLoss:[0.9764], AdvLoss:[0.0189]
Train Iter:[193/772] CauLoss:[1.1096], AdvLoss:[0.0959]
Train Iter:[386/772] CauLoss:[1.0983], AdvLoss:[0.0901]
Train Iter:[579/772] CauLoss:[1.1087], AdvLoss:[0.0947]
--------------------------------------------------------------------------------------------------------------------------------------------------------------------------------------------------------
Epoch:[39/100], CauAdvLoss:[1.1111/0.0952] valid:[75.95], test:[65.25]
--------------------------------------------------------------------------------------------------------------------------------------------------------------------------------------------------------
Train Iter:[0  /772] CauLoss:[0.9528], AdvLoss:[0.0239]
Train Iter:[193/772] CauLoss:[1.1147], AdvLoss:[0.0943]
Train Iter:[386/772] CauLoss:[1.1121], AdvLoss:[0.0944]
Train Iter:[579/772] CauLoss:[1.1117], AdvLoss:[0.0946]
--------------------------------------------------------------------------------------------------------------------------------------------------------------------------------------------------------
Epoch:[40/100], CauAdvLoss:[1.1098/0.0935] valid:[77.36], test:[58.74]
--------------------------------------------------------------------------------------------------------------------------------------------------------------------------------------------------------
Train Iter:[0  /772] CauLoss:[0.9502], AdvLoss:[0.0126]
Train Iter:[193/772] CauLoss:[1.0990], AdvLoss:[0.0865]
Train Iter:[386/772] CauLoss:[1.1010], AdvLoss:[0.0886]
Train Iter:[579/772] CauLoss:[1.0984], AdvLoss:[0.0891]
--------------------------------------------------------------------------------------------------------------------------------------------------------------------------------------------------------
Epoch:[41/100], CauAdvLoss:[1.1100/0.0942] valid:[76.33], test:[58.22]
--------------------------------------------------------------------------------------------------------------------------------------------------------------------------------------------------------
Train Iter:[0  /772] CauLoss:[1.3387], AdvLoss:[0.1192]
Train Iter:[193/772] CauLoss:[1.1079], AdvLoss:[0.0922]
Train Iter:[386/772] CauLoss:[1.1000], AdvLoss:[0.0915]
Train Iter:[579/772] CauLoss:[1.1050], AdvLoss:[0.0933]
--------------------------------------------------------------------------------------------------------------------------------------------------------------------------------------------------------
Epoch:[42/100], CauAdvLoss:[1.1089/0.0944] valid:[74.55], test:[57.48]
--------------------------------------------------------------------------------------------------------------------------------------------------------------------------------------------------------
Train Iter:[0  /772] CauLoss:[1.3113], AdvLoss:[0.1754]
Train Iter:[193/772] CauLoss:[1.1000], AdvLoss:[0.0899]
Train Iter:[386/772] CauLoss:[1.1021], AdvLoss:[0.0915]
Train Iter:[579/772] CauLoss:[1.1069], AdvLoss:[0.0943]
--------------------------------------------------------------------------------------------------------------------------------------------------------------------------------------------------------
Epoch:[43/100], CauAdvLoss:[1.1045/0.0929] valid:[74.45], test:[59.61]
--------------------------------------------------------------------------------------------------------------------------------------------------------------------------------------------------------
Train Iter:[0  /772] CauLoss:[0.9752], AdvLoss:[0.0253]
Train Iter:[193/772] CauLoss:[1.1077], AdvLoss:[0.0960]
Train Iter:[386/772] CauLoss:[1.1033], AdvLoss:[0.0927]
Train Iter:[579/772] CauLoss:[1.1008], AdvLoss:[0.0907]
--------------------------------------------------------------------------------------------------------------------------------------------------------------------------------------------------------
Epoch:[44/100], CauAdvLoss:[1.1072/0.0942] valid:[75.95], test:[59.96]
--------------------------------------------------------------------------------------------------------------------------------------------------------------------------------------------------------
Train Iter:[0  /772] CauLoss:[0.9492], AdvLoss:[0.0206]
Train Iter:[193/772] CauLoss:[1.0946], AdvLoss:[0.0883]
Train Iter:[386/772] CauLoss:[1.0958], AdvLoss:[0.0881]
Train Iter:[579/772] CauLoss:[1.1018], AdvLoss:[0.0909]
--------------------------------------------------------------------------------------------------------------------------------------------------------------------------------------------------------
Epoch:[45/100], CauAdvLoss:[1.1048/0.0924] valid:[75.92], test:[60.26]
--------------------------------------------------------------------------------------------------------------------------------------------------------------------------------------------------------
Train Iter:[0  /772] CauLoss:[1.2805], AdvLoss:[0.1843]
Train Iter:[193/772] CauLoss:[1.1111], AdvLoss:[0.0933]
Train Iter:[386/772] CauLoss:[1.1040], AdvLoss:[0.0900]
Train Iter:[579/772] CauLoss:[1.1048], AdvLoss:[0.0907]
--------------------------------------------------------------------------------------------------------------------------------------------------------------------------------------------------------
Epoch:[46/100], CauAdvLoss:[1.1043/0.0915] valid:[76.79], test:[65.21]
--------------------------------------------------------------------------------------------------------------------------------------------------------------------------------------------------------
Train Iter:[0  /772] CauLoss:[1.2977], AdvLoss:[0.1785]
Train Iter:[193/772] CauLoss:[1.0896], AdvLoss:[0.0826]
Train Iter:[386/772] CauLoss:[1.0898], AdvLoss:[0.0839]
Train Iter:[579/772] CauLoss:[1.0967], AdvLoss:[0.0878]
--------------------------------------------------------------------------------------------------------------------------------------------------------------------------------------------------------
Epoch:[47/100], CauAdvLoss:[1.1030/0.0904] valid:[74.50], test:[55.84]
--------------------------------------------------------------------------------------------------------------------------------------------------------------------------------------------------------
Train Iter:[0  /772] CauLoss:[1.0969], AdvLoss:[0.0886]
Train Iter:[193/772] CauLoss:[1.0967], AdvLoss:[0.0896]
Train Iter:[386/772] CauLoss:[1.0990], AdvLoss:[0.0901]
Train Iter:[579/772] CauLoss:[1.0958], AdvLoss:[0.0892]
--------------------------------------------------------------------------------------------------------------------------------------------------------------------------------------------------------
Epoch:[48/100], CauAdvLoss:[1.0976/0.0897] valid:[77.31], test:[65.03]
--------------------------------------------------------------------------------------------------------------------------------------------------------------------------------------------------------
Train Iter:[0  /772] CauLoss:[1.0030], AdvLoss:[0.0424]
Train Iter:[193/772] CauLoss:[1.0772], AdvLoss:[0.0784]
Train Iter:[386/772] CauLoss:[1.0973], AdvLoss:[0.0883]
Train Iter:[579/772] CauLoss:[1.0929], AdvLoss:[0.0865]
--------------------------------------------------------------------------------------------------------------------------------------------------------------------------------------------------------
Epoch:[49/100], CauAdvLoss:[1.0977/0.0891] valid:[77.24], test:[61.42]
--------------------------------------------------------------------------------------------------------------------------------------------------------------------------------------------------------
Train Iter:[0  /772] CauLoss:[1.2108], AdvLoss:[0.1507]
Train Iter:[193/772] CauLoss:[1.0806], AdvLoss:[0.0812]
Train Iter:[386/772] CauLoss:[1.0827], AdvLoss:[0.0825]
Train Iter:[579/772] CauLoss:[1.0920], AdvLoss:[0.0867]
--------------------------------------------------------------------------------------------------------------------------------------------------------------------------------------------------------
Epoch:[50/100], CauAdvLoss:[1.0968/0.0887] valid:[76.07], test:[59.41]
--------------------------------------------------------------------------------------------------------------------------------------------------------------------------------------------------------
Train Iter:[0  /772] CauLoss:[0.9552], AdvLoss:[0.0207]
Train Iter:[193/772] CauLoss:[1.0895], AdvLoss:[0.0834]
Train Iter:[386/772] CauLoss:[1.0998], AdvLoss:[0.0893]
Train Iter:[579/772] CauLoss:[1.0941], AdvLoss:[0.0868]
--------------------------------------------------------------------------------------------------------------------------------------------------------------------------------------------------------
Epoch:[51/100], CauAdvLoss:[1.0979/0.0887] valid:[75.89], test:[63.92]
--------------------------------------------------------------------------------------------------------------------------------------------------------------------------------------------------------
Train Iter:[0  /772] CauLoss:[0.9508], AdvLoss:[0.0104]
Train Iter:[193/772] CauLoss:[1.1017], AdvLoss:[0.0898]
Train Iter:[386/772] CauLoss:[1.0950], AdvLoss:[0.0879]
Train Iter:[579/772] CauLoss:[1.0891], AdvLoss:[0.0839]
--------------------------------------------------------------------------------------------------------------------------------------------------------------------------------------------------------
Epoch:[52/100], CauAdvLoss:[1.0944/0.0875] valid:[74.70], test:[61.69]
--------------------------------------------------------------------------------------------------------------------------------------------------------------------------------------------------------
Train Iter:[0  /772] CauLoss:[1.0503], AdvLoss:[0.0747]
Train Iter:[193/772] CauLoss:[1.0866], AdvLoss:[0.0822]
Train Iter:[386/772] CauLoss:[1.0987], AdvLoss:[0.0870]
Train Iter:[579/772] CauLoss:[1.0966], AdvLoss:[0.0862]
--------------------------------------------------------------------------------------------------------------------------------------------------------------------------------------------------------
Epoch:[53/100], CauAdvLoss:[1.0980/0.0865] valid:[73.62], test:[59.15]
--------------------------------------------------------------------------------------------------------------------------------------------------------------------------------------------------------
Train Iter:[0  /772] CauLoss:[1.0435], AdvLoss:[0.0677]
Train Iter:[193/772] CauLoss:[1.0823], AdvLoss:[0.0827]
Train Iter:[386/772] CauLoss:[1.0849], AdvLoss:[0.0820]
Train Iter:[579/772] CauLoss:[1.0864], AdvLoss:[0.0841]
--------------------------------------------------------------------------------------------------------------------------------------------------------------------------------------------------------
Epoch:[54/100], CauAdvLoss:[1.0914/0.0863] valid:[75.28], test:[60.68]
--------------------------------------------------------------------------------------------------------------------------------------------------------------------------------------------------------
Train Iter:[0  /772] CauLoss:[1.0147], AdvLoss:[0.0622]
Train Iter:[193/772] CauLoss:[1.0999], AdvLoss:[0.0909]
Train Iter:[386/772] CauLoss:[1.0959], AdvLoss:[0.0878]
Train Iter:[579/772] CauLoss:[1.0966], AdvLoss:[0.0883]
--------------------------------------------------------------------------------------------------------------------------------------------------------------------------------------------------------
Epoch:[55/100], CauAdvLoss:[1.0945/0.0879] valid:[76.07], test:[54.95]
--------------------------------------------------------------------------------------------------------------------------------------------------------------------------------------------------------
Train Iter:[0  /772] CauLoss:[0.9300], AdvLoss:[0.0095]
Train Iter:[193/772] CauLoss:[1.1031], AdvLoss:[0.0927]
Train Iter:[386/772] CauLoss:[1.0929], AdvLoss:[0.0873]
Train Iter:[579/772] CauLoss:[1.0879], AdvLoss:[0.0838]
--------------------------------------------------------------------------------------------------------------------------------------------------------------------------------------------------------
Epoch:[56/100], CauAdvLoss:[1.0914/0.0862] valid:[75.18], test:[59.22]
--------------------------------------------------------------------------------------------------------------------------------------------------------------------------------------------------------
Train Iter:[0  /772] CauLoss:[1.2777], AdvLoss:[0.1775]
Train Iter:[193/772] CauLoss:[1.0898], AdvLoss:[0.0824]
Train Iter:[386/772] CauLoss:[1.0866], AdvLoss:[0.0804]
Train Iter:[579/772] CauLoss:[1.0894], AdvLoss:[0.0829]
--------------------------------------------------------------------------------------------------------------------------------------------------------------------------------------------------------
Epoch:[57/100], CauAdvLoss:[1.0932/0.0837] valid:[76.05], test:[58.70]
--------------------------------------------------------------------------------------------------------------------------------------------------------------------------------------------------------
Train Iter:[0  /772] CauLoss:[0.9747], AdvLoss:[0.0180]
Train Iter:[193/772] CauLoss:[1.0849], AdvLoss:[0.0785]
Train Iter:[386/772] CauLoss:[1.0960], AdvLoss:[0.0866]
Train Iter:[579/772] CauLoss:[1.0904], AdvLoss:[0.0843]
--------------------------------------------------------------------------------------------------------------------------------------------------------------------------------------------------------
Epoch:[58/100], CauAdvLoss:[1.0904/0.0842] valid:[76.59], test:[58.55]
--------------------------------------------------------------------------------------------------------------------------------------------------------------------------------------------------------
Train Iter:[0  /772] CauLoss:[1.0768], AdvLoss:[0.0899]
Train Iter:[193/772] CauLoss:[1.0757], AdvLoss:[0.0769]
Train Iter:[386/772] CauLoss:[1.0825], AdvLoss:[0.0804]
Train Iter:[579/772] CauLoss:[1.0833], AdvLoss:[0.0808]
--------------------------------------------------------------------------------------------------------------------------------------------------------------------------------------------------------
Epoch:[59/100], CauAdvLoss:[1.0889/0.0828] valid:[76.18], test:[63.12]
--------------------------------------------------------------------------------------------------------------------------------------------------------------------------------------------------------
Train Iter:[0  /772] CauLoss:[0.9707], AdvLoss:[0.0106]
Train Iter:[193/772] CauLoss:[1.0808], AdvLoss:[0.0793]
Train Iter:[386/772] CauLoss:[1.0791], AdvLoss:[0.0774]
Train Iter:[579/772] CauLoss:[1.0811], AdvLoss:[0.0795]
--------------------------------------------------------------------------------------------------------------------------------------------------------------------------------------------------------
Epoch:[60/100], CauAdvLoss:[1.0872/0.0836] valid:[75.52], test:[61.95]
--------------------------------------------------------------------------------------------------------------------------------------------------------------------------------------------------------
Train Iter:[0  /772] CauLoss:[1.2854], AdvLoss:[0.2213]
Train Iter:[193/772] CauLoss:[1.0780], AdvLoss:[0.0781]
Train Iter:[386/772] CauLoss:[1.0851], AdvLoss:[0.0820]
Train Iter:[579/772] CauLoss:[1.0854], AdvLoss:[0.0820]
--------------------------------------------------------------------------------------------------------------------------------------------------------------------------------------------------------
Epoch:[61/100], CauAdvLoss:[1.0854/0.0824] valid:[77.52], test:[63.83]
--------------------------------------------------------------------------------------------------------------------------------------------------------------------------------------------------------
Train Iter:[0  /772] CauLoss:[0.9320], AdvLoss:[0.0145]
Train Iter:[193/772] CauLoss:[1.0908], AdvLoss:[0.0843]
Train Iter:[386/772] CauLoss:[1.0887], AdvLoss:[0.0845]
Train Iter:[579/772] CauLoss:[1.0888], AdvLoss:[0.0858]
--------------------------------------------------------------------------------------------------------------------------------------------------------------------------------------------------------
Epoch:[62/100], CauAdvLoss:[1.0856/0.0842] valid:[77.38], test:[61.37]
--------------------------------------------------------------------------------------------------------------------------------------------------------------------------------------------------------
Train Iter:[0  /772] CauLoss:[1.0521], AdvLoss:[0.1028]
Train Iter:[193/772] CauLoss:[1.0699], AdvLoss:[0.0723]
Train Iter:[386/772] CauLoss:[1.0692], AdvLoss:[0.0745]
Train Iter:[579/772] CauLoss:[1.0790], AdvLoss:[0.0790]
--------------------------------------------------------------------------------------------------------------------------------------------------------------------------------------------------------
Epoch:[63/100], CauAdvLoss:[1.0859/0.0835] valid:[76.55], test:[62.22]
--------------------------------------------------------------------------------------------------------------------------------------------------------------------------------------------------------
Train Iter:[0  /772] CauLoss:[0.9406], AdvLoss:[0.0093]
Train Iter:[193/772] CauLoss:[1.0853], AdvLoss:[0.0809]
Train Iter:[386/772] CauLoss:[1.0821], AdvLoss:[0.0802]
Train Iter:[579/772] CauLoss:[1.0845], AdvLoss:[0.0838]
--------------------------------------------------------------------------------------------------------------------------------------------------------------------------------------------------------
Epoch:[64/100], CauAdvLoss:[1.0843/0.0828] valid:[76.62], test:[62.59]
--------------------------------------------------------------------------------------------------------------------------------------------------------------------------------------------------------
Train Iter:[0  /772] CauLoss:[0.9642], AdvLoss:[0.0142]
Train Iter:[193/772] CauLoss:[1.0803], AdvLoss:[0.0832]
Train Iter:[386/772] CauLoss:[1.0843], AdvLoss:[0.0851]
Train Iter:[579/772] CauLoss:[1.0865], AdvLoss:[0.0856]
--------------------------------------------------------------------------------------------------------------------------------------------------------------------------------------------------------
Epoch:[65/100], CauAdvLoss:[1.0852/0.0842] valid:[77.05], test:[62.71]
--------------------------------------------------------------------------------------------------------------------------------------------------------------------------------------------------------
Train Iter:[0  /772] CauLoss:[0.9899], AdvLoss:[0.0206]
Train Iter:[193/772] CauLoss:[1.0820], AdvLoss:[0.0868]
Train Iter:[386/772] CauLoss:[1.0687], AdvLoss:[0.0787]
Train Iter:[579/772] CauLoss:[1.0760], AdvLoss:[0.0808]
--------------------------------------------------------------------------------------------------------------------------------------------------------------------------------------------------------
Epoch:[66/100], CauAdvLoss:[1.0801/0.0820] valid:[76.04], test:[60.27]
--------------------------------------------------------------------------------------------------------------------------------------------------------------------------------------------------------
Train Iter:[0  /772] CauLoss:[1.0752], AdvLoss:[0.0602]
Train Iter:[193/772] CauLoss:[1.0731], AdvLoss:[0.0765]
Train Iter:[386/772] CauLoss:[1.0780], AdvLoss:[0.0819]
Train Iter:[579/772] CauLoss:[1.0758], AdvLoss:[0.0805]
--------------------------------------------------------------------------------------------------------------------------------------------------------------------------------------------------------
Epoch:[67/100], CauAdvLoss:[1.0800/0.0831] valid:[75.64], test:[59.99]
--------------------------------------------------------------------------------------------------------------------------------------------------------------------------------------------------------
Train Iter:[0  /772] CauLoss:[0.9401], AdvLoss:[0.0056]
Train Iter:[193/772] CauLoss:[1.0754], AdvLoss:[0.0798]
Train Iter:[386/772] CauLoss:[1.0718], AdvLoss:[0.0769]
Train Iter:[579/772] CauLoss:[1.0741], AdvLoss:[0.0799]
--------------------------------------------------------------------------------------------------------------------------------------------------------------------------------------------------------
Epoch:[68/100], CauAdvLoss:[1.0756/0.0815] valid:[73.59], test:[59.65]
--------------------------------------------------------------------------------------------------------------------------------------------------------------------------------------------------------
Train Iter:[0  /772] CauLoss:[1.0445], AdvLoss:[0.0754]
Train Iter:[193/772] CauLoss:[1.0933], AdvLoss:[0.0849]
Train Iter:[386/772] CauLoss:[1.0850], AdvLoss:[0.0832]
Train Iter:[579/772] CauLoss:[1.0820], AdvLoss:[0.0818]
--------------------------------------------------------------------------------------------------------------------------------------------------------------------------------------------------------
Epoch:[69/100], CauAdvLoss:[1.0807/0.0825] valid:[76.84], test:[65.43]
--------------------------------------------------------------------------------------------------------------------------------------------------------------------------------------------------------
Train Iter:[0  /772] CauLoss:[0.9491], AdvLoss:[0.0081]
Train Iter:[193/772] CauLoss:[1.0831], AdvLoss:[0.0823]
Train Iter:[386/772] CauLoss:[1.0769], AdvLoss:[0.0787]
Train Iter:[579/772] CauLoss:[1.0770], AdvLoss:[0.0793]
--------------------------------------------------------------------------------------------------------------------------------------------------------------------------------------------------------
Epoch:[70/100], CauAdvLoss:[1.0755/0.0779] valid:[76.19], test:[64.02]
--------------------------------------------------------------------------------------------------------------------------------------------------------------------------------------------------------
Train Iter:[0  /772] CauLoss:[1.2181], AdvLoss:[0.2529]
Train Iter:[193/772] CauLoss:[1.0809], AdvLoss:[0.0800]
Train Iter:[386/772] CauLoss:[1.0834], AdvLoss:[0.0807]
Train Iter:[579/772] CauLoss:[1.0847], AdvLoss:[0.0811]
--------------------------------------------------------------------------------------------------------------------------------------------------------------------------------------------------------
Epoch:[71/100], CauAdvLoss:[1.0807/0.0806] valid:[76.76], test:[60.14]
--------------------------------------------------------------------------------------------------------------------------------------------------------------------------------------------------------
Train Iter:[0  /772] CauLoss:[1.0403], AdvLoss:[0.0881]
Train Iter:[193/772] CauLoss:[1.0796], AdvLoss:[0.0826]
Train Iter:[386/772] CauLoss:[1.0788], AdvLoss:[0.0802]
Train Iter:[579/772] CauLoss:[1.0735], AdvLoss:[0.0792]
--------------------------------------------------------------------------------------------------------------------------------------------------------------------------------------------------------
Epoch:[72/100], CauAdvLoss:[1.0725/0.0785] valid:[76.50], test:[63.42]
--------------------------------------------------------------------------------------------------------------------------------------------------------------------------------------------------------
Train Iter:[0  /772] CauLoss:[0.9392], AdvLoss:[0.0129]
Train Iter:[193/772] CauLoss:[1.0469], AdvLoss:[0.0659]
Train Iter:[386/772] CauLoss:[1.0657], AdvLoss:[0.0771]
Train Iter:[579/772] CauLoss:[1.0710], AdvLoss:[0.0778]
--------------------------------------------------------------------------------------------------------------------------------------------------------------------------------------------------------
Epoch:[73/100], CauAdvLoss:[1.0769/0.0802] valid:[74.49], test:[60.84]
--------------------------------------------------------------------------------------------------------------------------------------------------------------------------------------------------------
Train Iter:[0  /772] CauLoss:[0.9422], AdvLoss:[0.0064]
Train Iter:[193/772] CauLoss:[1.0620], AdvLoss:[0.0721]
Train Iter:[386/772] CauLoss:[1.0661], AdvLoss:[0.0755]
Train Iter:[579/772] CauLoss:[1.0720], AdvLoss:[0.0763]
--------------------------------------------------------------------------------------------------------------------------------------------------------------------------------------------------------
Epoch:[74/100], CauAdvLoss:[1.0748/0.0775] valid:[75.98], test:[62.85]
--------------------------------------------------------------------------------------------------------------------------------------------------------------------------------------------------------
Train Iter:[0  /772] CauLoss:[1.1990], AdvLoss:[0.1239]
Train Iter:[193/772] CauLoss:[1.0630], AdvLoss:[0.0727]
Train Iter:[386/772] CauLoss:[1.0646], AdvLoss:[0.0719]
Train Iter:[579/772] CauLoss:[1.0753], AdvLoss:[0.0765]
--------------------------------------------------------------------------------------------------------------------------------------------------------------------------------------------------------
Epoch:[75/100], CauAdvLoss:[1.0754/0.0761] valid:[75.46], test:[62.92]
--------------------------------------------------------------------------------------------------------------------------------------------------------------------------------------------------------
Train Iter:[0  /772] CauLoss:[0.9870], AdvLoss:[0.0652]
Train Iter:[193/772] CauLoss:[1.0659], AdvLoss:[0.0767]
Train Iter:[386/772] CauLoss:[1.0681], AdvLoss:[0.0743]
Train Iter:[579/772] CauLoss:[1.0709], AdvLoss:[0.0762]
--------------------------------------------------------------------------------------------------------------------------------------------------------------------------------------------------------
Epoch:[76/100], CauAdvLoss:[1.0738/0.0777] valid:[75.86], test:[61.63]
--------------------------------------------------------------------------------------------------------------------------------------------------------------------------------------------------------
Train Iter:[0  /772] CauLoss:[0.9853], AdvLoss:[0.0153]
Train Iter:[193/772] CauLoss:[1.0814], AdvLoss:[0.0814]
Train Iter:[386/772] CauLoss:[1.0766], AdvLoss:[0.0784]
Train Iter:[579/772] CauLoss:[1.0679], AdvLoss:[0.0745]
--------------------------------------------------------------------------------------------------------------------------------------------------------------------------------------------------------
Epoch:[77/100], CauAdvLoss:[1.0710/0.0770] valid:[75.98], test:[60.96]
--------------------------------------------------------------------------------------------------------------------------------------------------------------------------------------------------------
Train Iter:[0  /772] CauLoss:[1.0398], AdvLoss:[0.0971]
Train Iter:[193/772] CauLoss:[1.0677], AdvLoss:[0.0738]
Train Iter:[386/772] CauLoss:[1.0679], AdvLoss:[0.0747]
Train Iter:[579/772] CauLoss:[1.0635], AdvLoss:[0.0735]
--------------------------------------------------------------------------------------------------------------------------------------------------------------------------------------------------------
Epoch:[78/100], CauAdvLoss:[1.0678/0.0764] valid:[75.72], test:[61.37]
--------------------------------------------------------------------------------------------------------------------------------------------------------------------------------------------------------
Train Iter:[0  /772] CauLoss:[1.0981], AdvLoss:[0.1340]
Train Iter:[193/772] CauLoss:[1.0711], AdvLoss:[0.0763]
Train Iter:[386/772] CauLoss:[1.0668], AdvLoss:[0.0749]
Train Iter:[579/772] CauLoss:[1.0677], AdvLoss:[0.0758]
--------------------------------------------------------------------------------------------------------------------------------------------------------------------------------------------------------
Epoch:[79/100], CauAdvLoss:[1.0715/0.0765] valid:[75.78], test:[56.92]
--------------------------------------------------------------------------------------------------------------------------------------------------------------------------------------------------------
Train Iter:[0  /772] CauLoss:[1.1027], AdvLoss:[0.1532]
Train Iter:[193/772] CauLoss:[1.0490], AdvLoss:[0.0687]
Train Iter:[386/772] CauLoss:[1.0721], AdvLoss:[0.0780]
Train Iter:[579/772] CauLoss:[1.0713], AdvLoss:[0.0757]
--------------------------------------------------------------------------------------------------------------------------------------------------------------------------------------------------------
Epoch:[80/100], CauAdvLoss:[1.0682/0.0756] valid:[75.96], test:[64.30]
--------------------------------------------------------------------------------------------------------------------------------------------------------------------------------------------------------
Train Iter:[0  /772] CauLoss:[1.1026], AdvLoss:[0.0579]
Train Iter:[193/772] CauLoss:[1.0511], AdvLoss:[0.0697]
Train Iter:[386/772] CauLoss:[1.0602], AdvLoss:[0.0733]
Train Iter:[579/772] CauLoss:[1.0669], AdvLoss:[0.0759]
--------------------------------------------------------------------------------------------------------------------------------------------------------------------------------------------------------
Epoch:[81/100], CauAdvLoss:[1.0672/0.0761] valid:[75.70], test:[55.84]
--------------------------------------------------------------------------------------------------------------------------------------------------------------------------------------------------------
Train Iter:[0  /772] CauLoss:[0.9964], AdvLoss:[0.0400]
Train Iter:[193/772] CauLoss:[1.0733], AdvLoss:[0.0822]
Train Iter:[386/772] CauLoss:[1.0694], AdvLoss:[0.0764]
Train Iter:[579/772] CauLoss:[1.0703], AdvLoss:[0.0764]
--------------------------------------------------------------------------------------------------------------------------------------------------------------------------------------------------------
Epoch:[82/100], CauAdvLoss:[1.0667/0.0752] valid:[75.77], test:[60.82]
--------------------------------------------------------------------------------------------------------------------------------------------------------------------------------------------------------
Train Iter:[0  /772] CauLoss:[0.9916], AdvLoss:[0.0089]
Train Iter:[193/772] CauLoss:[1.0573], AdvLoss:[0.0724]
Train Iter:[386/772] CauLoss:[1.0640], AdvLoss:[0.0734]
Train Iter:[579/772] CauLoss:[1.0672], AdvLoss:[0.0755]
--------------------------------------------------------------------------------------------------------------------------------------------------------------------------------------------------------
Epoch:[83/100], CauAdvLoss:[1.0699/0.0769] valid:[76.71], test:[62.81]
--------------------------------------------------------------------------------------------------------------------------------------------------------------------------------------------------------
Train Iter:[0  /772] CauLoss:[1.1344], AdvLoss:[0.1141]
Train Iter:[193/772] CauLoss:[1.0608], AdvLoss:[0.0745]
Train Iter:[386/772] CauLoss:[1.0601], AdvLoss:[0.0730]
Train Iter:[579/772] CauLoss:[1.0674], AdvLoss:[0.0761]
--------------------------------------------------------------------------------------------------------------------------------------------------------------------------------------------------------
Epoch:[84/100], CauAdvLoss:[1.0676/0.0762] valid:[75.98], test:[62.20]
--------------------------------------------------------------------------------------------------------------------------------------------------------------------------------------------------------
Train Iter:[0  /772] CauLoss:[0.9253], AdvLoss:[0.0021]
Train Iter:[193/772] CauLoss:[1.0535], AdvLoss:[0.0720]
Train Iter:[386/772] CauLoss:[1.0620], AdvLoss:[0.0752]
Train Iter:[579/772] CauLoss:[1.0613], AdvLoss:[0.0735]
--------------------------------------------------------------------------------------------------------------------------------------------------------------------------------------------------------
Epoch:[85/100], CauAdvLoss:[1.0672/0.0757] valid:[75.12], test:[62.67]
--------------------------------------------------------------------------------------------------------------------------------------------------------------------------------------------------------
Train Iter:[0  /772] CauLoss:[1.1335], AdvLoss:[0.0754]
Train Iter:[193/772] CauLoss:[1.0643], AdvLoss:[0.0741]
Train Iter:[386/772] CauLoss:[1.0679], AdvLoss:[0.0780]
Train Iter:[579/772] CauLoss:[1.0611], AdvLoss:[0.0758]
--------------------------------------------------------------------------------------------------------------------------------------------------------------------------------------------------------
Epoch:[86/100], CauAdvLoss:[1.0620/0.0761] valid:[76.70], test:[66.38]
--------------------------------------------------------------------------------------------------------------------------------------------------------------------------------------------------------
Train Iter:[0  /772] CauLoss:[1.2092], AdvLoss:[0.1251]
Train Iter:[193/772] CauLoss:[1.0486], AdvLoss:[0.0717]
Train Iter:[386/772] CauLoss:[1.0617], AdvLoss:[0.0757]
Train Iter:[579/772] CauLoss:[1.0645], AdvLoss:[0.0783]
--------------------------------------------------------------------------------------------------------------------------------------------------------------------------------------------------------
Epoch:[87/100], CauAdvLoss:[1.0613/0.0768] valid:[75.11], test:[64.84]
--------------------------------------------------------------------------------------------------------------------------------------------------------------------------------------------------------
Train Iter:[0  /772] CauLoss:[1.1470], AdvLoss:[0.1043]
Train Iter:[193/772] CauLoss:[1.0547], AdvLoss:[0.0707]
Train Iter:[386/772] CauLoss:[1.0582], AdvLoss:[0.0749]
Train Iter:[579/772] CauLoss:[1.0577], AdvLoss:[0.0746]
--------------------------------------------------------------------------------------------------------------------------------------------------------------------------------------------------------
Epoch:[88/100], CauAdvLoss:[1.0623/0.0774] valid:[75.30], test:[62.03]
--------------------------------------------------------------------------------------------------------------------------------------------------------------------------------------------------------
Train Iter:[0  /772] CauLoss:[0.9755], AdvLoss:[0.0327]
Train Iter:[193/772] CauLoss:[1.0710], AdvLoss:[0.0840]
Train Iter:[386/772] CauLoss:[1.0614], AdvLoss:[0.0757]
Train Iter:[579/772] CauLoss:[1.0628], AdvLoss:[0.0789]
--------------------------------------------------------------------------------------------------------------------------------------------------------------------------------------------------------
Epoch:[89/100], CauAdvLoss:[1.0608/0.0776] valid:[75.55], test:[59.53]
--------------------------------------------------------------------------------------------------------------------------------------------------------------------------------------------------------
Train Iter:[0  /772] CauLoss:[1.3670], AdvLoss:[0.2905]
Train Iter:[193/772] CauLoss:[1.0526], AdvLoss:[0.0758]
Train Iter:[386/772] CauLoss:[1.0586], AdvLoss:[0.0765]
Train Iter:[579/772] CauLoss:[1.0605], AdvLoss:[0.0763]
--------------------------------------------------------------------------------------------------------------------------------------------------------------------------------------------------------
Epoch:[90/100], CauAdvLoss:[1.0621/0.0773] valid:[74.79], test:[60.09]
--------------------------------------------------------------------------------------------------------------------------------------------------------------------------------------------------------
Train Iter:[0  /772] CauLoss:[1.0908], AdvLoss:[0.0924]
Train Iter:[193/772] CauLoss:[1.0572], AdvLoss:[0.0715]
Train Iter:[386/772] CauLoss:[1.0637], AdvLoss:[0.0752]
Train Iter:[579/772] CauLoss:[1.0626], AdvLoss:[0.0750]
--------------------------------------------------------------------------------------------------------------------------------------------------------------------------------------------------------
Epoch:[91/100], CauAdvLoss:[1.0645/0.0756] valid:[74.92], test:[64.69]
--------------------------------------------------------------------------------------------------------------------------------------------------------------------------------------------------------
Train Iter:[0  /772] CauLoss:[1.3274], AdvLoss:[0.1575]
Train Iter:[193/772] CauLoss:[1.0476], AdvLoss:[0.0722]
Train Iter:[386/772] CauLoss:[1.0557], AdvLoss:[0.0740]
Train Iter:[579/772] CauLoss:[1.0574], AdvLoss:[0.0745]
--------------------------------------------------------------------------------------------------------------------------------------------------------------------------------------------------------
Epoch:[92/100], CauAdvLoss:[1.0599/0.0752] valid:[74.98], test:[63.51]
--------------------------------------------------------------------------------------------------------------------------------------------------------------------------------------------------------
Train Iter:[0  /772] CauLoss:[0.9972], AdvLoss:[0.0588]
Train Iter:[193/772] CauLoss:[1.0313], AdvLoss:[0.0656]
Train Iter:[386/772] CauLoss:[1.0498], AdvLoss:[0.0734]
Train Iter:[579/772] CauLoss:[1.0565], AdvLoss:[0.0762]
--------------------------------------------------------------------------------------------------------------------------------------------------------------------------------------------------------
Epoch:[93/100], CauAdvLoss:[1.0568/0.0755] valid:[74.51], test:[59.22]
--------------------------------------------------------------------------------------------------------------------------------------------------------------------------------------------------------
Train Iter:[0  /772] CauLoss:[1.2467], AdvLoss:[0.1404]
Train Iter:[193/772] CauLoss:[1.0627], AdvLoss:[0.0780]
Train Iter:[386/772] CauLoss:[1.0577], AdvLoss:[0.0751]
Train Iter:[579/772] CauLoss:[1.0586], AdvLoss:[0.0763]
--------------------------------------------------------------------------------------------------------------------------------------------------------------------------------------------------------
Epoch:[94/100], CauAdvLoss:[1.0574/0.0752] valid:[73.71], test:[57.06]
--------------------------------------------------------------------------------------------------------------------------------------------------------------------------------------------------------
Train Iter:[0  /772] CauLoss:[1.0975], AdvLoss:[0.0415]
Train Iter:[193/772] CauLoss:[1.0413], AdvLoss:[0.0682]
Train Iter:[386/772] CauLoss:[1.0456], AdvLoss:[0.0722]
Train Iter:[579/772] CauLoss:[1.0506], AdvLoss:[0.0737]
--------------------------------------------------------------------------------------------------------------------------------------------------------------------------------------------------------
Epoch:[95/100], CauAdvLoss:[1.0577/0.0758] valid:[74.15], test:[55.52]
--------------------------------------------------------------------------------------------------------------------------------------------------------------------------------------------------------
Train Iter:[0  /772] CauLoss:[1.0255], AdvLoss:[0.0323]
Train Iter:[193/772] CauLoss:[1.0549], AdvLoss:[0.0715]
Train Iter:[386/772] CauLoss:[1.0567], AdvLoss:[0.0745]
Train Iter:[579/772] CauLoss:[1.0595], AdvLoss:[0.0753]
--------------------------------------------------------------------------------------------------------------------------------------------------------------------------------------------------------
Epoch:[96/100], CauAdvLoss:[1.0585/0.0765] valid:[74.18], test:[57.46]
--------------------------------------------------------------------------------------------------------------------------------------------------------------------------------------------------------
Train Iter:[0  /772] CauLoss:[1.2909], AdvLoss:[0.2669]
Train Iter:[193/772] CauLoss:[1.0552], AdvLoss:[0.0731]
Train Iter:[386/772] CauLoss:[1.0591], AdvLoss:[0.0788]
Train Iter:[579/772] CauLoss:[1.0619], AdvLoss:[0.0777]
--------------------------------------------------------------------------------------------------------------------------------------------------------------------------------------------------------
Epoch:[97/100], CauAdvLoss:[1.0592/0.0783] valid:[71.59], test:[58.00]
--------------------------------------------------------------------------------------------------------------------------------------------------------------------------------------------------------
Train Iter:[0  /772] CauLoss:[1.0536], AdvLoss:[0.0477]
Train Iter:[193/772] CauLoss:[1.0437], AdvLoss:[0.0761]
Train Iter:[386/772] CauLoss:[1.0512], AdvLoss:[0.0800]
Train Iter:[579/772] CauLoss:[1.0535], AdvLoss:[0.0795]
--------------------------------------------------------------------------------------------------------------------------------------------------------------------------------------------------------
Epoch:[98/100], CauAdvLoss:[1.0566/0.0804] valid:[73.23], test:[54.81]
--------------------------------------------------------------------------------------------------------------------------------------------------------------------------------------------------------
Train Iter:[0  /772] CauLoss:[0.9545], AdvLoss:[0.0195]
Train Iter:[193/772] CauLoss:[1.0493], AdvLoss:[0.0792]
Train Iter:[386/772] CauLoss:[1.0522], AdvLoss:[0.0780]
Train Iter:[579/772] CauLoss:[1.0568], AdvLoss:[0.0783]
--------------------------------------------------------------------------------------------------------------------------------------------------------------------------------------------------------
Epoch:[99/100], CauAdvLoss:[1.0582/0.0782] valid:[75.31], test:[60.70]
--------------------------------------------------------------------------------------------------------------------------------------------------------------------------------------------------------
Train Iter:[0  /772] CauLoss:[1.2238], AdvLoss:[0.1394]
Train Iter:[193/772] CauLoss:[1.0567], AdvLoss:[0.0712]
Train Iter:[386/772] CauLoss:[1.0482], AdvLoss:[0.0709]
Train Iter:[579/772] CauLoss:[1.0528], AdvLoss:[0.0750]
--------------------------------------------------------------------------------------------------------------------------------------------------------------------------------------------------------
Epoch:[100/100], CauAdvLoss:[1.0544/0.0766] valid:[74.75], test:[60.77]
--------------------------------------------------------------------------------------------------------------------------------------------------------------------------------------------------------
Update test:[67.88] at epoch:[30] | Total time:01:05:09
/workspace/AIA/Molhiv/GOOD/data/good_datasets/good_hiv.py:410: UserWarning: It is not recommended to directly access the internal storage format `data` of an 'InMemoryDataset'. The data of the dataset is already cached, so any modifications to `data` will not be reflected when accessing its elements. Clearing the cache now by removing all elements in `dataset._data_list`. If you are absolutely certain what you are doing, access the internal storage via `InMemoryDataset._data` instead to suppress this warning. Alternatively, you can access stacked individual attributes of every graph via `dataset.{attr_name}`.
  meta_info.num_envs = torch.unique(train_dataset.data.env_id).shape[0]
/workspace/AIA/Molhiv/GOOD/data/good_datasets/good_hiv.py:414: UserWarning: It is not recommended to directly access the internal storage format `data` of an 'InMemoryDataset'. If you are absolutely certain what you are doing, access the internal storage via `InMemoryDataset._data` instead to suppress this warning. Alternatively, you can access stacked individual attributes of every graph via `dataset.{attr_name}`.
  meta_info.num_classes = train_dataset.data.y.shape[1]
initialize network with kaiming
Train Iter:[0  /772] CauLoss:[3.8124], AdvLoss:[-43.4947]
Train Iter:[193/772] CauLoss:[1.5078], AdvLoss:[-0.0204]
Train Iter:[386/772] CauLoss:[1.3856], AdvLoss:[0.0692]
Train Iter:[579/772] CauLoss:[1.3491], AdvLoss:[0.1007]
--------------------------------------------------------------------------------------------------------------------------------------------------------------------------------------------------------
Epoch:[1/100], CauAdvLoss:[1.3230/0.1152] valid:[69.39], test:[61.43]
--------------------------------------------------------------------------------------------------------------------------------------------------------------------------------------------------------
Train Iter:[0  /772] CauLoss:[1.0305], AdvLoss:[0.0182]
Train Iter:[193/772] CauLoss:[1.2635], AdvLoss:[0.1754]
Train Iter:[386/772] CauLoss:[1.2540], AdvLoss:[0.1656]
Train Iter:[579/772] CauLoss:[1.2478], AdvLoss:[0.1614]
--------------------------------------------------------------------------------------------------------------------------------------------------------------------------------------------------------
Epoch:[2/100], CauAdvLoss:[1.2478/0.1627] valid:[65.01], test:[61.57]
--------------------------------------------------------------------------------------------------------------------------------------------------------------------------------------------------------
Train Iter:[0  /772] CauLoss:[1.0245], AdvLoss:[0.0263]
Train Iter:[193/772] CauLoss:[1.2336], AdvLoss:[0.1537]
Train Iter:[386/772] CauLoss:[1.2332], AdvLoss:[0.1561]
Train Iter:[579/772] CauLoss:[1.2304], AdvLoss:[0.1545]
--------------------------------------------------------------------------------------------------------------------------------------------------------------------------------------------------------
Epoch:[3/100], CauAdvLoss:[1.2243/0.1517] valid:[66.58], test:[66.74]
--------------------------------------------------------------------------------------------------------------------------------------------------------------------------------------------------------
Train Iter:[0  /772] CauLoss:[1.2617], AdvLoss:[0.2597]
Train Iter:[193/772] CauLoss:[1.2065], AdvLoss:[0.1425]
Train Iter:[386/772] CauLoss:[1.2198], AdvLoss:[0.1484]
Train Iter:[579/772] CauLoss:[1.2144], AdvLoss:[0.1456]
--------------------------------------------------------------------------------------------------------------------------------------------------------------------------------------------------------
Epoch:[4/100], CauAdvLoss:[1.2139/0.1449] valid:[76.27], test:[60.49]
--------------------------------------------------------------------------------------------------------------------------------------------------------------------------------------------------------
Train Iter:[0  /772] CauLoss:[1.6924], AdvLoss:[0.3742]
Train Iter:[193/772] CauLoss:[1.2281], AdvLoss:[0.1495]
Train Iter:[386/772] CauLoss:[1.2118], AdvLoss:[0.1415]
Train Iter:[579/772] CauLoss:[1.2150], AdvLoss:[0.1440]
--------------------------------------------------------------------------------------------------------------------------------------------------------------------------------------------------------
Epoch:[5/100], CauAdvLoss:[1.2082/0.1408] valid:[74.43], test:[64.24]
--------------------------------------------------------------------------------------------------------------------------------------------------------------------------------------------------------
Train Iter:[0  /772] CauLoss:[1.1985], AdvLoss:[0.1412]
Train Iter:[193/772] CauLoss:[1.1966], AdvLoss:[0.1348]
Train Iter:[386/772] CauLoss:[1.2040], AdvLoss:[0.1396]
Train Iter:[579/772] CauLoss:[1.1975], AdvLoss:[0.1354]
--------------------------------------------------------------------------------------------------------------------------------------------------------------------------------------------------------
Epoch:[6/100], CauAdvLoss:[1.1966/0.1350] valid:[73.39], test:[65.36]
--------------------------------------------------------------------------------------------------------------------------------------------------------------------------------------------------------
Train Iter:[0  /772] CauLoss:[1.1414], AdvLoss:[0.1342]
Train Iter:[193/772] CauLoss:[1.1965], AdvLoss:[0.1431]
Train Iter:[386/772] CauLoss:[1.1975], AdvLoss:[0.1413]
Train Iter:[579/772] CauLoss:[1.1927], AdvLoss:[0.1393]
--------------------------------------------------------------------------------------------------------------------------------------------------------------------------------------------------------
Epoch:[7/100], CauAdvLoss:[1.1885/0.1366] valid:[73.42], test:[65.82]
--------------------------------------------------------------------------------------------------------------------------------------------------------------------------------------------------------
Train Iter:[0  /772] CauLoss:[1.1894], AdvLoss:[0.1340]
Train Iter:[193/772] CauLoss:[1.2082], AdvLoss:[0.1459]
Train Iter:[386/772] CauLoss:[1.1867], AdvLoss:[0.1330]
Train Iter:[579/772] CauLoss:[1.1847], AdvLoss:[0.1319]
--------------------------------------------------------------------------------------------------------------------------------------------------------------------------------------------------------
Epoch:[8/100], CauAdvLoss:[1.1817/0.1315] valid:[74.50], test:[69.02]
--------------------------------------------------------------------------------------------------------------------------------------------------------------------------------------------------------
Train Iter:[0  /772] CauLoss:[1.0611], AdvLoss:[0.0704]
Train Iter:[193/772] CauLoss:[1.1606], AdvLoss:[0.1198]
Train Iter:[386/772] CauLoss:[1.1655], AdvLoss:[0.1245]
Train Iter:[579/772] CauLoss:[1.1707], AdvLoss:[0.1277]
--------------------------------------------------------------------------------------------------------------------------------------------------------------------------------------------------------
Epoch:[9/100], CauAdvLoss:[1.1768/0.1301] valid:[72.69], test:[61.52]
--------------------------------------------------------------------------------------------------------------------------------------------------------------------------------------------------------
Train Iter:[0  /772] CauLoss:[1.2417], AdvLoss:[0.1039]
Train Iter:[193/772] CauLoss:[1.1754], AdvLoss:[0.1284]
Train Iter:[386/772] CauLoss:[1.1824], AdvLoss:[0.1325]
Train Iter:[579/772] CauLoss:[1.1751], AdvLoss:[0.1281]
--------------------------------------------------------------------------------------------------------------------------------------------------------------------------------------------------------
Epoch:[10/100], CauAdvLoss:[1.1685/0.1255] valid:[68.20], test:[60.92]
--------------------------------------------------------------------------------------------------------------------------------------------------------------------------------------------------------
Train Iter:[0  /772] CauLoss:[1.2755], AdvLoss:[0.1589]
Train Iter:[193/772] CauLoss:[1.1747], AdvLoss:[0.1341]
Train Iter:[386/772] CauLoss:[1.1653], AdvLoss:[0.1337]
Train Iter:[579/772] CauLoss:[1.1596], AdvLoss:[0.1286]
--------------------------------------------------------------------------------------------------------------------------------------------------------------------------------------------------------
Epoch:[11/100], CauAdvLoss:[1.1664/0.1307] valid:[73.73], test:[67.53]
--------------------------------------------------------------------------------------------------------------------------------------------------------------------------------------------------------
Train Iter:[0  /772] CauLoss:[0.9614], AdvLoss:[0.0107]
Train Iter:[193/772] CauLoss:[1.1730], AdvLoss:[0.1304]
Train Iter:[386/772] CauLoss:[1.1623], AdvLoss:[0.1246]
Train Iter:[579/772] CauLoss:[1.1576], AdvLoss:[0.1214]
--------------------------------------------------------------------------------------------------------------------------------------------------------------------------------------------------------
Epoch:[12/100], CauAdvLoss:[1.1607/0.1240] valid:[74.34], test:[65.64]
--------------------------------------------------------------------------------------------------------------------------------------------------------------------------------------------------------
Train Iter:[0  /772] CauLoss:[0.9899], AdvLoss:[0.0566]
Train Iter:[193/772] CauLoss:[1.1527], AdvLoss:[0.1168]
Train Iter:[386/772] CauLoss:[1.1466], AdvLoss:[0.1130]
Train Iter:[579/772] CauLoss:[1.1555], AdvLoss:[0.1192]
--------------------------------------------------------------------------------------------------------------------------------------------------------------------------------------------------------
Epoch:[13/100], CauAdvLoss:[1.1606/0.1218] valid:[74.84], test:[60.90]
--------------------------------------------------------------------------------------------------------------------------------------------------------------------------------------------------------
Train Iter:[0  /772] CauLoss:[1.1952], AdvLoss:[0.1284]
Train Iter:[193/772] CauLoss:[1.1599], AdvLoss:[0.1217]
Train Iter:[386/772] CauLoss:[1.1584], AdvLoss:[0.1210]
Train Iter:[579/772] CauLoss:[1.1498], AdvLoss:[0.1159]
--------------------------------------------------------------------------------------------------------------------------------------------------------------------------------------------------------
Epoch:[14/100], CauAdvLoss:[1.1548/0.1181] valid:[73.52], test:[63.97]
--------------------------------------------------------------------------------------------------------------------------------------------------------------------------------------------------------
Train Iter:[0  /772] CauLoss:[0.9470], AdvLoss:[0.0117]
Train Iter:[193/772] CauLoss:[1.1670], AdvLoss:[0.1248]
Train Iter:[386/772] CauLoss:[1.1535], AdvLoss:[0.1179]
Train Iter:[579/772] CauLoss:[1.1514], AdvLoss:[0.1161]
--------------------------------------------------------------------------------------------------------------------------------------------------------------------------------------------------------
Epoch:[15/100], CauAdvLoss:[1.1522/0.1161] valid:[71.16], test:[64.93]
--------------------------------------------------------------------------------------------------------------------------------------------------------------------------------------------------------
Train Iter:[0  /772] CauLoss:[1.0921], AdvLoss:[0.0678]
Train Iter:[193/772] CauLoss:[1.1475], AdvLoss:[0.1159]
Train Iter:[386/772] CauLoss:[1.1511], AdvLoss:[0.1183]
Train Iter:[579/772] CauLoss:[1.1464], AdvLoss:[0.1149]
--------------------------------------------------------------------------------------------------------------------------------------------------------------------------------------------------------
Epoch:[16/100], CauAdvLoss:[1.1477/0.1158] valid:[75.77], test:[62.15]
--------------------------------------------------------------------------------------------------------------------------------------------------------------------------------------------------------
Train Iter:[0  /772] CauLoss:[1.2661], AdvLoss:[0.1965]
Train Iter:[193/772] CauLoss:[1.1249], AdvLoss:[0.1042]
Train Iter:[386/772] CauLoss:[1.1415], AdvLoss:[0.1116]
Train Iter:[579/772] CauLoss:[1.1493], AdvLoss:[0.1159]
--------------------------------------------------------------------------------------------------------------------------------------------------------------------------------------------------------
Epoch:[17/100], CauAdvLoss:[1.1439/0.1132] valid:[72.97], test:[61.79]
--------------------------------------------------------------------------------------------------------------------------------------------------------------------------------------------------------
Train Iter:[0  /772] CauLoss:[1.6429], AdvLoss:[0.3472]
Train Iter:[193/772] CauLoss:[1.1401], AdvLoss:[0.1123]
Train Iter:[386/772] CauLoss:[1.1478], AdvLoss:[0.1165]
Train Iter:[579/772] CauLoss:[1.1433], AdvLoss:[0.1142]
--------------------------------------------------------------------------------------------------------------------------------------------------------------------------------------------------------
Epoch:[18/100], CauAdvLoss:[1.1417/0.1133] valid:[75.88], test:[67.04]
--------------------------------------------------------------------------------------------------------------------------------------------------------------------------------------------------------
Train Iter:[0  /772] CauLoss:[1.2712], AdvLoss:[0.1710]
Train Iter:[193/772] CauLoss:[1.1333], AdvLoss:[0.1044]
Train Iter:[386/772] CauLoss:[1.1384], AdvLoss:[0.1085]
Train Iter:[579/772] CauLoss:[1.1412], AdvLoss:[0.1099]
--------------------------------------------------------------------------------------------------------------------------------------------------------------------------------------------------------
Epoch:[19/100], CauAdvLoss:[1.1435/0.1118] valid:[74.28], test:[65.60]
--------------------------------------------------------------------------------------------------------------------------------------------------------------------------------------------------------
Train Iter:[0  /772] CauLoss:[1.0063], AdvLoss:[0.0547]
Train Iter:[193/772] CauLoss:[1.1424], AdvLoss:[0.1089]
Train Iter:[386/772] CauLoss:[1.1388], AdvLoss:[0.1084]
Train Iter:[579/772] CauLoss:[1.1418], AdvLoss:[0.1108]
--------------------------------------------------------------------------------------------------------------------------------------------------------------------------------------------------------
Epoch:[20/100], CauAdvLoss:[1.1409/0.1110] valid:[76.76], test:[69.93]
--------------------------------------------------------------------------------------------------------------------------------------------------------------------------------------------------------
Train Iter:[0  /772] CauLoss:[1.5850], AdvLoss:[0.3590]
Train Iter:[193/772] CauLoss:[1.1201], AdvLoss:[0.0998]
Train Iter:[386/772] CauLoss:[1.1332], AdvLoss:[0.1062]
Train Iter:[579/772] CauLoss:[1.1374], AdvLoss:[0.1083]
--------------------------------------------------------------------------------------------------------------------------------------------------------------------------------------------------------
Epoch:[21/100], CauAdvLoss:[1.1397/0.1101] valid:[75.26], test:[62.72]
--------------------------------------------------------------------------------------------------------------------------------------------------------------------------------------------------------
Train Iter:[0  /772] CauLoss:[1.4882], AdvLoss:[0.2690]
Train Iter:[193/772] CauLoss:[1.1490], AdvLoss:[0.1132]
Train Iter:[386/772] CauLoss:[1.1384], AdvLoss:[0.1076]
Train Iter:[579/772] CauLoss:[1.1351], AdvLoss:[0.1068]
--------------------------------------------------------------------------------------------------------------------------------------------------------------------------------------------------------
Epoch:[22/100], CauAdvLoss:[1.1374/0.1082] valid:[74.01], test:[65.12]
--------------------------------------------------------------------------------------------------------------------------------------------------------------------------------------------------------
Train Iter:[0  /772] CauLoss:[1.0243], AdvLoss:[0.0618]
Train Iter:[193/772] CauLoss:[1.1188], AdvLoss:[0.1005]
Train Iter:[386/772] CauLoss:[1.1269], AdvLoss:[0.1054]
Train Iter:[579/772] CauLoss:[1.1354], AdvLoss:[0.1096]
--------------------------------------------------------------------------------------------------------------------------------------------------------------------------------------------------------
Epoch:[23/100], CauAdvLoss:[1.1363/0.1095] valid:[75.83], test:[64.89]
--------------------------------------------------------------------------------------------------------------------------------------------------------------------------------------------------------
Train Iter:[0  /772] CauLoss:[0.9690], AdvLoss:[0.0203]
Train Iter:[193/772] CauLoss:[1.1234], AdvLoss:[0.1020]
Train Iter:[386/772] CauLoss:[1.1257], AdvLoss:[0.1043]
Train Iter:[579/772] CauLoss:[1.1310], AdvLoss:[0.1072]
--------------------------------------------------------------------------------------------------------------------------------------------------------------------------------------------------------
Epoch:[24/100], CauAdvLoss:[1.1329/0.1083] valid:[75.34], test:[65.30]
--------------------------------------------------------------------------------------------------------------------------------------------------------------------------------------------------------
Train Iter:[0  /772] CauLoss:[1.2432], AdvLoss:[0.1880]
Train Iter:[193/772] CauLoss:[1.1239], AdvLoss:[0.1043]
Train Iter:[386/772] CauLoss:[1.1221], AdvLoss:[0.1034]
Train Iter:[579/772] CauLoss:[1.1276], AdvLoss:[0.1074]
--------------------------------------------------------------------------------------------------------------------------------------------------------------------------------------------------------
Epoch:[25/100], CauAdvLoss:[1.1264/0.1066] valid:[74.50], test:[62.80]
--------------------------------------------------------------------------------------------------------------------------------------------------------------------------------------------------------
Train Iter:[0  /772] CauLoss:[0.9817], AdvLoss:[0.0214]
Train Iter:[193/772] CauLoss:[1.1239], AdvLoss:[0.1021]
Train Iter:[386/772] CauLoss:[1.1306], AdvLoss:[0.1078]
Train Iter:[579/772] CauLoss:[1.1331], AdvLoss:[0.1092]
--------------------------------------------------------------------------------------------------------------------------------------------------------------------------------------------------------
Epoch:[26/100], CauAdvLoss:[1.1279/0.1075] valid:[74.19], test:[66.59]
--------------------------------------------------------------------------------------------------------------------------------------------------------------------------------------------------------
Train Iter:[0  /772] CauLoss:[0.9350], AdvLoss:[0.0054]
Train Iter:[193/772] CauLoss:[1.1196], AdvLoss:[0.0989]
Train Iter:[386/772] CauLoss:[1.1231], AdvLoss:[0.1015]
Train Iter:[579/772] CauLoss:[1.1239], AdvLoss:[0.1021]
--------------------------------------------------------------------------------------------------------------------------------------------------------------------------------------------------------
Epoch:[27/100], CauAdvLoss:[1.1281/0.1054] valid:[76.94], test:[68.55]
--------------------------------------------------------------------------------------------------------------------------------------------------------------------------------------------------------
Train Iter:[0  /772] CauLoss:[1.0162], AdvLoss:[0.0598]
Train Iter:[193/772] CauLoss:[1.1173], AdvLoss:[0.1007]
Train Iter:[386/772] CauLoss:[1.1256], AdvLoss:[0.1050]
Train Iter:[579/772] CauLoss:[1.1300], AdvLoss:[0.1075]
--------------------------------------------------------------------------------------------------------------------------------------------------------------------------------------------------------
Epoch:[28/100], CauAdvLoss:[1.1256/0.1056] valid:[74.84], test:[67.47]
--------------------------------------------------------------------------------------------------------------------------------------------------------------------------------------------------------
Train Iter:[0  /772] CauLoss:[1.0798], AdvLoss:[0.1067]
Train Iter:[193/772] CauLoss:[1.1346], AdvLoss:[0.1088]
Train Iter:[386/772] CauLoss:[1.1311], AdvLoss:[0.1057]
Train Iter:[579/772] CauLoss:[1.1316], AdvLoss:[0.1074]
--------------------------------------------------------------------------------------------------------------------------------------------------------------------------------------------------------
Epoch:[29/100], CauAdvLoss:[1.1262/0.1049] valid:[76.29], test:[65.65]
--------------------------------------------------------------------------------------------------------------------------------------------------------------------------------------------------------
Train Iter:[0  /772] CauLoss:[0.9743], AdvLoss:[0.0098]
Train Iter:[193/772] CauLoss:[1.1132], AdvLoss:[0.0968]
Train Iter:[386/772] CauLoss:[1.1235], AdvLoss:[0.1023]
Train Iter:[579/772] CauLoss:[1.1225], AdvLoss:[0.1025]
--------------------------------------------------------------------------------------------------------------------------------------------------------------------------------------------------------
Epoch:[30/100], CauAdvLoss:[1.1226/0.1036] valid:[75.04], test:[63.07]
--------------------------------------------------------------------------------------------------------------------------------------------------------------------------------------------------------
Train Iter:[0  /772] CauLoss:[1.3937], AdvLoss:[0.2459]
Train Iter:[193/772] CauLoss:[1.1160], AdvLoss:[0.1032]
Train Iter:[386/772] CauLoss:[1.1220], AdvLoss:[0.1050]
Train Iter:[579/772] CauLoss:[1.1155], AdvLoss:[0.1015]
--------------------------------------------------------------------------------------------------------------------------------------------------------------------------------------------------------
Epoch:[31/100], CauAdvLoss:[1.1190/0.1033] valid:[74.39], test:[64.30]
--------------------------------------------------------------------------------------------------------------------------------------------------------------------------------------------------------
Train Iter:[0  /772] CauLoss:[1.0604], AdvLoss:[0.0768]
Train Iter:[193/772] CauLoss:[1.1026], AdvLoss:[0.0954]
Train Iter:[386/772] CauLoss:[1.1033], AdvLoss:[0.0966]
Train Iter:[579/772] CauLoss:[1.1170], AdvLoss:[0.1035]
--------------------------------------------------------------------------------------------------------------------------------------------------------------------------------------------------------
Epoch:[32/100], CauAdvLoss:[1.1192/0.1031] valid:[76.38], test:[65.48]
--------------------------------------------------------------------------------------------------------------------------------------------------------------------------------------------------------
Train Iter:[0  /772] CauLoss:[0.9612], AdvLoss:[0.0116]
Train Iter:[193/772] CauLoss:[1.1303], AdvLoss:[0.1072]
Train Iter:[386/772] CauLoss:[1.1203], AdvLoss:[0.1033]
Train Iter:[579/772] CauLoss:[1.1248], AdvLoss:[0.1067]
--------------------------------------------------------------------------------------------------------------------------------------------------------------------------------------------------------
Epoch:[33/100], CauAdvLoss:[1.1177/0.1027] valid:[74.56], test:[65.19]
--------------------------------------------------------------------------------------------------------------------------------------------------------------------------------------------------------
Train Iter:[0  /772] CauLoss:[1.1655], AdvLoss:[0.1131]
Train Iter:[193/772] CauLoss:[1.1014], AdvLoss:[0.0939]
Train Iter:[386/772] CauLoss:[1.1217], AdvLoss:[0.1040]
Train Iter:[579/772] CauLoss:[1.1191], AdvLoss:[0.1028]
--------------------------------------------------------------------------------------------------------------------------------------------------------------------------------------------------------
Epoch:[34/100], CauAdvLoss:[1.1174/0.1015] valid:[75.09], test:[68.44]
--------------------------------------------------------------------------------------------------------------------------------------------------------------------------------------------------------
Train Iter:[0  /772] CauLoss:[0.9756], AdvLoss:[0.0090]
Train Iter:[193/772] CauLoss:[1.1215], AdvLoss:[0.1042]
Train Iter:[386/772] CauLoss:[1.1183], AdvLoss:[0.1025]
Train Iter:[579/772] CauLoss:[1.1178], AdvLoss:[0.1025]
--------------------------------------------------------------------------------------------------------------------------------------------------------------------------------------------------------
Epoch:[35/100], CauAdvLoss:[1.1168/0.1017] valid:[74.81], test:[66.99]
--------------------------------------------------------------------------------------------------------------------------------------------------------------------------------------------------------
Train Iter:[0  /772] CauLoss:[0.9422], AdvLoss:[0.0058]
Train Iter:[193/772] CauLoss:[1.1167], AdvLoss:[0.1029]
Train Iter:[386/772] CauLoss:[1.1073], AdvLoss:[0.0985]
Train Iter:[579/772] CauLoss:[1.1152], AdvLoss:[0.1024]
--------------------------------------------------------------------------------------------------------------------------------------------------------------------------------------------------------
Epoch:[36/100], CauAdvLoss:[1.1135/0.1024] valid:[75.10], test:[66.32]
--------------------------------------------------------------------------------------------------------------------------------------------------------------------------------------------------------
Train Iter:[0  /772] CauLoss:[1.2183], AdvLoss:[0.1895]
Train Iter:[193/772] CauLoss:[1.1145], AdvLoss:[0.1000]
Train Iter:[386/772] CauLoss:[1.1135], AdvLoss:[0.1004]
Train Iter:[579/772] CauLoss:[1.1153], AdvLoss:[0.1017]
--------------------------------------------------------------------------------------------------------------------------------------------------------------------------------------------------------
Epoch:[37/100], CauAdvLoss:[1.1138/0.1010] valid:[72.79], test:[67.22]
--------------------------------------------------------------------------------------------------------------------------------------------------------------------------------------------------------
Train Iter:[0  /772] CauLoss:[1.1486], AdvLoss:[0.0940]
Train Iter:[193/772] CauLoss:[1.1173], AdvLoss:[0.1035]
Train Iter:[386/772] CauLoss:[1.1151], AdvLoss:[0.1033]
Train Iter:[579/772] CauLoss:[1.1152], AdvLoss:[0.1028]
--------------------------------------------------------------------------------------------------------------------------------------------------------------------------------------------------------
Epoch:[38/100], CauAdvLoss:[1.1120/0.1011] valid:[73.76], test:[64.97]
--------------------------------------------------------------------------------------------------------------------------------------------------------------------------------------------------------
Train Iter:[0  /772] CauLoss:[1.2507], AdvLoss:[0.2751]
Train Iter:[193/772] CauLoss:[1.1184], AdvLoss:[0.1017]
Train Iter:[386/772] CauLoss:[1.1104], AdvLoss:[0.0989]
Train Iter:[579/772] CauLoss:[1.1128], AdvLoss:[0.0996]
--------------------------------------------------------------------------------------------------------------------------------------------------------------------------------------------------------
Epoch:[39/100], CauAdvLoss:[1.1136/0.1002] valid:[75.14], test:[65.86]
--------------------------------------------------------------------------------------------------------------------------------------------------------------------------------------------------------
Train Iter:[0  /772] CauLoss:[0.9487], AdvLoss:[0.0095]
Train Iter:[193/772] CauLoss:[1.1048], AdvLoss:[0.0944]
Train Iter:[386/772] CauLoss:[1.1067], AdvLoss:[0.0972]
Train Iter:[579/772] CauLoss:[1.1097], AdvLoss:[0.0995]
--------------------------------------------------------------------------------------------------------------------------------------------------------------------------------------------------------
Epoch:[40/100], CauAdvLoss:[1.1083/0.0986] valid:[74.58], test:[68.36]
--------------------------------------------------------------------------------------------------------------------------------------------------------------------------------------------------------
Train Iter:[0  /772] CauLoss:[0.9954], AdvLoss:[0.0112]
Train Iter:[193/772] CauLoss:[1.1149], AdvLoss:[0.1029]
Train Iter:[386/772] CauLoss:[1.1106], AdvLoss:[0.0988]
Train Iter:[579/772] CauLoss:[1.1106], AdvLoss:[0.0977]
--------------------------------------------------------------------------------------------------------------------------------------------------------------------------------------------------------
Epoch:[41/100], CauAdvLoss:[1.1077/0.0964] valid:[77.52], test:[66.19]
--------------------------------------------------------------------------------------------------------------------------------------------------------------------------------------------------------
Train Iter:[0  /772] CauLoss:[0.9756], AdvLoss:[0.0050]
Train Iter:[193/772] CauLoss:[1.1065], AdvLoss:[0.0978]
Train Iter:[386/772] CauLoss:[1.1121], AdvLoss:[0.0996]
Train Iter:[579/772] CauLoss:[1.1039], AdvLoss:[0.0950]
--------------------------------------------------------------------------------------------------------------------------------------------------------------------------------------------------------
Epoch:[42/100], CauAdvLoss:[1.1074/0.0984] valid:[74.08], test:[68.24]
--------------------------------------------------------------------------------------------------------------------------------------------------------------------------------------------------------
Train Iter:[0  /772] CauLoss:[0.9917], AdvLoss:[0.0141]
Train Iter:[193/772] CauLoss:[1.0894], AdvLoss:[0.0904]
Train Iter:[386/772] CauLoss:[1.1007], AdvLoss:[0.0977]
Train Iter:[579/772] CauLoss:[1.1019], AdvLoss:[0.0992]
--------------------------------------------------------------------------------------------------------------------------------------------------------------------------------------------------------
Epoch:[43/100], CauAdvLoss:[1.1047/0.1006] valid:[75.11], test:[68.38]
--------------------------------------------------------------------------------------------------------------------------------------------------------------------------------------------------------
Train Iter:[0  /772] CauLoss:[1.0777], AdvLoss:[0.1046]
Train Iter:[193/772] CauLoss:[1.1084], AdvLoss:[0.1035]
Train Iter:[386/772] CauLoss:[1.0993], AdvLoss:[0.0984]
Train Iter:[579/772] CauLoss:[1.1020], AdvLoss:[0.0988]
--------------------------------------------------------------------------------------------------------------------------------------------------------------------------------------------------------
Epoch:[44/100], CauAdvLoss:[1.1046/0.0997] valid:[72.43], test:[65.53]
--------------------------------------------------------------------------------------------------------------------------------------------------------------------------------------------------------
Train Iter:[0  /772] CauLoss:[1.2131], AdvLoss:[0.0954]
Train Iter:[193/772] CauLoss:[1.0963], AdvLoss:[0.1006]
Train Iter:[386/772] CauLoss:[1.1016], AdvLoss:[0.1001]
Train Iter:[579/772] CauLoss:[1.1034], AdvLoss:[0.1000]
--------------------------------------------------------------------------------------------------------------------------------------------------------------------------------------------------------
Epoch:[45/100], CauAdvLoss:[1.1061/0.1010] valid:[73.07], test:[63.79]
--------------------------------------------------------------------------------------------------------------------------------------------------------------------------------------------------------
Train Iter:[0  /772] CauLoss:[1.3644], AdvLoss:[0.2593]
Train Iter:[193/772] CauLoss:[1.0892], AdvLoss:[0.0936]
Train Iter:[386/772] CauLoss:[1.1079], AdvLoss:[0.1055]
Train Iter:[579/772] CauLoss:[1.0992], AdvLoss:[0.0999]
--------------------------------------------------------------------------------------------------------------------------------------------------------------------------------------------------------
Epoch:[46/100], CauAdvLoss:[1.1017/0.0998] valid:[74.68], test:[64.72]
--------------------------------------------------------------------------------------------------------------------------------------------------------------------------------------------------------
Train Iter:[0  /772] CauLoss:[0.9375], AdvLoss:[0.0061]
Train Iter:[193/772] CauLoss:[1.0850], AdvLoss:[0.0937]
Train Iter:[386/772] CauLoss:[1.1012], AdvLoss:[0.1021]
Train Iter:[579/772] CauLoss:[1.1039], AdvLoss:[0.1030]
--------------------------------------------------------------------------------------------------------------------------------------------------------------------------------------------------------
Epoch:[47/100], CauAdvLoss:[1.1008/0.1020] valid:[76.41], test:[66.92]
--------------------------------------------------------------------------------------------------------------------------------------------------------------------------------------------------------
Train Iter:[0  /772] CauLoss:[1.3501], AdvLoss:[0.2528]
Train Iter:[193/772] CauLoss:[1.0906], AdvLoss:[0.0954]
Train Iter:[386/772] CauLoss:[1.1005], AdvLoss:[0.1001]
Train Iter:[579/772] CauLoss:[1.0971], AdvLoss:[0.0990]
--------------------------------------------------------------------------------------------------------------------------------------------------------------------------------------------------------
Epoch:[48/100], CauAdvLoss:[1.0984/0.1005] valid:[75.12], test:[68.95]
--------------------------------------------------------------------------------------------------------------------------------------------------------------------------------------------------------
Train Iter:[0  /772] CauLoss:[0.9751], AdvLoss:[0.0176]
Train Iter:[193/772] CauLoss:[1.0889], AdvLoss:[0.0983]
Train Iter:[386/772] CauLoss:[1.0947], AdvLoss:[0.1001]
Train Iter:[579/772] CauLoss:[1.0999], AdvLoss:[0.1022]
--------------------------------------------------------------------------------------------------------------------------------------------------------------------------------------------------------
Epoch:[49/100], CauAdvLoss:[1.0972/0.1003] valid:[73.50], test:[62.12]
--------------------------------------------------------------------------------------------------------------------------------------------------------------------------------------------------------
Train Iter:[0  /772] CauLoss:[0.9306], AdvLoss:[0.0035]
Train Iter:[193/772] CauLoss:[1.0906], AdvLoss:[0.0964]
Train Iter:[386/772] CauLoss:[1.0956], AdvLoss:[0.0990]
Train Iter:[579/772] CauLoss:[1.0960], AdvLoss:[0.1008]
--------------------------------------------------------------------------------------------------------------------------------------------------------------------------------------------------------
Epoch:[50/100], CauAdvLoss:[1.0981/0.1014] valid:[74.37], test:[64.25]
--------------------------------------------------------------------------------------------------------------------------------------------------------------------------------------------------------
Train Iter:[0  /772] CauLoss:[0.9719], AdvLoss:[0.0133]
Train Iter:[193/772] CauLoss:[1.0787], AdvLoss:[0.0910]
Train Iter:[386/772] CauLoss:[1.0813], AdvLoss:[0.0963]
Train Iter:[579/772] CauLoss:[1.0916], AdvLoss:[0.1040]
--------------------------------------------------------------------------------------------------------------------------------------------------------------------------------------------------------
Epoch:[51/100], CauAdvLoss:[1.0936/0.1037] valid:[74.67], test:[63.68]
--------------------------------------------------------------------------------------------------------------------------------------------------------------------------------------------------------
Train Iter:[0  /772] CauLoss:[1.1074], AdvLoss:[0.1630]
Train Iter:[193/772] CauLoss:[1.1061], AdvLoss:[0.0992]
Train Iter:[386/772] CauLoss:[1.1005], AdvLoss:[0.0985]
Train Iter:[579/772] CauLoss:[1.0956], AdvLoss:[0.0970]
--------------------------------------------------------------------------------------------------------------------------------------------------------------------------------------------------------
Epoch:[52/100], CauAdvLoss:[1.0940/0.0966] valid:[76.14], test:[67.03]
--------------------------------------------------------------------------------------------------------------------------------------------------------------------------------------------------------
Train Iter:[0  /772] CauLoss:[1.2095], AdvLoss:[0.1944]
Train Iter:[193/772] CauLoss:[1.0879], AdvLoss:[0.0971]
Train Iter:[386/772] CauLoss:[1.0846], AdvLoss:[0.0957]
Train Iter:[579/772] CauLoss:[1.0910], AdvLoss:[0.0997]
--------------------------------------------------------------------------------------------------------------------------------------------------------------------------------------------------------
Epoch:[53/100], CauAdvLoss:[1.0931/0.1011] valid:[74.01], test:[65.65]
--------------------------------------------------------------------------------------------------------------------------------------------------------------------------------------------------------
Train Iter:[0  /772] CauLoss:[1.3658], AdvLoss:[0.2870]
Train Iter:[193/772] CauLoss:[1.0989], AdvLoss:[0.1013]
Train Iter:[386/772] CauLoss:[1.0979], AdvLoss:[0.1009]
Train Iter:[579/772] CauLoss:[1.0947], AdvLoss:[0.1005]
--------------------------------------------------------------------------------------------------------------------------------------------------------------------------------------------------------
Epoch:[54/100], CauAdvLoss:[1.0930/0.0995] valid:[73.82], test:[64.98]
--------------------------------------------------------------------------------------------------------------------------------------------------------------------------------------------------------
Train Iter:[0  /772] CauLoss:[1.2339], AdvLoss:[0.2738]
Train Iter:[193/772] CauLoss:[1.0837], AdvLoss:[0.0968]
Train Iter:[386/772] CauLoss:[1.0892], AdvLoss:[0.0996]
Train Iter:[579/772] CauLoss:[1.0881], AdvLoss:[0.0992]
--------------------------------------------------------------------------------------------------------------------------------------------------------------------------------------------------------
Epoch:[55/100], CauAdvLoss:[1.0910/0.1009] valid:[74.04], test:[65.99]
--------------------------------------------------------------------------------------------------------------------------------------------------------------------------------------------------------
Train Iter:[0  /772] CauLoss:[1.0922], AdvLoss:[0.1253]
Train Iter:[193/772] CauLoss:[1.0902], AdvLoss:[0.0950]
Train Iter:[386/772] CauLoss:[1.0836], AdvLoss:[0.0909]
Train Iter:[579/772] CauLoss:[1.0860], AdvLoss:[0.0954]
--------------------------------------------------------------------------------------------------------------------------------------------------------------------------------------------------------
Epoch:[56/100], CauAdvLoss:[1.0921/0.1000] valid:[75.14], test:[63.95]
--------------------------------------------------------------------------------------------------------------------------------------------------------------------------------------------------------
Train Iter:[0  /772] CauLoss:[1.1653], AdvLoss:[0.1484]
Train Iter:[193/772] CauLoss:[1.0880], AdvLoss:[0.0958]
Train Iter:[386/772] CauLoss:[1.0864], AdvLoss:[0.0983]
Train Iter:[579/772] CauLoss:[1.0909], AdvLoss:[0.1003]
--------------------------------------------------------------------------------------------------------------------------------------------------------------------------------------------------------
Epoch:[57/100], CauAdvLoss:[1.0903/0.1006] valid:[75.45], test:[64.68]
--------------------------------------------------------------------------------------------------------------------------------------------------------------------------------------------------------
Train Iter:[0  /772] CauLoss:[1.1408], AdvLoss:[0.1109]
Train Iter:[193/772] CauLoss:[1.0654], AdvLoss:[0.0865]
Train Iter:[386/772] CauLoss:[1.0806], AdvLoss:[0.0952]
Train Iter:[579/772] CauLoss:[1.0875], AdvLoss:[0.0998]
--------------------------------------------------------------------------------------------------------------------------------------------------------------------------------------------------------
Epoch:[58/100], CauAdvLoss:[1.0875/0.1008] valid:[75.43], test:[61.01]
--------------------------------------------------------------------------------------------------------------------------------------------------------------------------------------------------------
Train Iter:[0  /772] CauLoss:[0.9392], AdvLoss:[0.0129]
Train Iter:[193/772] CauLoss:[1.1071], AdvLoss:[0.1105]
Train Iter:[386/772] CauLoss:[1.0931], AdvLoss:[0.1042]
Train Iter:[579/772] CauLoss:[1.0901], AdvLoss:[0.0993]
--------------------------------------------------------------------------------------------------------------------------------------------------------------------------------------------------------
Epoch:[59/100], CauAdvLoss:[1.0872/0.0986] valid:[75.56], test:[65.81]
--------------------------------------------------------------------------------------------------------------------------------------------------------------------------------------------------------
Train Iter:[0  /772] CauLoss:[1.4559], AdvLoss:[0.2711]
Train Iter:[193/772] CauLoss:[1.0770], AdvLoss:[0.0914]
Train Iter:[386/772] CauLoss:[1.0776], AdvLoss:[0.0955]
Train Iter:[579/772] CauLoss:[1.0817], AdvLoss:[0.0966]
--------------------------------------------------------------------------------------------------------------------------------------------------------------------------------------------------------
Epoch:[60/100], CauAdvLoss:[1.0870/0.1000] valid:[75.75], test:[62.85]
--------------------------------------------------------------------------------------------------------------------------------------------------------------------------------------------------------
Train Iter:[0  /772] CauLoss:[1.0567], AdvLoss:[0.0443]
Train Iter:[193/772] CauLoss:[1.0756], AdvLoss:[0.0998]
Train Iter:[386/772] CauLoss:[1.0740], AdvLoss:[0.0983]
Train Iter:[579/772] CauLoss:[1.0831], AdvLoss:[0.1025]
--------------------------------------------------------------------------------------------------------------------------------------------------------------------------------------------------------
Epoch:[61/100], CauAdvLoss:[1.0835/0.1013] valid:[75.48], test:[65.88]
--------------------------------------------------------------------------------------------------------------------------------------------------------------------------------------------------------
Train Iter:[0  /772] CauLoss:[0.9596], AdvLoss:[0.0048]
Train Iter:[193/772] CauLoss:[1.0818], AdvLoss:[0.0985]
Train Iter:[386/772] CauLoss:[1.0837], AdvLoss:[0.1014]
Train Iter:[579/772] CauLoss:[1.0864], AdvLoss:[0.1012]
--------------------------------------------------------------------------------------------------------------------------------------------------------------------------------------------------------
Epoch:[62/100], CauAdvLoss:[1.0860/0.1004] valid:[76.21], test:[64.21]
--------------------------------------------------------------------------------------------------------------------------------------------------------------------------------------------------------
Train Iter:[0  /772] CauLoss:[1.4720], AdvLoss:[0.3617]
Train Iter:[193/772] CauLoss:[1.0835], AdvLoss:[0.1009]
Train Iter:[386/772] CauLoss:[1.0846], AdvLoss:[0.0995]
Train Iter:[579/772] CauLoss:[1.0816], AdvLoss:[0.0987]
--------------------------------------------------------------------------------------------------------------------------------------------------------------------------------------------------------
Epoch:[63/100], CauAdvLoss:[1.0834/0.1005] valid:[73.57], test:[64.55]
--------------------------------------------------------------------------------------------------------------------------------------------------------------------------------------------------------
Train Iter:[0  /772] CauLoss:[0.9521], AdvLoss:[0.0033]
Train Iter:[193/772] CauLoss:[1.0683], AdvLoss:[0.0922]
Train Iter:[386/772] CauLoss:[1.0754], AdvLoss:[0.0994]
Train Iter:[579/772] CauLoss:[1.0729], AdvLoss:[0.1000]
--------------------------------------------------------------------------------------------------------------------------------------------------------------------------------------------------------
Epoch:[64/100], CauAdvLoss:[1.0826/0.1077] valid:[76.39], test:[65.96]
--------------------------------------------------------------------------------------------------------------------------------------------------------------------------------------------------------
Train Iter:[0  /772] CauLoss:[1.2886], AdvLoss:[0.2602]
Train Iter:[193/772] CauLoss:[1.0604], AdvLoss:[0.0933]
Train Iter:[386/772] CauLoss:[1.0706], AdvLoss:[0.1007]
Train Iter:[579/772] CauLoss:[1.0731], AdvLoss:[0.1019]
--------------------------------------------------------------------------------------------------------------------------------------------------------------------------------------------------------
Epoch:[65/100], CauAdvLoss:[1.0801/0.1064] valid:[75.22], test:[66.87]
--------------------------------------------------------------------------------------------------------------------------------------------------------------------------------------------------------
Train Iter:[0  /772] CauLoss:[0.9712], AdvLoss:[0.0019]
Train Iter:[193/772] CauLoss:[1.0699], AdvLoss:[0.0905]
Train Iter:[386/772] CauLoss:[1.0762], AdvLoss:[0.0955]
Train Iter:[579/772] CauLoss:[1.0817], AdvLoss:[0.0997]
--------------------------------------------------------------------------------------------------------------------------------------------------------------------------------------------------------
Epoch:[66/100], CauAdvLoss:[1.0825/0.1006] valid:[74.43], test:[66.43]
--------------------------------------------------------------------------------------------------------------------------------------------------------------------------------------------------------
Train Iter:[0  /772] CauLoss:[1.1912], AdvLoss:[0.2106]
Train Iter:[193/772] CauLoss:[1.0654], AdvLoss:[0.0875]
Train Iter:[386/772] CauLoss:[1.0839], AdvLoss:[0.1023]
Train Iter:[579/772] CauLoss:[1.0813], AdvLoss:[0.1007]
--------------------------------------------------------------------------------------------------------------------------------------------------------------------------------------------------------
Epoch:[67/100], CauAdvLoss:[1.0803/0.1016] valid:[74.94], test:[66.11]
--------------------------------------------------------------------------------------------------------------------------------------------------------------------------------------------------------
Train Iter:[0  /772] CauLoss:[0.9560], AdvLoss:[0.0025]
Train Iter:[193/772] CauLoss:[1.0761], AdvLoss:[0.1057]
Train Iter:[386/772] CauLoss:[1.0817], AdvLoss:[0.1082]
Train Iter:[579/772] CauLoss:[1.0816], AdvLoss:[0.1077]
--------------------------------------------------------------------------------------------------------------------------------------------------------------------------------------------------------
Epoch:[68/100], CauAdvLoss:[1.0801/0.1059] valid:[76.12], test:[70.06]
--------------------------------------------------------------------------------------------------------------------------------------------------------------------------------------------------------
Train Iter:[0  /772] CauLoss:[0.9691], AdvLoss:[0.0264]
Train Iter:[193/772] CauLoss:[1.0765], AdvLoss:[0.1059]
Train Iter:[386/772] CauLoss:[1.0816], AdvLoss:[0.1095]
Train Iter:[579/772] CauLoss:[1.0805], AdvLoss:[0.1077]
--------------------------------------------------------------------------------------------------------------------------------------------------------------------------------------------------------
Epoch:[69/100], CauAdvLoss:[1.0779/0.1068] valid:[72.92], test:[63.46]
--------------------------------------------------------------------------------------------------------------------------------------------------------------------------------------------------------
Train Iter:[0  /772] CauLoss:[1.1208], AdvLoss:[0.1140]
Train Iter:[193/772] CauLoss:[1.0628], AdvLoss:[0.0956]
Train Iter:[386/772] CauLoss:[1.0766], AdvLoss:[0.1034]
Train Iter:[579/772] CauLoss:[1.0713], AdvLoss:[0.1007]
--------------------------------------------------------------------------------------------------------------------------------------------------------------------------------------------------------
Epoch:[70/100], CauAdvLoss:[1.0751/0.1050] valid:[74.35], test:[66.05]
--------------------------------------------------------------------------------------------------------------------------------------------------------------------------------------------------------
Train Iter:[0  /772] CauLoss:[0.9864], AdvLoss:[0.0256]
Train Iter:[193/772] CauLoss:[1.0713], AdvLoss:[0.1009]
Train Iter:[386/772] CauLoss:[1.0752], AdvLoss:[0.1024]
Train Iter:[579/772] CauLoss:[1.0723], AdvLoss:[0.1026]
--------------------------------------------------------------------------------------------------------------------------------------------------------------------------------------------------------
Epoch:[71/100], CauAdvLoss:[1.0790/0.1066] valid:[75.27], test:[67.78]
--------------------------------------------------------------------------------------------------------------------------------------------------------------------------------------------------------
Train Iter:[0  /772] CauLoss:[0.9369], AdvLoss:[0.0008]
Train Iter:[193/772] CauLoss:[1.0718], AdvLoss:[0.1087]
Train Iter:[386/772] CauLoss:[1.0673], AdvLoss:[0.1080]
Train Iter:[579/772] CauLoss:[1.0758], AdvLoss:[0.1122]
--------------------------------------------------------------------------------------------------------------------------------------------------------------------------------------------------------
Epoch:[72/100], CauAdvLoss:[1.0735/0.1089] valid:[75.02], test:[65.68]
--------------------------------------------------------------------------------------------------------------------------------------------------------------------------------------------------------
Train Iter:[0  /772] CauLoss:[1.2051], AdvLoss:[0.2611]
Train Iter:[193/772] CauLoss:[1.0882], AdvLoss:[0.1146]
Train Iter:[386/772] CauLoss:[1.0781], AdvLoss:[0.1102]
Train Iter:[579/772] CauLoss:[1.0725], AdvLoss:[0.1064]
--------------------------------------------------------------------------------------------------------------------------------------------------------------------------------------------------------
Epoch:[73/100], CauAdvLoss:[1.0725/0.1062] valid:[74.46], test:[66.75]
--------------------------------------------------------------------------------------------------------------------------------------------------------------------------------------------------------
Train Iter:[0  /772] CauLoss:[1.2135], AdvLoss:[0.1447]
Train Iter:[193/772] CauLoss:[1.0780], AdvLoss:[0.1062]
Train Iter:[386/772] CauLoss:[1.0818], AdvLoss:[0.1093]
Train Iter:[579/772] CauLoss:[1.0810], AdvLoss:[0.1092]
--------------------------------------------------------------------------------------------------------------------------------------------------------------------------------------------------------
Epoch:[74/100], CauAdvLoss:[1.0739/0.1079] valid:[72.33], test:[62.91]
--------------------------------------------------------------------------------------------------------------------------------------------------------------------------------------------------------
Train Iter:[0  /772] CauLoss:[0.9986], AdvLoss:[0.1336]
Train Iter:[193/772] CauLoss:[1.0772], AdvLoss:[0.1135]
Train Iter:[386/772] CauLoss:[1.0736], AdvLoss:[0.1087]
Train Iter:[579/772] CauLoss:[1.0733], AdvLoss:[0.1079]
--------------------------------------------------------------------------------------------------------------------------------------------------------------------------------------------------------
Epoch:[75/100], CauAdvLoss:[1.0771/0.1099] valid:[74.52], test:[65.19]
--------------------------------------------------------------------------------------------------------------------------------------------------------------------------------------------------------
Train Iter:[0  /772] CauLoss:[0.9667], AdvLoss:[0.0128]
Train Iter:[193/772] CauLoss:[1.0594], AdvLoss:[0.1030]
Train Iter:[386/772] CauLoss:[1.0738], AdvLoss:[0.1062]
Train Iter:[579/772] CauLoss:[1.0724], AdvLoss:[0.1052]
--------------------------------------------------------------------------------------------------------------------------------------------------------------------------------------------------------
Epoch:[76/100], CauAdvLoss:[1.0701/0.1062] valid:[74.72], test:[65.62]
--------------------------------------------------------------------------------------------------------------------------------------------------------------------------------------------------------
Train Iter:[0  /772] CauLoss:[0.9857], AdvLoss:[0.0359]
Train Iter:[193/772] CauLoss:[1.0600], AdvLoss:[0.0905]
Train Iter:[386/772] CauLoss:[1.0673], AdvLoss:[0.0965]
Train Iter:[579/772] CauLoss:[1.0674], AdvLoss:[0.0992]
--------------------------------------------------------------------------------------------------------------------------------------------------------------------------------------------------------
Epoch:[77/100], CauAdvLoss:[1.0702/0.1003] valid:[71.07], test:[60.23]
--------------------------------------------------------------------------------------------------------------------------------------------------------------------------------------------------------
Train Iter:[0  /772] CauLoss:[1.0193], AdvLoss:[0.3149]
Train Iter:[193/772] CauLoss:[1.0596], AdvLoss:[0.1039]
Train Iter:[386/772] CauLoss:[1.0632], AdvLoss:[0.1054]
Train Iter:[579/772] CauLoss:[1.0718], AdvLoss:[0.1082]
--------------------------------------------------------------------------------------------------------------------------------------------------------------------------------------------------------
Epoch:[78/100], CauAdvLoss:[1.0693/0.1062] valid:[73.26], test:[58.92]
--------------------------------------------------------------------------------------------------------------------------------------------------------------------------------------------------------
Train Iter:[0  /772] CauLoss:[0.9222], AdvLoss:[0.0017]
Train Iter:[193/772] CauLoss:[1.0458], AdvLoss:[0.0937]
Train Iter:[386/772] CauLoss:[1.0608], AdvLoss:[0.1007]
Train Iter:[579/772] CauLoss:[1.0603], AdvLoss:[0.0997]
--------------------------------------------------------------------------------------------------------------------------------------------------------------------------------------------------------
Epoch:[79/100], CauAdvLoss:[1.0683/0.1054] valid:[74.11], test:[61.96]
--------------------------------------------------------------------------------------------------------------------------------------------------------------------------------------------------------
Train Iter:[0  /772] CauLoss:[1.0513], AdvLoss:[0.0836]
Train Iter:[193/772] CauLoss:[1.0709], AdvLoss:[0.1075]
Train Iter:[386/772] CauLoss:[1.0700], AdvLoss:[0.1081]
Train Iter:[579/772] CauLoss:[1.0720], AdvLoss:[0.1069]
--------------------------------------------------------------------------------------------------------------------------------------------------------------------------------------------------------
Epoch:[80/100], CauAdvLoss:[1.0719/0.1079] valid:[73.98], test:[63.76]
--------------------------------------------------------------------------------------------------------------------------------------------------------------------------------------------------------
Train Iter:[0  /772] CauLoss:[0.9809], AdvLoss:[0.0138]
Train Iter:[193/772] CauLoss:[1.0688], AdvLoss:[0.1100]
Train Iter:[386/772] CauLoss:[1.0687], AdvLoss:[0.1066]
Train Iter:[579/772] CauLoss:[1.0684], AdvLoss:[0.1058]
--------------------------------------------------------------------------------------------------------------------------------------------------------------------------------------------------------
Epoch:[81/100], CauAdvLoss:[1.0675/0.1034] valid:[74.55], test:[62.85]
--------------------------------------------------------------------------------------------------------------------------------------------------------------------------------------------------------
Train Iter:[0  /772] CauLoss:[0.9409], AdvLoss:[0.0020]
Train Iter:[193/772] CauLoss:[1.0708], AdvLoss:[0.0948]
Train Iter:[386/772] CauLoss:[1.0646], AdvLoss:[0.0986]
Train Iter:[579/772] CauLoss:[1.0682], AdvLoss:[0.0994]
--------------------------------------------------------------------------------------------------------------------------------------------------------------------------------------------------------
Epoch:[82/100], CauAdvLoss:[1.0686/0.0979] valid:[75.65], test:[65.66]
--------------------------------------------------------------------------------------------------------------------------------------------------------------------------------------------------------
Train Iter:[0  /772] CauLoss:[0.9352], AdvLoss:[0.0756]
Train Iter:[193/772] CauLoss:[1.0650], AdvLoss:[0.1095]
Train Iter:[386/772] CauLoss:[1.0662], AdvLoss:[0.1058]
Train Iter:[579/772] CauLoss:[1.0663], AdvLoss:[0.1063]
--------------------------------------------------------------------------------------------------------------------------------------------------------------------------------------------------------
Epoch:[83/100], CauAdvLoss:[1.0655/0.1045] valid:[75.57], test:[67.18]
--------------------------------------------------------------------------------------------------------------------------------------------------------------------------------------------------------
Train Iter:[0  /772] CauLoss:[0.9720], AdvLoss:[0.0306]
Train Iter:[193/772] CauLoss:[1.0730], AdvLoss:[0.1077]
Train Iter:[386/772] CauLoss:[1.0696], AdvLoss:[0.1094]
Train Iter:[579/772] CauLoss:[1.0704], AdvLoss:[0.1089]
--------------------------------------------------------------------------------------------------------------------------------------------------------------------------------------------------------
Epoch:[84/100], CauAdvLoss:[1.0672/0.1060] valid:[74.94], test:[61.64]
--------------------------------------------------------------------------------------------------------------------------------------------------------------------------------------------------------
Train Iter:[0  /772] CauLoss:[0.9528], AdvLoss:[0.0017]
Train Iter:[193/772] CauLoss:[1.0633], AdvLoss:[0.1014]
Train Iter:[386/772] CauLoss:[1.0606], AdvLoss:[0.1012]
Train Iter:[579/772] CauLoss:[1.0626], AdvLoss:[0.1036]
--------------------------------------------------------------------------------------------------------------------------------------------------------------------------------------------------------
Epoch:[85/100], CauAdvLoss:[1.0614/0.1027] valid:[73.77], test:[60.65]
--------------------------------------------------------------------------------------------------------------------------------------------------------------------------------------------------------
Train Iter:[0  /772] CauLoss:[1.0770], AdvLoss:[0.4871]
Train Iter:[193/772] CauLoss:[1.0307], AdvLoss:[0.0933]
Train Iter:[386/772] CauLoss:[1.0611], AdvLoss:[0.1132]
Train Iter:[579/772] CauLoss:[1.0620], AdvLoss:[0.1084]
--------------------------------------------------------------------------------------------------------------------------------------------------------------------------------------------------------
Epoch:[86/100], CauAdvLoss:[1.0631/0.1077] valid:[73.37], test:[59.13]
--------------------------------------------------------------------------------------------------------------------------------------------------------------------------------------------------------
Train Iter:[0  /772] CauLoss:[1.1124], AdvLoss:[0.0515]
Train Iter:[193/772] CauLoss:[1.0422], AdvLoss:[0.1023]
Train Iter:[386/772] CauLoss:[1.0551], AdvLoss:[0.1041]
Train Iter:[579/772] CauLoss:[1.0555], AdvLoss:[0.1046]
--------------------------------------------------------------------------------------------------------------------------------------------------------------------------------------------------------
Epoch:[87/100], CauAdvLoss:[1.0618/0.1067] valid:[75.78], test:[64.01]
--------------------------------------------------------------------------------------------------------------------------------------------------------------------------------------------------------
Train Iter:[0  /772] CauLoss:[0.9819], AdvLoss:[0.1179]
Train Iter:[193/772] CauLoss:[1.0539], AdvLoss:[0.0959]
Train Iter:[386/772] CauLoss:[1.0581], AdvLoss:[0.0994]
Train Iter:[579/772] CauLoss:[1.0618], AdvLoss:[0.1004]
--------------------------------------------------------------------------------------------------------------------------------------------------------------------------------------------------------
Epoch:[88/100], CauAdvLoss:[1.0639/0.1013] valid:[73.53], test:[59.12]
--------------------------------------------------------------------------------------------------------------------------------------------------------------------------------------------------------
Train Iter:[0  /772] CauLoss:[0.9892], AdvLoss:[0.0139]
Train Iter:[193/772] CauLoss:[1.0544], AdvLoss:[0.0941]
Train Iter:[386/772] CauLoss:[1.0634], AdvLoss:[0.1025]
Train Iter:[579/772] CauLoss:[1.0640], AdvLoss:[0.1037]
--------------------------------------------------------------------------------------------------------------------------------------------------------------------------------------------------------
Epoch:[89/100], CauAdvLoss:[1.0633/0.1028] valid:[75.10], test:[62.44]
--------------------------------------------------------------------------------------------------------------------------------------------------------------------------------------------------------
Train Iter:[0  /772] CauLoss:[1.1003], AdvLoss:[0.1984]
Train Iter:[193/772] CauLoss:[1.0574], AdvLoss:[0.1068]
Train Iter:[386/772] CauLoss:[1.0573], AdvLoss:[0.1104]
Train Iter:[579/772] CauLoss:[1.0575], AdvLoss:[0.1089]
--------------------------------------------------------------------------------------------------------------------------------------------------------------------------------------------------------
Epoch:[90/100], CauAdvLoss:[1.0609/0.1118] valid:[73.01], test:[60.75]
--------------------------------------------------------------------------------------------------------------------------------------------------------------------------------------------------------
Train Iter:[0  /772] CauLoss:[0.9473], AdvLoss:[0.0082]
Train Iter:[193/772] CauLoss:[1.0632], AdvLoss:[0.1019]
Train Iter:[386/772] CauLoss:[1.0619], AdvLoss:[0.1014]
Train Iter:[579/772] CauLoss:[1.0577], AdvLoss:[0.1012]
--------------------------------------------------------------------------------------------------------------------------------------------------------------------------------------------------------
Epoch:[91/100], CauAdvLoss:[1.0580/0.1052] valid:[73.27], test:[58.84]
--------------------------------------------------------------------------------------------------------------------------------------------------------------------------------------------------------
Train Iter:[0  /772] CauLoss:[1.3716], AdvLoss:[0.1936]
Train Iter:[193/772] CauLoss:[1.0480], AdvLoss:[0.0989]
Train Iter:[386/772] CauLoss:[1.0557], AdvLoss:[0.1073]
Train Iter:[579/772] CauLoss:[1.0551], AdvLoss:[0.1090]
--------------------------------------------------------------------------------------------------------------------------------------------------------------------------------------------------------
Epoch:[92/100], CauAdvLoss:[1.0583/0.1120] valid:[74.08], test:[61.84]
--------------------------------------------------------------------------------------------------------------------------------------------------------------------------------------------------------
Train Iter:[0  /772] CauLoss:[0.9541], AdvLoss:[0.0015]
Train Iter:[193/772] CauLoss:[1.0642], AdvLoss:[0.1056]
Train Iter:[386/772] CauLoss:[1.0563], AdvLoss:[0.1031]
Train Iter:[579/772] CauLoss:[1.0618], AdvLoss:[0.1062]
--------------------------------------------------------------------------------------------------------------------------------------------------------------------------------------------------------
Epoch:[93/100], CauAdvLoss:[1.0600/0.1069] valid:[75.03], test:[67.43]
--------------------------------------------------------------------------------------------------------------------------------------------------------------------------------------------------------
Train Iter:[0  /772] CauLoss:[0.9883], AdvLoss:[0.0396]
Train Iter:[193/772] CauLoss:[1.0538], AdvLoss:[0.1005]
Train Iter:[386/772] CauLoss:[1.0510], AdvLoss:[0.0972]
Train Iter:[579/772] CauLoss:[1.0573], AdvLoss:[0.1036]
--------------------------------------------------------------------------------------------------------------------------------------------------------------------------------------------------------
Epoch:[94/100], CauAdvLoss:[1.0577/0.1056] valid:[72.86], test:[57.99]
--------------------------------------------------------------------------------------------------------------------------------------------------------------------------------------------------------
Train Iter:[0  /772] CauLoss:[0.9211], AdvLoss:[0.0009]
Train Iter:[193/772] CauLoss:[1.0513], AdvLoss:[0.1061]
Train Iter:[386/772] CauLoss:[1.0547], AdvLoss:[0.1035]
Train Iter:[579/772] CauLoss:[1.0511], AdvLoss:[0.1022]
--------------------------------------------------------------------------------------------------------------------------------------------------------------------------------------------------------
Epoch:[95/100], CauAdvLoss:[1.0564/0.1089] valid:[74.93], test:[62.81]
--------------------------------------------------------------------------------------------------------------------------------------------------------------------------------------------------------
Train Iter:[0  /772] CauLoss:[0.9970], AdvLoss:[0.0756]
Train Iter:[193/772] CauLoss:[1.0556], AdvLoss:[0.1037]
Train Iter:[386/772] CauLoss:[1.0590], AdvLoss:[0.1127]
Train Iter:[579/772] CauLoss:[1.0608], AdvLoss:[0.1156]
--------------------------------------------------------------------------------------------------------------------------------------------------------------------------------------------------------
Epoch:[96/100], CauAdvLoss:[1.0590/0.1130] valid:[73.03], test:[60.89]
--------------------------------------------------------------------------------------------------------------------------------------------------------------------------------------------------------
Train Iter:[0  /772] CauLoss:[0.9606], AdvLoss:[0.0038]
Train Iter:[193/772] CauLoss:[1.0560], AdvLoss:[0.1035]
Train Iter:[386/772] CauLoss:[1.0496], AdvLoss:[0.1067]
Train Iter:[579/772] CauLoss:[1.0533], AdvLoss:[0.1038]
--------------------------------------------------------------------------------------------------------------------------------------------------------------------------------------------------------
Epoch:[97/100], CauAdvLoss:[1.0568/0.1060] valid:[74.71], test:[62.36]
--------------------------------------------------------------------------------------------------------------------------------------------------------------------------------------------------------
Train Iter:[0  /772] CauLoss:[1.0695], AdvLoss:[0.2256]
Train Iter:[193/772] CauLoss:[1.0586], AdvLoss:[0.1088]
Train Iter:[386/772] CauLoss:[1.0548], AdvLoss:[0.1065]
Train Iter:[579/772] CauLoss:[1.0542], AdvLoss:[0.1069]
--------------------------------------------------------------------------------------------------------------------------------------------------------------------------------------------------------
Epoch:[98/100], CauAdvLoss:[1.0551/0.1098] valid:[73.90], test:[60.99]
--------------------------------------------------------------------------------------------------------------------------------------------------------------------------------------------------------
Train Iter:[0  /772] CauLoss:[1.0066], AdvLoss:[0.2271]
Train Iter:[193/772] CauLoss:[1.0472], AdvLoss:[0.1059]
Train Iter:[386/772] CauLoss:[1.0520], AdvLoss:[0.1137]
Train Iter:[579/772] CauLoss:[1.0567], AdvLoss:[0.1144]
--------------------------------------------------------------------------------------------------------------------------------------------------------------------------------------------------------
Epoch:[99/100], CauAdvLoss:[1.0516/0.1105] valid:[68.07], test:[58.64]
--------------------------------------------------------------------------------------------------------------------------------------------------------------------------------------------------------
Train Iter:[0  /772] CauLoss:[0.9790], AdvLoss:[0.0287]
Train Iter:[193/772] CauLoss:[1.0683], AdvLoss:[0.1175]
Train Iter:[386/772] CauLoss:[1.0600], AdvLoss:[0.1100]
Train Iter:[579/772] CauLoss:[1.0587], AdvLoss:[0.1065]
--------------------------------------------------------------------------------------------------------------------------------------------------------------------------------------------------------
Epoch:[100/100], CauAdvLoss:[1.0572/0.1048] valid:[74.77], test:[63.81]
--------------------------------------------------------------------------------------------------------------------------------------------------------------------------------------------------------
Update test:[66.19] at epoch:[41] | Total time:01:05:27
finall: Test ACC OOD: [66.72±2.28]
