/opt/conda/envs/aia310/lib/python3.10/site-packages/outdated/__init__.py:36: UserWarning: pkg_resources is deprecated as an API. See https://setuptools.pypa.io/en/latest/pkg_resources.html. The pkg_resources package is slated for removal as early as 2025-11-30. Refrain from using this package or pin to Setuptools<81.
  from pkg_resources import parse_version
data_dir.................................................................dataset
ckpt............................................................................
seed.........................................................................666
test_epoch....................................................................70
cau_gamma....................................................................0.5
adv_gamma....................................................................1.0
adv_gamma_edge...............................................................0.8
adv_dis......................................................................0.2
adv_reg......................................................................0.5
cau_reg......................................................................1.0
causaler_time..................................................................1
attacker_time..................................................................1
epochs.......................................................................100
the............................................................................0
lr_decay......................................................................30
lr_gamma.....................................................................0.1
lr_scheduler.................................................................cos
milestones..........................................................[40, 60, 80]
causaler_lr................................................................0.001
attacker_lr................................................................0.005
l2reg......................................................................5e-06
device.........................................................................0
domain.....................................................................basis
batch_size....................................................................32
dataset....................................................................motif
trails........................................................................10

/workspace/AIA/Motif/GOOD/data/good_datasets/good_motif.py:428: UserWarning: It is not recommended to directly access the internal storage format `data` of an 'InMemoryDataset'. The data of the dataset is already cached, so any modifications to `data` will not be reflected when accessing its elements. Clearing the cache now by removing all elements in `dataset._data_list`. If you are absolutely certain what you are doing, access the internal storage via `InMemoryDataset._data` instead to suppress this warning. Alternatively, you can access stacked individual attributes of every graph via `dataset.{attr_name}`.
  meta_info.num_envs = torch.unique(train_dataset.data.env_id).shape[0]
/workspace/AIA/Motif/GOOD/data/good_datasets/good_motif.py:436: UserWarning: It is not recommended to directly access the internal storage format `data` of an 'InMemoryDataset'. If you are absolutely certain what you are doing, access the internal storage via `InMemoryDataset._data` instead to suppress this warning. Alternatively, you can access stacked individual attributes of every graph via `dataset.{attr_name}`.
  meta_info.num_classes = torch.unique(train_dataset.data.y).shape[0]
Train Iter:[0  /563], CauLoss:[3.3317], AdvLoss:[0.5745]
Train Iter:[140/563], CauLoss:[2.6815], AdvLoss:[1.0278]
Train Iter:[280/563], CauLoss:[2.4346], AdvLoss:[1.0827]
Train Iter:[420/563], CauLoss:[2.3324], AdvLoss:[1.1063]
Train Iter:[560/563], CauLoss:[2.2556], AdvLoss:[1.0949]
--------------------------------------------------------------------------------------------------------------------------------------------------------------------------------------------------------
Epoch:[1/100], CauAdvLoss:[2.2550/1.0948], valid:[93.07], test:[46.17]
--------------------------------------------------------------------------------------------------------------------------------------------------------------------------------------------------------
Train Iter:[0  /563], CauLoss:[2.3626], AdvLoss:[1.5910]
Train Iter:[140/563], CauLoss:[2.0484], AdvLoss:[1.1593]
Train Iter:[280/563], CauLoss:[2.0459], AdvLoss:[1.1389]
Train Iter:[420/563], CauLoss:[2.0083], AdvLoss:[1.1683]
Train Iter:[560/563], CauLoss:[1.9871], AdvLoss:[1.2054]
--------------------------------------------------------------------------------------------------------------------------------------------------------------------------------------------------------
Epoch:[2/100], CauAdvLoss:[1.9872/1.2083], valid:[75.27], test:[50.90]
--------------------------------------------------------------------------------------------------------------------------------------------------------------------------------------------------------
Train Iter:[0  /563], CauLoss:[2.2768], AdvLoss:[1.5217]
Train Iter:[140/563], CauLoss:[1.9251], AdvLoss:[1.5421]
Train Iter:[280/563], CauLoss:[1.9098], AdvLoss:[1.8804]
Train Iter:[420/563], CauLoss:[1.9248], AdvLoss:[1.9167]
Train Iter:[560/563], CauLoss:[1.9324], AdvLoss:[1.8924]
--------------------------------------------------------------------------------------------------------------------------------------------------------------------------------------------------------
Epoch:[3/100], CauAdvLoss:[1.9332/1.8960], valid:[67.07], test:[52.33]
--------------------------------------------------------------------------------------------------------------------------------------------------------------------------------------------------------
Train Iter:[0  /563], CauLoss:[1.5206], AdvLoss:[2.6409]
Train Iter:[140/563], CauLoss:[1.8445], AdvLoss:[2.2187]
Train Iter:[280/563], CauLoss:[1.8538], AdvLoss:[1.9962]
Train Iter:[420/563], CauLoss:[1.8616], AdvLoss:[1.8928]
Train Iter:[560/563], CauLoss:[1.8597], AdvLoss:[1.9888]
--------------------------------------------------------------------------------------------------------------------------------------------------------------------------------------------------------
Epoch:[4/100], CauAdvLoss:[1.8611/1.9873], valid:[55.33], test:[63.07]
--------------------------------------------------------------------------------------------------------------------------------------------------------------------------------------------------------
Train Iter:[0  /563], CauLoss:[1.3765], AdvLoss:[2.1388]
Train Iter:[140/563], CauLoss:[1.8310], AdvLoss:[1.8114]
Train Iter:[280/563], CauLoss:[1.8505], AdvLoss:[1.8173]
Train Iter:[420/563], CauLoss:[1.8369], AdvLoss:[1.8964]
Train Iter:[560/563], CauLoss:[1.8474], AdvLoss:[1.9762]
--------------------------------------------------------------------------------------------------------------------------------------------------------------------------------------------------------
Epoch:[5/100], CauAdvLoss:[1.8463/1.9824], valid:[63.13], test:[66.83]
--------------------------------------------------------------------------------------------------------------------------------------------------------------------------------------------------------
Train Iter:[0  /563], CauLoss:[2.2228], AdvLoss:[3.3238]
Train Iter:[140/563], CauLoss:[1.8509], AdvLoss:[2.0156]
Train Iter:[280/563], CauLoss:[1.8368], AdvLoss:[2.0079]
Train Iter:[420/563], CauLoss:[1.8283], AdvLoss:[1.9526]
Train Iter:[560/563], CauLoss:[1.8233], AdvLoss:[1.9700]
--------------------------------------------------------------------------------------------------------------------------------------------------------------------------------------------------------
Epoch:[6/100], CauAdvLoss:[1.8213/1.9685], valid:[43.93], test:[54.97]
--------------------------------------------------------------------------------------------------------------------------------------------------------------------------------------------------------
Train Iter:[0  /563], CauLoss:[1.8483], AdvLoss:[2.0948]
Train Iter:[140/563], CauLoss:[1.8014], AdvLoss:[1.6773]
Train Iter:[280/563], CauLoss:[1.8104], AdvLoss:[1.8040]
Train Iter:[420/563], CauLoss:[1.8186], AdvLoss:[1.8271]
Train Iter:[560/563], CauLoss:[1.8067], AdvLoss:[1.9423]
--------------------------------------------------------------------------------------------------------------------------------------------------------------------------------------------------------
Epoch:[7/100], CauAdvLoss:[1.8057/1.9394], valid:[60.93], test:[55.63]
--------------------------------------------------------------------------------------------------------------------------------------------------------------------------------------------------------
Train Iter:[0  /563], CauLoss:[1.2988], AdvLoss:[2.6109]
Train Iter:[140/563], CauLoss:[1.8280], AdvLoss:[2.8255]
Train Iter:[280/563], CauLoss:[1.7987], AdvLoss:[2.5410]
Train Iter:[420/563], CauLoss:[1.8111], AdvLoss:[2.3100]
Train Iter:[560/563], CauLoss:[1.7997], AdvLoss:[2.1691]
--------------------------------------------------------------------------------------------------------------------------------------------------------------------------------------------------------
Epoch:[8/100], CauAdvLoss:[1.7997/2.1674], valid:[52.67], test:[47.20]
--------------------------------------------------------------------------------------------------------------------------------------------------------------------------------------------------------
Train Iter:[0  /563], CauLoss:[1.5673], AdvLoss:[1.7688]
Train Iter:[140/563], CauLoss:[1.8238], AdvLoss:[2.1917]
Train Iter:[280/563], CauLoss:[1.7999], AdvLoss:[2.1417]
Train Iter:[420/563], CauLoss:[1.7946], AdvLoss:[2.2957]
Train Iter:[560/563], CauLoss:[1.7908], AdvLoss:[2.3410]
--------------------------------------------------------------------------------------------------------------------------------------------------------------------------------------------------------
Epoch:[9/100], CauAdvLoss:[1.7905/2.3352], valid:[56.63], test:[44.90]
--------------------------------------------------------------------------------------------------------------------------------------------------------------------------------------------------------
Train Iter:[0  /563], CauLoss:[1.6414], AdvLoss:[1.3247]
Train Iter:[140/563], CauLoss:[1.7532], AdvLoss:[1.7636]
Train Iter:[280/563], CauLoss:[1.7718], AdvLoss:[2.0673]
Train Iter:[420/563], CauLoss:[1.7748], AdvLoss:[2.1298]
Train Iter:[560/563], CauLoss:[1.7815], AdvLoss:[2.1724]
--------------------------------------------------------------------------------------------------------------------------------------------------------------------------------------------------------
Epoch:[10/100], CauAdvLoss:[1.7815/2.1743], valid:[82.37], test:[56.63]
--------------------------------------------------------------------------------------------------------------------------------------------------------------------------------------------------------
Train Iter:[0  /563], CauLoss:[1.5866], AdvLoss:[2.5078]
Train Iter:[140/563], CauLoss:[1.7767], AdvLoss:[2.8267]
Train Iter:[280/563], CauLoss:[1.7640], AdvLoss:[2.3883]
Train Iter:[420/563], CauLoss:[1.7721], AdvLoss:[2.2012]
Train Iter:[560/563], CauLoss:[1.7652], AdvLoss:[2.1766]
--------------------------------------------------------------------------------------------------------------------------------------------------------------------------------------------------------
Epoch:[11/100], CauAdvLoss:[1.7644/2.1793], valid:[52.73], test:[72.70]
--------------------------------------------------------------------------------------------------------------------------------------------------------------------------------------------------------
Train Iter:[0  /563], CauLoss:[1.6457], AdvLoss:[4.2399]
Train Iter:[140/563], CauLoss:[1.7635], AdvLoss:[2.9664]
Train Iter:[280/563], CauLoss:[1.7578], AdvLoss:[2.7766]
Train Iter:[420/563], CauLoss:[1.7494], AdvLoss:[2.5558]
Train Iter:[560/563], CauLoss:[1.7479], AdvLoss:[2.5343]
--------------------------------------------------------------------------------------------------------------------------------------------------------------------------------------------------------
Epoch:[12/100], CauAdvLoss:[1.7493/2.5333], valid:[92.90], test:[73.13]
--------------------------------------------------------------------------------------------------------------------------------------------------------------------------------------------------------
Train Iter:[0  /563], CauLoss:[1.6040], AdvLoss:[1.0327]
Train Iter:[140/563], CauLoss:[1.7700], AdvLoss:[1.9724]
Train Iter:[280/563], CauLoss:[1.7813], AdvLoss:[1.7651]
Train Iter:[420/563], CauLoss:[1.7497], AdvLoss:[1.9756]
Train Iter:[560/563], CauLoss:[1.7431], AdvLoss:[2.0748]
--------------------------------------------------------------------------------------------------------------------------------------------------------------------------------------------------------
Epoch:[13/100], CauAdvLoss:[1.7431/2.0713], valid:[60.87], test:[65.97]
--------------------------------------------------------------------------------------------------------------------------------------------------------------------------------------------------------
Train Iter:[0  /563], CauLoss:[1.6305], AdvLoss:[1.2356]
Train Iter:[140/563], CauLoss:[1.7083], AdvLoss:[2.5588]
Train Iter:[280/563], CauLoss:[1.7419], AdvLoss:[2.3450]
Train Iter:[420/563], CauLoss:[1.7495], AdvLoss:[2.3461]
Train Iter:[560/563], CauLoss:[1.7303], AdvLoss:[2.2237]
--------------------------------------------------------------------------------------------------------------------------------------------------------------------------------------------------------
Epoch:[14/100], CauAdvLoss:[1.7302/2.2240], valid:[90.13], test:[67.80]
--------------------------------------------------------------------------------------------------------------------------------------------------------------------------------------------------------
Train Iter:[0  /563], CauLoss:[1.9432], AdvLoss:[2.3020]
Train Iter:[140/563], CauLoss:[1.7631], AdvLoss:[2.6341]
Train Iter:[280/563], CauLoss:[1.7505], AdvLoss:[2.4875]
Train Iter:[420/563], CauLoss:[1.7456], AdvLoss:[2.3293]
Train Iter:[560/563], CauLoss:[1.7313], AdvLoss:[2.3849]
--------------------------------------------------------------------------------------------------------------------------------------------------------------------------------------------------------
Epoch:[15/100], CauAdvLoss:[1.7311/2.3842], valid:[74.53], test:[65.73]
--------------------------------------------------------------------------------------------------------------------------------------------------------------------------------------------------------
Train Iter:[0  /563], CauLoss:[1.2309], AdvLoss:[2.1411]
Train Iter:[140/563], CauLoss:[1.7028], AdvLoss:[2.5064]
Train Iter:[280/563], CauLoss:[1.7031], AdvLoss:[2.5101]
Train Iter:[420/563], CauLoss:[1.7086], AdvLoss:[2.4954]
Train Iter:[560/563], CauLoss:[1.7242], AdvLoss:[2.5284]
--------------------------------------------------------------------------------------------------------------------------------------------------------------------------------------------------------
Epoch:[16/100], CauAdvLoss:[1.7233/2.5239], valid:[84.70], test:[69.47]
--------------------------------------------------------------------------------------------------------------------------------------------------------------------------------------------------------
Train Iter:[0  /563], CauLoss:[1.8425], AdvLoss:[1.5375]
Train Iter:[140/563], CauLoss:[1.7500], AdvLoss:[1.9267]
Train Iter:[280/563], CauLoss:[1.7479], AdvLoss:[2.0763]
Train Iter:[420/563], CauLoss:[1.7478], AdvLoss:[2.1214]
Train Iter:[560/563], CauLoss:[1.7370], AdvLoss:[1.9643]
--------------------------------------------------------------------------------------------------------------------------------------------------------------------------------------------------------
Epoch:[17/100], CauAdvLoss:[1.7373/1.9620], valid:[57.67], test:[68.83]
--------------------------------------------------------------------------------------------------------------------------------------------------------------------------------------------------------
Train Iter:[0  /563], CauLoss:[2.3582], AdvLoss:[1.4346]
Train Iter:[140/563], CauLoss:[1.7207], AdvLoss:[1.4409]
Train Iter:[280/563], CauLoss:[1.7341], AdvLoss:[1.5128]
Train Iter:[420/563], CauLoss:[1.7317], AdvLoss:[1.5893]
Train Iter:[560/563], CauLoss:[1.7246], AdvLoss:[1.5983]
--------------------------------------------------------------------------------------------------------------------------------------------------------------------------------------------------------
Epoch:[18/100], CauAdvLoss:[1.7244/1.6006], valid:[52.43], test:[67.43]
--------------------------------------------------------------------------------------------------------------------------------------------------------------------------------------------------------
Train Iter:[0  /563], CauLoss:[1.2566], AdvLoss:[1.6931]
Train Iter:[140/563], CauLoss:[1.7086], AdvLoss:[1.9321]
Train Iter:[280/563], CauLoss:[1.7122], AdvLoss:[1.7504]
Train Iter:[420/563], CauLoss:[1.7078], AdvLoss:[1.7200]
Train Iter:[560/563], CauLoss:[1.7185], AdvLoss:[1.7227]
--------------------------------------------------------------------------------------------------------------------------------------------------------------------------------------------------------
Epoch:[19/100], CauAdvLoss:[1.7182/1.7222], valid:[87.33], test:[67.63]
--------------------------------------------------------------------------------------------------------------------------------------------------------------------------------------------------------
Train Iter:[0  /563], CauLoss:[1.7251], AdvLoss:[2.8129]
Train Iter:[140/563], CauLoss:[1.7406], AdvLoss:[1.8721]
Train Iter:[280/563], CauLoss:[1.7070], AdvLoss:[1.7381]
Train Iter:[420/563], CauLoss:[1.6971], AdvLoss:[1.7049]
Train Iter:[560/563], CauLoss:[1.7056], AdvLoss:[1.7480]
--------------------------------------------------------------------------------------------------------------------------------------------------------------------------------------------------------
Epoch:[20/100], CauAdvLoss:[1.7045/1.7458], valid:[90.17], test:[63.87]
--------------------------------------------------------------------------------------------------------------------------------------------------------------------------------------------------------
Train Iter:[0  /563], CauLoss:[2.1153], AdvLoss:[0.7336]
Train Iter:[140/563], CauLoss:[1.7169], AdvLoss:[1.6879]
Train Iter:[280/563], CauLoss:[1.7199], AdvLoss:[1.7864]
Train Iter:[420/563], CauLoss:[1.7135], AdvLoss:[1.7818]
Train Iter:[560/563], CauLoss:[1.7071], AdvLoss:[1.8520]
--------------------------------------------------------------------------------------------------------------------------------------------------------------------------------------------------------
Epoch:[21/100], CauAdvLoss:[1.7089/1.8537], valid:[61.03], test:[64.60]
--------------------------------------------------------------------------------------------------------------------------------------------------------------------------------------------------------
Train Iter:[0  /563], CauLoss:[2.0233], AdvLoss:[1.8304]
Train Iter:[140/563], CauLoss:[1.7507], AdvLoss:[2.0573]
Train Iter:[280/563], CauLoss:[1.7020], AdvLoss:[1.8983]
Train Iter:[420/563], CauLoss:[1.6951], AdvLoss:[1.8312]
Train Iter:[560/563], CauLoss:[1.7039], AdvLoss:[1.8001]
--------------------------------------------------------------------------------------------------------------------------------------------------------------------------------------------------------
Epoch:[22/100], CauAdvLoss:[1.7051/1.8040], valid:[71.30], test:[65.80]
--------------------------------------------------------------------------------------------------------------------------------------------------------------------------------------------------------
Train Iter:[0  /563], CauLoss:[1.7859], AdvLoss:[1.9279]
Train Iter:[140/563], CauLoss:[1.6725], AdvLoss:[1.6939]
Train Iter:[280/563], CauLoss:[1.6956], AdvLoss:[1.6369]
Train Iter:[420/563], CauLoss:[1.7102], AdvLoss:[1.5233]
Train Iter:[560/563], CauLoss:[1.7051], AdvLoss:[1.5375]
--------------------------------------------------------------------------------------------------------------------------------------------------------------------------------------------------------
Epoch:[23/100], CauAdvLoss:[1.7053/1.5383], valid:[65.63], test:[67.07]
--------------------------------------------------------------------------------------------------------------------------------------------------------------------------------------------------------
Train Iter:[0  /563], CauLoss:[1.3707], AdvLoss:[1.8258]
Train Iter:[140/563], CauLoss:[1.7047], AdvLoss:[1.5112]
Train Iter:[280/563], CauLoss:[1.7242], AdvLoss:[1.6191]
Train Iter:[420/563], CauLoss:[1.7176], AdvLoss:[1.5804]
Train Iter:[560/563], CauLoss:[1.7015], AdvLoss:[1.6141]
--------------------------------------------------------------------------------------------------------------------------------------------------------------------------------------------------------
Epoch:[24/100], CauAdvLoss:[1.7000/1.6143], valid:[52.13], test:[63.90]
--------------------------------------------------------------------------------------------------------------------------------------------------------------------------------------------------------
Train Iter:[0  /563], CauLoss:[1.8296], AdvLoss:[1.3131]
Train Iter:[140/563], CauLoss:[1.7174], AdvLoss:[1.7969]
Train Iter:[280/563], CauLoss:[1.6841], AdvLoss:[1.9499]
Train Iter:[420/563], CauLoss:[1.7027], AdvLoss:[2.0257]
Train Iter:[560/563], CauLoss:[1.6929], AdvLoss:[2.0141]
--------------------------------------------------------------------------------------------------------------------------------------------------------------------------------------------------------
Epoch:[25/100], CauAdvLoss:[1.6935/2.0132], valid:[40.30], test:[65.10]
--------------------------------------------------------------------------------------------------------------------------------------------------------------------------------------------------------
Train Iter:[0  /563], CauLoss:[2.0755], AdvLoss:[1.3459]
Train Iter:[140/563], CauLoss:[1.6992], AdvLoss:[2.2492]
Train Iter:[280/563], CauLoss:[1.6956], AdvLoss:[1.9913]
Train Iter:[420/563], CauLoss:[1.6945], AdvLoss:[1.9416]
Train Iter:[560/563], CauLoss:[1.6980], AdvLoss:[1.8637]
--------------------------------------------------------------------------------------------------------------------------------------------------------------------------------------------------------
Epoch:[26/100], CauAdvLoss:[1.6988/1.8619], valid:[87.27], test:[73.57]
--------------------------------------------------------------------------------------------------------------------------------------------------------------------------------------------------------
Train Iter:[0  /563], CauLoss:[1.5732], AdvLoss:[1.8583]
Train Iter:[140/563], CauLoss:[1.6688], AdvLoss:[1.5889]
Train Iter:[280/563], CauLoss:[1.6998], AdvLoss:[1.7220]
Train Iter:[420/563], CauLoss:[1.6972], AdvLoss:[1.8578]
Train Iter:[560/563], CauLoss:[1.6962], AdvLoss:[1.9673]
--------------------------------------------------------------------------------------------------------------------------------------------------------------------------------------------------------
Epoch:[27/100], CauAdvLoss:[1.6947/1.9672], valid:[76.17], test:[65.07]
--------------------------------------------------------------------------------------------------------------------------------------------------------------------------------------------------------
Train Iter:[0  /563], CauLoss:[2.3594], AdvLoss:[1.4783]
Train Iter:[140/563], CauLoss:[1.6918], AdvLoss:[2.2414]
Train Iter:[280/563], CauLoss:[1.6806], AdvLoss:[1.9569]
Train Iter:[420/563], CauLoss:[1.6834], AdvLoss:[1.9033]
Train Iter:[560/563], CauLoss:[1.6960], AdvLoss:[1.8497]
--------------------------------------------------------------------------------------------------------------------------------------------------------------------------------------------------------
Epoch:[28/100], CauAdvLoss:[1.6984/1.8502], valid:[90.07], test:[71.17]
--------------------------------------------------------------------------------------------------------------------------------------------------------------------------------------------------------
Train Iter:[0  /563], CauLoss:[1.7324], AdvLoss:[2.4169]
Train Iter:[140/563], CauLoss:[1.6629], AdvLoss:[1.9927]
Train Iter:[280/563], CauLoss:[1.6816], AdvLoss:[1.9502]
Train Iter:[420/563], CauLoss:[1.6835], AdvLoss:[1.8856]
Train Iter:[560/563], CauLoss:[1.6913], AdvLoss:[1.8047]
--------------------------------------------------------------------------------------------------------------------------------------------------------------------------------------------------------
Epoch:[29/100], CauAdvLoss:[1.6905/1.8043], valid:[85.63], test:[71.50]
--------------------------------------------------------------------------------------------------------------------------------------------------------------------------------------------------------
Train Iter:[0  /563], CauLoss:[1.4065], AdvLoss:[0.9125]
Train Iter:[140/563], CauLoss:[1.6739], AdvLoss:[1.8052]
Train Iter:[280/563], CauLoss:[1.6774], AdvLoss:[2.9011]
Train Iter:[420/563], CauLoss:[1.6731], AdvLoss:[2.5236]
Train Iter:[560/563], CauLoss:[1.6869], AdvLoss:[2.3789]
--------------------------------------------------------------------------------------------------------------------------------------------------------------------------------------------------------
Epoch:[30/100], CauAdvLoss:[1.6884/2.3780], valid:[91.97], test:[74.93]
--------------------------------------------------------------------------------------------------------------------------------------------------------------------------------------------------------
Train Iter:[0  /563], CauLoss:[1.3369], AdvLoss:[1.4277]
Train Iter:[140/563], CauLoss:[1.6646], AdvLoss:[2.0919]
Train Iter:[280/563], CauLoss:[1.6675], AdvLoss:[2.0606]
Train Iter:[420/563], CauLoss:[1.6886], AdvLoss:[2.0582]
Train Iter:[560/563], CauLoss:[1.6817], AdvLoss:[2.0595]
--------------------------------------------------------------------------------------------------------------------------------------------------------------------------------------------------------
Epoch:[31/100], CauAdvLoss:[1.6817/2.0564], valid:[71.70], test:[66.80]
--------------------------------------------------------------------------------------------------------------------------------------------------------------------------------------------------------
Train Iter:[0  /563], CauLoss:[1.2420], AdvLoss:[1.2086]
Train Iter:[140/563], CauLoss:[1.7090], AdvLoss:[2.0503]
Train Iter:[280/563], CauLoss:[1.6972], AdvLoss:[2.0185]
Train Iter:[420/563], CauLoss:[1.6920], AdvLoss:[1.9830]
Train Iter:[560/563], CauLoss:[1.6805], AdvLoss:[1.9988]
--------------------------------------------------------------------------------------------------------------------------------------------------------------------------------------------------------
Epoch:[32/100], CauAdvLoss:[1.6811/1.9969], valid:[54.57], test:[77.63]
--------------------------------------------------------------------------------------------------------------------------------------------------------------------------------------------------------
Train Iter:[0  /563], CauLoss:[1.5745], AdvLoss:[1.5212]
Train Iter:[140/563], CauLoss:[1.6543], AdvLoss:[2.0770]
Train Iter:[280/563], CauLoss:[1.6644], AdvLoss:[2.0745]
Train Iter:[420/563], CauLoss:[1.6815], AdvLoss:[1.9615]
Train Iter:[560/563], CauLoss:[1.6819], AdvLoss:[1.9930]
--------------------------------------------------------------------------------------------------------------------------------------------------------------------------------------------------------
Epoch:[33/100], CauAdvLoss:[1.6806/1.9945], valid:[62.90], test:[66.97]
--------------------------------------------------------------------------------------------------------------------------------------------------------------------------------------------------------
Train Iter:[0  /563], CauLoss:[1.4607], AdvLoss:[2.0340]
Train Iter:[140/563], CauLoss:[1.6835], AdvLoss:[2.0464]
Train Iter:[280/563], CauLoss:[1.6720], AdvLoss:[2.1408]
Train Iter:[420/563], CauLoss:[1.6755], AdvLoss:[2.0566]
Train Iter:[560/563], CauLoss:[1.6749], AdvLoss:[2.0415]
--------------------------------------------------------------------------------------------------------------------------------------------------------------------------------------------------------
Epoch:[34/100], CauAdvLoss:[1.6758/2.0404], valid:[89.60], test:[72.00]
--------------------------------------------------------------------------------------------------------------------------------------------------------------------------------------------------------
Train Iter:[0  /563], CauLoss:[1.2812], AdvLoss:[1.8495]
Train Iter:[140/563], CauLoss:[1.6980], AdvLoss:[1.8917]
Train Iter:[280/563], CauLoss:[1.6750], AdvLoss:[1.9455]
Train Iter:[420/563], CauLoss:[1.6810], AdvLoss:[1.9891]
Train Iter:[560/563], CauLoss:[1.6788], AdvLoss:[2.0054]
--------------------------------------------------------------------------------------------------------------------------------------------------------------------------------------------------------
Epoch:[35/100], CauAdvLoss:[1.6784/2.0041], valid:[72.03], test:[71.33]
--------------------------------------------------------------------------------------------------------------------------------------------------------------------------------------------------------
Train Iter:[0  /563], CauLoss:[2.0952], AdvLoss:[2.3536]
Train Iter:[140/563], CauLoss:[1.6515], AdvLoss:[1.9583]
Train Iter:[280/563], CauLoss:[1.6781], AdvLoss:[1.9504]
Train Iter:[420/563], CauLoss:[1.6738], AdvLoss:[1.9461]
Train Iter:[560/563], CauLoss:[1.6771], AdvLoss:[1.9386]
--------------------------------------------------------------------------------------------------------------------------------------------------------------------------------------------------------
Epoch:[36/100], CauAdvLoss:[1.6758/1.9379], valid:[88.13], test:[66.07]
--------------------------------------------------------------------------------------------------------------------------------------------------------------------------------------------------------
Train Iter:[0  /563], CauLoss:[2.1826], AdvLoss:[2.2036]
Train Iter:[140/563], CauLoss:[1.6997], AdvLoss:[1.8724]
Train Iter:[280/563], CauLoss:[1.6728], AdvLoss:[1.8091]
Train Iter:[420/563], CauLoss:[1.6676], AdvLoss:[1.8333]
Train Iter:[560/563], CauLoss:[1.6721], AdvLoss:[1.8862]
--------------------------------------------------------------------------------------------------------------------------------------------------------------------------------------------------------
Epoch:[37/100], CauAdvLoss:[1.6709/1.8867], valid:[92.50], test:[73.03]
--------------------------------------------------------------------------------------------------------------------------------------------------------------------------------------------------------
Train Iter:[0  /563], CauLoss:[1.8720], AdvLoss:[1.7286]
Train Iter:[140/563], CauLoss:[1.7121], AdvLoss:[1.9073]
Train Iter:[280/563], CauLoss:[1.6898], AdvLoss:[1.9893]
Train Iter:[420/563], CauLoss:[1.6676], AdvLoss:[1.9723]
Train Iter:[560/563], CauLoss:[1.6725], AdvLoss:[1.9669]
--------------------------------------------------------------------------------------------------------------------------------------------------------------------------------------------------------
Epoch:[38/100], CauAdvLoss:[1.6713/1.9674], valid:[84.97], test:[67.27]
--------------------------------------------------------------------------------------------------------------------------------------------------------------------------------------------------------
Train Iter:[0  /563], CauLoss:[1.5411], AdvLoss:[1.1779]
Train Iter:[140/563], CauLoss:[1.6867], AdvLoss:[1.9495]
Train Iter:[280/563], CauLoss:[1.6817], AdvLoss:[2.0342]
Train Iter:[420/563], CauLoss:[1.6728], AdvLoss:[2.0196]
Train Iter:[560/563], CauLoss:[1.6705], AdvLoss:[1.9617]
--------------------------------------------------------------------------------------------------------------------------------------------------------------------------------------------------------
Epoch:[39/100], CauAdvLoss:[1.6704/1.9606], valid:[79.60], test:[63.13]
--------------------------------------------------------------------------------------------------------------------------------------------------------------------------------------------------------
Train Iter:[0  /563], CauLoss:[2.3860], AdvLoss:[1.3872]
Train Iter:[140/563], CauLoss:[1.7043], AdvLoss:[1.7040]
Train Iter:[280/563], CauLoss:[1.6831], AdvLoss:[1.8391]
Train Iter:[420/563], CauLoss:[1.6773], AdvLoss:[1.8846]
Train Iter:[560/563], CauLoss:[1.6726], AdvLoss:[1.8680]
--------------------------------------------------------------------------------------------------------------------------------------------------------------------------------------------------------
Epoch:[40/100], CauAdvLoss:[1.6731/1.8680], valid:[91.97], test:[63.50]
--------------------------------------------------------------------------------------------------------------------------------------------------------------------------------------------------------
Train Iter:[0  /563], CauLoss:[1.8442], AdvLoss:[1.5143]
Train Iter:[140/563], CauLoss:[1.6816], AdvLoss:[1.9224]
Train Iter:[280/563], CauLoss:[1.6646], AdvLoss:[1.9650]
Train Iter:[420/563], CauLoss:[1.6680], AdvLoss:[1.9514]
Train Iter:[560/563], CauLoss:[1.6741], AdvLoss:[1.9984]
--------------------------------------------------------------------------------------------------------------------------------------------------------------------------------------------------------
Epoch:[41/100], CauAdvLoss:[1.6733/1.9977], valid:[87.00], test:[62.63]
--------------------------------------------------------------------------------------------------------------------------------------------------------------------------------------------------------
Train Iter:[0  /563], CauLoss:[1.4562], AdvLoss:[1.6934]
Train Iter:[140/563], CauLoss:[1.6602], AdvLoss:[1.9525]
Train Iter:[280/563], CauLoss:[1.7000], AdvLoss:[1.9255]
Train Iter:[420/563], CauLoss:[1.6941], AdvLoss:[1.9574]
Train Iter:[560/563], CauLoss:[1.6730], AdvLoss:[1.9940]
--------------------------------------------------------------------------------------------------------------------------------------------------------------------------------------------------------
Epoch:[42/100], CauAdvLoss:[1.6733/1.9957], valid:[73.57], test:[68.77]
--------------------------------------------------------------------------------------------------------------------------------------------------------------------------------------------------------
Train Iter:[0  /563], CauLoss:[1.6693], AdvLoss:[1.2471]
Train Iter:[140/563], CauLoss:[1.6435], AdvLoss:[2.1449]
Train Iter:[280/563], CauLoss:[1.6668], AdvLoss:[2.0725]
Train Iter:[420/563], CauLoss:[1.6704], AdvLoss:[2.0940]
Train Iter:[560/563], CauLoss:[1.6754], AdvLoss:[2.1279]
--------------------------------------------------------------------------------------------------------------------------------------------------------------------------------------------------------
Epoch:[43/100], CauAdvLoss:[1.6767/2.1276], valid:[92.33], test:[69.37]
--------------------------------------------------------------------------------------------------------------------------------------------------------------------------------------------------------
Train Iter:[0  /563], CauLoss:[1.4292], AdvLoss:[1.3398]
Train Iter:[140/563], CauLoss:[1.6647], AdvLoss:[2.1310]
Train Iter:[280/563], CauLoss:[1.6549], AdvLoss:[2.1328]
Train Iter:[420/563], CauLoss:[1.6613], AdvLoss:[2.1944]
Train Iter:[560/563], CauLoss:[1.6641], AdvLoss:[2.1732]
--------------------------------------------------------------------------------------------------------------------------------------------------------------------------------------------------------
Epoch:[44/100], CauAdvLoss:[1.6650/2.1724], valid:[84.77], test:[61.57]
--------------------------------------------------------------------------------------------------------------------------------------------------------------------------------------------------------
Train Iter:[0  /563], CauLoss:[1.9605], AdvLoss:[1.4719]
Train Iter:[140/563], CauLoss:[1.7088], AdvLoss:[2.0408]
Train Iter:[280/563], CauLoss:[1.6528], AdvLoss:[2.1243]
Train Iter:[420/563], CauLoss:[1.6638], AdvLoss:[2.1673]
Train Iter:[560/563], CauLoss:[1.6605], AdvLoss:[2.1941]
--------------------------------------------------------------------------------------------------------------------------------------------------------------------------------------------------------
Epoch:[45/100], CauAdvLoss:[1.6592/2.1982], valid:[56.70], test:[70.43]
--------------------------------------------------------------------------------------------------------------------------------------------------------------------------------------------------------
Train Iter:[0  /563], CauLoss:[1.8634], AdvLoss:[3.3449]
Train Iter:[140/563], CauLoss:[1.6379], AdvLoss:[2.5091]
Train Iter:[280/563], CauLoss:[1.6597], AdvLoss:[2.3913]
Train Iter:[420/563], CauLoss:[1.6694], AdvLoss:[2.3728]
Train Iter:[560/563], CauLoss:[1.6610], AdvLoss:[2.3350]
--------------------------------------------------------------------------------------------------------------------------------------------------------------------------------------------------------
Epoch:[46/100], CauAdvLoss:[1.6626/2.3370], valid:[60.17], test:[72.50]
--------------------------------------------------------------------------------------------------------------------------------------------------------------------------------------------------------
Train Iter:[0  /563], CauLoss:[1.5402], AdvLoss:[1.6657]
Train Iter:[140/563], CauLoss:[1.6355], AdvLoss:[2.2278]
Train Iter:[280/563], CauLoss:[1.6317], AdvLoss:[2.3162]
Train Iter:[420/563], CauLoss:[1.6423], AdvLoss:[2.2929]
Train Iter:[560/563], CauLoss:[1.6583], AdvLoss:[2.2849]
--------------------------------------------------------------------------------------------------------------------------------------------------------------------------------------------------------
Epoch:[47/100], CauAdvLoss:[1.6585/2.2823], valid:[92.97], test:[61.40]
--------------------------------------------------------------------------------------------------------------------------------------------------------------------------------------------------------
Train Iter:[0  /563], CauLoss:[1.4703], AdvLoss:[1.9710]
Train Iter:[140/563], CauLoss:[1.6523], AdvLoss:[2.2221]
Train Iter:[280/563], CauLoss:[1.6494], AdvLoss:[2.2299]
Train Iter:[420/563], CauLoss:[1.6616], AdvLoss:[2.2362]
Train Iter:[560/563], CauLoss:[1.6641], AdvLoss:[2.2628]
--------------------------------------------------------------------------------------------------------------------------------------------------------------------------------------------------------
Epoch:[48/100], CauAdvLoss:[1.6657/2.2613], valid:[81.80], test:[69.67]
--------------------------------------------------------------------------------------------------------------------------------------------------------------------------------------------------------
Train Iter:[0  /563], CauLoss:[1.5637], AdvLoss:[3.6343]
Train Iter:[140/563], CauLoss:[1.6784], AdvLoss:[2.3990]
Train Iter:[280/563], CauLoss:[1.6608], AdvLoss:[2.3934]
Train Iter:[420/563], CauLoss:[1.6711], AdvLoss:[2.3398]
Train Iter:[560/563], CauLoss:[1.6661], AdvLoss:[2.2630]
--------------------------------------------------------------------------------------------------------------------------------------------------------------------------------------------------------
Epoch:[49/100], CauAdvLoss:[1.6652/2.2616], valid:[86.50], test:[67.10]
--------------------------------------------------------------------------------------------------------------------------------------------------------------------------------------------------------
Train Iter:[0  /563], CauLoss:[2.0324], AdvLoss:[1.7792]
Train Iter:[140/563], CauLoss:[1.6431], AdvLoss:[2.0673]
Train Iter:[280/563], CauLoss:[1.6623], AdvLoss:[2.1328]
Train Iter:[420/563], CauLoss:[1.6649], AdvLoss:[2.2010]
Train Iter:[560/563], CauLoss:[1.6606], AdvLoss:[2.2294]
--------------------------------------------------------------------------------------------------------------------------------------------------------------------------------------------------------
Epoch:[50/100], CauAdvLoss:[1.6595/2.2275], valid:[92.70], test:[67.17]
--------------------------------------------------------------------------------------------------------------------------------------------------------------------------------------------------------
Train Iter:[0  /563], CauLoss:[1.4463], AdvLoss:[1.8148]
Train Iter:[140/563], CauLoss:[1.7236], AdvLoss:[2.1572]
Train Iter:[280/563], CauLoss:[1.6887], AdvLoss:[2.2235]
Train Iter:[420/563], CauLoss:[1.6707], AdvLoss:[2.2786]
Train Iter:[560/563], CauLoss:[1.6598], AdvLoss:[2.3085]
--------------------------------------------------------------------------------------------------------------------------------------------------------------------------------------------------------
Epoch:[51/100], CauAdvLoss:[1.6609/2.3112], valid:[92.83], test:[61.43]
--------------------------------------------------------------------------------------------------------------------------------------------------------------------------------------------------------
Train Iter:[0  /563], CauLoss:[1.8237], AdvLoss:[3.7747]
Train Iter:[140/563], CauLoss:[1.6470], AdvLoss:[2.2680]
Train Iter:[280/563], CauLoss:[1.6432], AdvLoss:[2.3493]
Train Iter:[420/563], CauLoss:[1.6589], AdvLoss:[2.3192]
Train Iter:[560/563], CauLoss:[1.6604], AdvLoss:[2.3206]
--------------------------------------------------------------------------------------------------------------------------------------------------------------------------------------------------------
Epoch:[52/100], CauAdvLoss:[1.6604/2.3180], valid:[89.37], test:[62.07]
--------------------------------------------------------------------------------------------------------------------------------------------------------------------------------------------------------
Train Iter:[0  /563], CauLoss:[1.5556], AdvLoss:[1.8431]
Train Iter:[140/563], CauLoss:[1.6940], AdvLoss:[2.4238]
Train Iter:[280/563], CauLoss:[1.6758], AdvLoss:[2.3189]
Train Iter:[420/563], CauLoss:[1.6600], AdvLoss:[2.3098]
Train Iter:[560/563], CauLoss:[1.6610], AdvLoss:[2.2756]
--------------------------------------------------------------------------------------------------------------------------------------------------------------------------------------------------------
Epoch:[53/100], CauAdvLoss:[1.6616/2.2745], valid:[81.73], test:[66.47]
--------------------------------------------------------------------------------------------------------------------------------------------------------------------------------------------------------
Train Iter:[0  /563], CauLoss:[1.5825], AdvLoss:[1.4408]
Train Iter:[140/563], CauLoss:[1.6461], AdvLoss:[2.2452]
Train Iter:[280/563], CauLoss:[1.6484], AdvLoss:[2.3093]
Train Iter:[420/563], CauLoss:[1.6493], AdvLoss:[2.3128]
Train Iter:[560/563], CauLoss:[1.6601], AdvLoss:[2.2712]
--------------------------------------------------------------------------------------------------------------------------------------------------------------------------------------------------------
Epoch:[54/100], CauAdvLoss:[1.6585/2.2721], valid:[58.30], test:[71.63]
--------------------------------------------------------------------------------------------------------------------------------------------------------------------------------------------------------
Train Iter:[0  /563], CauLoss:[1.4232], AdvLoss:[2.0225]
Train Iter:[140/563], CauLoss:[1.6747], AdvLoss:[2.1872]
Train Iter:[280/563], CauLoss:[1.6398], AdvLoss:[2.1859]
Train Iter:[420/563], CauLoss:[1.6390], AdvLoss:[2.2062]
Train Iter:[560/563], CauLoss:[1.6535], AdvLoss:[2.1949]
--------------------------------------------------------------------------------------------------------------------------------------------------------------------------------------------------------
Epoch:[55/100], CauAdvLoss:[1.6528/2.1954], valid:[76.37], test:[64.53]
--------------------------------------------------------------------------------------------------------------------------------------------------------------------------------------------------------
Train Iter:[0  /563], CauLoss:[1.3217], AdvLoss:[2.1636]
Train Iter:[140/563], CauLoss:[1.6643], AdvLoss:[2.1293]
Train Iter:[280/563], CauLoss:[1.6693], AdvLoss:[2.2839]
Train Iter:[420/563], CauLoss:[1.6591], AdvLoss:[2.2804]
Train Iter:[560/563], CauLoss:[1.6565], AdvLoss:[2.2458]
--------------------------------------------------------------------------------------------------------------------------------------------------------------------------------------------------------
Epoch:[56/100], CauAdvLoss:[1.6558/2.2433], valid:[80.03], test:[66.10]
--------------------------------------------------------------------------------------------------------------------------------------------------------------------------------------------------------
Train Iter:[0  /563], CauLoss:[1.9543], AdvLoss:[2.4950]
Train Iter:[140/563], CauLoss:[1.6380], AdvLoss:[2.3269]
Train Iter:[280/563], CauLoss:[1.6525], AdvLoss:[2.1857]
Train Iter:[420/563], CauLoss:[1.6447], AdvLoss:[2.1943]
Train Iter:[560/563], CauLoss:[1.6529], AdvLoss:[2.1607]
--------------------------------------------------------------------------------------------------------------------------------------------------------------------------------------------------------
Epoch:[57/100], CauAdvLoss:[1.6532/2.1587], valid:[81.97], test:[69.57]
--------------------------------------------------------------------------------------------------------------------------------------------------------------------------------------------------------
Train Iter:[0  /563], CauLoss:[1.6103], AdvLoss:[2.2933]
Train Iter:[140/563], CauLoss:[1.6368], AdvLoss:[2.2123]
Train Iter:[280/563], CauLoss:[1.6416], AdvLoss:[2.1984]
Train Iter:[420/563], CauLoss:[1.6632], AdvLoss:[2.1834]
Train Iter:[560/563], CauLoss:[1.6523], AdvLoss:[2.2039]
--------------------------------------------------------------------------------------------------------------------------------------------------------------------------------------------------------
Epoch:[58/100], CauAdvLoss:[1.6524/2.2048], valid:[88.70], test:[58.73]
--------------------------------------------------------------------------------------------------------------------------------------------------------------------------------------------------------
Train Iter:[0  /563], CauLoss:[1.5119], AdvLoss:[2.8377]
Train Iter:[140/563], CauLoss:[1.6603], AdvLoss:[2.2808]
Train Iter:[280/563], CauLoss:[1.6476], AdvLoss:[2.2521]
Train Iter:[420/563], CauLoss:[1.6383], AdvLoss:[2.1559]
Train Iter:[560/563], CauLoss:[1.6517], AdvLoss:[2.1516]
--------------------------------------------------------------------------------------------------------------------------------------------------------------------------------------------------------
Epoch:[59/100], CauAdvLoss:[1.6515/2.1524], valid:[80.67], test:[69.97]
--------------------------------------------------------------------------------------------------------------------------------------------------------------------------------------------------------
Train Iter:[0  /563], CauLoss:[1.5662], AdvLoss:[2.3520]
Train Iter:[140/563], CauLoss:[1.6610], AdvLoss:[2.0338]
Train Iter:[280/563], CauLoss:[1.6403], AdvLoss:[2.1279]
Train Iter:[420/563], CauLoss:[1.6497], AdvLoss:[2.1555]
Train Iter:[560/563], CauLoss:[1.6505], AdvLoss:[2.2210]
--------------------------------------------------------------------------------------------------------------------------------------------------------------------------------------------------------
Epoch:[60/100], CauAdvLoss:[1.6507/2.2210], valid:[57.67], test:[66.57]
--------------------------------------------------------------------------------------------------------------------------------------------------------------------------------------------------------
Train Iter:[0  /563], CauLoss:[1.4244], AdvLoss:[2.8165]
Train Iter:[140/563], CauLoss:[1.6623], AdvLoss:[2.1922]
Train Iter:[280/563], CauLoss:[1.6304], AdvLoss:[2.2580]
Train Iter:[420/563], CauLoss:[1.6459], AdvLoss:[2.1391]
Train Iter:[560/563], CauLoss:[1.6457], AdvLoss:[2.1293]
--------------------------------------------------------------------------------------------------------------------------------------------------------------------------------------------------------
Epoch:[61/100], CauAdvLoss:[1.6449/2.1271], valid:[91.27], test:[61.43]
--------------------------------------------------------------------------------------------------------------------------------------------------------------------------------------------------------
Train Iter:[0  /563], CauLoss:[1.3467], AdvLoss:[1.2311]
Train Iter:[140/563], CauLoss:[1.6450], AdvLoss:[2.0979]
Train Iter:[280/563], CauLoss:[1.6446], AdvLoss:[2.1575]
Train Iter:[420/563], CauLoss:[1.6524], AdvLoss:[2.1312]
Train Iter:[560/563], CauLoss:[1.6453], AdvLoss:[2.1257]
--------------------------------------------------------------------------------------------------------------------------------------------------------------------------------------------------------
Epoch:[62/100], CauAdvLoss:[1.6461/2.1287], valid:[71.70], test:[69.63]
--------------------------------------------------------------------------------------------------------------------------------------------------------------------------------------------------------
Train Iter:[0  /563], CauLoss:[1.9607], AdvLoss:[2.3683]
Train Iter:[140/563], CauLoss:[1.6208], AdvLoss:[2.1998]
Train Iter:[280/563], CauLoss:[1.6481], AdvLoss:[2.2373]
Train Iter:[420/563], CauLoss:[1.6509], AdvLoss:[2.2272]
Train Iter:[560/563], CauLoss:[1.6475], AdvLoss:[2.2596]
--------------------------------------------------------------------------------------------------------------------------------------------------------------------------------------------------------
Epoch:[63/100], CauAdvLoss:[1.6477/2.2572], valid:[70.20], test:[68.57]
--------------------------------------------------------------------------------------------------------------------------------------------------------------------------------------------------------
Train Iter:[0  /563], CauLoss:[1.8231], AdvLoss:[2.0009]
Train Iter:[140/563], CauLoss:[1.6067], AdvLoss:[2.2951]
Train Iter:[280/563], CauLoss:[1.6252], AdvLoss:[2.4129]
Train Iter:[420/563], CauLoss:[1.6435], AdvLoss:[2.3981]
Train Iter:[560/563], CauLoss:[1.6465], AdvLoss:[2.3672]
--------------------------------------------------------------------------------------------------------------------------------------------------------------------------------------------------------
Epoch:[64/100], CauAdvLoss:[1.6462/2.3677], valid:[79.67], test:[66.40]
--------------------------------------------------------------------------------------------------------------------------------------------------------------------------------------------------------
Train Iter:[0  /563], CauLoss:[1.7092], AdvLoss:[2.7137]
Train Iter:[140/563], CauLoss:[1.6004], AdvLoss:[2.3332]
Train Iter:[280/563], CauLoss:[1.6207], AdvLoss:[2.3411]
Train Iter:[420/563], CauLoss:[1.6363], AdvLoss:[2.3509]
Train Iter:[560/563], CauLoss:[1.6446], AdvLoss:[2.3476]
--------------------------------------------------------------------------------------------------------------------------------------------------------------------------------------------------------
Epoch:[65/100], CauAdvLoss:[1.6441/2.3474], valid:[61.03], test:[68.83]
--------------------------------------------------------------------------------------------------------------------------------------------------------------------------------------------------------
Train Iter:[0  /563], CauLoss:[1.1539], AdvLoss:[3.5908]
Train Iter:[140/563], CauLoss:[1.6565], AdvLoss:[2.2858]
Train Iter:[280/563], CauLoss:[1.6406], AdvLoss:[2.3124]
Train Iter:[420/563], CauLoss:[1.6405], AdvLoss:[2.2624]
Train Iter:[560/563], CauLoss:[1.6437], AdvLoss:[2.2502]
--------------------------------------------------------------------------------------------------------------------------------------------------------------------------------------------------------
Epoch:[66/100], CauAdvLoss:[1.6445/2.2513], valid:[77.33], test:[67.50]
--------------------------------------------------------------------------------------------------------------------------------------------------------------------------------------------------------
Train Iter:[0  /563], CauLoss:[1.7644], AdvLoss:[1.6876]
Train Iter:[140/563], CauLoss:[1.6370], AdvLoss:[2.1446]
Train Iter:[280/563], CauLoss:[1.6486], AdvLoss:[2.1636]
Train Iter:[420/563], CauLoss:[1.6468], AdvLoss:[2.1776]
Train Iter:[560/563], CauLoss:[1.6445], AdvLoss:[2.2049]
--------------------------------------------------------------------------------------------------------------------------------------------------------------------------------------------------------
Epoch:[67/100], CauAdvLoss:[1.6451/2.2075], valid:[82.63], test:[71.30]
--------------------------------------------------------------------------------------------------------------------------------------------------------------------------------------------------------
Train Iter:[0  /563], CauLoss:[2.2668], AdvLoss:[2.3825]
Train Iter:[140/563], CauLoss:[1.6076], AdvLoss:[2.2088]
Train Iter:[280/563], CauLoss:[1.6278], AdvLoss:[2.2250]
Train Iter:[420/563], CauLoss:[1.6366], AdvLoss:[2.1933]
Train Iter:[560/563], CauLoss:[1.6387], AdvLoss:[2.2135]
--------------------------------------------------------------------------------------------------------------------------------------------------------------------------------------------------------
Epoch:[68/100], CauAdvLoss:[1.6390/2.2207], valid:[82.73], test:[69.37]
--------------------------------------------------------------------------------------------------------------------------------------------------------------------------------------------------------
Train Iter:[0  /563], CauLoss:[1.1951], AdvLoss:[1.8497]
Train Iter:[140/563], CauLoss:[1.6744], AdvLoss:[2.2272]
Train Iter:[280/563], CauLoss:[1.6541], AdvLoss:[2.1330]
Train Iter:[420/563], CauLoss:[1.6539], AdvLoss:[2.1677]
Train Iter:[560/563], CauLoss:[1.6457], AdvLoss:[2.1826]
--------------------------------------------------------------------------------------------------------------------------------------------------------------------------------------------------------
Epoch:[69/100], CauAdvLoss:[1.6451/2.1820], valid:[85.53], test:[69.93]
--------------------------------------------------------------------------------------------------------------------------------------------------------------------------------------------------------
Train Iter:[0  /563], CauLoss:[1.9170], AdvLoss:[2.1653]
Train Iter:[140/563], CauLoss:[1.6468], AdvLoss:[2.4651]
Train Iter:[280/563], CauLoss:[1.6424], AdvLoss:[2.3908]
Train Iter:[420/563], CauLoss:[1.6425], AdvLoss:[2.3875]
Train Iter:[560/563], CauLoss:[1.6389], AdvLoss:[2.3534]
--------------------------------------------------------------------------------------------------------------------------------------------------------------------------------------------------------
Epoch:[70/100], CauAdvLoss:[1.6379/2.3526], valid:[82.63], test:[71.40]
--------------------------------------------------------------------------------------------------------------------------------------------------------------------------------------------------------
Train Iter:[0  /563], CauLoss:[1.8524], AdvLoss:[1.5922]
Train Iter:[140/563], CauLoss:[1.6123], AdvLoss:[2.1692]
Train Iter:[280/563], CauLoss:[1.6405], AdvLoss:[2.1389]
Train Iter:[420/563], CauLoss:[1.6399], AdvLoss:[2.1508]
Train Iter:[560/563], CauLoss:[1.6368], AdvLoss:[2.1636]
--------------------------------------------------------------------------------------------------------------------------------------------------------------------------------------------------------
Epoch:[71/100], CauAdvLoss:[1.6372/2.1636], valid:[92.57], test:[69.80]
--------------------------------------------------------------------------------------------------------------------------------------------------------------------------------------------------------
Train Iter:[0  /563], CauLoss:[2.1699], AdvLoss:[1.9678]
Train Iter:[140/563], CauLoss:[1.6151], AdvLoss:[2.1869]
Train Iter:[280/563], CauLoss:[1.6331], AdvLoss:[2.2018]
Train Iter:[420/563], CauLoss:[1.6366], AdvLoss:[2.1784]
Train Iter:[560/563], CauLoss:[1.6383], AdvLoss:[2.2150]
--------------------------------------------------------------------------------------------------------------------------------------------------------------------------------------------------------
Epoch:[72/100], CauAdvLoss:[1.6392/2.2141], valid:[63.83], test:[67.37]
--------------------------------------------------------------------------------------------------------------------------------------------------------------------------------------------------------
Train Iter:[0  /563], CauLoss:[1.5729], AdvLoss:[1.6842]
Train Iter:[140/563], CauLoss:[1.6578], AdvLoss:[2.2077]
Train Iter:[280/563], CauLoss:[1.6437], AdvLoss:[2.2564]
Train Iter:[420/563], CauLoss:[1.6421], AdvLoss:[2.2090]
Train Iter:[560/563], CauLoss:[1.6401], AdvLoss:[2.1912]
--------------------------------------------------------------------------------------------------------------------------------------------------------------------------------------------------------
Epoch:[73/100], CauAdvLoss:[1.6391/2.1917], valid:[52.67], test:[70.53]
--------------------------------------------------------------------------------------------------------------------------------------------------------------------------------------------------------
Train Iter:[0  /563], CauLoss:[1.1427], AdvLoss:[2.0667]
Train Iter:[140/563], CauLoss:[1.6575], AdvLoss:[2.2638]
Train Iter:[280/563], CauLoss:[1.6401], AdvLoss:[2.2158]
Train Iter:[420/563], CauLoss:[1.6303], AdvLoss:[2.2458]
Train Iter:[560/563], CauLoss:[1.6346], AdvLoss:[2.2353]
--------------------------------------------------------------------------------------------------------------------------------------------------------------------------------------------------------
Epoch:[74/100], CauAdvLoss:[1.6345/2.2364], valid:[61.03], test:[68.70]
--------------------------------------------------------------------------------------------------------------------------------------------------------------------------------------------------------
Train Iter:[0  /563], CauLoss:[1.3499], AdvLoss:[2.4849]
Train Iter:[140/563], CauLoss:[1.6300], AdvLoss:[2.2200]
Train Iter:[280/563], CauLoss:[1.6276], AdvLoss:[2.2426]
Train Iter:[420/563], CauLoss:[1.6447], AdvLoss:[2.2437]
Train Iter:[560/563], CauLoss:[1.6396], AdvLoss:[2.2758]
--------------------------------------------------------------------------------------------------------------------------------------------------------------------------------------------------------
Epoch:[75/100], CauAdvLoss:[1.6384/2.2771], valid:[69.47], test:[66.40]
--------------------------------------------------------------------------------------------------------------------------------------------------------------------------------------------------------
Train Iter:[0  /563], CauLoss:[1.3999], AdvLoss:[2.1376]
Train Iter:[140/563], CauLoss:[1.6288], AdvLoss:[2.2279]
Train Iter:[280/563], CauLoss:[1.6469], AdvLoss:[2.2585]
Train Iter:[420/563], CauLoss:[1.6315], AdvLoss:[2.3104]
Train Iter:[560/563], CauLoss:[1.6359], AdvLoss:[2.3284]
--------------------------------------------------------------------------------------------------------------------------------------------------------------------------------------------------------
Epoch:[76/100], CauAdvLoss:[1.6361/2.3305], valid:[69.47], test:[72.57]
--------------------------------------------------------------------------------------------------------------------------------------------------------------------------------------------------------
Train Iter:[0  /563], CauLoss:[1.3885], AdvLoss:[2.3112]
Train Iter:[140/563], CauLoss:[1.6265], AdvLoss:[2.4864]
Train Iter:[280/563], CauLoss:[1.6345], AdvLoss:[2.4346]
Train Iter:[420/563], CauLoss:[1.6238], AdvLoss:[2.4059]
Train Iter:[560/563], CauLoss:[1.6339], AdvLoss:[2.3331]
--------------------------------------------------------------------------------------------------------------------------------------------------------------------------------------------------------
Epoch:[77/100], CauAdvLoss:[1.6340/2.3303], valid:[72.50], test:[73.80]
--------------------------------------------------------------------------------------------------------------------------------------------------------------------------------------------------------
Train Iter:[0  /563], CauLoss:[1.4377], AdvLoss:[2.1618]
Train Iter:[140/563], CauLoss:[1.6229], AdvLoss:[2.2820]
Train Iter:[280/563], CauLoss:[1.6685], AdvLoss:[2.3413]
Train Iter:[420/563], CauLoss:[1.6552], AdvLoss:[2.3364]
Train Iter:[560/563], CauLoss:[1.6429], AdvLoss:[2.3742]
--------------------------------------------------------------------------------------------------------------------------------------------------------------------------------------------------------
Epoch:[78/100], CauAdvLoss:[1.6458/2.3753], valid:[69.13], test:[72.80]
--------------------------------------------------------------------------------------------------------------------------------------------------------------------------------------------------------
Train Iter:[0  /563], CauLoss:[1.3800], AdvLoss:[2.0920]
Train Iter:[140/563], CauLoss:[1.6785], AdvLoss:[2.4448]
Train Iter:[280/563], CauLoss:[1.6502], AdvLoss:[2.4191]
Train Iter:[420/563], CauLoss:[1.6357], AdvLoss:[2.4838]
Train Iter:[560/563], CauLoss:[1.6367], AdvLoss:[2.4660]
--------------------------------------------------------------------------------------------------------------------------------------------------------------------------------------------------------
Epoch:[79/100], CauAdvLoss:[1.6375/2.4660], valid:[63.83], test:[74.37]
--------------------------------------------------------------------------------------------------------------------------------------------------------------------------------------------------------
Train Iter:[0  /563], CauLoss:[1.3167], AdvLoss:[3.1662]
Train Iter:[140/563], CauLoss:[1.6547], AdvLoss:[2.5002]
Train Iter:[280/563], CauLoss:[1.6532], AdvLoss:[2.5629]
Train Iter:[420/563], CauLoss:[1.6394], AdvLoss:[2.5635]
Train Iter:[560/563], CauLoss:[1.6386], AdvLoss:[2.5703]
--------------------------------------------------------------------------------------------------------------------------------------------------------------------------------------------------------
Epoch:[80/100], CauAdvLoss:[1.6385/2.5681], valid:[74.53], test:[71.40]
--------------------------------------------------------------------------------------------------------------------------------------------------------------------------------------------------------
Train Iter:[0  /563], CauLoss:[1.5701], AdvLoss:[2.0316]
Train Iter:[140/563], CauLoss:[1.6120], AdvLoss:[2.4947]
Train Iter:[280/563], CauLoss:[1.6277], AdvLoss:[2.5718]
Train Iter:[420/563], CauLoss:[1.6431], AdvLoss:[2.4944]
Train Iter:[560/563], CauLoss:[1.6359], AdvLoss:[2.4682]
--------------------------------------------------------------------------------------------------------------------------------------------------------------------------------------------------------
Epoch:[81/100], CauAdvLoss:[1.6372/2.4667], valid:[75.00], test:[69.03]
--------------------------------------------------------------------------------------------------------------------------------------------------------------------------------------------------------
Train Iter:[0  /563], CauLoss:[1.8847], AdvLoss:[2.2460]
Train Iter:[140/563], CauLoss:[1.5965], AdvLoss:[2.4455]
Train Iter:[280/563], CauLoss:[1.6200], AdvLoss:[2.4423]
Train Iter:[420/563], CauLoss:[1.6338], AdvLoss:[2.4311]
Train Iter:[560/563], CauLoss:[1.6365], AdvLoss:[2.4911]
--------------------------------------------------------------------------------------------------------------------------------------------------------------------------------------------------------
Epoch:[82/100], CauAdvLoss:[1.6360/2.4915], valid:[67.27], test:[71.67]
--------------------------------------------------------------------------------------------------------------------------------------------------------------------------------------------------------
Train Iter:[0  /563], CauLoss:[1.1541], AdvLoss:[3.6225]
Train Iter:[140/563], CauLoss:[1.6273], AdvLoss:[3.0845]
Train Iter:[280/563], CauLoss:[1.6161], AdvLoss:[3.1006]
Train Iter:[420/563], CauLoss:[1.6394], AdvLoss:[3.0250]
Train Iter:[560/563], CauLoss:[1.6369], AdvLoss:[2.9634]
--------------------------------------------------------------------------------------------------------------------------------------------------------------------------------------------------------
Epoch:[83/100], CauAdvLoss:[1.6383/2.9654], valid:[67.73], test:[70.87]
--------------------------------------------------------------------------------------------------------------------------------------------------------------------------------------------------------
Train Iter:[0  /563], CauLoss:[1.6306], AdvLoss:[3.3519]
Train Iter:[140/563], CauLoss:[1.6210], AdvLoss:[3.1003]
Train Iter:[280/563], CauLoss:[1.6395], AdvLoss:[3.0471]
Train Iter:[420/563], CauLoss:[1.6428], AdvLoss:[3.0599]
Train Iter:[560/563], CauLoss:[1.6402], AdvLoss:[3.0055]
--------------------------------------------------------------------------------------------------------------------------------------------------------------------------------------------------------
Epoch:[84/100], CauAdvLoss:[1.6394/3.0035], valid:[92.13], test:[69.93]
--------------------------------------------------------------------------------------------------------------------------------------------------------------------------------------------------------
Train Iter:[0  /563], CauLoss:[1.9891], AdvLoss:[2.8510]
Train Iter:[140/563], CauLoss:[1.6421], AdvLoss:[3.2091]
Train Iter:[280/563], CauLoss:[1.6378], AdvLoss:[3.0965]
Train Iter:[420/563], CauLoss:[1.6409], AdvLoss:[3.1128]
Train Iter:[560/563], CauLoss:[1.6350], AdvLoss:[3.1468]
--------------------------------------------------------------------------------------------------------------------------------------------------------------------------------------------------------
Epoch:[85/100], CauAdvLoss:[1.6336/3.1452], valid:[83.17], test:[69.10]
--------------------------------------------------------------------------------------------------------------------------------------------------------------------------------------------------------
Train Iter:[0  /563], CauLoss:[1.7905], AdvLoss:[3.3630]
Train Iter:[140/563], CauLoss:[1.6677], AdvLoss:[3.1366]
Train Iter:[280/563], CauLoss:[1.6534], AdvLoss:[3.2118]
Train Iter:[420/563], CauLoss:[1.6493], AdvLoss:[3.1854]
Train Iter:[560/563], CauLoss:[1.6335], AdvLoss:[3.1758]
--------------------------------------------------------------------------------------------------------------------------------------------------------------------------------------------------------
Epoch:[86/100], CauAdvLoss:[1.6332/3.1760], valid:[82.00], test:[70.07]
--------------------------------------------------------------------------------------------------------------------------------------------------------------------------------------------------------
Train Iter:[0  /563], CauLoss:[1.4714], AdvLoss:[4.2021]
Train Iter:[140/563], CauLoss:[1.6255], AdvLoss:[3.1415]
Train Iter:[280/563], CauLoss:[1.6318], AdvLoss:[3.0856]
Train Iter:[420/563], CauLoss:[1.6327], AdvLoss:[3.0799]
Train Iter:[560/563], CauLoss:[1.6362], AdvLoss:[3.1010]
--------------------------------------------------------------------------------------------------------------------------------------------------------------------------------------------------------
Epoch:[87/100], CauAdvLoss:[1.6350/3.0980], valid:[72.70], test:[69.13]
--------------------------------------------------------------------------------------------------------------------------------------------------------------------------------------------------------
Train Iter:[0  /563], CauLoss:[1.6754], AdvLoss:[2.3492]
Train Iter:[140/563], CauLoss:[1.6283], AdvLoss:[2.9587]
Train Iter:[280/563], CauLoss:[1.6467], AdvLoss:[2.9312]
Train Iter:[420/563], CauLoss:[1.6433], AdvLoss:[2.9324]
Train Iter:[560/563], CauLoss:[1.6342], AdvLoss:[2.9343]
--------------------------------------------------------------------------------------------------------------------------------------------------------------------------------------------------------
Epoch:[88/100], CauAdvLoss:[1.6343/2.9335], valid:[73.30], test:[69.90]
--------------------------------------------------------------------------------------------------------------------------------------------------------------------------------------------------------
Train Iter:[0  /563], CauLoss:[1.8306], AdvLoss:[3.1833]
Train Iter:[140/563], CauLoss:[1.6206], AdvLoss:[3.2271]
Train Iter:[280/563], CauLoss:[1.6224], AdvLoss:[3.1752]
Train Iter:[420/563], CauLoss:[1.6208], AdvLoss:[3.1417]
Train Iter:[560/563], CauLoss:[1.6238], AdvLoss:[3.1590]
--------------------------------------------------------------------------------------------------------------------------------------------------------------------------------------------------------
Epoch:[89/100], CauAdvLoss:[1.6242/3.1562], valid:[79.63], test:[70.20]
--------------------------------------------------------------------------------------------------------------------------------------------------------------------------------------------------------
Train Iter:[0  /563], CauLoss:[1.2526], AdvLoss:[3.3609]
Train Iter:[140/563], CauLoss:[1.6435], AdvLoss:[3.1800]
Train Iter:[280/563], CauLoss:[1.6428], AdvLoss:[3.1484]
Train Iter:[420/563], CauLoss:[1.6395], AdvLoss:[3.1767]
Train Iter:[560/563], CauLoss:[1.6309], AdvLoss:[3.1607]
--------------------------------------------------------------------------------------------------------------------------------------------------------------------------------------------------------
Epoch:[90/100], CauAdvLoss:[1.6305/3.1628], valid:[81.50], test:[70.83]
--------------------------------------------------------------------------------------------------------------------------------------------------------------------------------------------------------
Train Iter:[0  /563], CauLoss:[1.6095], AdvLoss:[3.7199]
Train Iter:[140/563], CauLoss:[1.5933], AdvLoss:[3.2729]
Train Iter:[280/563], CauLoss:[1.6317], AdvLoss:[3.1807]
Train Iter:[420/563], CauLoss:[1.6348], AdvLoss:[3.2279]
Train Iter:[560/563], CauLoss:[1.6301], AdvLoss:[3.2428]
--------------------------------------------------------------------------------------------------------------------------------------------------------------------------------------------------------
Epoch:[91/100], CauAdvLoss:[1.6294/3.2389], valid:[78.90], test:[70.90]
--------------------------------------------------------------------------------------------------------------------------------------------------------------------------------------------------------
Train Iter:[0  /563], CauLoss:[1.3791], AdvLoss:[3.2906]
Train Iter:[140/563], CauLoss:[1.5920], AdvLoss:[3.2168]
Train Iter:[280/563], CauLoss:[1.6212], AdvLoss:[3.2647]
Train Iter:[420/563], CauLoss:[1.6301], AdvLoss:[3.2312]
Train Iter:[560/563], CauLoss:[1.6359], AdvLoss:[3.2437]
--------------------------------------------------------------------------------------------------------------------------------------------------------------------------------------------------------
Epoch:[92/100], CauAdvLoss:[1.6348/3.2420], valid:[83.13], test:[69.87]
--------------------------------------------------------------------------------------------------------------------------------------------------------------------------------------------------------
Train Iter:[0  /563], CauLoss:[1.9235], AdvLoss:[3.7744]
Train Iter:[140/563], CauLoss:[1.6389], AdvLoss:[3.2293]
Train Iter:[280/563], CauLoss:[1.6238], AdvLoss:[3.2865]
Train Iter:[420/563], CauLoss:[1.6309], AdvLoss:[3.2440]
Train Iter:[560/563], CauLoss:[1.6291], AdvLoss:[3.2407]
--------------------------------------------------------------------------------------------------------------------------------------------------------------------------------------------------------
Epoch:[93/100], CauAdvLoss:[1.6298/3.2383], valid:[83.13], test:[72.50]
--------------------------------------------------------------------------------------------------------------------------------------------------------------------------------------------------------
Train Iter:[0  /563], CauLoss:[1.8424], AdvLoss:[4.7874]
Train Iter:[140/563], CauLoss:[1.6369], AdvLoss:[3.2296]
Train Iter:[280/563], CauLoss:[1.6384], AdvLoss:[3.2434]
Train Iter:[420/563], CauLoss:[1.6330], AdvLoss:[3.2491]
Train Iter:[560/563], CauLoss:[1.6281], AdvLoss:[3.2321]
--------------------------------------------------------------------------------------------------------------------------------------------------------------------------------------------------------
Epoch:[94/100], CauAdvLoss:[1.6295/3.2311], valid:[81.73], test:[73.07]
--------------------------------------------------------------------------------------------------------------------------------------------------------------------------------------------------------
Train Iter:[0  /563], CauLoss:[1.4619], AdvLoss:[3.4580]
Train Iter:[140/563], CauLoss:[1.6346], AdvLoss:[3.0977]
Train Iter:[280/563], CauLoss:[1.6338], AdvLoss:[3.1830]
Train Iter:[420/563], CauLoss:[1.6370], AdvLoss:[3.2255]
Train Iter:[560/563], CauLoss:[1.6288], AdvLoss:[3.2351]
--------------------------------------------------------------------------------------------------------------------------------------------------------------------------------------------------------
Epoch:[95/100], CauAdvLoss:[1.6284/3.2326], valid:[78.57], test:[70.73]
--------------------------------------------------------------------------------------------------------------------------------------------------------------------------------------------------------
Train Iter:[0  /563], CauLoss:[1.3600], AdvLoss:[3.6197]
Train Iter:[140/563], CauLoss:[1.6476], AdvLoss:[3.4103]
Train Iter:[280/563], CauLoss:[1.6535], AdvLoss:[3.2622]
Train Iter:[420/563], CauLoss:[1.6445], AdvLoss:[3.2459]
Train Iter:[560/563], CauLoss:[1.6326], AdvLoss:[3.2348]
--------------------------------------------------------------------------------------------------------------------------------------------------------------------------------------------------------
Epoch:[96/100], CauAdvLoss:[1.6324/3.2391], valid:[78.57], test:[70.77]
--------------------------------------------------------------------------------------------------------------------------------------------------------------------------------------------------------
Train Iter:[0  /563], CauLoss:[1.9764], AdvLoss:[3.8256]
Train Iter:[140/563], CauLoss:[1.6252], AdvLoss:[3.3729]
Train Iter:[280/563], CauLoss:[1.6281], AdvLoss:[3.2327]
Train Iter:[420/563], CauLoss:[1.6271], AdvLoss:[3.1956]
Train Iter:[560/563], CauLoss:[1.6318], AdvLoss:[3.2321]
--------------------------------------------------------------------------------------------------------------------------------------------------------------------------------------------------------
Epoch:[97/100], CauAdvLoss:[1.6312/3.2323], valid:[79.37], test:[70.73]
--------------------------------------------------------------------------------------------------------------------------------------------------------------------------------------------------------
Train Iter:[0  /563], CauLoss:[1.4040], AdvLoss:[2.7257]
Train Iter:[140/563], CauLoss:[1.6351], AdvLoss:[3.2959]
Train Iter:[280/563], CauLoss:[1.6202], AdvLoss:[3.2900]
Train Iter:[420/563], CauLoss:[1.6248], AdvLoss:[3.2376]
Train Iter:[560/563], CauLoss:[1.6329], AdvLoss:[3.2473]
--------------------------------------------------------------------------------------------------------------------------------------------------------------------------------------------------------
Epoch:[98/100], CauAdvLoss:[1.6334/3.2476], valid:[81.03], test:[68.13]
--------------------------------------------------------------------------------------------------------------------------------------------------------------------------------------------------------
Train Iter:[0  /563], CauLoss:[1.7176], AdvLoss:[3.2800]
Train Iter:[140/563], CauLoss:[1.6135], AdvLoss:[3.1435]
Train Iter:[280/563], CauLoss:[1.6256], AdvLoss:[3.2035]
Train Iter:[420/563], CauLoss:[1.6260], AdvLoss:[3.2421]
Train Iter:[560/563], CauLoss:[1.6264], AdvLoss:[3.2461]
--------------------------------------------------------------------------------------------------------------------------------------------------------------------------------------------------------
Epoch:[99/100], CauAdvLoss:[1.6272/3.2426], valid:[81.77], test:[69.83]
--------------------------------------------------------------------------------------------------------------------------------------------------------------------------------------------------------
Train Iter:[0  /563], CauLoss:[1.2985], AdvLoss:[2.1775]
Train Iter:[140/563], CauLoss:[1.6266], AdvLoss:[3.2003]
Train Iter:[280/563], CauLoss:[1.6367], AdvLoss:[3.1833]
Train Iter:[420/563], CauLoss:[1.6437], AdvLoss:[3.2237]
Train Iter:[560/563], CauLoss:[1.6295], AdvLoss:[3.2606]
--------------------------------------------------------------------------------------------------------------------------------------------------------------------------------------------------------
Epoch:[100/100], CauAdvLoss:[1.6296/3.2579], valid:[78.90], test:[69.90]
--------------------------------------------------------------------------------------------------------------------------------------------------------------------------------------------------------
Update test:[69.80] at epoch:[71] | Total time:00:27:33
Train Iter:[0  /563], CauLoss:[3.4174], AdvLoss:[0.5158]
Train Iter:[140/563], CauLoss:[2.6673], AdvLoss:[-0.3959]
Train Iter:[280/563], CauLoss:[2.5105], AdvLoss:[0.2669]
Train Iter:[420/563], CauLoss:[2.3872], AdvLoss:[0.3833]
Train Iter:[560/563], CauLoss:[2.3120], AdvLoss:[0.4649]
--------------------------------------------------------------------------------------------------------------------------------------------------------------------------------------------------------
Epoch:[1/100], CauAdvLoss:[2.3109/0.4671], valid:[93.00], test:[40.40]
--------------------------------------------------------------------------------------------------------------------------------------------------------------------------------------------------------
Train Iter:[0  /563], CauLoss:[2.4968], AdvLoss:[0.6240]
Train Iter:[140/563], CauLoss:[2.0642], AdvLoss:[0.7545]
Train Iter:[280/563], CauLoss:[2.0337], AdvLoss:[0.7072]
Train Iter:[420/563], CauLoss:[2.0305], AdvLoss:[0.6637]
Train Iter:[560/563], CauLoss:[2.0248], AdvLoss:[0.6110]
--------------------------------------------------------------------------------------------------------------------------------------------------------------------------------------------------------
Epoch:[2/100], CauAdvLoss:[2.0243/0.6084], valid:[63.30], test:[33.70]
--------------------------------------------------------------------------------------------------------------------------------------------------------------------------------------------------------
Train Iter:[0  /563], CauLoss:[1.9069], AdvLoss:[-0.1588]
Train Iter:[140/563], CauLoss:[1.9929], AdvLoss:[0.5880]
Train Iter:[280/563], CauLoss:[1.9890], AdvLoss:[0.5157]
Train Iter:[420/563], CauLoss:[1.9739], AdvLoss:[0.5115]
Train Iter:[560/563], CauLoss:[1.9699], AdvLoss:[0.6066]
--------------------------------------------------------------------------------------------------------------------------------------------------------------------------------------------------------
Epoch:[3/100], CauAdvLoss:[1.9698/0.6072], valid:[92.93], test:[50.47]
--------------------------------------------------------------------------------------------------------------------------------------------------------------------------------------------------------
Train Iter:[0  /563], CauLoss:[1.9414], AdvLoss:[1.1785]
Train Iter:[140/563], CauLoss:[1.9536], AdvLoss:[0.7185]
Train Iter:[280/563], CauLoss:[1.9135], AdvLoss:[0.7063]
Train Iter:[420/563], CauLoss:[1.9097], AdvLoss:[0.7586]
Train Iter:[560/563], CauLoss:[1.8991], AdvLoss:[0.7445]
--------------------------------------------------------------------------------------------------------------------------------------------------------------------------------------------------------
Epoch:[4/100], CauAdvLoss:[1.8979/0.7448], valid:[92.93], test:[50.07]
--------------------------------------------------------------------------------------------------------------------------------------------------------------------------------------------------------
Train Iter:[0  /563], CauLoss:[1.6851], AdvLoss:[0.2524]
Train Iter:[140/563], CauLoss:[1.8509], AdvLoss:[0.6364]
Train Iter:[280/563], CauLoss:[1.8597], AdvLoss:[0.9867]
Train Iter:[420/563], CauLoss:[1.8736], AdvLoss:[1.5078]
Train Iter:[560/563], CauLoss:[1.8663], AdvLoss:[1.3179]
--------------------------------------------------------------------------------------------------------------------------------------------------------------------------------------------------------
Epoch:[5/100], CauAdvLoss:[1.8647/1.3158], valid:[55.07], test:[46.93]
--------------------------------------------------------------------------------------------------------------------------------------------------------------------------------------------------------
Train Iter:[0  /563], CauLoss:[1.5644], AdvLoss:[0.4146]
Train Iter:[140/563], CauLoss:[1.8545], AdvLoss:[0.9245]
Train Iter:[280/563], CauLoss:[1.8586], AdvLoss:[1.1380]
Train Iter:[420/563], CauLoss:[1.8514], AdvLoss:[1.1499]
Train Iter:[560/563], CauLoss:[1.8409], AdvLoss:[1.1660]
--------------------------------------------------------------------------------------------------------------------------------------------------------------------------------------------------------
Epoch:[6/100], CauAdvLoss:[1.8401/1.1641], valid:[55.63], test:[42.80]
--------------------------------------------------------------------------------------------------------------------------------------------------------------------------------------------------------
Train Iter:[0  /563], CauLoss:[2.4488], AdvLoss:[0.7377]
Train Iter:[140/563], CauLoss:[1.8380], AdvLoss:[1.7664]
Train Iter:[280/563], CauLoss:[1.8315], AdvLoss:[2.0070]
Train Iter:[420/563], CauLoss:[1.8049], AdvLoss:[2.2013]
Train Iter:[560/563], CauLoss:[1.8177], AdvLoss:[2.0730]
--------------------------------------------------------------------------------------------------------------------------------------------------------------------------------------------------------
Epoch:[7/100], CauAdvLoss:[1.8179/2.0675], valid:[54.83], test:[38.77]
--------------------------------------------------------------------------------------------------------------------------------------------------------------------------------------------------------
Train Iter:[0  /563], CauLoss:[1.8159], AdvLoss:[0.5779]
Train Iter:[140/563], CauLoss:[1.8190], AdvLoss:[1.2697]
Train Iter:[280/563], CauLoss:[1.8015], AdvLoss:[1.4228]
Train Iter:[420/563], CauLoss:[1.7954], AdvLoss:[1.4920]
Train Iter:[560/563], CauLoss:[1.7933], AdvLoss:[1.5459]
--------------------------------------------------------------------------------------------------------------------------------------------------------------------------------------------------------
Epoch:[8/100], CauAdvLoss:[1.7919/1.5500], valid:[55.30], test:[48.93]
--------------------------------------------------------------------------------------------------------------------------------------------------------------------------------------------------------
Train Iter:[0  /563], CauLoss:[2.0467], AdvLoss:[2.3855]
Train Iter:[140/563], CauLoss:[1.7769], AdvLoss:[2.2270]
Train Iter:[280/563], CauLoss:[1.7900], AdvLoss:[2.1483]
Train Iter:[420/563], CauLoss:[1.7829], AdvLoss:[2.0543]
Train Iter:[560/563], CauLoss:[1.7865], AdvLoss:[2.0731]
--------------------------------------------------------------------------------------------------------------------------------------------------------------------------------------------------------
Epoch:[9/100], CauAdvLoss:[1.7869/2.0746], valid:[50.17], test:[47.10]
--------------------------------------------------------------------------------------------------------------------------------------------------------------------------------------------------------
Train Iter:[0  /563], CauLoss:[1.5101], AdvLoss:[1.6197]
Train Iter:[140/563], CauLoss:[1.8233], AdvLoss:[2.6206]
Train Iter:[280/563], CauLoss:[1.7714], AdvLoss:[2.3542]
Train Iter:[420/563], CauLoss:[1.7696], AdvLoss:[2.3661]
Train Iter:[560/563], CauLoss:[1.7680], AdvLoss:[2.3550]
--------------------------------------------------------------------------------------------------------------------------------------------------------------------------------------------------------
Epoch:[10/100], CauAdvLoss:[1.7663/2.3603], valid:[50.23], test:[47.33]
--------------------------------------------------------------------------------------------------------------------------------------------------------------------------------------------------------
Train Iter:[0  /563], CauLoss:[1.7383], AdvLoss:[3.2905]
Train Iter:[140/563], CauLoss:[1.8162], AdvLoss:[2.2016]
Train Iter:[280/563], CauLoss:[1.7593], AdvLoss:[2.4133]
Train Iter:[420/563], CauLoss:[1.7770], AdvLoss:[2.3421]
Train Iter:[560/563], CauLoss:[1.7632], AdvLoss:[2.2223]
--------------------------------------------------------------------------------------------------------------------------------------------------------------------------------------------------------
Epoch:[11/100], CauAdvLoss:[1.7624/2.2195], valid:[40.13], test:[52.73]
--------------------------------------------------------------------------------------------------------------------------------------------------------------------------------------------------------
Train Iter:[0  /563], CauLoss:[1.3587], AdvLoss:[1.2237]
Train Iter:[140/563], CauLoss:[1.7333], AdvLoss:[1.2820]
Train Iter:[280/563], CauLoss:[1.7374], AdvLoss:[1.6283]
Train Iter:[420/563], CauLoss:[1.7386], AdvLoss:[1.7748]
Train Iter:[560/563], CauLoss:[1.7471], AdvLoss:[1.8090]
--------------------------------------------------------------------------------------------------------------------------------------------------------------------------------------------------------
Epoch:[12/100], CauAdvLoss:[1.7454/1.8106], valid:[85.97], test:[52.70]
--------------------------------------------------------------------------------------------------------------------------------------------------------------------------------------------------------
Train Iter:[0  /563], CauLoss:[2.0055], AdvLoss:[2.7128]
Train Iter:[140/563], CauLoss:[1.7269], AdvLoss:[2.4776]
Train Iter:[280/563], CauLoss:[1.7535], AdvLoss:[2.0769]
Train Iter:[420/563], CauLoss:[1.7603], AdvLoss:[1.6548]
Train Iter:[560/563], CauLoss:[1.7504], AdvLoss:[1.6068]
--------------------------------------------------------------------------------------------------------------------------------------------------------------------------------------------------------
Epoch:[13/100], CauAdvLoss:[1.7502/1.6045], valid:[80.77], test:[49.47]
--------------------------------------------------------------------------------------------------------------------------------------------------------------------------------------------------------
Train Iter:[0  /563], CauLoss:[1.9783], AdvLoss:[2.0007]
Train Iter:[140/563], CauLoss:[1.7147], AdvLoss:[1.1166]
Train Iter:[280/563], CauLoss:[1.7138], AdvLoss:[1.0692]
Train Iter:[420/563], CauLoss:[1.7256], AdvLoss:[1.0628]
Train Iter:[560/563], CauLoss:[1.7314], AdvLoss:[1.2657]
--------------------------------------------------------------------------------------------------------------------------------------------------------------------------------------------------------
Epoch:[14/100], CauAdvLoss:[1.7321/1.2688], valid:[61.40], test:[61.50]
--------------------------------------------------------------------------------------------------------------------------------------------------------------------------------------------------------
Train Iter:[0  /563], CauLoss:[1.9556], AdvLoss:[1.5726]
Train Iter:[140/563], CauLoss:[1.7510], AdvLoss:[1.5069]
Train Iter:[280/563], CauLoss:[1.7234], AdvLoss:[1.4750]
Train Iter:[420/563], CauLoss:[1.7372], AdvLoss:[1.8444]
Train Iter:[560/563], CauLoss:[1.7329], AdvLoss:[2.1624]
--------------------------------------------------------------------------------------------------------------------------------------------------------------------------------------------------------
Epoch:[15/100], CauAdvLoss:[1.7331/2.1685], valid:[68.47], test:[54.27]
--------------------------------------------------------------------------------------------------------------------------------------------------------------------------------------------------------
Train Iter:[0  /563], CauLoss:[1.7077], AdvLoss:[3.1366]
Train Iter:[140/563], CauLoss:[1.7803], AdvLoss:[2.4962]
Train Iter:[280/563], CauLoss:[1.7363], AdvLoss:[2.6215]
Train Iter:[420/563], CauLoss:[1.7396], AdvLoss:[2.6868]
Train Iter:[560/563], CauLoss:[1.7341], AdvLoss:[2.6879]
--------------------------------------------------------------------------------------------------------------------------------------------------------------------------------------------------------
Epoch:[16/100], CauAdvLoss:[1.7352/2.6881], valid:[78.20], test:[49.73]
--------------------------------------------------------------------------------------------------------------------------------------------------------------------------------------------------------
Train Iter:[0  /563], CauLoss:[1.5212], AdvLoss:[3.6675]
Train Iter:[140/563], CauLoss:[1.7177], AdvLoss:[3.1279]
Train Iter:[280/563], CauLoss:[1.7318], AdvLoss:[2.7775]
Train Iter:[420/563], CauLoss:[1.7243], AdvLoss:[2.7203]
Train Iter:[560/563], CauLoss:[1.7231], AdvLoss:[2.6115]
--------------------------------------------------------------------------------------------------------------------------------------------------------------------------------------------------------
Epoch:[17/100], CauAdvLoss:[1.7230/2.6120], valid:[62.07], test:[53.97]
--------------------------------------------------------------------------------------------------------------------------------------------------------------------------------------------------------
Train Iter:[0  /563], CauLoss:[1.3274], AdvLoss:[3.5233]
Train Iter:[140/563], CauLoss:[1.6674], AdvLoss:[2.8578]
Train Iter:[280/563], CauLoss:[1.6990], AdvLoss:[2.6370]
Train Iter:[420/563], CauLoss:[1.7187], AdvLoss:[2.6062]
Train Iter:[560/563], CauLoss:[1.7198], AdvLoss:[2.6404]
--------------------------------------------------------------------------------------------------------------------------------------------------------------------------------------------------------
Epoch:[18/100], CauAdvLoss:[1.7217/2.6403], valid:[50.30], test:[56.93]
--------------------------------------------------------------------------------------------------------------------------------------------------------------------------------------------------------
Train Iter:[0  /563], CauLoss:[1.8785], AdvLoss:[4.0117]
Train Iter:[140/563], CauLoss:[1.7564], AdvLoss:[2.9680]
Train Iter:[280/563], CauLoss:[1.7194], AdvLoss:[3.1364]
Train Iter:[420/563], CauLoss:[1.7145], AdvLoss:[3.0710]
Train Iter:[560/563], CauLoss:[1.7164], AdvLoss:[2.9466]
--------------------------------------------------------------------------------------------------------------------------------------------------------------------------------------------------------
Epoch:[19/100], CauAdvLoss:[1.7153/2.9482], valid:[92.93], test:[55.47]
--------------------------------------------------------------------------------------------------------------------------------------------------------------------------------------------------------
Train Iter:[0  /563], CauLoss:[2.1390], AdvLoss:[3.8751]
Train Iter:[140/563], CauLoss:[1.7090], AdvLoss:[3.2501]
Train Iter:[280/563], CauLoss:[1.7054], AdvLoss:[2.9737]
Train Iter:[420/563], CauLoss:[1.7133], AdvLoss:[3.0515]
Train Iter:[560/563], CauLoss:[1.7169], AdvLoss:[2.9732]
--------------------------------------------------------------------------------------------------------------------------------------------------------------------------------------------------------
Epoch:[20/100], CauAdvLoss:[1.7179/2.9697], valid:[73.30], test:[58.67]
--------------------------------------------------------------------------------------------------------------------------------------------------------------------------------------------------------
Train Iter:[0  /563], CauLoss:[1.9496], AdvLoss:[2.0124]
Train Iter:[140/563], CauLoss:[1.7179], AdvLoss:[2.3664]
Train Iter:[280/563], CauLoss:[1.7361], AdvLoss:[2.5658]
Train Iter:[420/563], CauLoss:[1.7212], AdvLoss:[2.5158]
Train Iter:[560/563], CauLoss:[1.7211], AdvLoss:[2.4713]
--------------------------------------------------------------------------------------------------------------------------------------------------------------------------------------------------------
Epoch:[21/100], CauAdvLoss:[1.7198/2.4661], valid:[93.00], test:[52.80]
--------------------------------------------------------------------------------------------------------------------------------------------------------------------------------------------------------
Train Iter:[0  /563], CauLoss:[1.5807], AdvLoss:[1.4076]
Train Iter:[140/563], CauLoss:[1.6882], AdvLoss:[1.0850]
Train Iter:[280/563], CauLoss:[1.6908], AdvLoss:[1.0744]
Train Iter:[420/563], CauLoss:[1.7044], AdvLoss:[1.1137]
Train Iter:[560/563], CauLoss:[1.7105], AdvLoss:[1.1302]
--------------------------------------------------------------------------------------------------------------------------------------------------------------------------------------------------------
Epoch:[22/100], CauAdvLoss:[1.7113/1.1302], valid:[58.90], test:[50.13]
--------------------------------------------------------------------------------------------------------------------------------------------------------------------------------------------------------
Train Iter:[0  /563], CauLoss:[1.5512], AdvLoss:[0.9362]
Train Iter:[140/563], CauLoss:[1.7230], AdvLoss:[1.0451]
Train Iter:[280/563], CauLoss:[1.6919], AdvLoss:[1.1744]
Train Iter:[420/563], CauLoss:[1.6888], AdvLoss:[1.1518]
Train Iter:[560/563], CauLoss:[1.7045], AdvLoss:[1.2017]
--------------------------------------------------------------------------------------------------------------------------------------------------------------------------------------------------------
Epoch:[23/100], CauAdvLoss:[1.7037/1.2060], valid:[46.97], test:[60.77]
--------------------------------------------------------------------------------------------------------------------------------------------------------------------------------------------------------
Train Iter:[0  /563], CauLoss:[1.8100], AdvLoss:[1.8067]
Train Iter:[140/563], CauLoss:[1.6852], AdvLoss:[1.6079]
Train Iter:[280/563], CauLoss:[1.6873], AdvLoss:[1.6416]
Train Iter:[420/563], CauLoss:[1.6956], AdvLoss:[1.7066]
Train Iter:[560/563], CauLoss:[1.7006], AdvLoss:[1.7100]
--------------------------------------------------------------------------------------------------------------------------------------------------------------------------------------------------------
Epoch:[24/100], CauAdvLoss:[1.7009/1.7116], valid:[93.13], test:[73.53]
--------------------------------------------------------------------------------------------------------------------------------------------------------------------------------------------------------
Train Iter:[0  /563], CauLoss:[1.9329], AdvLoss:[1.5882]
Train Iter:[140/563], CauLoss:[1.7396], AdvLoss:[2.0655]
Train Iter:[280/563], CauLoss:[1.7174], AdvLoss:[2.7691]
Train Iter:[420/563], CauLoss:[1.7220], AdvLoss:[3.2084]
Train Iter:[560/563], CauLoss:[1.7096], AdvLoss:[3.3846]
--------------------------------------------------------------------------------------------------------------------------------------------------------------------------------------------------------
Epoch:[25/100], CauAdvLoss:[1.7113/3.3916], valid:[68.23], test:[60.80]
--------------------------------------------------------------------------------------------------------------------------------------------------------------------------------------------------------
Train Iter:[0  /563], CauLoss:[1.2076], AdvLoss:[3.0255]
Train Iter:[140/563], CauLoss:[1.7227], AdvLoss:[4.6230]
Train Iter:[280/563], CauLoss:[1.7168], AdvLoss:[4.1119]
Train Iter:[420/563], CauLoss:[1.7044], AdvLoss:[3.9551]
Train Iter:[560/563], CauLoss:[1.7066], AdvLoss:[3.9955]
--------------------------------------------------------------------------------------------------------------------------------------------------------------------------------------------------------
Epoch:[26/100], CauAdvLoss:[1.7067/3.9973], valid:[93.10], test:[72.60]
--------------------------------------------------------------------------------------------------------------------------------------------------------------------------------------------------------
Train Iter:[0  /563], CauLoss:[1.3213], AdvLoss:[2.9762]
Train Iter:[140/563], CauLoss:[1.6826], AdvLoss:[4.1239]
Train Iter:[280/563], CauLoss:[1.7136], AdvLoss:[3.7075]
Train Iter:[420/563], CauLoss:[1.6976], AdvLoss:[3.8084]
Train Iter:[560/563], CauLoss:[1.7013], AdvLoss:[3.8420]
--------------------------------------------------------------------------------------------------------------------------------------------------------------------------------------------------------
Epoch:[27/100], CauAdvLoss:[1.7010/3.8442], valid:[62.27], test:[72.70]
--------------------------------------------------------------------------------------------------------------------------------------------------------------------------------------------------------
Train Iter:[0  /563], CauLoss:[1.6158], AdvLoss:[3.4186]
Train Iter:[140/563], CauLoss:[1.7162], AdvLoss:[3.8151]
Train Iter:[280/563], CauLoss:[1.7238], AdvLoss:[3.7166]
Train Iter:[420/563], CauLoss:[1.6961], AdvLoss:[3.6647]
Train Iter:[560/563], CauLoss:[1.6940], AdvLoss:[3.6473]
--------------------------------------------------------------------------------------------------------------------------------------------------------------------------------------------------------
Epoch:[28/100], CauAdvLoss:[1.6925/3.6473], valid:[64.80], test:[65.27]
--------------------------------------------------------------------------------------------------------------------------------------------------------------------------------------------------------
Train Iter:[0  /563], CauLoss:[1.8697], AdvLoss:[4.1361]
Train Iter:[140/563], CauLoss:[1.6972], AdvLoss:[3.8505]
Train Iter:[280/563], CauLoss:[1.7137], AdvLoss:[3.6142]
Train Iter:[420/563], CauLoss:[1.7036], AdvLoss:[3.7649]
Train Iter:[560/563], CauLoss:[1.6943], AdvLoss:[3.7263]
--------------------------------------------------------------------------------------------------------------------------------------------------------------------------------------------------------
Epoch:[29/100], CauAdvLoss:[1.6932/3.7228], valid:[90.50], test:[63.90]
--------------------------------------------------------------------------------------------------------------------------------------------------------------------------------------------------------
Train Iter:[0  /563], CauLoss:[1.4205], AdvLoss:[2.6383]
Train Iter:[140/563], CauLoss:[1.7096], AdvLoss:[2.6084]
Train Iter:[280/563], CauLoss:[1.6981], AdvLoss:[2.8387]
Train Iter:[420/563], CauLoss:[1.6906], AdvLoss:[2.8448]
Train Iter:[560/563], CauLoss:[1.6934], AdvLoss:[2.8898]
--------------------------------------------------------------------------------------------------------------------------------------------------------------------------------------------------------
Epoch:[30/100], CauAdvLoss:[1.6946/2.8907], valid:[57.90], test:[69.10]
--------------------------------------------------------------------------------------------------------------------------------------------------------------------------------------------------------
Train Iter:[0  /563], CauLoss:[1.7100], AdvLoss:[2.6796]
Train Iter:[140/563], CauLoss:[1.6624], AdvLoss:[2.9445]
Train Iter:[280/563], CauLoss:[1.6852], AdvLoss:[2.9794]
Train Iter:[420/563], CauLoss:[1.6913], AdvLoss:[2.9968]
Train Iter:[560/563], CauLoss:[1.6904], AdvLoss:[2.9446]
--------------------------------------------------------------------------------------------------------------------------------------------------------------------------------------------------------
Epoch:[31/100], CauAdvLoss:[1.6908/2.9475], valid:[92.97], test:[58.00]
--------------------------------------------------------------------------------------------------------------------------------------------------------------------------------------------------------
Train Iter:[0  /563], CauLoss:[1.7030], AdvLoss:[2.3108]
Train Iter:[140/563], CauLoss:[1.7231], AdvLoss:[2.8184]
Train Iter:[280/563], CauLoss:[1.6907], AdvLoss:[2.7502]
Train Iter:[420/563], CauLoss:[1.6865], AdvLoss:[2.9348]
Train Iter:[560/563], CauLoss:[1.6856], AdvLoss:[3.0147]
--------------------------------------------------------------------------------------------------------------------------------------------------------------------------------------------------------
Epoch:[32/100], CauAdvLoss:[1.6845/3.0167], valid:[55.37], test:[74.23]
--------------------------------------------------------------------------------------------------------------------------------------------------------------------------------------------------------
Train Iter:[0  /563], CauLoss:[1.4205], AdvLoss:[2.9432]
Train Iter:[140/563], CauLoss:[1.6514], AdvLoss:[3.2235]
Train Iter:[280/563], CauLoss:[1.6778], AdvLoss:[3.0047]
Train Iter:[420/563], CauLoss:[1.6829], AdvLoss:[3.0494]
Train Iter:[560/563], CauLoss:[1.6859], AdvLoss:[2.9124]
--------------------------------------------------------------------------------------------------------------------------------------------------------------------------------------------------------
Epoch:[33/100], CauAdvLoss:[1.6877/2.9076], valid:[92.97], test:[68.13]
--------------------------------------------------------------------------------------------------------------------------------------------------------------------------------------------------------
Train Iter:[0  /563], CauLoss:[2.3002], AdvLoss:[2.0040]
Train Iter:[140/563], CauLoss:[1.6790], AdvLoss:[2.5435]
Train Iter:[280/563], CauLoss:[1.7132], AdvLoss:[2.5524]
Train Iter:[420/563], CauLoss:[1.6989], AdvLoss:[2.6102]
Train Iter:[560/563], CauLoss:[1.6853], AdvLoss:[2.7653]
--------------------------------------------------------------------------------------------------------------------------------------------------------------------------------------------------------
Epoch:[34/100], CauAdvLoss:[1.6858/2.7674], valid:[55.87], test:[67.13]
--------------------------------------------------------------------------------------------------------------------------------------------------------------------------------------------------------
Train Iter:[0  /563], CauLoss:[2.0722], AdvLoss:[3.0319]
Train Iter:[140/563], CauLoss:[1.7532], AdvLoss:[2.7931]
Train Iter:[280/563], CauLoss:[1.7132], AdvLoss:[2.8014]
Train Iter:[420/563], CauLoss:[1.6982], AdvLoss:[2.7853]
Train Iter:[560/563], CauLoss:[1.6846], AdvLoss:[2.8606]
--------------------------------------------------------------------------------------------------------------------------------------------------------------------------------------------------------
Epoch:[35/100], CauAdvLoss:[1.6836/2.8596], valid:[79.87], test:[61.53]
--------------------------------------------------------------------------------------------------------------------------------------------------------------------------------------------------------
Train Iter:[0  /563], CauLoss:[1.1928], AdvLoss:[2.8732]
Train Iter:[140/563], CauLoss:[1.7065], AdvLoss:[2.4659]
Train Iter:[280/563], CauLoss:[1.7163], AdvLoss:[2.8067]
Train Iter:[420/563], CauLoss:[1.6945], AdvLoss:[2.7898]
Train Iter:[560/563], CauLoss:[1.6889], AdvLoss:[2.9442]
--------------------------------------------------------------------------------------------------------------------------------------------------------------------------------------------------------
Epoch:[36/100], CauAdvLoss:[1.6904/2.9459], valid:[92.77], test:[76.77]
--------------------------------------------------------------------------------------------------------------------------------------------------------------------------------------------------------
Train Iter:[0  /563], CauLoss:[1.5412], AdvLoss:[2.5555]
Train Iter:[140/563], CauLoss:[1.6734], AdvLoss:[2.9029]
Train Iter:[280/563], CauLoss:[1.6927], AdvLoss:[2.7003]
Train Iter:[420/563], CauLoss:[1.6888], AdvLoss:[2.6857]
Train Iter:[560/563], CauLoss:[1.6861], AdvLoss:[2.6040]
--------------------------------------------------------------------------------------------------------------------------------------------------------------------------------------------------------
Epoch:[37/100], CauAdvLoss:[1.6847/2.6064], valid:[92.13], test:[65.37]
--------------------------------------------------------------------------------------------------------------------------------------------------------------------------------------------------------
Train Iter:[0  /563], CauLoss:[1.7987], AdvLoss:[2.6824]
Train Iter:[140/563], CauLoss:[1.6889], AdvLoss:[2.6312]
Train Iter:[280/563], CauLoss:[1.6909], AdvLoss:[2.7748]
Train Iter:[420/563], CauLoss:[1.6876], AdvLoss:[3.0954]
Train Iter:[560/563], CauLoss:[1.6839], AdvLoss:[3.0994]
--------------------------------------------------------------------------------------------------------------------------------------------------------------------------------------------------------
Epoch:[38/100], CauAdvLoss:[1.6827/3.0974], valid:[50.53], test:[59.10]
--------------------------------------------------------------------------------------------------------------------------------------------------------------------------------------------------------
Train Iter:[0  /563], CauLoss:[1.8281], AdvLoss:[1.9715]
Train Iter:[140/563], CauLoss:[1.6661], AdvLoss:[2.7175]
Train Iter:[280/563], CauLoss:[1.6743], AdvLoss:[2.7794]
Train Iter:[420/563], CauLoss:[1.6800], AdvLoss:[2.7390]
Train Iter:[560/563], CauLoss:[1.6796], AdvLoss:[2.7130]
--------------------------------------------------------------------------------------------------------------------------------------------------------------------------------------------------------
Epoch:[39/100], CauAdvLoss:[1.6804/2.7154], valid:[84.87], test:[72.37]
--------------------------------------------------------------------------------------------------------------------------------------------------------------------------------------------------------
Train Iter:[0  /563], CauLoss:[2.3727], AdvLoss:[3.0942]
Train Iter:[140/563], CauLoss:[1.6678], AdvLoss:[2.5542]
Train Iter:[280/563], CauLoss:[1.6816], AdvLoss:[2.7726]
Train Iter:[420/563], CauLoss:[1.6727], AdvLoss:[2.8178]
Train Iter:[560/563], CauLoss:[1.6786], AdvLoss:[2.7952]
--------------------------------------------------------------------------------------------------------------------------------------------------------------------------------------------------------
Epoch:[40/100], CauAdvLoss:[1.6792/2.7976], valid:[87.57], test:[73.47]
--------------------------------------------------------------------------------------------------------------------------------------------------------------------------------------------------------
Train Iter:[0  /563], CauLoss:[1.2803], AdvLoss:[1.4475]
Train Iter:[140/563], CauLoss:[1.7075], AdvLoss:[3.0286]
Train Iter:[280/563], CauLoss:[1.7025], AdvLoss:[3.0341]
Train Iter:[420/563], CauLoss:[1.6872], AdvLoss:[2.9644]
Train Iter:[560/563], CauLoss:[1.6777], AdvLoss:[2.9950]
--------------------------------------------------------------------------------------------------------------------------------------------------------------------------------------------------------
Epoch:[41/100], CauAdvLoss:[1.6795/3.0015], valid:[50.17], test:[64.10]
--------------------------------------------------------------------------------------------------------------------------------------------------------------------------------------------------------
Train Iter:[0  /563], CauLoss:[1.2046], AdvLoss:[4.4334]
Train Iter:[140/563], CauLoss:[1.6844], AdvLoss:[2.9389]
Train Iter:[280/563], CauLoss:[1.6793], AdvLoss:[2.8752]
Train Iter:[420/563], CauLoss:[1.6825], AdvLoss:[2.8111]
Train Iter:[560/563], CauLoss:[1.6753], AdvLoss:[2.7463]
--------------------------------------------------------------------------------------------------------------------------------------------------------------------------------------------------------
Epoch:[42/100], CauAdvLoss:[1.6744/2.7468], valid:[92.33], test:[78.47]
--------------------------------------------------------------------------------------------------------------------------------------------------------------------------------------------------------
Train Iter:[0  /563], CauLoss:[1.6367], AdvLoss:[2.2882]
Train Iter:[140/563], CauLoss:[1.7149], AdvLoss:[3.0872]
Train Iter:[280/563], CauLoss:[1.7103], AdvLoss:[3.6352]
Train Iter:[420/563], CauLoss:[1.6969], AdvLoss:[3.5577]
Train Iter:[560/563], CauLoss:[1.6790], AdvLoss:[3.4569]
--------------------------------------------------------------------------------------------------------------------------------------------------------------------------------------------------------
Epoch:[43/100], CauAdvLoss:[1.6795/3.4560], valid:[92.90], test:[66.20]
--------------------------------------------------------------------------------------------------------------------------------------------------------------------------------------------------------
Train Iter:[0  /563], CauLoss:[1.2749], AdvLoss:[2.6322]
Train Iter:[140/563], CauLoss:[1.6505], AdvLoss:[3.5498]
Train Iter:[280/563], CauLoss:[1.6837], AdvLoss:[3.5452]
Train Iter:[420/563], CauLoss:[1.6797], AdvLoss:[3.5579]
Train Iter:[560/563], CauLoss:[1.6708], AdvLoss:[3.5088]
--------------------------------------------------------------------------------------------------------------------------------------------------------------------------------------------------------
Epoch:[44/100], CauAdvLoss:[1.6710/3.5073], valid:[92.77], test:[73.23]
--------------------------------------------------------------------------------------------------------------------------------------------------------------------------------------------------------
Train Iter:[0  /563], CauLoss:[1.2030], AdvLoss:[2.2450]
Train Iter:[140/563], CauLoss:[1.6766], AdvLoss:[2.9844]
Train Iter:[280/563], CauLoss:[1.6819], AdvLoss:[3.0301]
Train Iter:[420/563], CauLoss:[1.6717], AdvLoss:[3.1540]
Train Iter:[560/563], CauLoss:[1.6648], AdvLoss:[3.3176]
--------------------------------------------------------------------------------------------------------------------------------------------------------------------------------------------------------
Epoch:[45/100], CauAdvLoss:[1.6643/3.3168], valid:[93.00], test:[62.03]
--------------------------------------------------------------------------------------------------------------------------------------------------------------------------------------------------------
Train Iter:[0  /563], CauLoss:[1.2907], AdvLoss:[2.0241]
Train Iter:[140/563], CauLoss:[1.6976], AdvLoss:[3.3041]
Train Iter:[280/563], CauLoss:[1.6758], AdvLoss:[3.3705]
Train Iter:[420/563], CauLoss:[1.6760], AdvLoss:[3.2585]
Train Iter:[560/563], CauLoss:[1.6797], AdvLoss:[3.0463]
--------------------------------------------------------------------------------------------------------------------------------------------------------------------------------------------------------
Epoch:[46/100], CauAdvLoss:[1.6793/3.0445], valid:[93.03], test:[60.67]
--------------------------------------------------------------------------------------------------------------------------------------------------------------------------------------------------------
Train Iter:[0  /563], CauLoss:[1.6688], AdvLoss:[2.3095]
Train Iter:[140/563], CauLoss:[1.6400], AdvLoss:[2.7749]
Train Iter:[280/563], CauLoss:[1.6694], AdvLoss:[2.8851]
Train Iter:[420/563], CauLoss:[1.6750], AdvLoss:[3.0369]
Train Iter:[560/563], CauLoss:[1.6700], AdvLoss:[3.0261]
--------------------------------------------------------------------------------------------------------------------------------------------------------------------------------------------------------
Epoch:[47/100], CauAdvLoss:[1.6687/3.0291], valid:[93.07], test:[65.53]
--------------------------------------------------------------------------------------------------------------------------------------------------------------------------------------------------------
Train Iter:[0  /563], CauLoss:[2.2746], AdvLoss:[5.3743]
Train Iter:[140/563], CauLoss:[1.6822], AdvLoss:[3.0702]
Train Iter:[280/563], CauLoss:[1.6914], AdvLoss:[3.1538]
Train Iter:[420/563], CauLoss:[1.6862], AdvLoss:[3.1432]
Train Iter:[560/563], CauLoss:[1.6692], AdvLoss:[3.2342]
--------------------------------------------------------------------------------------------------------------------------------------------------------------------------------------------------------
Epoch:[48/100], CauAdvLoss:[1.6691/3.2382], valid:[93.07], test:[69.93]
--------------------------------------------------------------------------------------------------------------------------------------------------------------------------------------------------------
Train Iter:[0  /563], CauLoss:[1.2894], AdvLoss:[5.3863]
Train Iter:[140/563], CauLoss:[1.6730], AdvLoss:[3.2751]
Train Iter:[280/563], CauLoss:[1.6849], AdvLoss:[3.1322]
Train Iter:[420/563], CauLoss:[1.6749], AdvLoss:[3.1398]
Train Iter:[560/563], CauLoss:[1.6672], AdvLoss:[3.1131]
--------------------------------------------------------------------------------------------------------------------------------------------------------------------------------------------------------
Epoch:[49/100], CauAdvLoss:[1.6682/3.1120], valid:[92.97], test:[60.47]
--------------------------------------------------------------------------------------------------------------------------------------------------------------------------------------------------------
Train Iter:[0  /563], CauLoss:[2.3957], AdvLoss:[1.4606]
Train Iter:[140/563], CauLoss:[1.6654], AdvLoss:[2.8152]
Train Iter:[280/563], CauLoss:[1.6761], AdvLoss:[2.8754]
Train Iter:[420/563], CauLoss:[1.6663], AdvLoss:[2.9762]
Train Iter:[560/563], CauLoss:[1.6654], AdvLoss:[3.0301]
--------------------------------------------------------------------------------------------------------------------------------------------------------------------------------------------------------
Epoch:[50/100], CauAdvLoss:[1.6649/3.0390], valid:[93.13], test:[62.50]
--------------------------------------------------------------------------------------------------------------------------------------------------------------------------------------------------------
Train Iter:[0  /563], CauLoss:[1.3778], AdvLoss:[3.5535]
Train Iter:[140/563], CauLoss:[1.6180], AdvLoss:[3.5726]
Train Iter:[280/563], CauLoss:[1.6630], AdvLoss:[3.4700]
Train Iter:[420/563], CauLoss:[1.6519], AdvLoss:[3.4348]
Train Iter:[560/563], CauLoss:[1.6647], AdvLoss:[3.4441]
--------------------------------------------------------------------------------------------------------------------------------------------------------------------------------------------------------
Epoch:[51/100], CauAdvLoss:[1.6645/3.4449], valid:[92.17], test:[69.17]
--------------------------------------------------------------------------------------------------------------------------------------------------------------------------------------------------------
Train Iter:[0  /563], CauLoss:[1.6253], AdvLoss:[2.4761]
Train Iter:[140/563], CauLoss:[1.6677], AdvLoss:[3.3311]
Train Iter:[280/563], CauLoss:[1.6496], AdvLoss:[3.1756]
Train Iter:[420/563], CauLoss:[1.6653], AdvLoss:[3.0775]
Train Iter:[560/563], CauLoss:[1.6603], AdvLoss:[3.1239]
--------------------------------------------------------------------------------------------------------------------------------------------------------------------------------------------------------
Epoch:[52/100], CauAdvLoss:[1.6602/3.1287], valid:[93.03], test:[67.63]
--------------------------------------------------------------------------------------------------------------------------------------------------------------------------------------------------------
Train Iter:[0  /563], CauLoss:[1.9091], AdvLoss:[3.9090]
Train Iter:[140/563], CauLoss:[1.6748], AdvLoss:[3.0886]
Train Iter:[280/563], CauLoss:[1.6738], AdvLoss:[3.1577]
Train Iter:[420/563], CauLoss:[1.6664], AdvLoss:[3.2444]
Train Iter:[560/563], CauLoss:[1.6616], AdvLoss:[3.2776]
--------------------------------------------------------------------------------------------------------------------------------------------------------------------------------------------------------
Epoch:[53/100], CauAdvLoss:[1.6616/3.2756], valid:[50.17], test:[63.00]
--------------------------------------------------------------------------------------------------------------------------------------------------------------------------------------------------------
Train Iter:[0  /563], CauLoss:[1.3952], AdvLoss:[3.5636]
Train Iter:[140/563], CauLoss:[1.6588], AdvLoss:[3.5377]
Train Iter:[280/563], CauLoss:[1.6665], AdvLoss:[3.5365]
Train Iter:[420/563], CauLoss:[1.6712], AdvLoss:[3.3907]
Train Iter:[560/563], CauLoss:[1.6594], AdvLoss:[3.2989]
--------------------------------------------------------------------------------------------------------------------------------------------------------------------------------------------------------
Epoch:[54/100], CauAdvLoss:[1.6610/3.2949], valid:[87.87], test:[65.37]
--------------------------------------------------------------------------------------------------------------------------------------------------------------------------------------------------------
Train Iter:[0  /563], CauLoss:[1.7307], AdvLoss:[3.5303]
Train Iter:[140/563], CauLoss:[1.6386], AdvLoss:[2.8755]
Train Iter:[280/563], CauLoss:[1.6588], AdvLoss:[3.1040]
Train Iter:[420/563], CauLoss:[1.6668], AdvLoss:[3.0872]
Train Iter:[560/563], CauLoss:[1.6583], AdvLoss:[3.2300]
--------------------------------------------------------------------------------------------------------------------------------------------------------------------------------------------------------
Epoch:[55/100], CauAdvLoss:[1.6589/3.2328], valid:[93.00], test:[64.80]
--------------------------------------------------------------------------------------------------------------------------------------------------------------------------------------------------------
Train Iter:[0  /563], CauLoss:[1.3575], AdvLoss:[3.3005]
Train Iter:[140/563], CauLoss:[1.6352], AdvLoss:[3.7815]
Train Iter:[280/563], CauLoss:[1.6537], AdvLoss:[3.6485]
Train Iter:[420/563], CauLoss:[1.6529], AdvLoss:[3.4420]
Train Iter:[560/563], CauLoss:[1.6559], AdvLoss:[3.4771]
--------------------------------------------------------------------------------------------------------------------------------------------------------------------------------------------------------
Epoch:[56/100], CauAdvLoss:[1.6550/3.4782], valid:[92.93], test:[73.33]
--------------------------------------------------------------------------------------------------------------------------------------------------------------------------------------------------------
Train Iter:[0  /563], CauLoss:[1.3483], AdvLoss:[3.5589]
Train Iter:[140/563], CauLoss:[1.6597], AdvLoss:[3.9871]
Train Iter:[280/563], CauLoss:[1.6622], AdvLoss:[3.9155]
Train Iter:[420/563], CauLoss:[1.6554], AdvLoss:[3.7696]
Train Iter:[560/563], CauLoss:[1.6605], AdvLoss:[3.6467]
--------------------------------------------------------------------------------------------------------------------------------------------------------------------------------------------------------
Epoch:[57/100], CauAdvLoss:[1.6601/3.6468], valid:[92.97], test:[68.47]
--------------------------------------------------------------------------------------------------------------------------------------------------------------------------------------------------------
Train Iter:[0  /563], CauLoss:[1.5583], AdvLoss:[4.3626]
Train Iter:[140/563], CauLoss:[1.6664], AdvLoss:[3.9309]
Train Iter:[280/563], CauLoss:[1.6715], AdvLoss:[3.9726]
Train Iter:[420/563], CauLoss:[1.6639], AdvLoss:[3.9124]
Train Iter:[560/563], CauLoss:[1.6581], AdvLoss:[3.8350]
--------------------------------------------------------------------------------------------------------------------------------------------------------------------------------------------------------
Epoch:[58/100], CauAdvLoss:[1.6569/3.8368], valid:[64.90], test:[73.57]
--------------------------------------------------------------------------------------------------------------------------------------------------------------------------------------------------------
Train Iter:[0  /563], CauLoss:[1.4967], AdvLoss:[4.8489]
Train Iter:[140/563], CauLoss:[1.6405], AdvLoss:[4.2829]
Train Iter:[280/563], CauLoss:[1.6492], AdvLoss:[4.0102]
Train Iter:[420/563], CauLoss:[1.6495], AdvLoss:[3.8648]
Train Iter:[560/563], CauLoss:[1.6588], AdvLoss:[3.7568]
--------------------------------------------------------------------------------------------------------------------------------------------------------------------------------------------------------
Epoch:[59/100], CauAdvLoss:[1.6593/3.7610], valid:[85.43], test:[71.40]
--------------------------------------------------------------------------------------------------------------------------------------------------------------------------------------------------------
Train Iter:[0  /563], CauLoss:[1.3146], AdvLoss:[4.9328]
Train Iter:[140/563], CauLoss:[1.6508], AdvLoss:[3.6116]
Train Iter:[280/563], CauLoss:[1.6417], AdvLoss:[3.4609]
Train Iter:[420/563], CauLoss:[1.6528], AdvLoss:[3.4037]
Train Iter:[560/563], CauLoss:[1.6546], AdvLoss:[3.4825]
--------------------------------------------------------------------------------------------------------------------------------------------------------------------------------------------------------
Epoch:[60/100], CauAdvLoss:[1.6536/3.4836], valid:[93.00], test:[74.90]
--------------------------------------------------------------------------------------------------------------------------------------------------------------------------------------------------------
Train Iter:[0  /563], CauLoss:[1.2047], AdvLoss:[5.6384]
Train Iter:[140/563], CauLoss:[1.6604], AdvLoss:[3.9232]
Train Iter:[280/563], CauLoss:[1.6556], AdvLoss:[3.9115]
Train Iter:[420/563], CauLoss:[1.6425], AdvLoss:[3.9394]
Train Iter:[560/563], CauLoss:[1.6540], AdvLoss:[3.8649]
--------------------------------------------------------------------------------------------------------------------------------------------------------------------------------------------------------
Epoch:[61/100], CauAdvLoss:[1.6539/3.8616], valid:[93.07], test:[64.57]
--------------------------------------------------------------------------------------------------------------------------------------------------------------------------------------------------------
Train Iter:[0  /563], CauLoss:[1.9688], AdvLoss:[2.7170]
Train Iter:[140/563], CauLoss:[1.6381], AdvLoss:[3.5014]
Train Iter:[280/563], CauLoss:[1.6498], AdvLoss:[3.4662]
Train Iter:[420/563], CauLoss:[1.6334], AdvLoss:[3.6897]
Train Iter:[560/563], CauLoss:[1.6494], AdvLoss:[3.7844]
--------------------------------------------------------------------------------------------------------------------------------------------------------------------------------------------------------
Epoch:[62/100], CauAdvLoss:[1.6484/3.7868], valid:[93.10], test:[68.03]
--------------------------------------------------------------------------------------------------------------------------------------------------------------------------------------------------------
Train Iter:[0  /563], CauLoss:[1.3631], AdvLoss:[3.6203]
Train Iter:[140/563], CauLoss:[1.6263], AdvLoss:[3.7667]
Train Iter:[280/563], CauLoss:[1.6435], AdvLoss:[3.8133]
Train Iter:[420/563], CauLoss:[1.6504], AdvLoss:[3.8302]
Train Iter:[560/563], CauLoss:[1.6501], AdvLoss:[3.8059]
--------------------------------------------------------------------------------------------------------------------------------------------------------------------------------------------------------
Epoch:[63/100], CauAdvLoss:[1.6504/3.8025], valid:[69.87], test:[75.13]
--------------------------------------------------------------------------------------------------------------------------------------------------------------------------------------------------------
Train Iter:[0  /563], CauLoss:[1.3808], AdvLoss:[2.3956]
Train Iter:[140/563], CauLoss:[1.6530], AdvLoss:[3.5477]
Train Iter:[280/563], CauLoss:[1.6433], AdvLoss:[3.6983]
Train Iter:[420/563], CauLoss:[1.6435], AdvLoss:[3.9226]
Train Iter:[560/563], CauLoss:[1.6547], AdvLoss:[3.9788]
--------------------------------------------------------------------------------------------------------------------------------------------------------------------------------------------------------
Epoch:[64/100], CauAdvLoss:[1.6544/3.9785], valid:[93.07], test:[63.90]
--------------------------------------------------------------------------------------------------------------------------------------------------------------------------------------------------------
Train Iter:[0  /563], CauLoss:[1.2061], AdvLoss:[2.8561]
Train Iter:[140/563], CauLoss:[1.6075], AdvLoss:[3.7633]
Train Iter:[280/563], CauLoss:[1.6370], AdvLoss:[3.9200]
Train Iter:[420/563], CauLoss:[1.6507], AdvLoss:[3.9652]
Train Iter:[560/563], CauLoss:[1.6504], AdvLoss:[4.0577]
--------------------------------------------------------------------------------------------------------------------------------------------------------------------------------------------------------
Epoch:[65/100], CauAdvLoss:[1.6497/4.0627], valid:[92.37], test:[75.90]
--------------------------------------------------------------------------------------------------------------------------------------------------------------------------------------------------------
Train Iter:[0  /563], CauLoss:[2.0553], AdvLoss:[3.9074]
Train Iter:[140/563], CauLoss:[1.6736], AdvLoss:[4.4267]
Train Iter:[280/563], CauLoss:[1.6684], AdvLoss:[4.4011]
Train Iter:[420/563], CauLoss:[1.6566], AdvLoss:[4.2357]
Train Iter:[560/563], CauLoss:[1.6565], AdvLoss:[4.2799]
--------------------------------------------------------------------------------------------------------------------------------------------------------------------------------------------------------
Epoch:[66/100], CauAdvLoss:[1.6563/4.2811], valid:[93.03], test:[63.60]
--------------------------------------------------------------------------------------------------------------------------------------------------------------------------------------------------------
Train Iter:[0  /563], CauLoss:[2.8193], AdvLoss:[3.9698]
Train Iter:[140/563], CauLoss:[1.6437], AdvLoss:[4.3025]
Train Iter:[280/563], CauLoss:[1.6575], AdvLoss:[4.1602]
Train Iter:[420/563], CauLoss:[1.6426], AdvLoss:[4.2322]
Train Iter:[560/563], CauLoss:[1.6457], AdvLoss:[4.1377]
--------------------------------------------------------------------------------------------------------------------------------------------------------------------------------------------------------
Epoch:[67/100], CauAdvLoss:[1.6470/4.1361], valid:[93.00], test:[71.83]
--------------------------------------------------------------------------------------------------------------------------------------------------------------------------------------------------------
Train Iter:[0  /563], CauLoss:[1.5299], AdvLoss:[4.9569]
Train Iter:[140/563], CauLoss:[1.6745], AdvLoss:[3.7916]
Train Iter:[280/563], CauLoss:[1.6564], AdvLoss:[3.6696]
Train Iter:[420/563], CauLoss:[1.6609], AdvLoss:[3.7136]
Train Iter:[560/563], CauLoss:[1.6518], AdvLoss:[3.7357]
--------------------------------------------------------------------------------------------------------------------------------------------------------------------------------------------------------
Epoch:[68/100], CauAdvLoss:[1.6510/3.7349], valid:[93.00], test:[65.27]
--------------------------------------------------------------------------------------------------------------------------------------------------------------------------------------------------------
Train Iter:[0  /563], CauLoss:[1.3885], AdvLoss:[4.0316]
Train Iter:[140/563], CauLoss:[1.6559], AdvLoss:[3.3212]
Train Iter:[280/563], CauLoss:[1.6637], AdvLoss:[3.5763]
Train Iter:[420/563], CauLoss:[1.6433], AdvLoss:[3.5809]
Train Iter:[560/563], CauLoss:[1.6431], AdvLoss:[3.6172]
--------------------------------------------------------------------------------------------------------------------------------------------------------------------------------------------------------
Epoch:[69/100], CauAdvLoss:[1.6426/3.6135], valid:[92.33], test:[70.80]
--------------------------------------------------------------------------------------------------------------------------------------------------------------------------------------------------------
Train Iter:[0  /563], CauLoss:[1.7491], AdvLoss:[4.2886]
Train Iter:[140/563], CauLoss:[1.6626], AdvLoss:[3.8677]
Train Iter:[280/563], CauLoss:[1.6401], AdvLoss:[3.8752]
Train Iter:[420/563], CauLoss:[1.6460], AdvLoss:[3.8436]
Train Iter:[560/563], CauLoss:[1.6506], AdvLoss:[3.8562]
--------------------------------------------------------------------------------------------------------------------------------------------------------------------------------------------------------
Epoch:[70/100], CauAdvLoss:[1.6514/3.8545], valid:[92.97], test:[68.77]
--------------------------------------------------------------------------------------------------------------------------------------------------------------------------------------------------------
Train Iter:[0  /563], CauLoss:[1.6665], AdvLoss:[3.5701]
Train Iter:[140/563], CauLoss:[1.6688], AdvLoss:[3.6237]
Train Iter:[280/563], CauLoss:[1.6339], AdvLoss:[3.7062]
Train Iter:[420/563], CauLoss:[1.6451], AdvLoss:[3.7354]
Train Iter:[560/563], CauLoss:[1.6517], AdvLoss:[3.7009]
--------------------------------------------------------------------------------------------------------------------------------------------------------------------------------------------------------
Epoch:[71/100], CauAdvLoss:[1.6514/3.7028], valid:[92.97], test:[69.93]
--------------------------------------------------------------------------------------------------------------------------------------------------------------------------------------------------------
Train Iter:[0  /563], CauLoss:[1.4621], AdvLoss:[4.9156]
Train Iter:[140/563], CauLoss:[1.6676], AdvLoss:[3.8887]
Train Iter:[280/563], CauLoss:[1.6595], AdvLoss:[3.8723]
Train Iter:[420/563], CauLoss:[1.6566], AdvLoss:[3.8530]
Train Iter:[560/563], CauLoss:[1.6454], AdvLoss:[4.0191]
--------------------------------------------------------------------------------------------------------------------------------------------------------------------------------------------------------
Epoch:[72/100], CauAdvLoss:[1.6449/4.0201], valid:[93.07], test:[72.07]
--------------------------------------------------------------------------------------------------------------------------------------------------------------------------------------------------------
Train Iter:[0  /563], CauLoss:[1.5524], AdvLoss:[6.5019]
Train Iter:[140/563], CauLoss:[1.6384], AdvLoss:[4.2071]
Train Iter:[280/563], CauLoss:[1.6491], AdvLoss:[4.2394]
Train Iter:[420/563], CauLoss:[1.6480], AdvLoss:[4.2183]
Train Iter:[560/563], CauLoss:[1.6464], AdvLoss:[4.2308]
--------------------------------------------------------------------------------------------------------------------------------------------------------------------------------------------------------
Epoch:[73/100], CauAdvLoss:[1.6461/4.2264], valid:[92.60], test:[73.83]
--------------------------------------------------------------------------------------------------------------------------------------------------------------------------------------------------------
Train Iter:[0  /563], CauLoss:[1.3086], AdvLoss:[2.6520]
Train Iter:[140/563], CauLoss:[1.6332], AdvLoss:[4.1027]
Train Iter:[280/563], CauLoss:[1.6513], AdvLoss:[4.0676]
Train Iter:[420/563], CauLoss:[1.6456], AdvLoss:[4.0157]
Train Iter:[560/563], CauLoss:[1.6437], AdvLoss:[4.0119]
--------------------------------------------------------------------------------------------------------------------------------------------------------------------------------------------------------
Epoch:[74/100], CauAdvLoss:[1.6432/4.0138], valid:[92.83], test:[71.90]
--------------------------------------------------------------------------------------------------------------------------------------------------------------------------------------------------------
Train Iter:[0  /563], CauLoss:[1.6107], AdvLoss:[3.5095]
Train Iter:[140/563], CauLoss:[1.6614], AdvLoss:[3.7889]
Train Iter:[280/563], CauLoss:[1.6675], AdvLoss:[3.8918]
Train Iter:[420/563], CauLoss:[1.6434], AdvLoss:[3.9117]
Train Iter:[560/563], CauLoss:[1.6449], AdvLoss:[3.9381]
--------------------------------------------------------------------------------------------------------------------------------------------------------------------------------------------------------
Epoch:[75/100], CauAdvLoss:[1.6451/3.9401], valid:[91.90], test:[77.10]
--------------------------------------------------------------------------------------------------------------------------------------------------------------------------------------------------------
Train Iter:[0  /563], CauLoss:[2.1170], AdvLoss:[4.4165]
Train Iter:[140/563], CauLoss:[1.5989], AdvLoss:[4.1267]
Train Iter:[280/563], CauLoss:[1.6309], AdvLoss:[4.0719]
Train Iter:[420/563], CauLoss:[1.6436], AdvLoss:[4.1067]
Train Iter:[560/563], CauLoss:[1.6401], AdvLoss:[4.0772]
--------------------------------------------------------------------------------------------------------------------------------------------------------------------------------------------------------
Epoch:[76/100], CauAdvLoss:[1.6396/4.0752], valid:[93.00], test:[73.43]
--------------------------------------------------------------------------------------------------------------------------------------------------------------------------------------------------------
Train Iter:[0  /563], CauLoss:[1.8916], AdvLoss:[2.8561]
Train Iter:[140/563], CauLoss:[1.6116], AdvLoss:[3.9803]
Train Iter:[280/563], CauLoss:[1.6162], AdvLoss:[3.8407]
Train Iter:[420/563], CauLoss:[1.6406], AdvLoss:[3.8118]
Train Iter:[560/563], CauLoss:[1.6407], AdvLoss:[3.8435]
--------------------------------------------------------------------------------------------------------------------------------------------------------------------------------------------------------
Epoch:[77/100], CauAdvLoss:[1.6395/3.8426], valid:[92.67], test:[75.83]
--------------------------------------------------------------------------------------------------------------------------------------------------------------------------------------------------------
Train Iter:[0  /563], CauLoss:[1.2170], AdvLoss:[3.2607]
Train Iter:[140/563], CauLoss:[1.6787], AdvLoss:[3.8498]
Train Iter:[280/563], CauLoss:[1.6425], AdvLoss:[3.9575]
Train Iter:[420/563], CauLoss:[1.6448], AdvLoss:[4.0467]
Train Iter:[560/563], CauLoss:[1.6424], AdvLoss:[4.0862]
--------------------------------------------------------------------------------------------------------------------------------------------------------------------------------------------------------
Epoch:[78/100], CauAdvLoss:[1.6428/4.0904], valid:[93.00], test:[75.77]
--------------------------------------------------------------------------------------------------------------------------------------------------------------------------------------------------------
Train Iter:[0  /563], CauLoss:[1.9407], AdvLoss:[3.6415]
Train Iter:[140/563], CauLoss:[1.6637], AdvLoss:[3.9370]
Train Iter:[280/563], CauLoss:[1.6440], AdvLoss:[3.8642]
Train Iter:[420/563], CauLoss:[1.6430], AdvLoss:[3.8769]
Train Iter:[560/563], CauLoss:[1.6440], AdvLoss:[3.9106]
--------------------------------------------------------------------------------------------------------------------------------------------------------------------------------------------------------
Epoch:[79/100], CauAdvLoss:[1.6440/3.9106], valid:[92.70], test:[74.27]
--------------------------------------------------------------------------------------------------------------------------------------------------------------------------------------------------------
Train Iter:[0  /563], CauLoss:[1.5394], AdvLoss:[3.8974]
Train Iter:[140/563], CauLoss:[1.6313], AdvLoss:[3.9109]
Train Iter:[280/563], CauLoss:[1.6281], AdvLoss:[3.9709]
Train Iter:[420/563], CauLoss:[1.6389], AdvLoss:[4.0572]
Train Iter:[560/563], CauLoss:[1.6387], AdvLoss:[4.0456]
--------------------------------------------------------------------------------------------------------------------------------------------------------------------------------------------------------
Epoch:[80/100], CauAdvLoss:[1.6386/4.0456], valid:[87.50], test:[78.43]
--------------------------------------------------------------------------------------------------------------------------------------------------------------------------------------------------------
Train Iter:[0  /563], CauLoss:[1.5906], AdvLoss:[5.2766]
Train Iter:[140/563], CauLoss:[1.6265], AdvLoss:[4.0142]
Train Iter:[280/563], CauLoss:[1.6194], AdvLoss:[4.0638]
Train Iter:[420/563], CauLoss:[1.6335], AdvLoss:[4.1491]
Train Iter:[560/563], CauLoss:[1.6381], AdvLoss:[4.1288]
--------------------------------------------------------------------------------------------------------------------------------------------------------------------------------------------------------
Epoch:[81/100], CauAdvLoss:[1.6383/4.1305], valid:[92.33], test:[73.50]
--------------------------------------------------------------------------------------------------------------------------------------------------------------------------------------------------------
Train Iter:[0  /563], CauLoss:[2.0105], AdvLoss:[4.0079]
Train Iter:[140/563], CauLoss:[1.6674], AdvLoss:[4.1399]
Train Iter:[280/563], CauLoss:[1.6350], AdvLoss:[4.1443]
Train Iter:[420/563], CauLoss:[1.6365], AdvLoss:[4.1514]
Train Iter:[560/563], CauLoss:[1.6365], AdvLoss:[4.1557]
--------------------------------------------------------------------------------------------------------------------------------------------------------------------------------------------------------
Epoch:[82/100], CauAdvLoss:[1.6388/4.1597], valid:[93.07], test:[74.67]
--------------------------------------------------------------------------------------------------------------------------------------------------------------------------------------------------------
Train Iter:[0  /563], CauLoss:[1.3742], AdvLoss:[4.8408]
Train Iter:[140/563], CauLoss:[1.6377], AdvLoss:[4.2209]
Train Iter:[280/563], CauLoss:[1.6276], AdvLoss:[4.1966]
Train Iter:[420/563], CauLoss:[1.6346], AdvLoss:[4.2143]
Train Iter:[560/563], CauLoss:[1.6375], AdvLoss:[4.2066]
--------------------------------------------------------------------------------------------------------------------------------------------------------------------------------------------------------
Epoch:[83/100], CauAdvLoss:[1.6372/4.2061], valid:[92.77], test:[72.23]
--------------------------------------------------------------------------------------------------------------------------------------------------------------------------------------------------------
Train Iter:[0  /563], CauLoss:[1.8101], AdvLoss:[2.8492]
Train Iter:[140/563], CauLoss:[1.6256], AdvLoss:[4.2143]
Train Iter:[280/563], CauLoss:[1.6402], AdvLoss:[4.0982]
Train Iter:[420/563], CauLoss:[1.6256], AdvLoss:[4.0821]
Train Iter:[560/563], CauLoss:[1.6367], AdvLoss:[4.1030]
--------------------------------------------------------------------------------------------------------------------------------------------------------------------------------------------------------
Epoch:[84/100], CauAdvLoss:[1.6385/4.1033], valid:[92.77], test:[72.90]
--------------------------------------------------------------------------------------------------------------------------------------------------------------------------------------------------------
Train Iter:[0  /563], CauLoss:[1.6543], AdvLoss:[4.0713]
Train Iter:[140/563], CauLoss:[1.6500], AdvLoss:[4.0109]
Train Iter:[280/563], CauLoss:[1.6478], AdvLoss:[4.0214]
Train Iter:[420/563], CauLoss:[1.6287], AdvLoss:[3.9735]
Train Iter:[560/563], CauLoss:[1.6370], AdvLoss:[3.9726]
--------------------------------------------------------------------------------------------------------------------------------------------------------------------------------------------------------
Epoch:[85/100], CauAdvLoss:[1.6374/3.9734], valid:[85.30], test:[76.27]
--------------------------------------------------------------------------------------------------------------------------------------------------------------------------------------------------------
Train Iter:[0  /563], CauLoss:[1.8734], AdvLoss:[4.4782]
Train Iter:[140/563], CauLoss:[1.6625], AdvLoss:[3.9128]
Train Iter:[280/563], CauLoss:[1.6498], AdvLoss:[3.8877]
Train Iter:[420/563], CauLoss:[1.6406], AdvLoss:[3.9197]
Train Iter:[560/563], CauLoss:[1.6393], AdvLoss:[3.9621]
--------------------------------------------------------------------------------------------------------------------------------------------------------------------------------------------------------
Epoch:[86/100], CauAdvLoss:[1.6383/3.9625], valid:[92.93], test:[73.43]
--------------------------------------------------------------------------------------------------------------------------------------------------------------------------------------------------------
Train Iter:[0  /563], CauLoss:[2.1430], AdvLoss:[5.2524]
Train Iter:[140/563], CauLoss:[1.6646], AdvLoss:[3.9527]
Train Iter:[280/563], CauLoss:[1.6763], AdvLoss:[3.9822]
Train Iter:[420/563], CauLoss:[1.6523], AdvLoss:[4.0159]
Train Iter:[560/563], CauLoss:[1.6421], AdvLoss:[4.0692]
--------------------------------------------------------------------------------------------------------------------------------------------------------------------------------------------------------
Epoch:[87/100], CauAdvLoss:[1.6419/4.0659], valid:[91.87], test:[73.50]
--------------------------------------------------------------------------------------------------------------------------------------------------------------------------------------------------------
Train Iter:[0  /563], CauLoss:[1.7739], AdvLoss:[2.9465]
Train Iter:[140/563], CauLoss:[1.6113], AdvLoss:[4.4158]
Train Iter:[280/563], CauLoss:[1.6434], AdvLoss:[4.3276]
Train Iter:[420/563], CauLoss:[1.6365], AdvLoss:[4.2825]
Train Iter:[560/563], CauLoss:[1.6385], AdvLoss:[4.2466]
--------------------------------------------------------------------------------------------------------------------------------------------------------------------------------------------------------
Epoch:[88/100], CauAdvLoss:[1.6392/4.2505], valid:[92.97], test:[74.10]
--------------------------------------------------------------------------------------------------------------------------------------------------------------------------------------------------------
Train Iter:[0  /563], CauLoss:[1.6265], AdvLoss:[4.9325]
Train Iter:[140/563], CauLoss:[1.6237], AdvLoss:[3.9513]
Train Iter:[280/563], CauLoss:[1.6287], AdvLoss:[4.0905]
Train Iter:[420/563], CauLoss:[1.6287], AdvLoss:[4.1463]
Train Iter:[560/563], CauLoss:[1.6341], AdvLoss:[4.1722]
--------------------------------------------------------------------------------------------------------------------------------------------------------------------------------------------------------
Epoch:[89/100], CauAdvLoss:[1.6342/4.1730], valid:[92.30], test:[76.77]
--------------------------------------------------------------------------------------------------------------------------------------------------------------------------------------------------------
Train Iter:[0  /563], CauLoss:[1.7529], AdvLoss:[3.9971]
Train Iter:[140/563], CauLoss:[1.6718], AdvLoss:[4.1761]
Train Iter:[280/563], CauLoss:[1.6403], AdvLoss:[4.1147]
Train Iter:[420/563], CauLoss:[1.6376], AdvLoss:[4.1717]
Train Iter:[560/563], CauLoss:[1.6326], AdvLoss:[4.0993]
--------------------------------------------------------------------------------------------------------------------------------------------------------------------------------------------------------
Epoch:[90/100], CauAdvLoss:[1.6341/4.1005], valid:[92.37], test:[73.47]
--------------------------------------------------------------------------------------------------------------------------------------------------------------------------------------------------------
Train Iter:[0  /563], CauLoss:[1.6785], AdvLoss:[4.5221]
Train Iter:[140/563], CauLoss:[1.5886], AdvLoss:[4.3037]
Train Iter:[280/563], CauLoss:[1.6129], AdvLoss:[4.1981]
Train Iter:[420/563], CauLoss:[1.6256], AdvLoss:[4.1797]
Train Iter:[560/563], CauLoss:[1.6306], AdvLoss:[4.1109]
--------------------------------------------------------------------------------------------------------------------------------------------------------------------------------------------------------
Epoch:[91/100], CauAdvLoss:[1.6319/4.1077], valid:[92.93], test:[74.77]
--------------------------------------------------------------------------------------------------------------------------------------------------------------------------------------------------------
Train Iter:[0  /563], CauLoss:[1.6019], AdvLoss:[2.7512]
Train Iter:[140/563], CauLoss:[1.6584], AdvLoss:[4.1122]
Train Iter:[280/563], CauLoss:[1.6308], AdvLoss:[4.0593]
Train Iter:[420/563], CauLoss:[1.6280], AdvLoss:[4.1417]
Train Iter:[560/563], CauLoss:[1.6338], AdvLoss:[4.0868]
--------------------------------------------------------------------------------------------------------------------------------------------------------------------------------------------------------
Epoch:[92/100], CauAdvLoss:[1.6332/4.0902], valid:[92.97], test:[73.83]
--------------------------------------------------------------------------------------------------------------------------------------------------------------------------------------------------------
Train Iter:[0  /563], CauLoss:[1.7818], AdvLoss:[3.0578]
Train Iter:[140/563], CauLoss:[1.6347], AdvLoss:[4.1210]
Train Iter:[280/563], CauLoss:[1.6284], AdvLoss:[4.0401]
Train Iter:[420/563], CauLoss:[1.6295], AdvLoss:[4.0382]
Train Iter:[560/563], CauLoss:[1.6323], AdvLoss:[4.0759]
--------------------------------------------------------------------------------------------------------------------------------------------------------------------------------------------------------
Epoch:[93/100], CauAdvLoss:[1.6314/4.0787], valid:[88.47], test:[79.57]
--------------------------------------------------------------------------------------------------------------------------------------------------------------------------------------------------------
Train Iter:[0  /563], CauLoss:[1.4076], AdvLoss:[4.4641]
Train Iter:[140/563], CauLoss:[1.5768], AdvLoss:[4.3388]
Train Iter:[280/563], CauLoss:[1.5998], AdvLoss:[4.1824]
Train Iter:[420/563], CauLoss:[1.6202], AdvLoss:[4.1207]
Train Iter:[560/563], CauLoss:[1.6305], AdvLoss:[4.0623]
--------------------------------------------------------------------------------------------------------------------------------------------------------------------------------------------------------
Epoch:[94/100], CauAdvLoss:[1.6313/4.0641], valid:[92.93], test:[73.80]
--------------------------------------------------------------------------------------------------------------------------------------------------------------------------------------------------------
Train Iter:[0  /563], CauLoss:[1.3043], AdvLoss:[4.3045]
Train Iter:[140/563], CauLoss:[1.6817], AdvLoss:[3.9912]
Train Iter:[280/563], CauLoss:[1.6413], AdvLoss:[3.9792]
Train Iter:[420/563], CauLoss:[1.6330], AdvLoss:[4.0580]
Train Iter:[560/563], CauLoss:[1.6240], AdvLoss:[4.0295]
--------------------------------------------------------------------------------------------------------------------------------------------------------------------------------------------------------
Epoch:[95/100], CauAdvLoss:[1.6245/4.0283], valid:[92.27], test:[73.10]
--------------------------------------------------------------------------------------------------------------------------------------------------------------------------------------------------------
Train Iter:[0  /563], CauLoss:[1.4061], AdvLoss:[3.3352]
Train Iter:[140/563], CauLoss:[1.5766], AdvLoss:[4.2788]
Train Iter:[280/563], CauLoss:[1.5972], AdvLoss:[4.2100]
Train Iter:[420/563], CauLoss:[1.6049], AdvLoss:[4.0821]
Train Iter:[560/563], CauLoss:[1.6321], AdvLoss:[4.0734]
--------------------------------------------------------------------------------------------------------------------------------------------------------------------------------------------------------
Epoch:[96/100], CauAdvLoss:[1.6318/4.0807], valid:[92.37], test:[75.57]
--------------------------------------------------------------------------------------------------------------------------------------------------------------------------------------------------------
Train Iter:[0  /563], CauLoss:[1.1998], AdvLoss:[3.9535]
Train Iter:[140/563], CauLoss:[1.5943], AdvLoss:[4.0601]
Train Iter:[280/563], CauLoss:[1.6284], AdvLoss:[4.1106]
Train Iter:[420/563], CauLoss:[1.6226], AdvLoss:[4.1530]
Train Iter:[560/563], CauLoss:[1.6330], AdvLoss:[4.0587]
--------------------------------------------------------------------------------------------------------------------------------------------------------------------------------------------------------
Epoch:[97/100], CauAdvLoss:[1.6318/4.0584], valid:[92.50], test:[73.97]
--------------------------------------------------------------------------------------------------------------------------------------------------------------------------------------------------------
Train Iter:[0  /563], CauLoss:[1.9194], AdvLoss:[3.9309]
Train Iter:[140/563], CauLoss:[1.6628], AdvLoss:[4.2208]
Train Iter:[280/563], CauLoss:[1.6324], AdvLoss:[4.1126]
Train Iter:[420/563], CauLoss:[1.6326], AdvLoss:[4.1174]
Train Iter:[560/563], CauLoss:[1.6377], AdvLoss:[4.0797]
--------------------------------------------------------------------------------------------------------------------------------------------------------------------------------------------------------
Epoch:[98/100], CauAdvLoss:[1.6371/4.0792], valid:[91.97], test:[74.00]
--------------------------------------------------------------------------------------------------------------------------------------------------------------------------------------------------------
Train Iter:[0  /563], CauLoss:[1.4140], AdvLoss:[4.5049]
Train Iter:[140/563], CauLoss:[1.6631], AdvLoss:[4.1317]
Train Iter:[280/563], CauLoss:[1.6226], AdvLoss:[4.1077]
Train Iter:[420/563], CauLoss:[1.6354], AdvLoss:[3.9968]
Train Iter:[560/563], CauLoss:[1.6323], AdvLoss:[4.0617]
--------------------------------------------------------------------------------------------------------------------------------------------------------------------------------------------------------
Epoch:[99/100], CauAdvLoss:[1.6316/4.0672], valid:[93.00], test:[75.63]
--------------------------------------------------------------------------------------------------------------------------------------------------------------------------------------------------------
Train Iter:[0  /563], CauLoss:[1.5848], AdvLoss:[5.5301]
Train Iter:[140/563], CauLoss:[1.6187], AdvLoss:[4.1840]
Train Iter:[280/563], CauLoss:[1.6175], AdvLoss:[4.0836]
Train Iter:[420/563], CauLoss:[1.6306], AdvLoss:[4.1246]
Train Iter:[560/563], CauLoss:[1.6314], AdvLoss:[4.0691]
--------------------------------------------------------------------------------------------------------------------------------------------------------------------------------------------------------
Epoch:[100/100], CauAdvLoss:[1.6316/4.0671], valid:[92.70], test:[77.30]
--------------------------------------------------------------------------------------------------------------------------------------------------------------------------------------------------------
Update test:[72.07] at epoch:[72] | Total time:00:27:37
Train Iter:[0  /563], CauLoss:[3.3881], AdvLoss:[0.5632]
Train Iter:[140/563], CauLoss:[2.7531], AdvLoss:[0.6352]
Train Iter:[280/563], CauLoss:[2.5021], AdvLoss:[0.8434]
Train Iter:[420/563], CauLoss:[2.3712], AdvLoss:[1.0023]
Train Iter:[560/563], CauLoss:[2.2909], AdvLoss:[1.0462]
--------------------------------------------------------------------------------------------------------------------------------------------------------------------------------------------------------
Epoch:[1/100], CauAdvLoss:[2.2915/1.0485], valid:[44.30], test:[58.07]
--------------------------------------------------------------------------------------------------------------------------------------------------------------------------------------------------------
Train Iter:[0  /563], CauLoss:[1.7286], AdvLoss:[1.0357]
Train Iter:[140/563], CauLoss:[2.0197], AdvLoss:[1.3641]
Train Iter:[280/563], CauLoss:[1.9944], AdvLoss:[1.4318]
Train Iter:[420/563], CauLoss:[1.9872], AdvLoss:[1.4642]
Train Iter:[560/563], CauLoss:[1.9874], AdvLoss:[1.5650]
--------------------------------------------------------------------------------------------------------------------------------------------------------------------------------------------------------
Epoch:[2/100], CauAdvLoss:[1.9918/1.5647], valid:[64.07], test:[64.93]
--------------------------------------------------------------------------------------------------------------------------------------------------------------------------------------------------------
Train Iter:[0  /563], CauLoss:[1.7278], AdvLoss:[1.9264]
Train Iter:[140/563], CauLoss:[1.9791], AdvLoss:[1.9250]
Train Iter:[280/563], CauLoss:[1.9657], AdvLoss:[1.6729]
Train Iter:[420/563], CauLoss:[1.9284], AdvLoss:[1.7555]
Train Iter:[560/563], CauLoss:[1.9308], AdvLoss:[1.6709]
--------------------------------------------------------------------------------------------------------------------------------------------------------------------------------------------------------
Epoch:[3/100], CauAdvLoss:[1.9297/1.6674], valid:[92.93], test:[53.10]
--------------------------------------------------------------------------------------------------------------------------------------------------------------------------------------------------------
Train Iter:[0  /563], CauLoss:[2.3772], AdvLoss:[1.8841]
Train Iter:[140/563], CauLoss:[1.9286], AdvLoss:[1.5653]
Train Iter:[280/563], CauLoss:[1.8992], AdvLoss:[1.5317]
Train Iter:[420/563], CauLoss:[1.8958], AdvLoss:[1.4936]
Train Iter:[560/563], CauLoss:[1.8896], AdvLoss:[1.6763]
--------------------------------------------------------------------------------------------------------------------------------------------------------------------------------------------------------
Epoch:[4/100], CauAdvLoss:[1.8891/1.6830], valid:[84.70], test:[58.23]
--------------------------------------------------------------------------------------------------------------------------------------------------------------------------------------------------------
Train Iter:[0  /563], CauLoss:[1.4913], AdvLoss:[4.6984]
Train Iter:[140/563], CauLoss:[1.8700], AdvLoss:[2.3647]
Train Iter:[280/563], CauLoss:[1.8843], AdvLoss:[2.2959]
Train Iter:[420/563], CauLoss:[1.8817], AdvLoss:[2.2057]
Train Iter:[560/563], CauLoss:[1.8676], AdvLoss:[2.1616]
--------------------------------------------------------------------------------------------------------------------------------------------------------------------------------------------------------
Epoch:[5/100], CauAdvLoss:[1.8690/2.1681], valid:[55.13], test:[49.23]
--------------------------------------------------------------------------------------------------------------------------------------------------------------------------------------------------------
Train Iter:[0  /563], CauLoss:[2.4180], AdvLoss:[2.1462]
Train Iter:[140/563], CauLoss:[1.8376], AdvLoss:[2.0957]
Train Iter:[280/563], CauLoss:[1.8253], AdvLoss:[2.1202]
Train Iter:[420/563], CauLoss:[1.8348], AdvLoss:[2.1174]
Train Iter:[560/563], CauLoss:[1.8365], AdvLoss:[2.1951]
--------------------------------------------------------------------------------------------------------------------------------------------------------------------------------------------------------
Epoch:[6/100], CauAdvLoss:[1.8371/2.1938], valid:[49.87], test:[48.00]
--------------------------------------------------------------------------------------------------------------------------------------------------------------------------------------------------------
Train Iter:[0  /563], CauLoss:[2.3111], AdvLoss:[2.5303]
Train Iter:[140/563], CauLoss:[1.8458], AdvLoss:[2.5896]
Train Iter:[280/563], CauLoss:[1.8488], AdvLoss:[2.2416]
Train Iter:[420/563], CauLoss:[1.8345], AdvLoss:[2.1937]
Train Iter:[560/563], CauLoss:[1.8198], AdvLoss:[2.2490]
--------------------------------------------------------------------------------------------------------------------------------------------------------------------------------------------------------
Epoch:[7/100], CauAdvLoss:[1.8190/2.2548], valid:[92.90], test:[59.10]
--------------------------------------------------------------------------------------------------------------------------------------------------------------------------------------------------------
Train Iter:[0  /563], CauLoss:[2.3914], AdvLoss:[4.1762]
Train Iter:[140/563], CauLoss:[1.7783], AdvLoss:[2.6468]
Train Iter:[280/563], CauLoss:[1.7673], AdvLoss:[2.6181]
Train Iter:[420/563], CauLoss:[1.7919], AdvLoss:[2.6573]
Train Iter:[560/563], CauLoss:[1.7967], AdvLoss:[2.5661]
--------------------------------------------------------------------------------------------------------------------------------------------------------------------------------------------------------
Epoch:[8/100], CauAdvLoss:[1.7982/2.5687], valid:[52.43], test:[47.73]
--------------------------------------------------------------------------------------------------------------------------------------------------------------------------------------------------------
Train Iter:[0  /563], CauLoss:[1.8277], AdvLoss:[3.0090]
Train Iter:[140/563], CauLoss:[1.7666], AdvLoss:[2.9300]
Train Iter:[280/563], CauLoss:[1.7980], AdvLoss:[2.8016]
Train Iter:[420/563], CauLoss:[1.7998], AdvLoss:[2.6678]
Train Iter:[560/563], CauLoss:[1.7976], AdvLoss:[2.5911]
--------------------------------------------------------------------------------------------------------------------------------------------------------------------------------------------------------
Epoch:[9/100], CauAdvLoss:[1.7956/2.5925], valid:[49.87], test:[46.93]
--------------------------------------------------------------------------------------------------------------------------------------------------------------------------------------------------------
Train Iter:[0  /563], CauLoss:[2.0101], AdvLoss:[3.6611]
Train Iter:[140/563], CauLoss:[1.7708], AdvLoss:[2.2293]
Train Iter:[280/563], CauLoss:[1.7807], AdvLoss:[2.5874]
Train Iter:[420/563], CauLoss:[1.7824], AdvLoss:[2.6658]
Train Iter:[560/563], CauLoss:[1.7809], AdvLoss:[2.7005]
--------------------------------------------------------------------------------------------------------------------------------------------------------------------------------------------------------
Epoch:[10/100], CauAdvLoss:[1.7802/2.6985], valid:[52.47], test:[55.50]
--------------------------------------------------------------------------------------------------------------------------------------------------------------------------------------------------------
Train Iter:[0  /563], CauLoss:[1.9085], AdvLoss:[2.3436]
Train Iter:[140/563], CauLoss:[1.7786], AdvLoss:[2.7261]
Train Iter:[280/563], CauLoss:[1.8024], AdvLoss:[2.1212]
Train Iter:[420/563], CauLoss:[1.7799], AdvLoss:[2.0749]
Train Iter:[560/563], CauLoss:[1.7695], AdvLoss:[2.2500]
--------------------------------------------------------------------------------------------------------------------------------------------------------------------------------------------------------
Epoch:[11/100], CauAdvLoss:[1.7682/2.2468], valid:[50.03], test:[61.57]
--------------------------------------------------------------------------------------------------------------------------------------------------------------------------------------------------------
Train Iter:[0  /563], CauLoss:[1.2743], AdvLoss:[3.3381]
Train Iter:[140/563], CauLoss:[1.7156], AdvLoss:[3.5103]
Train Iter:[280/563], CauLoss:[1.7489], AdvLoss:[3.6749]
Train Iter:[420/563], CauLoss:[1.7437], AdvLoss:[3.5059]
Train Iter:[560/563], CauLoss:[1.7527], AdvLoss:[3.2756]
--------------------------------------------------------------------------------------------------------------------------------------------------------------------------------------------------------
Epoch:[12/100], CauAdvLoss:[1.7544/3.2721], valid:[52.67], test:[51.20]
--------------------------------------------------------------------------------------------------------------------------------------------------------------------------------------------------------
Train Iter:[0  /563], CauLoss:[2.1455], AdvLoss:[2.0898]
Train Iter:[140/563], CauLoss:[1.6923], AdvLoss:[2.8579]
Train Iter:[280/563], CauLoss:[1.7303], AdvLoss:[3.0051]
Train Iter:[420/563], CauLoss:[1.7396], AdvLoss:[3.0291]
Train Iter:[560/563], CauLoss:[1.7497], AdvLoss:[2.9919]
--------------------------------------------------------------------------------------------------------------------------------------------------------------------------------------------------------
Epoch:[13/100], CauAdvLoss:[1.7489/2.9895], valid:[47.00], test:[56.33]
--------------------------------------------------------------------------------------------------------------------------------------------------------------------------------------------------------
Train Iter:[0  /563], CauLoss:[2.2860], AdvLoss:[2.4016]
Train Iter:[140/563], CauLoss:[1.7803], AdvLoss:[3.8400]
Train Iter:[280/563], CauLoss:[1.7541], AdvLoss:[3.2941]
Train Iter:[420/563], CauLoss:[1.7522], AdvLoss:[3.1697]
Train Iter:[560/563], CauLoss:[1.7462], AdvLoss:[3.1199]
--------------------------------------------------------------------------------------------------------------------------------------------------------------------------------------------------------
Epoch:[14/100], CauAdvLoss:[1.7462/3.1183], valid:[46.70], test:[55.90]
--------------------------------------------------------------------------------------------------------------------------------------------------------------------------------------------------------
Train Iter:[0  /563], CauLoss:[2.3151], AdvLoss:[4.5141]
Train Iter:[140/563], CauLoss:[1.7635], AdvLoss:[2.7366]
Train Iter:[280/563], CauLoss:[1.7584], AdvLoss:[2.7142]
Train Iter:[420/563], CauLoss:[1.7484], AdvLoss:[2.8157]
Train Iter:[560/563], CauLoss:[1.7409], AdvLoss:[2.8748]
--------------------------------------------------------------------------------------------------------------------------------------------------------------------------------------------------------
Epoch:[15/100], CauAdvLoss:[1.7408/2.8760], valid:[44.43], test:[59.47]
--------------------------------------------------------------------------------------------------------------------------------------------------------------------------------------------------------
Train Iter:[0  /563], CauLoss:[1.6150], AdvLoss:[3.3920]
Train Iter:[140/563], CauLoss:[1.7235], AdvLoss:[3.3791]
Train Iter:[280/563], CauLoss:[1.7160], AdvLoss:[3.3943]
Train Iter:[420/563], CauLoss:[1.7322], AdvLoss:[3.2825]
Train Iter:[560/563], CauLoss:[1.7374], AdvLoss:[3.1081]
--------------------------------------------------------------------------------------------------------------------------------------------------------------------------------------------------------
Epoch:[16/100], CauAdvLoss:[1.7370/3.0997], valid:[33.57], test:[33.90]
--------------------------------------------------------------------------------------------------------------------------------------------------------------------------------------------------------
Train Iter:[0  /563], CauLoss:[1.7020], AdvLoss:[0.9835]
Train Iter:[140/563], CauLoss:[1.7106], AdvLoss:[3.1937]
Train Iter:[280/563], CauLoss:[1.7200], AdvLoss:[3.2720]
Train Iter:[420/563], CauLoss:[1.7239], AdvLoss:[3.3525]
Train Iter:[560/563], CauLoss:[1.7287], AdvLoss:[3.2682]
--------------------------------------------------------------------------------------------------------------------------------------------------------------------------------------------------------
Epoch:[17/100], CauAdvLoss:[1.7286/3.2674], valid:[47.27], test:[57.07]
--------------------------------------------------------------------------------------------------------------------------------------------------------------------------------------------------------
Train Iter:[0  /563], CauLoss:[1.3099], AdvLoss:[2.1372]
Train Iter:[140/563], CauLoss:[1.7653], AdvLoss:[3.1966]
Train Iter:[280/563], CauLoss:[1.7574], AdvLoss:[3.2200]
Train Iter:[420/563], CauLoss:[1.7432], AdvLoss:[3.1528]
Train Iter:[560/563], CauLoss:[1.7249], AdvLoss:[3.2390]
--------------------------------------------------------------------------------------------------------------------------------------------------------------------------------------------------------
Epoch:[18/100], CauAdvLoss:[1.7251/3.2392], valid:[82.63], test:[62.90]
--------------------------------------------------------------------------------------------------------------------------------------------------------------------------------------------------------
Train Iter:[0  /563], CauLoss:[1.9730], AdvLoss:[2.5232]
Train Iter:[140/563], CauLoss:[1.7343], AdvLoss:[3.0903]
Train Iter:[280/563], CauLoss:[1.7081], AdvLoss:[2.9070]
Train Iter:[420/563], CauLoss:[1.7206], AdvLoss:[2.5232]
Train Iter:[560/563], CauLoss:[1.7299], AdvLoss:[2.5054]
--------------------------------------------------------------------------------------------------------------------------------------------------------------------------------------------------------
Epoch:[19/100], CauAdvLoss:[1.7302/2.5061], valid:[52.43], test:[58.93]
--------------------------------------------------------------------------------------------------------------------------------------------------------------------------------------------------------
Train Iter:[0  /563], CauLoss:[1.9239], AdvLoss:[2.9170]
Train Iter:[140/563], CauLoss:[1.7491], AdvLoss:[2.7172]
Train Iter:[280/563], CauLoss:[1.7187], AdvLoss:[2.8641]
Train Iter:[420/563], CauLoss:[1.7194], AdvLoss:[2.8942]
Train Iter:[560/563], CauLoss:[1.7153], AdvLoss:[2.7940]
--------------------------------------------------------------------------------------------------------------------------------------------------------------------------------------------------------
Epoch:[20/100], CauAdvLoss:[1.7153/2.7895], valid:[51.87], test:[55.80]
--------------------------------------------------------------------------------------------------------------------------------------------------------------------------------------------------------
Train Iter:[0  /563], CauLoss:[1.8112], AdvLoss:[1.6596]
Train Iter:[140/563], CauLoss:[1.7442], AdvLoss:[2.0147]
Train Iter:[280/563], CauLoss:[1.7304], AdvLoss:[1.9993]
Train Iter:[420/563], CauLoss:[1.7142], AdvLoss:[2.3486]
Train Iter:[560/563], CauLoss:[1.7118], AdvLoss:[2.5500]
--------------------------------------------------------------------------------------------------------------------------------------------------------------------------------------------------------
Epoch:[21/100], CauAdvLoss:[1.7123/2.5526], valid:[63.83], test:[59.70]
--------------------------------------------------------------------------------------------------------------------------------------------------------------------------------------------------------
Train Iter:[0  /563], CauLoss:[1.1812], AdvLoss:[4.2738]
Train Iter:[140/563], CauLoss:[1.6628], AdvLoss:[3.8388]
Train Iter:[280/563], CauLoss:[1.6858], AdvLoss:[3.4817]
Train Iter:[420/563], CauLoss:[1.7101], AdvLoss:[3.0077]
Train Iter:[560/563], CauLoss:[1.7082], AdvLoss:[2.9770]
--------------------------------------------------------------------------------------------------------------------------------------------------------------------------------------------------------
Epoch:[22/100], CauAdvLoss:[1.7084/2.9784], valid:[90.83], test:[53.97]
--------------------------------------------------------------------------------------------------------------------------------------------------------------------------------------------------------
Train Iter:[0  /563], CauLoss:[2.2745], AdvLoss:[3.9599]
Train Iter:[140/563], CauLoss:[1.6965], AdvLoss:[2.5861]
Train Iter:[280/563], CauLoss:[1.6914], AdvLoss:[2.7493]
Train Iter:[420/563], CauLoss:[1.7056], AdvLoss:[2.8796]
Train Iter:[560/563], CauLoss:[1.7106], AdvLoss:[3.0487]
--------------------------------------------------------------------------------------------------------------------------------------------------------------------------------------------------------
Epoch:[23/100], CauAdvLoss:[1.7115/3.0462], valid:[76.03], test:[60.43]
--------------------------------------------------------------------------------------------------------------------------------------------------------------------------------------------------------
Train Iter:[0  /563], CauLoss:[2.0144], AdvLoss:[4.2207]
Train Iter:[140/563], CauLoss:[1.6931], AdvLoss:[2.3020]
Train Iter:[280/563], CauLoss:[1.7102], AdvLoss:[2.2195]
Train Iter:[420/563], CauLoss:[1.7109], AdvLoss:[2.4390]
Train Iter:[560/563], CauLoss:[1.7102], AdvLoss:[2.5344]
--------------------------------------------------------------------------------------------------------------------------------------------------------------------------------------------------------
Epoch:[24/100], CauAdvLoss:[1.7100/2.5342], valid:[93.03], test:[57.67]
--------------------------------------------------------------------------------------------------------------------------------------------------------------------------------------------------------
Train Iter:[0  /563], CauLoss:[1.8265], AdvLoss:[1.9061]
Train Iter:[140/563], CauLoss:[1.6932], AdvLoss:[2.6749]
Train Iter:[280/563], CauLoss:[1.6789], AdvLoss:[2.6545]
Train Iter:[420/563], CauLoss:[1.6880], AdvLoss:[2.5481]
Train Iter:[560/563], CauLoss:[1.7028], AdvLoss:[2.5576]
--------------------------------------------------------------------------------------------------------------------------------------------------------------------------------------------------------
Epoch:[25/100], CauAdvLoss:[1.7034/2.5568], valid:[54.60], test:[66.93]
--------------------------------------------------------------------------------------------------------------------------------------------------------------------------------------------------------
Train Iter:[0  /563], CauLoss:[1.6997], AdvLoss:[2.4331]
Train Iter:[140/563], CauLoss:[1.7186], AdvLoss:[2.4102]
Train Iter:[280/563], CauLoss:[1.7120], AdvLoss:[2.6863]
Train Iter:[420/563], CauLoss:[1.7035], AdvLoss:[2.9686]
Train Iter:[560/563], CauLoss:[1.6956], AdvLoss:[2.8771]
--------------------------------------------------------------------------------------------------------------------------------------------------------------------------------------------------------
Epoch:[26/100], CauAdvLoss:[1.6970/2.8739], valid:[64.23], test:[57.20]
--------------------------------------------------------------------------------------------------------------------------------------------------------------------------------------------------------
Train Iter:[0  /563], CauLoss:[1.1464], AdvLoss:[2.2235]
Train Iter:[140/563], CauLoss:[1.6924], AdvLoss:[2.8769]
Train Iter:[280/563], CauLoss:[1.7086], AdvLoss:[2.9858]
Train Iter:[420/563], CauLoss:[1.7156], AdvLoss:[2.8193]
Train Iter:[560/563], CauLoss:[1.7026], AdvLoss:[2.8219]
--------------------------------------------------------------------------------------------------------------------------------------------------------------------------------------------------------
Epoch:[27/100], CauAdvLoss:[1.7018/2.8201], valid:[92.93], test:[64.30]
--------------------------------------------------------------------------------------------------------------------------------------------------------------------------------------------------------
Train Iter:[0  /563], CauLoss:[1.6385], AdvLoss:[2.3517]
Train Iter:[140/563], CauLoss:[1.6504], AdvLoss:[3.3197]
Train Iter:[280/563], CauLoss:[1.6901], AdvLoss:[3.1418]
Train Iter:[420/563], CauLoss:[1.7026], AdvLoss:[3.1643]
Train Iter:[560/563], CauLoss:[1.7010], AdvLoss:[3.1650]
--------------------------------------------------------------------------------------------------------------------------------------------------------------------------------------------------------
Epoch:[28/100], CauAdvLoss:[1.6998/3.1662], valid:[92.23], test:[75.77]
--------------------------------------------------------------------------------------------------------------------------------------------------------------------------------------------------------
Train Iter:[0  /563], CauLoss:[1.7518], AdvLoss:[2.6532]
Train Iter:[140/563], CauLoss:[1.7098], AdvLoss:[3.0151]
Train Iter:[280/563], CauLoss:[1.6945], AdvLoss:[2.7181]
Train Iter:[420/563], CauLoss:[1.6856], AdvLoss:[2.6129]
Train Iter:[560/563], CauLoss:[1.6966], AdvLoss:[2.7941]
--------------------------------------------------------------------------------------------------------------------------------------------------------------------------------------------------------
Epoch:[29/100], CauAdvLoss:[1.6957/2.7950], valid:[71.93], test:[63.23]
--------------------------------------------------------------------------------------------------------------------------------------------------------------------------------------------------------
Train Iter:[0  /563], CauLoss:[1.2079], AdvLoss:[2.7480]
Train Iter:[140/563], CauLoss:[1.6763], AdvLoss:[3.4953]
Train Iter:[280/563], CauLoss:[1.6853], AdvLoss:[3.2045]
Train Iter:[420/563], CauLoss:[1.6912], AdvLoss:[3.1923]
Train Iter:[560/563], CauLoss:[1.7003], AdvLoss:[3.2701]
--------------------------------------------------------------------------------------------------------------------------------------------------------------------------------------------------------
Epoch:[30/100], CauAdvLoss:[1.6996/3.2694], valid:[64.47], test:[60.77]
--------------------------------------------------------------------------------------------------------------------------------------------------------------------------------------------------------
Train Iter:[0  /563], CauLoss:[1.6912], AdvLoss:[2.4660]
Train Iter:[140/563], CauLoss:[1.6780], AdvLoss:[3.2402]
Train Iter:[280/563], CauLoss:[1.6983], AdvLoss:[3.3850]
Train Iter:[420/563], CauLoss:[1.6869], AdvLoss:[3.2548]
Train Iter:[560/563], CauLoss:[1.6916], AdvLoss:[3.1212]
--------------------------------------------------------------------------------------------------------------------------------------------------------------------------------------------------------
Epoch:[31/100], CauAdvLoss:[1.6914/3.1198], valid:[61.73], test:[75.10]
--------------------------------------------------------------------------------------------------------------------------------------------------------------------------------------------------------
Train Iter:[0  /563], CauLoss:[2.0829], AdvLoss:[3.3066]
Train Iter:[140/563], CauLoss:[1.7085], AdvLoss:[3.0300]
Train Iter:[280/563], CauLoss:[1.7037], AdvLoss:[3.0677]
Train Iter:[420/563], CauLoss:[1.7013], AdvLoss:[3.4115]
Train Iter:[560/563], CauLoss:[1.7000], AdvLoss:[3.6200]
--------------------------------------------------------------------------------------------------------------------------------------------------------------------------------------------------------
Epoch:[32/100], CauAdvLoss:[1.6997/3.6265], valid:[86.47], test:[65.63]
--------------------------------------------------------------------------------------------------------------------------------------------------------------------------------------------------------
Train Iter:[0  /563], CauLoss:[2.0275], AdvLoss:[3.6273]
Train Iter:[140/563], CauLoss:[1.7000], AdvLoss:[3.7211]
Train Iter:[280/563], CauLoss:[1.6741], AdvLoss:[3.8476]
Train Iter:[420/563], CauLoss:[1.6873], AdvLoss:[3.6939]
Train Iter:[560/563], CauLoss:[1.6921], AdvLoss:[3.7013]
--------------------------------------------------------------------------------------------------------------------------------------------------------------------------------------------------------
Epoch:[33/100], CauAdvLoss:[1.6943/3.6964], valid:[60.93], test:[67.30]
--------------------------------------------------------------------------------------------------------------------------------------------------------------------------------------------------------
Train Iter:[0  /563], CauLoss:[1.4099], AdvLoss:[2.0221]
Train Iter:[140/563], CauLoss:[1.6759], AdvLoss:[3.2909]
Train Iter:[280/563], CauLoss:[1.6749], AdvLoss:[3.3367]
Train Iter:[420/563], CauLoss:[1.6782], AdvLoss:[3.5477]
Train Iter:[560/563], CauLoss:[1.6880], AdvLoss:[3.5962]
--------------------------------------------------------------------------------------------------------------------------------------------------------------------------------------------------------
Epoch:[34/100], CauAdvLoss:[1.6895/3.5931], valid:[49.63], test:[70.77]
--------------------------------------------------------------------------------------------------------------------------------------------------------------------------------------------------------
Train Iter:[0  /563], CauLoss:[2.0083], AdvLoss:[2.9989]
Train Iter:[140/563], CauLoss:[1.7105], AdvLoss:[4.0213]
Train Iter:[280/563], CauLoss:[1.6863], AdvLoss:[3.7779]
Train Iter:[420/563], CauLoss:[1.6848], AdvLoss:[3.6117]
Train Iter:[560/563], CauLoss:[1.6837], AdvLoss:[3.5479]
--------------------------------------------------------------------------------------------------------------------------------------------------------------------------------------------------------
Epoch:[35/100], CauAdvLoss:[1.6834/3.5499], valid:[60.63], test:[67.77]
--------------------------------------------------------------------------------------------------------------------------------------------------------------------------------------------------------
Train Iter:[0  /563], CauLoss:[2.3401], AdvLoss:[2.7620]
Train Iter:[140/563], CauLoss:[1.6236], AdvLoss:[3.3513]
Train Iter:[280/563], CauLoss:[1.6509], AdvLoss:[3.6301]
Train Iter:[420/563], CauLoss:[1.6713], AdvLoss:[3.6322]
Train Iter:[560/563], CauLoss:[1.6810], AdvLoss:[3.6349]
--------------------------------------------------------------------------------------------------------------------------------------------------------------------------------------------------------
Epoch:[36/100], CauAdvLoss:[1.6811/3.6341], valid:[92.97], test:[69.97]
--------------------------------------------------------------------------------------------------------------------------------------------------------------------------------------------------------
Train Iter:[0  /563], CauLoss:[1.5240], AdvLoss:[3.0537]
Train Iter:[140/563], CauLoss:[1.6567], AdvLoss:[4.0457]
Train Iter:[280/563], CauLoss:[1.6790], AdvLoss:[4.0699]
Train Iter:[420/563], CauLoss:[1.6786], AdvLoss:[3.8896]
Train Iter:[560/563], CauLoss:[1.6769], AdvLoss:[3.8342]
--------------------------------------------------------------------------------------------------------------------------------------------------------------------------------------------------------
Epoch:[37/100], CauAdvLoss:[1.6766/3.8344], valid:[88.27], test:[70.27]
--------------------------------------------------------------------------------------------------------------------------------------------------------------------------------------------------------
Train Iter:[0  /563], CauLoss:[1.7710], AdvLoss:[3.9507]
Train Iter:[140/563], CauLoss:[1.7030], AdvLoss:[3.1975]
Train Iter:[280/563], CauLoss:[1.7114], AdvLoss:[3.5090]
Train Iter:[420/563], CauLoss:[1.7057], AdvLoss:[3.5258]
Train Iter:[560/563], CauLoss:[1.6929], AdvLoss:[3.4374]
--------------------------------------------------------------------------------------------------------------------------------------------------------------------------------------------------------
Epoch:[38/100], CauAdvLoss:[1.6917/3.4325], valid:[64.60], test:[64.83]
--------------------------------------------------------------------------------------------------------------------------------------------------------------------------------------------------------
Train Iter:[0  /563], CauLoss:[1.4966], AdvLoss:[2.6503]
Train Iter:[140/563], CauLoss:[1.6968], AdvLoss:[3.2579]
Train Iter:[280/563], CauLoss:[1.6817], AdvLoss:[3.0841]
Train Iter:[420/563], CauLoss:[1.6661], AdvLoss:[3.4192]
Train Iter:[560/563], CauLoss:[1.6819], AdvLoss:[3.4233]
--------------------------------------------------------------------------------------------------------------------------------------------------------------------------------------------------------
Epoch:[39/100], CauAdvLoss:[1.6804/3.4284], valid:[57.90], test:[72.77]
--------------------------------------------------------------------------------------------------------------------------------------------------------------------------------------------------------
Train Iter:[0  /563], CauLoss:[1.8671], AdvLoss:[3.5353]
Train Iter:[140/563], CauLoss:[1.6549], AdvLoss:[3.4483]
Train Iter:[280/563], CauLoss:[1.6774], AdvLoss:[3.1644]
Train Iter:[420/563], CauLoss:[1.6662], AdvLoss:[3.0559]
Train Iter:[560/563], CauLoss:[1.6782], AdvLoss:[3.0365]
--------------------------------------------------------------------------------------------------------------------------------------------------------------------------------------------------------
Epoch:[40/100], CauAdvLoss:[1.6773/3.0371], valid:[93.07], test:[59.87]
--------------------------------------------------------------------------------------------------------------------------------------------------------------------------------------------------------
Train Iter:[0  /563], CauLoss:[1.2991], AdvLoss:[3.2008]
Train Iter:[140/563], CauLoss:[1.6685], AdvLoss:[3.1313]
Train Iter:[280/563], CauLoss:[1.6700], AdvLoss:[2.9884]
Train Iter:[420/563], CauLoss:[1.6741], AdvLoss:[3.0256]
Train Iter:[560/563], CauLoss:[1.6805], AdvLoss:[3.1341]
--------------------------------------------------------------------------------------------------------------------------------------------------------------------------------------------------------
Epoch:[41/100], CauAdvLoss:[1.6821/3.1338], valid:[63.83], test:[73.60]
--------------------------------------------------------------------------------------------------------------------------------------------------------------------------------------------------------
Train Iter:[0  /563], CauLoss:[1.7923], AdvLoss:[3.3678]
Train Iter:[140/563], CauLoss:[1.6785], AdvLoss:[3.7071]
Train Iter:[280/563], CauLoss:[1.6768], AdvLoss:[3.7508]
Train Iter:[420/563], CauLoss:[1.6735], AdvLoss:[3.8561]
Train Iter:[560/563], CauLoss:[1.6738], AdvLoss:[3.8925]
--------------------------------------------------------------------------------------------------------------------------------------------------------------------------------------------------------
Epoch:[42/100], CauAdvLoss:[1.6736/3.8946], valid:[91.97], test:[70.47]
--------------------------------------------------------------------------------------------------------------------------------------------------------------------------------------------------------
Train Iter:[0  /563], CauLoss:[1.7134], AdvLoss:[3.3681]
Train Iter:[140/563], CauLoss:[1.6825], AdvLoss:[3.6310]
Train Iter:[280/563], CauLoss:[1.6999], AdvLoss:[3.4863]
Train Iter:[420/563], CauLoss:[1.6865], AdvLoss:[3.6295]
Train Iter:[560/563], CauLoss:[1.6767], AdvLoss:[3.8150]
--------------------------------------------------------------------------------------------------------------------------------------------------------------------------------------------------------
Epoch:[43/100], CauAdvLoss:[1.6751/3.8207], valid:[92.97], test:[61.93]
--------------------------------------------------------------------------------------------------------------------------------------------------------------------------------------------------------
Train Iter:[0  /563], CauLoss:[1.3698], AdvLoss:[5.2911]
Train Iter:[140/563], CauLoss:[1.6988], AdvLoss:[4.3670]
Train Iter:[280/563], CauLoss:[1.6778], AdvLoss:[4.3811]
Train Iter:[420/563], CauLoss:[1.6704], AdvLoss:[4.2147]
Train Iter:[560/563], CauLoss:[1.6706], AdvLoss:[4.0628]
--------------------------------------------------------------------------------------------------------------------------------------------------------------------------------------------------------
Epoch:[44/100], CauAdvLoss:[1.6692/4.0674], valid:[55.43], test:[70.40]
--------------------------------------------------------------------------------------------------------------------------------------------------------------------------------------------------------
Train Iter:[0  /563], CauLoss:[1.9244], AdvLoss:[6.4755]
Train Iter:[140/563], CauLoss:[1.6647], AdvLoss:[3.7482]
Train Iter:[280/563], CauLoss:[1.6856], AdvLoss:[3.5466]
Train Iter:[420/563], CauLoss:[1.6706], AdvLoss:[3.5223]
Train Iter:[560/563], CauLoss:[1.6684], AdvLoss:[3.5458]
--------------------------------------------------------------------------------------------------------------------------------------------------------------------------------------------------------
Epoch:[45/100], CauAdvLoss:[1.6692/3.5483], valid:[85.97], test:[72.87]
--------------------------------------------------------------------------------------------------------------------------------------------------------------------------------------------------------
Train Iter:[0  /563], CauLoss:[1.3537], AdvLoss:[3.7537]
Train Iter:[140/563], CauLoss:[1.6724], AdvLoss:[3.5394]
Train Iter:[280/563], CauLoss:[1.6644], AdvLoss:[3.7625]
Train Iter:[420/563], CauLoss:[1.6597], AdvLoss:[4.0556]
Train Iter:[560/563], CauLoss:[1.6681], AdvLoss:[4.0316]
--------------------------------------------------------------------------------------------------------------------------------------------------------------------------------------------------------
Epoch:[46/100], CauAdvLoss:[1.6683/4.0246], valid:[74.30], test:[71.60]
--------------------------------------------------------------------------------------------------------------------------------------------------------------------------------------------------------
Train Iter:[0  /563], CauLoss:[1.7502], AdvLoss:[2.0844]
Train Iter:[140/563], CauLoss:[1.6766], AdvLoss:[3.2543]
Train Iter:[280/563], CauLoss:[1.6886], AdvLoss:[3.2103]
Train Iter:[420/563], CauLoss:[1.6885], AdvLoss:[3.2267]
Train Iter:[560/563], CauLoss:[1.6732], AdvLoss:[3.2573]
--------------------------------------------------------------------------------------------------------------------------------------------------------------------------------------------------------
Epoch:[47/100], CauAdvLoss:[1.6717/3.2572], valid:[93.00], test:[71.13]
--------------------------------------------------------------------------------------------------------------------------------------------------------------------------------------------------------
Train Iter:[0  /563], CauLoss:[1.6745], AdvLoss:[3.5666]
Train Iter:[140/563], CauLoss:[1.7018], AdvLoss:[4.2292]
Train Iter:[280/563], CauLoss:[1.6791], AdvLoss:[3.8168]
Train Iter:[420/563], CauLoss:[1.6714], AdvLoss:[3.7671]
Train Iter:[560/563], CauLoss:[1.6739], AdvLoss:[3.8198]
--------------------------------------------------------------------------------------------------------------------------------------------------------------------------------------------------------
Epoch:[48/100], CauAdvLoss:[1.6729/3.8146], valid:[32.87], test:[34.77]
--------------------------------------------------------------------------------------------------------------------------------------------------------------------------------------------------------
Train Iter:[0  /563], CauLoss:[1.7049], AdvLoss:[2.0922]
Train Iter:[140/563], CauLoss:[1.6593], AdvLoss:[3.5383]
Train Iter:[280/563], CauLoss:[1.6723], AdvLoss:[3.5515]
Train Iter:[420/563], CauLoss:[1.6634], AdvLoss:[3.7116]
Train Iter:[560/563], CauLoss:[1.6676], AdvLoss:[3.7598]
--------------------------------------------------------------------------------------------------------------------------------------------------------------------------------------------------------
Epoch:[49/100], CauAdvLoss:[1.6671/3.7551], valid:[88.47], test:[69.93]
--------------------------------------------------------------------------------------------------------------------------------------------------------------------------------------------------------
Train Iter:[0  /563], CauLoss:[1.5618], AdvLoss:[3.4759]
Train Iter:[140/563], CauLoss:[1.6704], AdvLoss:[4.0541]
Train Iter:[280/563], CauLoss:[1.6428], AdvLoss:[4.1490]
Train Iter:[420/563], CauLoss:[1.6544], AdvLoss:[4.1861]
Train Iter:[560/563], CauLoss:[1.6652], AdvLoss:[4.1634]
--------------------------------------------------------------------------------------------------------------------------------------------------------------------------------------------------------
Epoch:[50/100], CauAdvLoss:[1.6656/4.1605], valid:[58.53], test:[73.70]
--------------------------------------------------------------------------------------------------------------------------------------------------------------------------------------------------------
Train Iter:[0  /563], CauLoss:[1.8376], AdvLoss:[2.2791]
Train Iter:[140/563], CauLoss:[1.6761], AdvLoss:[4.0362]
Train Iter:[280/563], CauLoss:[1.6545], AdvLoss:[3.9900]
Train Iter:[420/563], CauLoss:[1.6717], AdvLoss:[3.9835]
Train Iter:[560/563], CauLoss:[1.6679], AdvLoss:[4.0507]
--------------------------------------------------------------------------------------------------------------------------------------------------------------------------------------------------------
Epoch:[51/100], CauAdvLoss:[1.6681/4.0547], valid:[60.83], test:[76.80]
--------------------------------------------------------------------------------------------------------------------------------------------------------------------------------------------------------
Train Iter:[0  /563], CauLoss:[1.9886], AdvLoss:[4.4609]
Train Iter:[140/563], CauLoss:[1.6599], AdvLoss:[3.7611]
Train Iter:[280/563], CauLoss:[1.6586], AdvLoss:[3.5596]
Train Iter:[420/563], CauLoss:[1.6558], AdvLoss:[3.5768]
Train Iter:[560/563], CauLoss:[1.6638], AdvLoss:[3.6667]
--------------------------------------------------------------------------------------------------------------------------------------------------------------------------------------------------------
Epoch:[52/100], CauAdvLoss:[1.6631/3.6678], valid:[93.03], test:[74.53]
--------------------------------------------------------------------------------------------------------------------------------------------------------------------------------------------------------
Train Iter:[0  /563], CauLoss:[1.8387], AdvLoss:[4.5122]
Train Iter:[140/563], CauLoss:[1.6558], AdvLoss:[3.9406]
Train Iter:[280/563], CauLoss:[1.6503], AdvLoss:[3.9423]
Train Iter:[420/563], CauLoss:[1.6566], AdvLoss:[4.0087]
Train Iter:[560/563], CauLoss:[1.6584], AdvLoss:[4.1365]
--------------------------------------------------------------------------------------------------------------------------------------------------------------------------------------------------------
Epoch:[53/100], CauAdvLoss:[1.6592/4.1390], valid:[84.10], test:[77.37]
--------------------------------------------------------------------------------------------------------------------------------------------------------------------------------------------------------
Train Iter:[0  /563], CauLoss:[1.1853], AdvLoss:[4.2736]
Train Iter:[140/563], CauLoss:[1.6690], AdvLoss:[4.0504]
Train Iter:[280/563], CauLoss:[1.6662], AdvLoss:[4.1742]
Train Iter:[420/563], CauLoss:[1.6684], AdvLoss:[4.2838]
Train Iter:[560/563], CauLoss:[1.6600], AdvLoss:[4.4297]
--------------------------------------------------------------------------------------------------------------------------------------------------------------------------------------------------------
Epoch:[54/100], CauAdvLoss:[1.6602/4.4340], valid:[55.13], test:[73.50]
--------------------------------------------------------------------------------------------------------------------------------------------------------------------------------------------------------
Train Iter:[0  /563], CauLoss:[1.7319], AdvLoss:[3.5665]
Train Iter:[140/563], CauLoss:[1.7142], AdvLoss:[4.4883]
Train Iter:[280/563], CauLoss:[1.6735], AdvLoss:[4.5465]
Train Iter:[420/563], CauLoss:[1.6736], AdvLoss:[4.4507]
Train Iter:[560/563], CauLoss:[1.6669], AdvLoss:[4.4283]
--------------------------------------------------------------------------------------------------------------------------------------------------------------------------------------------------------
Epoch:[55/100], CauAdvLoss:[1.6670/4.4248], valid:[80.77], test:[80.13]
--------------------------------------------------------------------------------------------------------------------------------------------------------------------------------------------------------
Train Iter:[0  /563], CauLoss:[2.3314], AdvLoss:[3.6611]
Train Iter:[140/563], CauLoss:[1.6538], AdvLoss:[4.1855]
Train Iter:[280/563], CauLoss:[1.6519], AdvLoss:[4.3410]
Train Iter:[420/563], CauLoss:[1.6589], AdvLoss:[4.3091]
Train Iter:[560/563], CauLoss:[1.6594], AdvLoss:[4.1623]
--------------------------------------------------------------------------------------------------------------------------------------------------------------------------------------------------------
Epoch:[56/100], CauAdvLoss:[1.6587/4.1606], valid:[70.70], test:[70.63]
--------------------------------------------------------------------------------------------------------------------------------------------------------------------------------------------------------
Train Iter:[0  /563], CauLoss:[1.3577], AdvLoss:[4.4110]
Train Iter:[140/563], CauLoss:[1.6695], AdvLoss:[4.0503]
Train Iter:[280/563], CauLoss:[1.6546], AdvLoss:[3.8708]
Train Iter:[420/563], CauLoss:[1.6549], AdvLoss:[3.8839]
Train Iter:[560/563], CauLoss:[1.6594], AdvLoss:[4.0671]
--------------------------------------------------------------------------------------------------------------------------------------------------------------------------------------------------------
Epoch:[57/100], CauAdvLoss:[1.6609/4.0670], valid:[51.50], test:[82.20]
--------------------------------------------------------------------------------------------------------------------------------------------------------------------------------------------------------
Train Iter:[0  /563], CauLoss:[1.8744], AdvLoss:[4.6723]
Train Iter:[140/563], CauLoss:[1.6348], AdvLoss:[4.3550]
Train Iter:[280/563], CauLoss:[1.6559], AdvLoss:[4.6856]
Train Iter:[420/563], CauLoss:[1.6751], AdvLoss:[4.4925]
Train Iter:[560/563], CauLoss:[1.6627], AdvLoss:[4.6109]
--------------------------------------------------------------------------------------------------------------------------------------------------------------------------------------------------------
Epoch:[58/100], CauAdvLoss:[1.6622/4.6141], valid:[92.60], test:[71.47]
--------------------------------------------------------------------------------------------------------------------------------------------------------------------------------------------------------
Train Iter:[0  /563], CauLoss:[1.5196], AdvLoss:[5.9012]
Train Iter:[140/563], CauLoss:[1.6633], AdvLoss:[4.6269]
Train Iter:[280/563], CauLoss:[1.6610], AdvLoss:[4.4540]
Train Iter:[420/563], CauLoss:[1.6433], AdvLoss:[4.4496]
Train Iter:[560/563], CauLoss:[1.6537], AdvLoss:[4.3927]
--------------------------------------------------------------------------------------------------------------------------------------------------------------------------------------------------------
Epoch:[59/100], CauAdvLoss:[1.6543/4.3966], valid:[93.10], test:[72.80]
--------------------------------------------------------------------------------------------------------------------------------------------------------------------------------------------------------
Train Iter:[0  /563], CauLoss:[1.8676], AdvLoss:[4.1414]
Train Iter:[140/563], CauLoss:[1.6539], AdvLoss:[4.0651]
Train Iter:[280/563], CauLoss:[1.6586], AdvLoss:[4.0832]
Train Iter:[420/563], CauLoss:[1.6499], AdvLoss:[4.3400]
Train Iter:[560/563], CauLoss:[1.6515], AdvLoss:[4.3555]
--------------------------------------------------------------------------------------------------------------------------------------------------------------------------------------------------------
Epoch:[60/100], CauAdvLoss:[1.6513/4.3555], valid:[92.97], test:[76.03]
--------------------------------------------------------------------------------------------------------------------------------------------------------------------------------------------------------
Train Iter:[0  /563], CauLoss:[1.8962], AdvLoss:[5.1378]
Train Iter:[140/563], CauLoss:[1.6068], AdvLoss:[4.2673]
Train Iter:[280/563], CauLoss:[1.6405], AdvLoss:[3.6569]
Train Iter:[420/563], CauLoss:[1.6482], AdvLoss:[3.7498]
Train Iter:[560/563], CauLoss:[1.6559], AdvLoss:[3.9357]
--------------------------------------------------------------------------------------------------------------------------------------------------------------------------------------------------------
Epoch:[61/100], CauAdvLoss:[1.6556/3.9391], valid:[93.07], test:[72.77]
--------------------------------------------------------------------------------------------------------------------------------------------------------------------------------------------------------
Train Iter:[0  /563], CauLoss:[1.8609], AdvLoss:[4.4165]
Train Iter:[140/563], CauLoss:[1.6508], AdvLoss:[4.8594]
Train Iter:[280/563], CauLoss:[1.6538], AdvLoss:[4.6883]
Train Iter:[420/563], CauLoss:[1.6517], AdvLoss:[4.4219]
Train Iter:[560/563], CauLoss:[1.6516], AdvLoss:[4.3461]
--------------------------------------------------------------------------------------------------------------------------------------------------------------------------------------------------------
Epoch:[62/100], CauAdvLoss:[1.6513/4.3444], valid:[88.23], test:[74.47]
--------------------------------------------------------------------------------------------------------------------------------------------------------------------------------------------------------
Train Iter:[0  /563], CauLoss:[1.5729], AdvLoss:[5.1917]
Train Iter:[140/563], CauLoss:[1.6395], AdvLoss:[4.3077]
Train Iter:[280/563], CauLoss:[1.6539], AdvLoss:[4.3411]
Train Iter:[420/563], CauLoss:[1.6374], AdvLoss:[4.4148]
Train Iter:[560/563], CauLoss:[1.6503], AdvLoss:[4.4554]
--------------------------------------------------------------------------------------------------------------------------------------------------------------------------------------------------------
Epoch:[63/100], CauAdvLoss:[1.6507/4.4552], valid:[93.13], test:[73.03]
--------------------------------------------------------------------------------------------------------------------------------------------------------------------------------------------------------
Train Iter:[0  /563], CauLoss:[1.9815], AdvLoss:[5.2721]
Train Iter:[140/563], CauLoss:[1.6599], AdvLoss:[4.5007]
Train Iter:[280/563], CauLoss:[1.6623], AdvLoss:[4.3350]
Train Iter:[420/563], CauLoss:[1.6541], AdvLoss:[4.2365]
Train Iter:[560/563], CauLoss:[1.6474], AdvLoss:[4.2899]
--------------------------------------------------------------------------------------------------------------------------------------------------------------------------------------------------------
Epoch:[64/100], CauAdvLoss:[1.6458/4.2889], valid:[81.97], test:[73.33]
--------------------------------------------------------------------------------------------------------------------------------------------------------------------------------------------------------
Train Iter:[0  /563], CauLoss:[1.4508], AdvLoss:[5.0073]
Train Iter:[140/563], CauLoss:[1.6577], AdvLoss:[4.4265]
Train Iter:[280/563], CauLoss:[1.6480], AdvLoss:[4.2552]
Train Iter:[420/563], CauLoss:[1.6523], AdvLoss:[4.1060]
Train Iter:[560/563], CauLoss:[1.6486], AdvLoss:[4.1242]
--------------------------------------------------------------------------------------------------------------------------------------------------------------------------------------------------------
Epoch:[65/100], CauAdvLoss:[1.6470/4.1279], valid:[90.33], test:[77.53]
--------------------------------------------------------------------------------------------------------------------------------------------------------------------------------------------------------
Train Iter:[0  /563], CauLoss:[2.2465], AdvLoss:[5.3302]
Train Iter:[140/563], CauLoss:[1.6701], AdvLoss:[3.8373]
Train Iter:[280/563], CauLoss:[1.6556], AdvLoss:[3.9972]
Train Iter:[420/563], CauLoss:[1.6550], AdvLoss:[4.0785]
Train Iter:[560/563], CauLoss:[1.6464], AdvLoss:[4.1446]
--------------------------------------------------------------------------------------------------------------------------------------------------------------------------------------------------------
Epoch:[66/100], CauAdvLoss:[1.6459/4.1453], valid:[93.13], test:[69.87]
--------------------------------------------------------------------------------------------------------------------------------------------------------------------------------------------------------
Train Iter:[0  /563], CauLoss:[1.4804], AdvLoss:[3.6715]
Train Iter:[140/563], CauLoss:[1.6329], AdvLoss:[4.3444]
Train Iter:[280/563], CauLoss:[1.6250], AdvLoss:[4.5247]
Train Iter:[420/563], CauLoss:[1.6467], AdvLoss:[4.5317]
Train Iter:[560/563], CauLoss:[1.6458], AdvLoss:[4.6073]
--------------------------------------------------------------------------------------------------------------------------------------------------------------------------------------------------------
Epoch:[67/100], CauAdvLoss:[1.6454/4.6095], valid:[93.13], test:[72.90]
--------------------------------------------------------------------------------------------------------------------------------------------------------------------------------------------------------
Train Iter:[0  /563], CauLoss:[1.1650], AdvLoss:[3.8553]
Train Iter:[140/563], CauLoss:[1.6508], AdvLoss:[5.0136]
Train Iter:[280/563], CauLoss:[1.6350], AdvLoss:[5.1385]
Train Iter:[420/563], CauLoss:[1.6450], AdvLoss:[5.0747]
Train Iter:[560/563], CauLoss:[1.6521], AdvLoss:[4.9530]
--------------------------------------------------------------------------------------------------------------------------------------------------------------------------------------------------------
Epoch:[68/100], CauAdvLoss:[1.6537/4.9554], valid:[93.13], test:[78.63]
--------------------------------------------------------------------------------------------------------------------------------------------------------------------------------------------------------
Train Iter:[0  /563], CauLoss:[1.6127], AdvLoss:[5.5404]
Train Iter:[140/563], CauLoss:[1.6390], AdvLoss:[5.0626]
Train Iter:[280/563], CauLoss:[1.6499], AdvLoss:[4.9844]
Train Iter:[420/563], CauLoss:[1.6567], AdvLoss:[4.9241]
Train Iter:[560/563], CauLoss:[1.6471], AdvLoss:[4.7911]
--------------------------------------------------------------------------------------------------------------------------------------------------------------------------------------------------------
Epoch:[69/100], CauAdvLoss:[1.6477/4.7915], valid:[93.13], test:[71.40]
--------------------------------------------------------------------------------------------------------------------------------------------------------------------------------------------------------
Train Iter:[0  /563], CauLoss:[1.5464], AdvLoss:[5.0370]
Train Iter:[140/563], CauLoss:[1.6391], AdvLoss:[4.9116]
Train Iter:[280/563], CauLoss:[1.6526], AdvLoss:[4.9789]
Train Iter:[420/563], CauLoss:[1.6500], AdvLoss:[5.0233]
Train Iter:[560/563], CauLoss:[1.6473], AdvLoss:[4.9927]
--------------------------------------------------------------------------------------------------------------------------------------------------------------------------------------------------------
Epoch:[70/100], CauAdvLoss:[1.6482/4.9865], valid:[90.37], test:[75.47]
--------------------------------------------------------------------------------------------------------------------------------------------------------------------------------------------------------
Train Iter:[0  /563], CauLoss:[1.9688], AdvLoss:[4.1971]
Train Iter:[140/563], CauLoss:[1.6505], AdvLoss:[4.8387]
Train Iter:[280/563], CauLoss:[1.6588], AdvLoss:[4.8319]
Train Iter:[420/563], CauLoss:[1.6491], AdvLoss:[4.8961]
Train Iter:[560/563], CauLoss:[1.6473], AdvLoss:[5.0095]
--------------------------------------------------------------------------------------------------------------------------------------------------------------------------------------------------------
Epoch:[71/100], CauAdvLoss:[1.6471/5.0123], valid:[93.13], test:[73.30]
--------------------------------------------------------------------------------------------------------------------------------------------------------------------------------------------------------
Train Iter:[0  /563], CauLoss:[1.8228], AdvLoss:[4.9163]
Train Iter:[140/563], CauLoss:[1.6277], AdvLoss:[5.0287]
Train Iter:[280/563], CauLoss:[1.6235], AdvLoss:[4.9728]
Train Iter:[420/563], CauLoss:[1.6379], AdvLoss:[4.9188]
Train Iter:[560/563], CauLoss:[1.6430], AdvLoss:[4.7743]
--------------------------------------------------------------------------------------------------------------------------------------------------------------------------------------------------------
Epoch:[72/100], CauAdvLoss:[1.6427/4.7771], valid:[81.40], test:[74.13]
--------------------------------------------------------------------------------------------------------------------------------------------------------------------------------------------------------
Train Iter:[0  /563], CauLoss:[1.5045], AdvLoss:[5.8322]
Train Iter:[140/563], CauLoss:[1.6403], AdvLoss:[4.9312]
Train Iter:[280/563], CauLoss:[1.6339], AdvLoss:[5.0357]
Train Iter:[420/563], CauLoss:[1.6363], AdvLoss:[5.0617]
Train Iter:[560/563], CauLoss:[1.6462], AdvLoss:[4.9351]
--------------------------------------------------------------------------------------------------------------------------------------------------------------------------------------------------------
Epoch:[73/100], CauAdvLoss:[1.6451/4.9296], valid:[93.13], test:[71.77]
--------------------------------------------------------------------------------------------------------------------------------------------------------------------------------------------------------
Train Iter:[0  /563], CauLoss:[2.0184], AdvLoss:[3.9069]
Train Iter:[140/563], CauLoss:[1.6411], AdvLoss:[4.6774]
Train Iter:[280/563], CauLoss:[1.6362], AdvLoss:[4.8325]
Train Iter:[420/563], CauLoss:[1.6317], AdvLoss:[4.7275]
Train Iter:[560/563], CauLoss:[1.6396], AdvLoss:[4.6810]
--------------------------------------------------------------------------------------------------------------------------------------------------------------------------------------------------------
Epoch:[74/100], CauAdvLoss:[1.6417/4.6832], valid:[93.13], test:[74.03]
--------------------------------------------------------------------------------------------------------------------------------------------------------------------------------------------------------
Train Iter:[0  /563], CauLoss:[2.0218], AdvLoss:[5.1631]
Train Iter:[140/563], CauLoss:[1.6210], AdvLoss:[5.1481]
Train Iter:[280/563], CauLoss:[1.6350], AdvLoss:[5.1155]
Train Iter:[420/563], CauLoss:[1.6392], AdvLoss:[5.0812]
Train Iter:[560/563], CauLoss:[1.6416], AdvLoss:[5.0653]
--------------------------------------------------------------------------------------------------------------------------------------------------------------------------------------------------------
Epoch:[75/100], CauAdvLoss:[1.6433/5.0560], valid:[93.13], test:[73.53]
--------------------------------------------------------------------------------------------------------------------------------------------------------------------------------------------------------
Train Iter:[0  /563], CauLoss:[1.6825], AdvLoss:[3.9517]
Train Iter:[140/563], CauLoss:[1.6501], AdvLoss:[5.3737]
Train Iter:[280/563], CauLoss:[1.6340], AdvLoss:[5.3009]
Train Iter:[420/563], CauLoss:[1.6463], AdvLoss:[5.1499]
Train Iter:[560/563], CauLoss:[1.6460], AdvLoss:[5.1996]
--------------------------------------------------------------------------------------------------------------------------------------------------------------------------------------------------------
Epoch:[76/100], CauAdvLoss:[1.6463/5.1959], valid:[93.03], test:[67.33]
--------------------------------------------------------------------------------------------------------------------------------------------------------------------------------------------------------
Train Iter:[0  /563], CauLoss:[1.4819], AdvLoss:[5.4754]
Train Iter:[140/563], CauLoss:[1.6342], AdvLoss:[5.2983]
Train Iter:[280/563], CauLoss:[1.6453], AdvLoss:[5.1392]
Train Iter:[420/563], CauLoss:[1.6404], AdvLoss:[5.1706]
Train Iter:[560/563], CauLoss:[1.6415], AdvLoss:[5.0994]
--------------------------------------------------------------------------------------------------------------------------------------------------------------------------------------------------------
Epoch:[77/100], CauAdvLoss:[1.6405/5.0977], valid:[93.13], test:[72.37]
--------------------------------------------------------------------------------------------------------------------------------------------------------------------------------------------------------
Train Iter:[0  /563], CauLoss:[1.2070], AdvLoss:[3.8656]
Train Iter:[140/563], CauLoss:[1.6311], AdvLoss:[4.9206]
Train Iter:[280/563], CauLoss:[1.6420], AdvLoss:[5.0317]
Train Iter:[420/563], CauLoss:[1.6432], AdvLoss:[5.0386]
Train Iter:[560/563], CauLoss:[1.6413], AdvLoss:[5.0685]
--------------------------------------------------------------------------------------------------------------------------------------------------------------------------------------------------------
Epoch:[78/100], CauAdvLoss:[1.6413/5.0661], valid:[93.13], test:[74.97]
--------------------------------------------------------------------------------------------------------------------------------------------------------------------------------------------------------
Train Iter:[0  /563], CauLoss:[1.3572], AdvLoss:[4.9848]
Train Iter:[140/563], CauLoss:[1.6374], AdvLoss:[5.2084]
Train Iter:[280/563], CauLoss:[1.6325], AdvLoss:[5.2132]
Train Iter:[420/563], CauLoss:[1.6348], AdvLoss:[5.0979]
Train Iter:[560/563], CauLoss:[1.6367], AdvLoss:[5.0377]
--------------------------------------------------------------------------------------------------------------------------------------------------------------------------------------------------------
Epoch:[79/100], CauAdvLoss:[1.6369/5.0377], valid:[93.13], test:[74.00]
--------------------------------------------------------------------------------------------------------------------------------------------------------------------------------------------------------
Train Iter:[0  /563], CauLoss:[1.8890], AdvLoss:[3.7632]
Train Iter:[140/563], CauLoss:[1.6273], AdvLoss:[5.1512]
Train Iter:[280/563], CauLoss:[1.6311], AdvLoss:[5.0410]
Train Iter:[420/563], CauLoss:[1.6312], AdvLoss:[5.0183]
Train Iter:[560/563], CauLoss:[1.6326], AdvLoss:[5.0743]
--------------------------------------------------------------------------------------------------------------------------------------------------------------------------------------------------------
Epoch:[80/100], CauAdvLoss:[1.6328/5.0719], valid:[93.13], test:[73.57]
--------------------------------------------------------------------------------------------------------------------------------------------------------------------------------------------------------
Train Iter:[0  /563], CauLoss:[1.4794], AdvLoss:[4.5088]
Train Iter:[140/563], CauLoss:[1.6127], AdvLoss:[4.8105]
Train Iter:[280/563], CauLoss:[1.6189], AdvLoss:[5.0595]
Train Iter:[420/563], CauLoss:[1.6296], AdvLoss:[5.0856]
Train Iter:[560/563], CauLoss:[1.6372], AdvLoss:[5.1032]
--------------------------------------------------------------------------------------------------------------------------------------------------------------------------------------------------------
Epoch:[81/100], CauAdvLoss:[1.6378/5.1053], valid:[93.13], test:[75.43]
--------------------------------------------------------------------------------------------------------------------------------------------------------------------------------------------------------
Train Iter:[0  /563], CauLoss:[1.7179], AdvLoss:[4.3297]
Train Iter:[140/563], CauLoss:[1.6330], AdvLoss:[4.8576]
Train Iter:[280/563], CauLoss:[1.6233], AdvLoss:[4.8808]
Train Iter:[420/563], CauLoss:[1.6328], AdvLoss:[4.9479]
Train Iter:[560/563], CauLoss:[1.6356], AdvLoss:[4.9875]
--------------------------------------------------------------------------------------------------------------------------------------------------------------------------------------------------------
Epoch:[82/100], CauAdvLoss:[1.6355/4.9880], valid:[93.13], test:[75.60]
--------------------------------------------------------------------------------------------------------------------------------------------------------------------------------------------------------
Train Iter:[0  /563], CauLoss:[2.2510], AdvLoss:[6.8338]
Train Iter:[140/563], CauLoss:[1.6599], AdvLoss:[5.0226]
Train Iter:[280/563], CauLoss:[1.6338], AdvLoss:[5.0443]
Train Iter:[420/563], CauLoss:[1.6389], AdvLoss:[5.0316]
Train Iter:[560/563], CauLoss:[1.6367], AdvLoss:[5.1242]
--------------------------------------------------------------------------------------------------------------------------------------------------------------------------------------------------------
Epoch:[83/100], CauAdvLoss:[1.6354/5.1208], valid:[93.13], test:[75.37]
--------------------------------------------------------------------------------------------------------------------------------------------------------------------------------------------------------
Train Iter:[0  /563], CauLoss:[1.4972], AdvLoss:[5.9169]
Train Iter:[140/563], CauLoss:[1.6578], AdvLoss:[4.8622]
Train Iter:[280/563], CauLoss:[1.6407], AdvLoss:[5.1087]
Train Iter:[420/563], CauLoss:[1.6385], AdvLoss:[5.1079]
Train Iter:[560/563], CauLoss:[1.6329], AdvLoss:[5.1196]
--------------------------------------------------------------------------------------------------------------------------------------------------------------------------------------------------------
Epoch:[84/100], CauAdvLoss:[1.6341/5.1192], valid:[93.07], test:[71.57]
--------------------------------------------------------------------------------------------------------------------------------------------------------------------------------------------------------
Train Iter:[0  /563], CauLoss:[1.3171], AdvLoss:[5.4685]
Train Iter:[140/563], CauLoss:[1.6576], AdvLoss:[5.1190]
Train Iter:[280/563], CauLoss:[1.6182], AdvLoss:[5.1119]
Train Iter:[420/563], CauLoss:[1.6259], AdvLoss:[5.1544]
Train Iter:[560/563], CauLoss:[1.6334], AdvLoss:[5.2732]
--------------------------------------------------------------------------------------------------------------------------------------------------------------------------------------------------------
Epoch:[85/100], CauAdvLoss:[1.6329/5.2745], valid:[93.13], test:[76.33]
--------------------------------------------------------------------------------------------------------------------------------------------------------------------------------------------------------
Train Iter:[0  /563], CauLoss:[1.7346], AdvLoss:[3.2580]
Train Iter:[140/563], CauLoss:[1.6160], AdvLoss:[5.4311]
Train Iter:[280/563], CauLoss:[1.6181], AdvLoss:[5.4674]
Train Iter:[420/563], CauLoss:[1.6306], AdvLoss:[5.4635]
Train Iter:[560/563], CauLoss:[1.6339], AdvLoss:[5.3950]
--------------------------------------------------------------------------------------------------------------------------------------------------------------------------------------------------------
Epoch:[86/100], CauAdvLoss:[1.6354/5.3998], valid:[92.80], test:[76.93]
--------------------------------------------------------------------------------------------------------------------------------------------------------------------------------------------------------
Train Iter:[0  /563], CauLoss:[1.3731], AdvLoss:[5.3726]
Train Iter:[140/563], CauLoss:[1.6311], AdvLoss:[5.1607]
Train Iter:[280/563], CauLoss:[1.6279], AdvLoss:[5.0682]
Train Iter:[420/563], CauLoss:[1.6237], AdvLoss:[5.0850]
Train Iter:[560/563], CauLoss:[1.6328], AdvLoss:[5.0872]
--------------------------------------------------------------------------------------------------------------------------------------------------------------------------------------------------------
Epoch:[87/100], CauAdvLoss:[1.6326/5.0885], valid:[93.13], test:[73.23]
--------------------------------------------------------------------------------------------------------------------------------------------------------------------------------------------------------
Train Iter:[0  /563], CauLoss:[1.5329], AdvLoss:[5.2365]
Train Iter:[140/563], CauLoss:[1.6213], AdvLoss:[5.1512]
Train Iter:[280/563], CauLoss:[1.6332], AdvLoss:[5.0866]
Train Iter:[420/563], CauLoss:[1.6370], AdvLoss:[5.2200]
Train Iter:[560/563], CauLoss:[1.6288], AdvLoss:[5.1808]
--------------------------------------------------------------------------------------------------------------------------------------------------------------------------------------------------------
Epoch:[88/100], CauAdvLoss:[1.6298/5.1800], valid:[93.10], test:[73.97]
--------------------------------------------------------------------------------------------------------------------------------------------------------------------------------------------------------
Train Iter:[0  /563], CauLoss:[1.9128], AdvLoss:[5.7016]
Train Iter:[140/563], CauLoss:[1.6634], AdvLoss:[5.1804]
Train Iter:[280/563], CauLoss:[1.6457], AdvLoss:[5.1174]
Train Iter:[420/563], CauLoss:[1.6422], AdvLoss:[5.0768]
Train Iter:[560/563], CauLoss:[1.6336], AdvLoss:[5.0374]
--------------------------------------------------------------------------------------------------------------------------------------------------------------------------------------------------------
Epoch:[89/100], CauAdvLoss:[1.6325/5.0354], valid:[93.13], test:[75.40]
--------------------------------------------------------------------------------------------------------------------------------------------------------------------------------------------------------
Train Iter:[0  /563], CauLoss:[2.1972], AdvLoss:[5.6335]
Train Iter:[140/563], CauLoss:[1.6426], AdvLoss:[5.3221]
Train Iter:[280/563], CauLoss:[1.6508], AdvLoss:[5.2278]
Train Iter:[420/563], CauLoss:[1.6457], AdvLoss:[5.1902]
Train Iter:[560/563], CauLoss:[1.6384], AdvLoss:[5.1889]
--------------------------------------------------------------------------------------------------------------------------------------------------------------------------------------------------------
Epoch:[90/100], CauAdvLoss:[1.6378/5.1881], valid:[93.13], test:[76.37]
--------------------------------------------------------------------------------------------------------------------------------------------------------------------------------------------------------
Train Iter:[0  /563], CauLoss:[1.5670], AdvLoss:[6.5654]
Train Iter:[140/563], CauLoss:[1.6748], AdvLoss:[5.2140]
Train Iter:[280/563], CauLoss:[1.6525], AdvLoss:[5.1527]
Train Iter:[420/563], CauLoss:[1.6483], AdvLoss:[5.1838]
Train Iter:[560/563], CauLoss:[1.6354], AdvLoss:[5.1831]
--------------------------------------------------------------------------------------------------------------------------------------------------------------------------------------------------------
Epoch:[91/100], CauAdvLoss:[1.6344/5.1806], valid:[93.13], test:[72.33]
--------------------------------------------------------------------------------------------------------------------------------------------------------------------------------------------------------
Train Iter:[0  /563], CauLoss:[2.4249], AdvLoss:[4.9299]
Train Iter:[140/563], CauLoss:[1.6493], AdvLoss:[5.2643]
Train Iter:[280/563], CauLoss:[1.6533], AdvLoss:[5.2535]
Train Iter:[420/563], CauLoss:[1.6370], AdvLoss:[5.2085]
Train Iter:[560/563], CauLoss:[1.6313], AdvLoss:[5.2063]
--------------------------------------------------------------------------------------------------------------------------------------------------------------------------------------------------------
Epoch:[92/100], CauAdvLoss:[1.6324/5.2048], valid:[93.13], test:[75.00]
--------------------------------------------------------------------------------------------------------------------------------------------------------------------------------------------------------
Train Iter:[0  /563], CauLoss:[1.8499], AdvLoss:[2.9842]
Train Iter:[140/563], CauLoss:[1.5868], AdvLoss:[4.9693]
Train Iter:[280/563], CauLoss:[1.6210], AdvLoss:[5.2343]
Train Iter:[420/563], CauLoss:[1.6212], AdvLoss:[5.2528]
Train Iter:[560/563], CauLoss:[1.6318], AdvLoss:[5.2614]
--------------------------------------------------------------------------------------------------------------------------------------------------------------------------------------------------------
Epoch:[93/100], CauAdvLoss:[1.6315/5.2628], valid:[93.13], test:[74.97]
--------------------------------------------------------------------------------------------------------------------------------------------------------------------------------------------------------
Train Iter:[0  /563], CauLoss:[2.1596], AdvLoss:[6.3527]
Train Iter:[140/563], CauLoss:[1.5938], AdvLoss:[5.0535]
Train Iter:[280/563], CauLoss:[1.6229], AdvLoss:[5.2497]
Train Iter:[420/563], CauLoss:[1.6204], AdvLoss:[5.2447]
Train Iter:[560/563], CauLoss:[1.6333], AdvLoss:[5.2674]
--------------------------------------------------------------------------------------------------------------------------------------------------------------------------------------------------------
Epoch:[94/100], CauAdvLoss:[1.6327/5.2710], valid:[93.13], test:[72.43]
--------------------------------------------------------------------------------------------------------------------------------------------------------------------------------------------------------
Train Iter:[0  /563], CauLoss:[1.6629], AdvLoss:[6.0928]
Train Iter:[140/563], CauLoss:[1.6500], AdvLoss:[5.1721]
Train Iter:[280/563], CauLoss:[1.6345], AdvLoss:[5.1798]
Train Iter:[420/563], CauLoss:[1.6319], AdvLoss:[5.2198]
Train Iter:[560/563], CauLoss:[1.6274], AdvLoss:[5.2368]
--------------------------------------------------------------------------------------------------------------------------------------------------------------------------------------------------------
Epoch:[95/100], CauAdvLoss:[1.6280/5.2354], valid:[93.13], test:[74.03]
--------------------------------------------------------------------------------------------------------------------------------------------------------------------------------------------------------
Train Iter:[0  /563], CauLoss:[1.3254], AdvLoss:[6.5587]
Train Iter:[140/563], CauLoss:[1.6219], AdvLoss:[5.3462]
Train Iter:[280/563], CauLoss:[1.6428], AdvLoss:[5.1993]
Train Iter:[420/563], CauLoss:[1.6305], AdvLoss:[5.2232]
Train Iter:[560/563], CauLoss:[1.6265], AdvLoss:[5.2347]
--------------------------------------------------------------------------------------------------------------------------------------------------------------------------------------------------------
Epoch:[96/100], CauAdvLoss:[1.6284/5.2348], valid:[93.13], test:[73.97]
--------------------------------------------------------------------------------------------------------------------------------------------------------------------------------------------------------
Train Iter:[0  /563], CauLoss:[1.6949], AdvLoss:[3.3030]
Train Iter:[140/563], CauLoss:[1.6463], AdvLoss:[5.1436]
Train Iter:[280/563], CauLoss:[1.6275], AdvLoss:[5.2110]
Train Iter:[420/563], CauLoss:[1.6187], AdvLoss:[5.2636]
Train Iter:[560/563], CauLoss:[1.6283], AdvLoss:[5.2353]
--------------------------------------------------------------------------------------------------------------------------------------------------------------------------------------------------------
Epoch:[97/100], CauAdvLoss:[1.6313/5.2379], valid:[93.13], test:[74.77]
--------------------------------------------------------------------------------------------------------------------------------------------------------------------------------------------------------
Train Iter:[0  /563], CauLoss:[1.2809], AdvLoss:[4.5290]
Train Iter:[140/563], CauLoss:[1.6639], AdvLoss:[5.2363]
Train Iter:[280/563], CauLoss:[1.6299], AdvLoss:[5.2615]
Train Iter:[420/563], CauLoss:[1.6321], AdvLoss:[5.2355]
Train Iter:[560/563], CauLoss:[1.6316], AdvLoss:[5.2531]
--------------------------------------------------------------------------------------------------------------------------------------------------------------------------------------------------------
Epoch:[98/100], CauAdvLoss:[1.6312/5.2509], valid:[93.13], test:[72.77]
--------------------------------------------------------------------------------------------------------------------------------------------------------------------------------------------------------
Train Iter:[0  /563], CauLoss:[1.7781], AdvLoss:[4.8275]
Train Iter:[140/563], CauLoss:[1.6150], AdvLoss:[4.9898]
Train Iter:[280/563], CauLoss:[1.6388], AdvLoss:[5.1760]
Train Iter:[420/563], CauLoss:[1.6436], AdvLoss:[5.1863]
Train Iter:[560/563], CauLoss:[1.6348], AdvLoss:[5.2302]
--------------------------------------------------------------------------------------------------------------------------------------------------------------------------------------------------------
Epoch:[99/100], CauAdvLoss:[1.6356/5.2295], valid:[93.13], test:[74.07]
--------------------------------------------------------------------------------------------------------------------------------------------------------------------------------------------------------
Train Iter:[0  /563], CauLoss:[1.7608], AdvLoss:[4.6622]
Train Iter:[140/563], CauLoss:[1.6310], AdvLoss:[5.1577]
Train Iter:[280/563], CauLoss:[1.6319], AdvLoss:[5.2279]
Train Iter:[420/563], CauLoss:[1.6478], AdvLoss:[5.2193]
Train Iter:[560/563], CauLoss:[1.6359], AdvLoss:[5.2293]
--------------------------------------------------------------------------------------------------------------------------------------------------------------------------------------------------------
Epoch:[100/100], CauAdvLoss:[1.6350/5.2297], valid:[93.13], test:[76.23]
--------------------------------------------------------------------------------------------------------------------------------------------------------------------------------------------------------
Update test:[73.30] at epoch:[71] | Total time:00:27:26
Train Iter:[0  /563], CauLoss:[3.3574], AdvLoss:[0.5078]
Train Iter:[140/563], CauLoss:[2.6726], AdvLoss:[0.4053]
Train Iter:[280/563], CauLoss:[2.4076], AdvLoss:[0.6341]
Train Iter:[420/563], CauLoss:[2.2915], AdvLoss:[0.7317]
Train Iter:[560/563], CauLoss:[2.2226], AdvLoss:[0.8464]
--------------------------------------------------------------------------------------------------------------------------------------------------------------------------------------------------------
Epoch:[1/100], CauAdvLoss:[2.2234/0.8474], valid:[63.27], test:[63.77]
--------------------------------------------------------------------------------------------------------------------------------------------------------------------------------------------------------
Train Iter:[0  /563], CauLoss:[1.8781], AdvLoss:[0.9649]
Train Iter:[140/563], CauLoss:[1.9778], AdvLoss:[1.0858]
Train Iter:[280/563], CauLoss:[2.0032], AdvLoss:[1.1031]
Train Iter:[420/563], CauLoss:[1.9788], AdvLoss:[1.1024]
Train Iter:[560/563], CauLoss:[1.9756], AdvLoss:[1.9601]
--------------------------------------------------------------------------------------------------------------------------------------------------------------------------------------------------------
Epoch:[2/100], CauAdvLoss:[1.9741/1.9818], valid:[93.07], test:[62.20]
--------------------------------------------------------------------------------------------------------------------------------------------------------------------------------------------------------
Train Iter:[0  /563], CauLoss:[2.1255], AdvLoss:[14.0656]
Train Iter:[140/563], CauLoss:[1.9847], AdvLoss:[8.6996]
Train Iter:[280/563], CauLoss:[1.9554], AdvLoss:[7.4083]
Train Iter:[420/563], CauLoss:[1.9376], AdvLoss:[6.7527]
Train Iter:[560/563], CauLoss:[1.9276], AdvLoss:[6.0885]
--------------------------------------------------------------------------------------------------------------------------------------------------------------------------------------------------------
Epoch:[3/100], CauAdvLoss:[1.9275/6.0860], valid:[93.03], test:[49.77]
--------------------------------------------------------------------------------------------------------------------------------------------------------------------------------------------------------
Train Iter:[0  /563], CauLoss:[1.8307], AdvLoss:[6.2582]
Train Iter:[140/563], CauLoss:[1.8881], AdvLoss:[6.3245]
Train Iter:[280/563], CauLoss:[1.8872], AdvLoss:[6.2441]
Train Iter:[420/563], CauLoss:[1.8920], AdvLoss:[5.5709]
Train Iter:[560/563], CauLoss:[1.8879], AdvLoss:[5.2662]
--------------------------------------------------------------------------------------------------------------------------------------------------------------------------------------------------------
Epoch:[4/100], CauAdvLoss:[1.8904/5.2670], valid:[92.90], test:[50.30]
--------------------------------------------------------------------------------------------------------------------------------------------------------------------------------------------------------
Train Iter:[0  /563], CauLoss:[1.7142], AdvLoss:[3.0257]
Train Iter:[140/563], CauLoss:[1.8679], AdvLoss:[2.1588]
Train Iter:[280/563], CauLoss:[1.8727], AdvLoss:[2.8523]
Train Iter:[420/563], CauLoss:[1.8480], AdvLoss:[2.8795]
Train Iter:[560/563], CauLoss:[1.8565], AdvLoss:[2.7439]
--------------------------------------------------------------------------------------------------------------------------------------------------------------------------------------------------------
Epoch:[5/100], CauAdvLoss:[1.8563/2.7496], valid:[92.90], test:[59.83]
--------------------------------------------------------------------------------------------------------------------------------------------------------------------------------------------------------
Train Iter:[0  /563], CauLoss:[2.2648], AdvLoss:[2.6354]
Train Iter:[140/563], CauLoss:[1.8354], AdvLoss:[2.6507]
Train Iter:[280/563], CauLoss:[1.8329], AdvLoss:[2.8445]
Train Iter:[420/563], CauLoss:[1.8329], AdvLoss:[3.2674]
Train Iter:[560/563], CauLoss:[1.8235], AdvLoss:[3.9806]
--------------------------------------------------------------------------------------------------------------------------------------------------------------------------------------------------------
Epoch:[6/100], CauAdvLoss:[1.8233/3.9820], valid:[92.73], test:[52.30]
--------------------------------------------------------------------------------------------------------------------------------------------------------------------------------------------------------
Train Iter:[0  /563], CauLoss:[1.5882], AdvLoss:[4.2771]
Train Iter:[140/563], CauLoss:[1.8343], AdvLoss:[4.9439]
Train Iter:[280/563], CauLoss:[1.8140], AdvLoss:[5.8025]
Train Iter:[420/563], CauLoss:[1.8086], AdvLoss:[5.4592]
Train Iter:[560/563], CauLoss:[1.8253], AdvLoss:[5.2054]
--------------------------------------------------------------------------------------------------------------------------------------------------------------------------------------------------------
Epoch:[7/100], CauAdvLoss:[1.8253/5.1982], valid:[80.00], test:[48.07]
--------------------------------------------------------------------------------------------------------------------------------------------------------------------------------------------------------
Train Iter:[0  /563], CauLoss:[1.2435], AdvLoss:[3.4263]
Train Iter:[140/563], CauLoss:[1.8025], AdvLoss:[4.5398]
Train Iter:[280/563], CauLoss:[1.8127], AdvLoss:[5.0231]
Train Iter:[420/563], CauLoss:[1.8050], AdvLoss:[4.9167]
Train Iter:[560/563], CauLoss:[1.8000], AdvLoss:[4.5118]
--------------------------------------------------------------------------------------------------------------------------------------------------------------------------------------------------------
Epoch:[8/100], CauAdvLoss:[1.8003/4.5095], valid:[75.13], test:[56.37]
--------------------------------------------------------------------------------------------------------------------------------------------------------------------------------------------------------
Train Iter:[0  /563], CauLoss:[1.7800], AdvLoss:[3.8640]
Train Iter:[140/563], CauLoss:[1.7469], AdvLoss:[4.2489]
Train Iter:[280/563], CauLoss:[1.7855], AdvLoss:[5.1357]
Train Iter:[420/563], CauLoss:[1.7908], AdvLoss:[4.6087]
Train Iter:[560/563], CauLoss:[1.7785], AdvLoss:[4.2709]
--------------------------------------------------------------------------------------------------------------------------------------------------------------------------------------------------------
Epoch:[9/100], CauAdvLoss:[1.7811/4.2634], valid:[92.90], test:[61.67]
--------------------------------------------------------------------------------------------------------------------------------------------------------------------------------------------------------
Train Iter:[0  /563], CauLoss:[1.3409], AdvLoss:[1.7135]
Train Iter:[140/563], CauLoss:[1.7775], AdvLoss:[2.8065]
Train Iter:[280/563], CauLoss:[1.7853], AdvLoss:[2.6804]
Train Iter:[420/563], CauLoss:[1.7772], AdvLoss:[2.6894]
Train Iter:[560/563], CauLoss:[1.7673], AdvLoss:[2.7502]
--------------------------------------------------------------------------------------------------------------------------------------------------------------------------------------------------------
Epoch:[10/100], CauAdvLoss:[1.7688/2.7501], valid:[61.33], test:[58.53]
--------------------------------------------------------------------------------------------------------------------------------------------------------------------------------------------------------
Train Iter:[0  /563], CauLoss:[2.2769], AdvLoss:[1.4724]
Train Iter:[140/563], CauLoss:[1.7930], AdvLoss:[3.2501]
Train Iter:[280/563], CauLoss:[1.7532], AdvLoss:[3.6431]
Train Iter:[420/563], CauLoss:[1.7398], AdvLoss:[3.1980]
Train Iter:[560/563], CauLoss:[1.7537], AdvLoss:[3.1678]
--------------------------------------------------------------------------------------------------------------------------------------------------------------------------------------------------------
Epoch:[11/100], CauAdvLoss:[1.7525/3.1660], valid:[53.07], test:[43.30]
--------------------------------------------------------------------------------------------------------------------------------------------------------------------------------------------------------
Train Iter:[0  /563], CauLoss:[2.0936], AdvLoss:[1.6860]
Train Iter:[140/563], CauLoss:[1.7925], AdvLoss:[2.3411]
Train Iter:[280/563], CauLoss:[1.7574], AdvLoss:[3.3935]
Train Iter:[420/563], CauLoss:[1.7461], AdvLoss:[3.2166]
Train Iter:[560/563], CauLoss:[1.7470], AdvLoss:[2.9581]
--------------------------------------------------------------------------------------------------------------------------------------------------------------------------------------------------------
Epoch:[12/100], CauAdvLoss:[1.7464/2.9534], valid:[66.60], test:[50.07]
--------------------------------------------------------------------------------------------------------------------------------------------------------------------------------------------------------
Train Iter:[0  /563], CauLoss:[1.5067], AdvLoss:[1.4955]
Train Iter:[140/563], CauLoss:[1.7751], AdvLoss:[3.5852]
Train Iter:[280/563], CauLoss:[1.7508], AdvLoss:[3.4867]
Train Iter:[420/563], CauLoss:[1.7400], AdvLoss:[3.3422]
Train Iter:[560/563], CauLoss:[1.7395], AdvLoss:[3.2336]
--------------------------------------------------------------------------------------------------------------------------------------------------------------------------------------------------------
Epoch:[13/100], CauAdvLoss:[1.7407/3.2333], valid:[52.77], test:[60.37]
--------------------------------------------------------------------------------------------------------------------------------------------------------------------------------------------------------
Train Iter:[0  /563], CauLoss:[2.0184], AdvLoss:[2.7846]
Train Iter:[140/563], CauLoss:[1.7568], AdvLoss:[2.7856]
Train Iter:[280/563], CauLoss:[1.7520], AdvLoss:[2.7190]
Train Iter:[420/563], CauLoss:[1.7480], AdvLoss:[2.7212]
Train Iter:[560/563], CauLoss:[1.7318], AdvLoss:[2.7308]
--------------------------------------------------------------------------------------------------------------------------------------------------------------------------------------------------------
Epoch:[14/100], CauAdvLoss:[1.7308/2.7308], valid:[93.07], test:[63.57]
--------------------------------------------------------------------------------------------------------------------------------------------------------------------------------------------------------
Train Iter:[0  /563], CauLoss:[1.2397], AdvLoss:[3.2155]
Train Iter:[140/563], CauLoss:[1.7397], AdvLoss:[2.5450]
Train Iter:[280/563], CauLoss:[1.7257], AdvLoss:[2.4132]
Train Iter:[420/563], CauLoss:[1.7222], AdvLoss:[2.4250]
Train Iter:[560/563], CauLoss:[1.7208], AdvLoss:[2.3502]
--------------------------------------------------------------------------------------------------------------------------------------------------------------------------------------------------------
Epoch:[15/100], CauAdvLoss:[1.7201/2.3510], valid:[85.80], test:[56.13]
--------------------------------------------------------------------------------------------------------------------------------------------------------------------------------------------------------
Train Iter:[0  /563], CauLoss:[1.3915], AdvLoss:[3.4474]
Train Iter:[140/563], CauLoss:[1.7391], AdvLoss:[2.5453]
Train Iter:[280/563], CauLoss:[1.7426], AdvLoss:[2.3932]
Train Iter:[420/563], CauLoss:[1.7194], AdvLoss:[2.2680]
Train Iter:[560/563], CauLoss:[1.7180], AdvLoss:[2.2498]
--------------------------------------------------------------------------------------------------------------------------------------------------------------------------------------------------------
Epoch:[16/100], CauAdvLoss:[1.7195/2.2476], valid:[93.03], test:[68.17]
--------------------------------------------------------------------------------------------------------------------------------------------------------------------------------------------------------
Train Iter:[0  /563], CauLoss:[2.1945], AdvLoss:[2.0847]
Train Iter:[140/563], CauLoss:[1.7135], AdvLoss:[2.3337]
Train Iter:[280/563], CauLoss:[1.7227], AdvLoss:[2.2695]
Train Iter:[420/563], CauLoss:[1.7131], AdvLoss:[2.3030]
Train Iter:[560/563], CauLoss:[1.7148], AdvLoss:[2.1683]
--------------------------------------------------------------------------------------------------------------------------------------------------------------------------------------------------------
Epoch:[17/100], CauAdvLoss:[1.7149/2.1714], valid:[68.87], test:[70.13]
--------------------------------------------------------------------------------------------------------------------------------------------------------------------------------------------------------
Train Iter:[0  /563], CauLoss:[1.8567], AdvLoss:[1.9575]
Train Iter:[140/563], CauLoss:[1.7373], AdvLoss:[2.0348]
Train Iter:[280/563], CauLoss:[1.7275], AdvLoss:[2.2159]
Train Iter:[420/563], CauLoss:[1.7199], AdvLoss:[2.2226]
Train Iter:[560/563], CauLoss:[1.7098], AdvLoss:[2.3798]
--------------------------------------------------------------------------------------------------------------------------------------------------------------------------------------------------------
Epoch:[18/100], CauAdvLoss:[1.7115/2.3883], valid:[61.33], test:[67.63]
--------------------------------------------------------------------------------------------------------------------------------------------------------------------------------------------------------
Train Iter:[0  /563], CauLoss:[1.5612], AdvLoss:[3.9431]
Train Iter:[140/563], CauLoss:[1.6960], AdvLoss:[2.9970]
Train Iter:[280/563], CauLoss:[1.7267], AdvLoss:[2.5230]
Train Iter:[420/563], CauLoss:[1.7086], AdvLoss:[2.4488]
Train Iter:[560/563], CauLoss:[1.7043], AdvLoss:[2.3303]
--------------------------------------------------------------------------------------------------------------------------------------------------------------------------------------------------------
Epoch:[19/100], CauAdvLoss:[1.7033/2.3293], valid:[92.97], test:[61.80]
--------------------------------------------------------------------------------------------------------------------------------------------------------------------------------------------------------
Train Iter:[0  /563], CauLoss:[1.8696], AdvLoss:[1.7532]
Train Iter:[140/563], CauLoss:[1.6832], AdvLoss:[2.4924]
Train Iter:[280/563], CauLoss:[1.6909], AdvLoss:[2.4787]
Train Iter:[420/563], CauLoss:[1.7038], AdvLoss:[2.2733]
Train Iter:[560/563], CauLoss:[1.7081], AdvLoss:[2.2316]
--------------------------------------------------------------------------------------------------------------------------------------------------------------------------------------------------------
Epoch:[20/100], CauAdvLoss:[1.7092/2.2280], valid:[93.07], test:[64.80]
--------------------------------------------------------------------------------------------------------------------------------------------------------------------------------------------------------
Train Iter:[0  /563], CauLoss:[2.1626], AdvLoss:[2.2011]
Train Iter:[140/563], CauLoss:[1.6776], AdvLoss:[1.8325]
Train Iter:[280/563], CauLoss:[1.6881], AdvLoss:[1.7929]
Train Iter:[420/563], CauLoss:[1.6865], AdvLoss:[1.8970]
Train Iter:[560/563], CauLoss:[1.6974], AdvLoss:[1.8800]
--------------------------------------------------------------------------------------------------------------------------------------------------------------------------------------------------------
Epoch:[21/100], CauAdvLoss:[1.7001/1.8791], valid:[92.97], test:[65.90]
--------------------------------------------------------------------------------------------------------------------------------------------------------------------------------------------------------
Train Iter:[0  /563], CauLoss:[2.0742], AdvLoss:[2.3439]
Train Iter:[140/563], CauLoss:[1.6832], AdvLoss:[2.0078]
Train Iter:[280/563], CauLoss:[1.6881], AdvLoss:[1.9384]
Train Iter:[420/563], CauLoss:[1.7065], AdvLoss:[2.0102]
Train Iter:[560/563], CauLoss:[1.6999], AdvLoss:[1.9596]
--------------------------------------------------------------------------------------------------------------------------------------------------------------------------------------------------------
Epoch:[22/100], CauAdvLoss:[1.7022/1.9616], valid:[93.03], test:[65.07]
--------------------------------------------------------------------------------------------------------------------------------------------------------------------------------------------------------
Train Iter:[0  /563], CauLoss:[1.7894], AdvLoss:[1.7550]
Train Iter:[140/563], CauLoss:[1.7381], AdvLoss:[2.2623]
Train Iter:[280/563], CauLoss:[1.6999], AdvLoss:[2.3541]
Train Iter:[420/563], CauLoss:[1.7020], AdvLoss:[2.3011]
Train Iter:[560/563], CauLoss:[1.7056], AdvLoss:[2.2415]
--------------------------------------------------------------------------------------------------------------------------------------------------------------------------------------------------------
Epoch:[23/100], CauAdvLoss:[1.7043/2.2407], valid:[61.33], test:[63.40]
--------------------------------------------------------------------------------------------------------------------------------------------------------------------------------------------------------
Train Iter:[0  /563], CauLoss:[1.4227], AdvLoss:[2.5145]
Train Iter:[140/563], CauLoss:[1.6775], AdvLoss:[2.5964]
Train Iter:[280/563], CauLoss:[1.6921], AdvLoss:[3.1332]
Train Iter:[420/563], CauLoss:[1.7020], AdvLoss:[3.5123]
Train Iter:[560/563], CauLoss:[1.7049], AdvLoss:[3.5448]
--------------------------------------------------------------------------------------------------------------------------------------------------------------------------------------------------------
Epoch:[24/100], CauAdvLoss:[1.7066/3.5416], valid:[90.33], test:[74.73]
--------------------------------------------------------------------------------------------------------------------------------------------------------------------------------------------------------
Train Iter:[0  /563], CauLoss:[1.2602], AdvLoss:[2.7392]
Train Iter:[140/563], CauLoss:[1.7249], AdvLoss:[3.1407]
Train Iter:[280/563], CauLoss:[1.7032], AdvLoss:[3.4334]
Train Iter:[420/563], CauLoss:[1.7113], AdvLoss:[3.7294]
Train Iter:[560/563], CauLoss:[1.7006], AdvLoss:[3.7563]
--------------------------------------------------------------------------------------------------------------------------------------------------------------------------------------------------------
Epoch:[25/100], CauAdvLoss:[1.6997/3.7602], valid:[82.63], test:[70.50]
--------------------------------------------------------------------------------------------------------------------------------------------------------------------------------------------------------
Train Iter:[0  /563], CauLoss:[1.5735], AdvLoss:[4.4886]
Train Iter:[140/563], CauLoss:[1.6853], AdvLoss:[4.7548]
Train Iter:[280/563], CauLoss:[1.7016], AdvLoss:[4.4301]
Train Iter:[420/563], CauLoss:[1.7004], AdvLoss:[4.5558]
Train Iter:[560/563], CauLoss:[1.6967], AdvLoss:[4.5905]
--------------------------------------------------------------------------------------------------------------------------------------------------------------------------------------------------------
Epoch:[26/100], CauAdvLoss:[1.6960/4.5889], valid:[77.57], test:[70.60]
--------------------------------------------------------------------------------------------------------------------------------------------------------------------------------------------------------
Train Iter:[0  /563], CauLoss:[1.7021], AdvLoss:[3.8849]
Train Iter:[140/563], CauLoss:[1.6955], AdvLoss:[5.0832]
Train Iter:[280/563], CauLoss:[1.6829], AdvLoss:[4.9630]
Train Iter:[420/563], CauLoss:[1.6958], AdvLoss:[4.3525]
Train Iter:[560/563], CauLoss:[1.6978], AdvLoss:[4.1356]
--------------------------------------------------------------------------------------------------------------------------------------------------------------------------------------------------------
Epoch:[27/100], CauAdvLoss:[1.6964/4.1283], valid:[77.23], test:[68.40]
--------------------------------------------------------------------------------------------------------------------------------------------------------------------------------------------------------
Train Iter:[0  /563], CauLoss:[1.8184], AdvLoss:[3.3720]
Train Iter:[140/563], CauLoss:[1.6814], AdvLoss:[3.2107]
Train Iter:[280/563], CauLoss:[1.7039], AdvLoss:[3.1512]
Train Iter:[420/563], CauLoss:[1.7046], AdvLoss:[3.4562]
Train Iter:[560/563], CauLoss:[1.6976], AdvLoss:[3.6509]
--------------------------------------------------------------------------------------------------------------------------------------------------------------------------------------------------------
Epoch:[28/100], CauAdvLoss:[1.6968/3.6548], valid:[69.53], test:[63.03]
--------------------------------------------------------------------------------------------------------------------------------------------------------------------------------------------------------
Train Iter:[0  /563], CauLoss:[1.4597], AdvLoss:[2.8353]
Train Iter:[140/563], CauLoss:[1.7215], AdvLoss:[3.5150]
Train Iter:[280/563], CauLoss:[1.7036], AdvLoss:[3.5189]
Train Iter:[420/563], CauLoss:[1.6946], AdvLoss:[3.4385]
Train Iter:[560/563], CauLoss:[1.6897], AdvLoss:[3.5309]
--------------------------------------------------------------------------------------------------------------------------------------------------------------------------------------------------------
Epoch:[29/100], CauAdvLoss:[1.6903/3.5299], valid:[66.40], test:[75.70]
--------------------------------------------------------------------------------------------------------------------------------------------------------------------------------------------------------
Train Iter:[0  /563], CauLoss:[1.3390], AdvLoss:[2.3927]
Train Iter:[140/563], CauLoss:[1.6704], AdvLoss:[3.8234]
Train Iter:[280/563], CauLoss:[1.6713], AdvLoss:[4.0619]
Train Iter:[420/563], CauLoss:[1.6854], AdvLoss:[4.1326]
Train Iter:[560/563], CauLoss:[1.6884], AdvLoss:[4.0834]
--------------------------------------------------------------------------------------------------------------------------------------------------------------------------------------------------------
Epoch:[30/100], CauAdvLoss:[1.6878/4.0854], valid:[64.53], test:[68.00]
--------------------------------------------------------------------------------------------------------------------------------------------------------------------------------------------------------
Train Iter:[0  /563], CauLoss:[2.2852], AdvLoss:[6.0353]
Train Iter:[140/563], CauLoss:[1.7056], AdvLoss:[4.3631]
Train Iter:[280/563], CauLoss:[1.7071], AdvLoss:[3.9278]
Train Iter:[420/563], CauLoss:[1.7013], AdvLoss:[4.0185]
Train Iter:[560/563], CauLoss:[1.6940], AdvLoss:[4.1568]
--------------------------------------------------------------------------------------------------------------------------------------------------------------------------------------------------------
Epoch:[31/100], CauAdvLoss:[1.6941/4.1552], valid:[66.73], test:[70.20]
--------------------------------------------------------------------------------------------------------------------------------------------------------------------------------------------------------
Train Iter:[0  /563], CauLoss:[1.2218], AdvLoss:[3.9184]
Train Iter:[140/563], CauLoss:[1.6959], AdvLoss:[4.4437]
Train Iter:[280/563], CauLoss:[1.6939], AdvLoss:[4.4622]
Train Iter:[420/563], CauLoss:[1.6794], AdvLoss:[4.3396]
Train Iter:[560/563], CauLoss:[1.6789], AdvLoss:[4.1849]
--------------------------------------------------------------------------------------------------------------------------------------------------------------------------------------------------------
Epoch:[32/100], CauAdvLoss:[1.6778/4.1829], valid:[72.97], test:[68.07]
--------------------------------------------------------------------------------------------------------------------------------------------------------------------------------------------------------
Train Iter:[0  /563], CauLoss:[1.3874], AdvLoss:[3.2212]
Train Iter:[140/563], CauLoss:[1.6581], AdvLoss:[3.7347]
Train Iter:[280/563], CauLoss:[1.6641], AdvLoss:[3.9666]
Train Iter:[420/563], CauLoss:[1.6813], AdvLoss:[4.0738]
Train Iter:[560/563], CauLoss:[1.6784], AdvLoss:[4.2924]
--------------------------------------------------------------------------------------------------------------------------------------------------------------------------------------------------------
Epoch:[33/100], CauAdvLoss:[1.6795/4.2881], valid:[81.77], test:[67.13]
--------------------------------------------------------------------------------------------------------------------------------------------------------------------------------------------------------
Train Iter:[0  /563], CauLoss:[1.2070], AdvLoss:[3.0525]
Train Iter:[140/563], CauLoss:[1.6787], AdvLoss:[4.4828]
Train Iter:[280/563], CauLoss:[1.6669], AdvLoss:[5.1440]
Train Iter:[420/563], CauLoss:[1.6835], AdvLoss:[5.0338]
Train Iter:[560/563], CauLoss:[1.6773], AdvLoss:[4.8842]
--------------------------------------------------------------------------------------------------------------------------------------------------------------------------------------------------------
Epoch:[34/100], CauAdvLoss:[1.6786/4.8881], valid:[92.67], test:[70.73]
--------------------------------------------------------------------------------------------------------------------------------------------------------------------------------------------------------
Train Iter:[0  /563], CauLoss:[1.6468], AdvLoss:[6.3949]
Train Iter:[140/563], CauLoss:[1.6856], AdvLoss:[4.8263]
Train Iter:[280/563], CauLoss:[1.6814], AdvLoss:[5.0319]
Train Iter:[420/563], CauLoss:[1.6793], AdvLoss:[4.8463]
Train Iter:[560/563], CauLoss:[1.6820], AdvLoss:[4.8424]
--------------------------------------------------------------------------------------------------------------------------------------------------------------------------------------------------------
Epoch:[35/100], CauAdvLoss:[1.6829/4.8402], valid:[90.17], test:[61.27]
--------------------------------------------------------------------------------------------------------------------------------------------------------------------------------------------------------
Train Iter:[0  /563], CauLoss:[1.5451], AdvLoss:[3.7567]
Train Iter:[140/563], CauLoss:[1.6919], AdvLoss:[4.4369]
Train Iter:[280/563], CauLoss:[1.6955], AdvLoss:[4.1627]
Train Iter:[420/563], CauLoss:[1.6828], AdvLoss:[3.9643]
Train Iter:[560/563], CauLoss:[1.6815], AdvLoss:[3.7944]
--------------------------------------------------------------------------------------------------------------------------------------------------------------------------------------------------------
Epoch:[36/100], CauAdvLoss:[1.6835/3.7936], valid:[88.17], test:[68.93]
--------------------------------------------------------------------------------------------------------------------------------------------------------------------------------------------------------
Train Iter:[0  /563], CauLoss:[1.3995], AdvLoss:[4.1955]
Train Iter:[140/563], CauLoss:[1.6334], AdvLoss:[3.8178]
Train Iter:[280/563], CauLoss:[1.6721], AdvLoss:[3.8205]
Train Iter:[420/563], CauLoss:[1.6784], AdvLoss:[4.0805]
Train Iter:[560/563], CauLoss:[1.6725], AdvLoss:[4.1123]
--------------------------------------------------------------------------------------------------------------------------------------------------------------------------------------------------------
Epoch:[37/100], CauAdvLoss:[1.6722/4.1075], valid:[90.07], test:[68.93]
--------------------------------------------------------------------------------------------------------------------------------------------------------------------------------------------------------
Train Iter:[0  /563], CauLoss:[2.4599], AdvLoss:[2.6848]
Train Iter:[140/563], CauLoss:[1.6660], AdvLoss:[3.3898]
Train Iter:[280/563], CauLoss:[1.6580], AdvLoss:[4.0384]
Train Iter:[420/563], CauLoss:[1.6743], AdvLoss:[4.3315]
Train Iter:[560/563], CauLoss:[1.6718], AdvLoss:[4.3637]
--------------------------------------------------------------------------------------------------------------------------------------------------------------------------------------------------------
Epoch:[38/100], CauAdvLoss:[1.6704/4.3674], valid:[92.93], test:[69.90]
--------------------------------------------------------------------------------------------------------------------------------------------------------------------------------------------------------
Train Iter:[0  /563], CauLoss:[1.5651], AdvLoss:[4.8949]
Train Iter:[140/563], CauLoss:[1.7275], AdvLoss:[5.2300]
Train Iter:[280/563], CauLoss:[1.7023], AdvLoss:[5.3076]
Train Iter:[420/563], CauLoss:[1.6801], AdvLoss:[4.9813]
Train Iter:[560/563], CauLoss:[1.6680], AdvLoss:[4.8634]
--------------------------------------------------------------------------------------------------------------------------------------------------------------------------------------------------------
Epoch:[39/100], CauAdvLoss:[1.6682/4.8605], valid:[90.33], test:[64.17]
--------------------------------------------------------------------------------------------------------------------------------------------------------------------------------------------------------
Train Iter:[0  /563], CauLoss:[1.1841], AdvLoss:[5.6764]
Train Iter:[140/563], CauLoss:[1.6700], AdvLoss:[4.5524]
Train Iter:[280/563], CauLoss:[1.6624], AdvLoss:[4.6257]
Train Iter:[420/563], CauLoss:[1.6716], AdvLoss:[4.5180]
Train Iter:[560/563], CauLoss:[1.6672], AdvLoss:[4.6197]
--------------------------------------------------------------------------------------------------------------------------------------------------------------------------------------------------------
Epoch:[40/100], CauAdvLoss:[1.6668/4.6203], valid:[93.07], test:[71.97]
--------------------------------------------------------------------------------------------------------------------------------------------------------------------------------------------------------
Train Iter:[0  /563], CauLoss:[1.8971], AdvLoss:[4.8806]
Train Iter:[140/563], CauLoss:[1.6537], AdvLoss:[5.3929]
Train Iter:[280/563], CauLoss:[1.6638], AdvLoss:[5.3819]
Train Iter:[420/563], CauLoss:[1.6818], AdvLoss:[5.2426]
Train Iter:[560/563], CauLoss:[1.6758], AdvLoss:[5.0650]
--------------------------------------------------------------------------------------------------------------------------------------------------------------------------------------------------------
Epoch:[41/100], CauAdvLoss:[1.6747/5.0665], valid:[93.07], test:[73.17]
--------------------------------------------------------------------------------------------------------------------------------------------------------------------------------------------------------
Train Iter:[0  /563], CauLoss:[1.5487], AdvLoss:[4.4355]
Train Iter:[140/563], CauLoss:[1.6673], AdvLoss:[4.1967]
Train Iter:[280/563], CauLoss:[1.6487], AdvLoss:[4.6092]
Train Iter:[420/563], CauLoss:[1.6627], AdvLoss:[4.5176]
Train Iter:[560/563], CauLoss:[1.6639], AdvLoss:[4.5314]
--------------------------------------------------------------------------------------------------------------------------------------------------------------------------------------------------------
Epoch:[42/100], CauAdvLoss:[1.6641/4.5282], valid:[93.07], test:[69.10]
--------------------------------------------------------------------------------------------------------------------------------------------------------------------------------------------------------
Train Iter:[0  /563], CauLoss:[1.4177], AdvLoss:[3.2021]
Train Iter:[140/563], CauLoss:[1.7105], AdvLoss:[4.4009]
Train Iter:[280/563], CauLoss:[1.6626], AdvLoss:[4.3149]
Train Iter:[420/563], CauLoss:[1.6682], AdvLoss:[4.3116]
Train Iter:[560/563], CauLoss:[1.6636], AdvLoss:[4.2884]
--------------------------------------------------------------------------------------------------------------------------------------------------------------------------------------------------------
Epoch:[43/100], CauAdvLoss:[1.6642/4.2871], valid:[80.23], test:[74.37]
--------------------------------------------------------------------------------------------------------------------------------------------------------------------------------------------------------
Train Iter:[0  /563], CauLoss:[1.3875], AdvLoss:[5.1017]
Train Iter:[140/563], CauLoss:[1.6528], AdvLoss:[4.3125]
Train Iter:[280/563], CauLoss:[1.6571], AdvLoss:[4.6340]
Train Iter:[420/563], CauLoss:[1.6686], AdvLoss:[4.6937]
Train Iter:[560/563], CauLoss:[1.6674], AdvLoss:[4.6458]
--------------------------------------------------------------------------------------------------------------------------------------------------------------------------------------------------------
Epoch:[44/100], CauAdvLoss:[1.6665/4.6452], valid:[85.37], test:[70.47]
--------------------------------------------------------------------------------------------------------------------------------------------------------------------------------------------------------
Train Iter:[0  /563], CauLoss:[1.6913], AdvLoss:[4.9367]
Train Iter:[140/563], CauLoss:[1.6927], AdvLoss:[4.4911]
Train Iter:[280/563], CauLoss:[1.6858], AdvLoss:[4.5151]
Train Iter:[420/563], CauLoss:[1.6730], AdvLoss:[4.5796]
Train Iter:[560/563], CauLoss:[1.6587], AdvLoss:[4.6181]
--------------------------------------------------------------------------------------------------------------------------------------------------------------------------------------------------------
Epoch:[45/100], CauAdvLoss:[1.6581/4.6181], valid:[87.17], test:[72.43]
--------------------------------------------------------------------------------------------------------------------------------------------------------------------------------------------------------
Train Iter:[0  /563], CauLoss:[1.7096], AdvLoss:[6.4895]
Train Iter:[140/563], CauLoss:[1.6833], AdvLoss:[4.6678]
Train Iter:[280/563], CauLoss:[1.6752], AdvLoss:[4.6182]
Train Iter:[420/563], CauLoss:[1.6537], AdvLoss:[4.5235]
Train Iter:[560/563], CauLoss:[1.6647], AdvLoss:[4.4555]
--------------------------------------------------------------------------------------------------------------------------------------------------------------------------------------------------------
Epoch:[46/100], CauAdvLoss:[1.6655/4.4560], valid:[80.10], test:[71.00]
--------------------------------------------------------------------------------------------------------------------------------------------------------------------------------------------------------
Train Iter:[0  /563], CauLoss:[1.3643], AdvLoss:[3.7521]
Train Iter:[140/563], CauLoss:[1.6647], AdvLoss:[4.6197]
Train Iter:[280/563], CauLoss:[1.6723], AdvLoss:[4.7272]
Train Iter:[420/563], CauLoss:[1.6585], AdvLoss:[4.7464]
Train Iter:[560/563], CauLoss:[1.6600], AdvLoss:[4.8323]
--------------------------------------------------------------------------------------------------------------------------------------------------------------------------------------------------------
Epoch:[47/100], CauAdvLoss:[1.6608/4.8313], valid:[68.23], test:[72.43]
--------------------------------------------------------------------------------------------------------------------------------------------------------------------------------------------------------
Train Iter:[0  /563], CauLoss:[1.1342], AdvLoss:[6.8585]
Train Iter:[140/563], CauLoss:[1.6544], AdvLoss:[5.0386]
Train Iter:[280/563], CauLoss:[1.6656], AdvLoss:[5.1271]
Train Iter:[420/563], CauLoss:[1.6611], AdvLoss:[4.9625]
Train Iter:[560/563], CauLoss:[1.6580], AdvLoss:[4.9534]
--------------------------------------------------------------------------------------------------------------------------------------------------------------------------------------------------------
Epoch:[48/100], CauAdvLoss:[1.6565/4.9522], valid:[88.17], test:[76.30]
--------------------------------------------------------------------------------------------------------------------------------------------------------------------------------------------------------
Train Iter:[0  /563], CauLoss:[1.8057], AdvLoss:[5.3433]
Train Iter:[140/563], CauLoss:[1.6492], AdvLoss:[4.4942]
Train Iter:[280/563], CauLoss:[1.6440], AdvLoss:[4.7570]
Train Iter:[420/563], CauLoss:[1.6493], AdvLoss:[4.5564]
Train Iter:[560/563], CauLoss:[1.6585], AdvLoss:[4.5212]
--------------------------------------------------------------------------------------------------------------------------------------------------------------------------------------------------------
Epoch:[49/100], CauAdvLoss:[1.6582/4.5147], valid:[88.03], test:[74.40]
--------------------------------------------------------------------------------------------------------------------------------------------------------------------------------------------------------
Train Iter:[0  /563], CauLoss:[1.4255], AdvLoss:[3.2616]
Train Iter:[140/563], CauLoss:[1.6798], AdvLoss:[4.8832]
Train Iter:[280/563], CauLoss:[1.6804], AdvLoss:[4.7573]
Train Iter:[420/563], CauLoss:[1.6685], AdvLoss:[4.6097]
Train Iter:[560/563], CauLoss:[1.6628], AdvLoss:[4.4682]
--------------------------------------------------------------------------------------------------------------------------------------------------------------------------------------------------------
Epoch:[50/100], CauAdvLoss:[1.6616/4.4645], valid:[92.97], test:[66.63]
--------------------------------------------------------------------------------------------------------------------------------------------------------------------------------------------------------
Train Iter:[0  /563], CauLoss:[1.8824], AdvLoss:[3.9091]
Train Iter:[140/563], CauLoss:[1.6403], AdvLoss:[4.0167]
Train Iter:[280/563], CauLoss:[1.6382], AdvLoss:[4.2253]
Train Iter:[420/563], CauLoss:[1.6454], AdvLoss:[4.6147]
Train Iter:[560/563], CauLoss:[1.6501], AdvLoss:[4.7818]
--------------------------------------------------------------------------------------------------------------------------------------------------------------------------------------------------------
Epoch:[51/100], CauAdvLoss:[1.6507/4.7830], valid:[92.97], test:[74.83]
--------------------------------------------------------------------------------------------------------------------------------------------------------------------------------------------------------
Train Iter:[0  /563], CauLoss:[1.8810], AdvLoss:[4.7346]
Train Iter:[140/563], CauLoss:[1.6259], AdvLoss:[4.9187]
Train Iter:[280/563], CauLoss:[1.6412], AdvLoss:[5.1955]
Train Iter:[420/563], CauLoss:[1.6583], AdvLoss:[4.8982]
Train Iter:[560/563], CauLoss:[1.6585], AdvLoss:[4.8322]
--------------------------------------------------------------------------------------------------------------------------------------------------------------------------------------------------------
Epoch:[52/100], CauAdvLoss:[1.6594/4.8324], valid:[81.07], test:[74.13]
--------------------------------------------------------------------------------------------------------------------------------------------------------------------------------------------------------
Train Iter:[0  /563], CauLoss:[1.7491], AdvLoss:[4.4117]
Train Iter:[140/563], CauLoss:[1.6736], AdvLoss:[4.7635]
Train Iter:[280/563], CauLoss:[1.6681], AdvLoss:[5.1599]
Train Iter:[420/563], CauLoss:[1.6582], AdvLoss:[5.2984]
Train Iter:[560/563], CauLoss:[1.6563], AdvLoss:[5.3042]
--------------------------------------------------------------------------------------------------------------------------------------------------------------------------------------------------------
Epoch:[53/100], CauAdvLoss:[1.6555/5.3043], valid:[88.17], test:[76.37]
--------------------------------------------------------------------------------------------------------------------------------------------------------------------------------------------------------
Train Iter:[0  /563], CauLoss:[1.6065], AdvLoss:[6.8316]
Train Iter:[140/563], CauLoss:[1.5775], AdvLoss:[5.3288]
Train Iter:[280/563], CauLoss:[1.6401], AdvLoss:[5.1562]
Train Iter:[420/563], CauLoss:[1.6352], AdvLoss:[5.3061]
Train Iter:[560/563], CauLoss:[1.6473], AdvLoss:[5.3189]
--------------------------------------------------------------------------------------------------------------------------------------------------------------------------------------------------------
Epoch:[54/100], CauAdvLoss:[1.6462/5.3208], valid:[87.77], test:[71.67]
--------------------------------------------------------------------------------------------------------------------------------------------------------------------------------------------------------
Train Iter:[0  /563], CauLoss:[1.6481], AdvLoss:[5.1167]
Train Iter:[140/563], CauLoss:[1.6771], AdvLoss:[5.7210]
Train Iter:[280/563], CauLoss:[1.6691], AdvLoss:[5.3109]
Train Iter:[420/563], CauLoss:[1.6654], AdvLoss:[5.2741]
Train Iter:[560/563], CauLoss:[1.6559], AdvLoss:[5.3588]
--------------------------------------------------------------------------------------------------------------------------------------------------------------------------------------------------------
Epoch:[55/100], CauAdvLoss:[1.6561/5.3572], valid:[75.73], test:[73.67]
--------------------------------------------------------------------------------------------------------------------------------------------------------------------------------------------------------
Train Iter:[0  /563], CauLoss:[1.1905], AdvLoss:[6.3066]
Train Iter:[140/563], CauLoss:[1.6310], AdvLoss:[5.3389]
Train Iter:[280/563], CauLoss:[1.6329], AdvLoss:[5.3360]
Train Iter:[420/563], CauLoss:[1.6426], AdvLoss:[5.1617]
Train Iter:[560/563], CauLoss:[1.6508], AdvLoss:[5.0650]
--------------------------------------------------------------------------------------------------------------------------------------------------------------------------------------------------------
Epoch:[56/100], CauAdvLoss:[1.6512/5.0634], valid:[93.10], test:[76.33]
--------------------------------------------------------------------------------------------------------------------------------------------------------------------------------------------------------
Train Iter:[0  /563], CauLoss:[1.7901], AdvLoss:[5.0189]
Train Iter:[140/563], CauLoss:[1.6585], AdvLoss:[4.8910]
Train Iter:[280/563], CauLoss:[1.6695], AdvLoss:[4.8958]
Train Iter:[420/563], CauLoss:[1.6563], AdvLoss:[4.7806]
Train Iter:[560/563], CauLoss:[1.6483], AdvLoss:[4.8639]
--------------------------------------------------------------------------------------------------------------------------------------------------------------------------------------------------------
Epoch:[57/100], CauAdvLoss:[1.6495/4.8672], valid:[93.03], test:[74.83]
--------------------------------------------------------------------------------------------------------------------------------------------------------------------------------------------------------
Train Iter:[0  /563], CauLoss:[1.7001], AdvLoss:[4.9057]
Train Iter:[140/563], CauLoss:[1.6517], AdvLoss:[5.1111]
Train Iter:[280/563], CauLoss:[1.6508], AdvLoss:[5.1063]
Train Iter:[420/563], CauLoss:[1.6411], AdvLoss:[5.2063]
Train Iter:[560/563], CauLoss:[1.6487], AdvLoss:[5.1598]
--------------------------------------------------------------------------------------------------------------------------------------------------------------------------------------------------------
Epoch:[58/100], CauAdvLoss:[1.6489/5.1527], valid:[93.10], test:[74.67]
--------------------------------------------------------------------------------------------------------------------------------------------------------------------------------------------------------
Train Iter:[0  /563], CauLoss:[1.8496], AdvLoss:[5.2589]
Train Iter:[140/563], CauLoss:[1.6514], AdvLoss:[4.8777]
Train Iter:[280/563], CauLoss:[1.6425], AdvLoss:[4.9105]
Train Iter:[420/563], CauLoss:[1.6433], AdvLoss:[4.9132]
Train Iter:[560/563], CauLoss:[1.6538], AdvLoss:[5.1059]
--------------------------------------------------------------------------------------------------------------------------------------------------------------------------------------------------------
Epoch:[59/100], CauAdvLoss:[1.6534/5.1028], valid:[92.00], test:[74.87]
--------------------------------------------------------------------------------------------------------------------------------------------------------------------------------------------------------
Train Iter:[0  /563], CauLoss:[1.8184], AdvLoss:[6.0936]
Train Iter:[140/563], CauLoss:[1.6208], AdvLoss:[5.2214]
Train Iter:[280/563], CauLoss:[1.6501], AdvLoss:[5.1799]
Train Iter:[420/563], CauLoss:[1.6470], AdvLoss:[5.3206]
Train Iter:[560/563], CauLoss:[1.6520], AdvLoss:[5.4530]
--------------------------------------------------------------------------------------------------------------------------------------------------------------------------------------------------------
Epoch:[60/100], CauAdvLoss:[1.6522/5.4529], valid:[93.07], test:[72.03]
--------------------------------------------------------------------------------------------------------------------------------------------------------------------------------------------------------
Train Iter:[0  /563], CauLoss:[1.6581], AdvLoss:[4.5454]
Train Iter:[140/563], CauLoss:[1.6682], AdvLoss:[5.1648]
Train Iter:[280/563], CauLoss:[1.6426], AdvLoss:[5.4218]
Train Iter:[420/563], CauLoss:[1.6416], AdvLoss:[5.2700]
Train Iter:[560/563], CauLoss:[1.6511], AdvLoss:[5.1089]
--------------------------------------------------------------------------------------------------------------------------------------------------------------------------------------------------------
Epoch:[61/100], CauAdvLoss:[1.6502/5.1099], valid:[67.00], test:[79.10]
--------------------------------------------------------------------------------------------------------------------------------------------------------------------------------------------------------
Train Iter:[0  /563], CauLoss:[1.6777], AdvLoss:[3.4799]
Train Iter:[140/563], CauLoss:[1.6613], AdvLoss:[4.6675]
Train Iter:[280/563], CauLoss:[1.6394], AdvLoss:[4.7800]
Train Iter:[420/563], CauLoss:[1.6469], AdvLoss:[4.5305]
Train Iter:[560/563], CauLoss:[1.6445], AdvLoss:[4.4844]
--------------------------------------------------------------------------------------------------------------------------------------------------------------------------------------------------------
Epoch:[62/100], CauAdvLoss:[1.6439/4.4862], valid:[70.23], test:[78.23]
--------------------------------------------------------------------------------------------------------------------------------------------------------------------------------------------------------
Train Iter:[0  /563], CauLoss:[1.9363], AdvLoss:[7.5136]
Train Iter:[140/563], CauLoss:[1.6430], AdvLoss:[5.1103]
Train Iter:[280/563], CauLoss:[1.6400], AdvLoss:[5.1280]
Train Iter:[420/563], CauLoss:[1.6438], AdvLoss:[5.2573]
Train Iter:[560/563], CauLoss:[1.6451], AdvLoss:[5.2766]
--------------------------------------------------------------------------------------------------------------------------------------------------------------------------------------------------------
Epoch:[63/100], CauAdvLoss:[1.6464/5.2784], valid:[79.40], test:[74.83]
--------------------------------------------------------------------------------------------------------------------------------------------------------------------------------------------------------
Train Iter:[0  /563], CauLoss:[1.6208], AdvLoss:[5.8599]
Train Iter:[140/563], CauLoss:[1.6684], AdvLoss:[5.0452]
Train Iter:[280/563], CauLoss:[1.6586], AdvLoss:[4.8854]
Train Iter:[420/563], CauLoss:[1.6446], AdvLoss:[4.8852]
Train Iter:[560/563], CauLoss:[1.6463], AdvLoss:[4.9569]
--------------------------------------------------------------------------------------------------------------------------------------------------------------------------------------------------------
Epoch:[64/100], CauAdvLoss:[1.6465/4.9567], valid:[88.03], test:[75.00]
--------------------------------------------------------------------------------------------------------------------------------------------------------------------------------------------------------
Train Iter:[0  /563], CauLoss:[2.5130], AdvLoss:[7.1132]
Train Iter:[140/563], CauLoss:[1.6640], AdvLoss:[5.5442]
Train Iter:[280/563], CauLoss:[1.6498], AdvLoss:[5.3247]
Train Iter:[420/563], CauLoss:[1.6428], AdvLoss:[5.2951]
Train Iter:[560/563], CauLoss:[1.6491], AdvLoss:[5.3320]
--------------------------------------------------------------------------------------------------------------------------------------------------------------------------------------------------------
Epoch:[65/100], CauAdvLoss:[1.6481/5.3333], valid:[76.97], test:[77.40]
--------------------------------------------------------------------------------------------------------------------------------------------------------------------------------------------------------
Train Iter:[0  /563], CauLoss:[2.1002], AdvLoss:[7.3755]
Train Iter:[140/563], CauLoss:[1.6469], AdvLoss:[5.1819]
Train Iter:[280/563], CauLoss:[1.6196], AdvLoss:[5.3791]
Train Iter:[420/563], CauLoss:[1.6338], AdvLoss:[5.2368]
Train Iter:[560/563], CauLoss:[1.6453], AdvLoss:[5.2250]
--------------------------------------------------------------------------------------------------------------------------------------------------------------------------------------------------------
Epoch:[66/100], CauAdvLoss:[1.6449/5.2279], valid:[92.47], test:[74.07]
--------------------------------------------------------------------------------------------------------------------------------------------------------------------------------------------------------
Train Iter:[0  /563], CauLoss:[1.2405], AdvLoss:[5.3064]
Train Iter:[140/563], CauLoss:[1.6384], AdvLoss:[5.0773]
Train Iter:[280/563], CauLoss:[1.6391], AdvLoss:[5.0410]
Train Iter:[420/563], CauLoss:[1.6400], AdvLoss:[4.9870]
Train Iter:[560/563], CauLoss:[1.6422], AdvLoss:[5.1788]
--------------------------------------------------------------------------------------------------------------------------------------------------------------------------------------------------------
Epoch:[67/100], CauAdvLoss:[1.6435/5.1759], valid:[92.80], test:[72.63]
--------------------------------------------------------------------------------------------------------------------------------------------------------------------------------------------------------
Train Iter:[0  /563], CauLoss:[1.7598], AdvLoss:[5.9523]
Train Iter:[140/563], CauLoss:[1.6797], AdvLoss:[5.7106]
Train Iter:[280/563], CauLoss:[1.6530], AdvLoss:[5.6513]
Train Iter:[420/563], CauLoss:[1.6425], AdvLoss:[5.7537]
Train Iter:[560/563], CauLoss:[1.6450], AdvLoss:[5.7255]
--------------------------------------------------------------------------------------------------------------------------------------------------------------------------------------------------------
Epoch:[68/100], CauAdvLoss:[1.6438/5.7336], valid:[77.90], test:[77.17]
--------------------------------------------------------------------------------------------------------------------------------------------------------------------------------------------------------
Train Iter:[0  /563], CauLoss:[1.8547], AdvLoss:[6.2614]
Train Iter:[140/563], CauLoss:[1.6192], AdvLoss:[6.7147]
Train Iter:[280/563], CauLoss:[1.6428], AdvLoss:[6.2221]
Train Iter:[420/563], CauLoss:[1.6325], AdvLoss:[5.9944]
Train Iter:[560/563], CauLoss:[1.6407], AdvLoss:[5.8908]
--------------------------------------------------------------------------------------------------------------------------------------------------------------------------------------------------------
Epoch:[69/100], CauAdvLoss:[1.6419/5.8874], valid:[87.80], test:[74.57]
--------------------------------------------------------------------------------------------------------------------------------------------------------------------------------------------------------
Train Iter:[0  /563], CauLoss:[1.7592], AdvLoss:[6.4011]
Train Iter:[140/563], CauLoss:[1.6517], AdvLoss:[5.7081]
Train Iter:[280/563], CauLoss:[1.6389], AdvLoss:[5.6598]
Train Iter:[420/563], CauLoss:[1.6298], AdvLoss:[5.5871]
Train Iter:[560/563], CauLoss:[1.6422], AdvLoss:[5.4562]
--------------------------------------------------------------------------------------------------------------------------------------------------------------------------------------------------------
Epoch:[70/100], CauAdvLoss:[1.6418/5.4555], valid:[92.30], test:[75.60]
--------------------------------------------------------------------------------------------------------------------------------------------------------------------------------------------------------
Train Iter:[0  /563], CauLoss:[1.6716], AdvLoss:[4.5200]
Train Iter:[140/563], CauLoss:[1.6509], AdvLoss:[5.3000]
Train Iter:[280/563], CauLoss:[1.6394], AdvLoss:[5.4632]
Train Iter:[420/563], CauLoss:[1.6468], AdvLoss:[5.5605]
Train Iter:[560/563], CauLoss:[1.6428], AdvLoss:[5.6129]
--------------------------------------------------------------------------------------------------------------------------------------------------------------------------------------------------------
Epoch:[71/100], CauAdvLoss:[1.6424/5.6137], valid:[91.17], test:[75.20]
--------------------------------------------------------------------------------------------------------------------------------------------------------------------------------------------------------
Train Iter:[0  /563], CauLoss:[1.6721], AdvLoss:[6.1980]
Train Iter:[140/563], CauLoss:[1.6376], AdvLoss:[5.8746]
Train Iter:[280/563], CauLoss:[1.6419], AdvLoss:[5.6836]
Train Iter:[420/563], CauLoss:[1.6374], AdvLoss:[5.5686]
Train Iter:[560/563], CauLoss:[1.6380], AdvLoss:[5.5269]
--------------------------------------------------------------------------------------------------------------------------------------------------------------------------------------------------------
Epoch:[72/100], CauAdvLoss:[1.6367/5.5287], valid:[90.33], test:[75.50]
--------------------------------------------------------------------------------------------------------------------------------------------------------------------------------------------------------
Train Iter:[0  /563], CauLoss:[1.4187], AdvLoss:[4.7500]
Train Iter:[140/563], CauLoss:[1.6412], AdvLoss:[5.4324]
Train Iter:[280/563], CauLoss:[1.6619], AdvLoss:[5.5913]
Train Iter:[420/563], CauLoss:[1.6459], AdvLoss:[5.5361]
Train Iter:[560/563], CauLoss:[1.6374], AdvLoss:[5.4536]
--------------------------------------------------------------------------------------------------------------------------------------------------------------------------------------------------------
Epoch:[73/100], CauAdvLoss:[1.6359/5.4528], valid:[85.67], test:[76.50]
--------------------------------------------------------------------------------------------------------------------------------------------------------------------------------------------------------
Train Iter:[0  /563], CauLoss:[1.8571], AdvLoss:[4.9532]
Train Iter:[140/563], CauLoss:[1.6271], AdvLoss:[4.7541]
Train Iter:[280/563], CauLoss:[1.6184], AdvLoss:[4.7936]
Train Iter:[420/563], CauLoss:[1.6298], AdvLoss:[4.7770]
Train Iter:[560/563], CauLoss:[1.6336], AdvLoss:[4.6605]
--------------------------------------------------------------------------------------------------------------------------------------------------------------------------------------------------------
Epoch:[74/100], CauAdvLoss:[1.6341/4.6612], valid:[92.97], test:[72.23]
--------------------------------------------------------------------------------------------------------------------------------------------------------------------------------------------------------
Train Iter:[0  /563], CauLoss:[1.5601], AdvLoss:[4.6553]
Train Iter:[140/563], CauLoss:[1.6750], AdvLoss:[4.5991]
Train Iter:[280/563], CauLoss:[1.6618], AdvLoss:[4.5999]
Train Iter:[420/563], CauLoss:[1.6491], AdvLoss:[4.6616]
Train Iter:[560/563], CauLoss:[1.6369], AdvLoss:[4.6845]
--------------------------------------------------------------------------------------------------------------------------------------------------------------------------------------------------------
Epoch:[75/100], CauAdvLoss:[1.6362/4.6854], valid:[87.97], test:[74.00]
--------------------------------------------------------------------------------------------------------------------------------------------------------------------------------------------------------
Train Iter:[0  /563], CauLoss:[1.6582], AdvLoss:[4.0102]
Train Iter:[140/563], CauLoss:[1.6225], AdvLoss:[4.8410]
Train Iter:[280/563], CauLoss:[1.6318], AdvLoss:[5.0252]
Train Iter:[420/563], CauLoss:[1.6307], AdvLoss:[5.1828]
Train Iter:[560/563], CauLoss:[1.6392], AdvLoss:[5.0695]
--------------------------------------------------------------------------------------------------------------------------------------------------------------------------------------------------------
Epoch:[76/100], CauAdvLoss:[1.6386/5.0640], valid:[92.57], test:[69.13]
--------------------------------------------------------------------------------------------------------------------------------------------------------------------------------------------------------
Train Iter:[0  /563], CauLoss:[1.9724], AdvLoss:[2.2430]
Train Iter:[140/563], CauLoss:[1.6439], AdvLoss:[4.6487]
Train Iter:[280/563], CauLoss:[1.6400], AdvLoss:[4.7399]
Train Iter:[420/563], CauLoss:[1.6328], AdvLoss:[4.8459]
Train Iter:[560/563], CauLoss:[1.6336], AdvLoss:[4.9639]
--------------------------------------------------------------------------------------------------------------------------------------------------------------------------------------------------------
Epoch:[77/100], CauAdvLoss:[1.6348/4.9642], valid:[92.97], test:[71.93]
--------------------------------------------------------------------------------------------------------------------------------------------------------------------------------------------------------
Train Iter:[0  /563], CauLoss:[1.5481], AdvLoss:[5.3548]
Train Iter:[140/563], CauLoss:[1.5952], AdvLoss:[5.3487]
Train Iter:[280/563], CauLoss:[1.6251], AdvLoss:[5.3733]
Train Iter:[420/563], CauLoss:[1.6296], AdvLoss:[5.4006]
Train Iter:[560/563], CauLoss:[1.6295], AdvLoss:[5.3838]
--------------------------------------------------------------------------------------------------------------------------------------------------------------------------------------------------------
Epoch:[78/100], CauAdvLoss:[1.6305/5.3894], valid:[92.73], test:[73.27]
--------------------------------------------------------------------------------------------------------------------------------------------------------------------------------------------------------
Train Iter:[0  /563], CauLoss:[1.3870], AdvLoss:[6.3590]
Train Iter:[140/563], CauLoss:[1.6320], AdvLoss:[5.2115]
Train Iter:[280/563], CauLoss:[1.6152], AdvLoss:[5.3821]
Train Iter:[420/563], CauLoss:[1.6237], AdvLoss:[5.4329]
Train Iter:[560/563], CauLoss:[1.6315], AdvLoss:[5.3768]
--------------------------------------------------------------------------------------------------------------------------------------------------------------------------------------------------------
Epoch:[79/100], CauAdvLoss:[1.6323/5.3779], valid:[92.57], test:[71.43]
--------------------------------------------------------------------------------------------------------------------------------------------------------------------------------------------------------
Train Iter:[0  /563], CauLoss:[1.9794], AdvLoss:[5.4077]
Train Iter:[140/563], CauLoss:[1.6558], AdvLoss:[5.4438]
Train Iter:[280/563], CauLoss:[1.6578], AdvLoss:[5.4096]
Train Iter:[420/563], CauLoss:[1.6429], AdvLoss:[5.4196]
Train Iter:[560/563], CauLoss:[1.6315], AdvLoss:[5.3366]
--------------------------------------------------------------------------------------------------------------------------------------------------------------------------------------------------------
Epoch:[80/100], CauAdvLoss:[1.6319/5.3364], valid:[91.97], test:[71.80]
--------------------------------------------------------------------------------------------------------------------------------------------------------------------------------------------------------
Train Iter:[0  /563], CauLoss:[1.6280], AdvLoss:[6.1602]
Train Iter:[140/563], CauLoss:[1.6133], AdvLoss:[5.3337]
Train Iter:[280/563], CauLoss:[1.6177], AdvLoss:[5.4312]
Train Iter:[420/563], CauLoss:[1.6269], AdvLoss:[5.5285]
Train Iter:[560/563], CauLoss:[1.6343], AdvLoss:[5.5554]
--------------------------------------------------------------------------------------------------------------------------------------------------------------------------------------------------------
Epoch:[81/100], CauAdvLoss:[1.6360/5.5594], valid:[90.17], test:[73.57]
--------------------------------------------------------------------------------------------------------------------------------------------------------------------------------------------------------
Train Iter:[0  /563], CauLoss:[1.4300], AdvLoss:[5.8906]
Train Iter:[140/563], CauLoss:[1.5951], AdvLoss:[5.7543]
Train Iter:[280/563], CauLoss:[1.6131], AdvLoss:[5.7260]
Train Iter:[420/563], CauLoss:[1.6229], AdvLoss:[5.6432]
Train Iter:[560/563], CauLoss:[1.6346], AdvLoss:[5.5665]
--------------------------------------------------------------------------------------------------------------------------------------------------------------------------------------------------------
Epoch:[82/100], CauAdvLoss:[1.6332/5.5634], valid:[92.97], test:[73.20]
--------------------------------------------------------------------------------------------------------------------------------------------------------------------------------------------------------
Train Iter:[0  /563], CauLoss:[2.0427], AdvLoss:[6.0883]
Train Iter:[140/563], CauLoss:[1.6144], AdvLoss:[5.5319]
Train Iter:[280/563], CauLoss:[1.6234], AdvLoss:[5.8278]
Train Iter:[420/563], CauLoss:[1.6372], AdvLoss:[5.7682]
Train Iter:[560/563], CauLoss:[1.6339], AdvLoss:[5.7293]
--------------------------------------------------------------------------------------------------------------------------------------------------------------------------------------------------------
Epoch:[83/100], CauAdvLoss:[1.6328/5.7288], valid:[92.73], test:[74.10]
--------------------------------------------------------------------------------------------------------------------------------------------------------------------------------------------------------
Train Iter:[0  /563], CauLoss:[1.8544], AdvLoss:[4.8932]
Train Iter:[140/563], CauLoss:[1.6369], AdvLoss:[5.5614]
Train Iter:[280/563], CauLoss:[1.6255], AdvLoss:[5.5136]
Train Iter:[420/563], CauLoss:[1.6318], AdvLoss:[5.6273]
Train Iter:[560/563], CauLoss:[1.6310], AdvLoss:[5.6037]
--------------------------------------------------------------------------------------------------------------------------------------------------------------------------------------------------------
Epoch:[84/100], CauAdvLoss:[1.6326/5.6058], valid:[92.57], test:[71.73]
--------------------------------------------------------------------------------------------------------------------------------------------------------------------------------------------------------
Train Iter:[0  /563], CauLoss:[1.5995], AdvLoss:[4.9351]
Train Iter:[140/563], CauLoss:[1.6270], AdvLoss:[5.5418]
Train Iter:[280/563], CauLoss:[1.6070], AdvLoss:[5.4305]
Train Iter:[420/563], CauLoss:[1.6239], AdvLoss:[5.4212]
Train Iter:[560/563], CauLoss:[1.6242], AdvLoss:[5.5380]
--------------------------------------------------------------------------------------------------------------------------------------------------------------------------------------------------------
Epoch:[85/100], CauAdvLoss:[1.6255/5.5361], valid:[90.33], test:[71.03]
--------------------------------------------------------------------------------------------------------------------------------------------------------------------------------------------------------
Train Iter:[0  /563], CauLoss:[1.6369], AdvLoss:[6.2186]
Train Iter:[140/563], CauLoss:[1.6395], AdvLoss:[5.7336]
Train Iter:[280/563], CauLoss:[1.6351], AdvLoss:[5.9060]
Train Iter:[420/563], CauLoss:[1.6379], AdvLoss:[5.9083]
Train Iter:[560/563], CauLoss:[1.6289], AdvLoss:[5.8769]
--------------------------------------------------------------------------------------------------------------------------------------------------------------------------------------------------------
Epoch:[86/100], CauAdvLoss:[1.6283/5.8743], valid:[91.67], test:[72.17]
--------------------------------------------------------------------------------------------------------------------------------------------------------------------------------------------------------
Train Iter:[0  /563], CauLoss:[1.3862], AdvLoss:[6.5088]
Train Iter:[140/563], CauLoss:[1.6230], AdvLoss:[5.5923]
Train Iter:[280/563], CauLoss:[1.6362], AdvLoss:[5.6165]
Train Iter:[420/563], CauLoss:[1.6288], AdvLoss:[5.6677]
Train Iter:[560/563], CauLoss:[1.6257], AdvLoss:[5.6872]
--------------------------------------------------------------------------------------------------------------------------------------------------------------------------------------------------------
Epoch:[87/100], CauAdvLoss:[1.6265/5.6880], valid:[92.03], test:[74.13]
--------------------------------------------------------------------------------------------------------------------------------------------------------------------------------------------------------
Train Iter:[0  /563], CauLoss:[1.1593], AdvLoss:[6.2419]
Train Iter:[140/563], CauLoss:[1.6610], AdvLoss:[5.8452]
Train Iter:[280/563], CauLoss:[1.6419], AdvLoss:[5.8045]
Train Iter:[420/563], CauLoss:[1.6393], AdvLoss:[5.7630]
Train Iter:[560/563], CauLoss:[1.6305], AdvLoss:[5.7889]
--------------------------------------------------------------------------------------------------------------------------------------------------------------------------------------------------------
Epoch:[88/100], CauAdvLoss:[1.6297/5.7855], valid:[92.57], test:[71.40]
--------------------------------------------------------------------------------------------------------------------------------------------------------------------------------------------------------
Train Iter:[0  /563], CauLoss:[1.1580], AdvLoss:[4.1219]
Train Iter:[140/563], CauLoss:[1.6138], AdvLoss:[5.7837]
Train Iter:[280/563], CauLoss:[1.6253], AdvLoss:[5.8106]
Train Iter:[420/563], CauLoss:[1.6201], AdvLoss:[5.8553]
Train Iter:[560/563], CauLoss:[1.6245], AdvLoss:[5.8654]
--------------------------------------------------------------------------------------------------------------------------------------------------------------------------------------------------------
Epoch:[89/100], CauAdvLoss:[1.6246/5.8701], valid:[92.40], test:[74.17]
--------------------------------------------------------------------------------------------------------------------------------------------------------------------------------------------------------
Train Iter:[0  /563], CauLoss:[1.1854], AdvLoss:[5.4422]
Train Iter:[140/563], CauLoss:[1.6333], AdvLoss:[5.7982]
Train Iter:[280/563], CauLoss:[1.6150], AdvLoss:[5.9295]
Train Iter:[420/563], CauLoss:[1.6192], AdvLoss:[5.9776]
Train Iter:[560/563], CauLoss:[1.6248], AdvLoss:[6.0441]
--------------------------------------------------------------------------------------------------------------------------------------------------------------------------------------------------------
Epoch:[90/100], CauAdvLoss:[1.6242/6.0407], valid:[92.63], test:[72.57]
--------------------------------------------------------------------------------------------------------------------------------------------------------------------------------------------------------
Train Iter:[0  /563], CauLoss:[1.7857], AdvLoss:[6.7271]
Train Iter:[140/563], CauLoss:[1.5876], AdvLoss:[6.1541]
Train Iter:[280/563], CauLoss:[1.6290], AdvLoss:[6.0465]
Train Iter:[420/563], CauLoss:[1.6257], AdvLoss:[5.9852]
Train Iter:[560/563], CauLoss:[1.6281], AdvLoss:[5.9918]
--------------------------------------------------------------------------------------------------------------------------------------------------------------------------------------------------------
Epoch:[91/100], CauAdvLoss:[1.6279/5.9913], valid:[91.70], test:[72.10]
--------------------------------------------------------------------------------------------------------------------------------------------------------------------------------------------------------
Train Iter:[0  /563], CauLoss:[2.0646], AdvLoss:[7.1267]
Train Iter:[140/563], CauLoss:[1.6109], AdvLoss:[6.0134]
Train Iter:[280/563], CauLoss:[1.6191], AdvLoss:[5.8629]
Train Iter:[420/563], CauLoss:[1.6176], AdvLoss:[5.9750]
Train Iter:[560/563], CauLoss:[1.6228], AdvLoss:[5.9563]
--------------------------------------------------------------------------------------------------------------------------------------------------------------------------------------------------------
Epoch:[92/100], CauAdvLoss:[1.6238/5.9536], valid:[91.87], test:[72.20]
--------------------------------------------------------------------------------------------------------------------------------------------------------------------------------------------------------
Train Iter:[0  /563], CauLoss:[1.6075], AdvLoss:[5.2462]
Train Iter:[140/563], CauLoss:[1.6205], AdvLoss:[5.9551]
Train Iter:[280/563], CauLoss:[1.6268], AdvLoss:[6.0525]
Train Iter:[420/563], CauLoss:[1.6177], AdvLoss:[6.0852]
Train Iter:[560/563], CauLoss:[1.6252], AdvLoss:[6.0242]
--------------------------------------------------------------------------------------------------------------------------------------------------------------------------------------------------------
Epoch:[93/100], CauAdvLoss:[1.6249/6.0179], valid:[91.47], test:[72.77]
--------------------------------------------------------------------------------------------------------------------------------------------------------------------------------------------------------
Train Iter:[0  /563], CauLoss:[1.6961], AdvLoss:[4.5435]
Train Iter:[140/563], CauLoss:[1.6139], AdvLoss:[6.0452]
Train Iter:[280/563], CauLoss:[1.6100], AdvLoss:[5.9352]
Train Iter:[420/563], CauLoss:[1.6077], AdvLoss:[6.0212]
Train Iter:[560/563], CauLoss:[1.6281], AdvLoss:[5.9632]
--------------------------------------------------------------------------------------------------------------------------------------------------------------------------------------------------------
Epoch:[94/100], CauAdvLoss:[1.6286/5.9709], valid:[91.83], test:[75.20]
--------------------------------------------------------------------------------------------------------------------------------------------------------------------------------------------------------
Train Iter:[0  /563], CauLoss:[1.3557], AdvLoss:[5.7448]
Train Iter:[140/563], CauLoss:[1.6049], AdvLoss:[5.8734]
Train Iter:[280/563], CauLoss:[1.6186], AdvLoss:[5.8385]
Train Iter:[420/563], CauLoss:[1.6272], AdvLoss:[5.8989]
Train Iter:[560/563], CauLoss:[1.6307], AdvLoss:[5.9756]
--------------------------------------------------------------------------------------------------------------------------------------------------------------------------------------------------------
Epoch:[95/100], CauAdvLoss:[1.6301/5.9807], valid:[91.87], test:[74.10]
--------------------------------------------------------------------------------------------------------------------------------------------------------------------------------------------------------
Train Iter:[0  /563], CauLoss:[1.5197], AdvLoss:[6.4585]
Train Iter:[140/563], CauLoss:[1.5896], AdvLoss:[5.9485]
Train Iter:[280/563], CauLoss:[1.6140], AdvLoss:[5.9760]
Train Iter:[420/563], CauLoss:[1.6203], AdvLoss:[5.9677]
Train Iter:[560/563], CauLoss:[1.6248], AdvLoss:[5.9577]
--------------------------------------------------------------------------------------------------------------------------------------------------------------------------------------------------------
Epoch:[96/100], CauAdvLoss:[1.6249/5.9500], valid:[91.27], test:[72.03]
--------------------------------------------------------------------------------------------------------------------------------------------------------------------------------------------------------
Train Iter:[0  /563], CauLoss:[1.1722], AdvLoss:[4.8172]
Train Iter:[140/563], CauLoss:[1.6418], AdvLoss:[5.8537]
Train Iter:[280/563], CauLoss:[1.6354], AdvLoss:[5.9073]
Train Iter:[420/563], CauLoss:[1.6213], AdvLoss:[5.8635]
Train Iter:[560/563], CauLoss:[1.6272], AdvLoss:[5.9341]
--------------------------------------------------------------------------------------------------------------------------------------------------------------------------------------------------------
Epoch:[97/100], CauAdvLoss:[1.6282/5.9313], valid:[92.97], test:[74.70]
--------------------------------------------------------------------------------------------------------------------------------------------------------------------------------------------------------
Train Iter:[0  /563], CauLoss:[2.3717], AdvLoss:[6.7188]
Train Iter:[140/563], CauLoss:[1.6464], AdvLoss:[6.0505]
Train Iter:[280/563], CauLoss:[1.6026], AdvLoss:[5.9698]
Train Iter:[420/563], CauLoss:[1.6094], AdvLoss:[5.9546]
Train Iter:[560/563], CauLoss:[1.6251], AdvLoss:[5.9366]
--------------------------------------------------------------------------------------------------------------------------------------------------------------------------------------------------------
Epoch:[98/100], CauAdvLoss:[1.6262/5.9382], valid:[92.97], test:[76.00]
--------------------------------------------------------------------------------------------------------------------------------------------------------------------------------------------------------
Train Iter:[0  /563], CauLoss:[2.1008], AdvLoss:[6.8109]
Train Iter:[140/563], CauLoss:[1.6029], AdvLoss:[6.2345]
Train Iter:[280/563], CauLoss:[1.6165], AdvLoss:[6.0126]
Train Iter:[420/563], CauLoss:[1.6306], AdvLoss:[5.9645]
Train Iter:[560/563], CauLoss:[1.6305], AdvLoss:[5.9786]
--------------------------------------------------------------------------------------------------------------------------------------------------------------------------------------------------------
Epoch:[99/100], CauAdvLoss:[1.6304/5.9766], valid:[92.43], test:[72.70]
--------------------------------------------------------------------------------------------------------------------------------------------------------------------------------------------------------
Train Iter:[0  /563], CauLoss:[1.9552], AdvLoss:[4.5257]
Train Iter:[140/563], CauLoss:[1.6022], AdvLoss:[6.1018]
Train Iter:[280/563], CauLoss:[1.6067], AdvLoss:[6.0881]
Train Iter:[420/563], CauLoss:[1.6211], AdvLoss:[5.9818]
Train Iter:[560/563], CauLoss:[1.6237], AdvLoss:[5.9701]
--------------------------------------------------------------------------------------------------------------------------------------------------------------------------------------------------------
Epoch:[100/100], CauAdvLoss:[1.6240/5.9612], valid:[92.80], test:[71.87]
--------------------------------------------------------------------------------------------------------------------------------------------------------------------------------------------------------
Update test:[72.23] at epoch:[74] | Total time:00:28:53
Train Iter:[0  /563], CauLoss:[3.4582], AdvLoss:[0.5744]
Train Iter:[140/563], CauLoss:[2.6466], AdvLoss:[1.1195]
Train Iter:[280/563], CauLoss:[2.4097], AdvLoss:[1.7216]
Train Iter:[420/563], CauLoss:[2.3017], AdvLoss:[1.7868]
Train Iter:[560/563], CauLoss:[2.2406], AdvLoss:[1.7417]
--------------------------------------------------------------------------------------------------------------------------------------------------------------------------------------------------------
Epoch:[1/100], CauAdvLoss:[2.2400/1.7390], valid:[45.17], test:[43.93]
--------------------------------------------------------------------------------------------------------------------------------------------------------------------------------------------------------
Train Iter:[0  /563], CauLoss:[2.3183], AdvLoss:[1.1705]
Train Iter:[140/563], CauLoss:[2.0222], AdvLoss:[1.6477]
Train Iter:[280/563], CauLoss:[2.0030], AdvLoss:[1.8390]
Train Iter:[420/563], CauLoss:[1.9816], AdvLoss:[1.9201]
Train Iter:[560/563], CauLoss:[1.9739], AdvLoss:[1.8871]
--------------------------------------------------------------------------------------------------------------------------------------------------------------------------------------------------------
Epoch:[2/100], CauAdvLoss:[1.9744/1.8843], valid:[86.63], test:[57.73]
--------------------------------------------------------------------------------------------------------------------------------------------------------------------------------------------------------
Train Iter:[0  /563], CauLoss:[1.5157], AdvLoss:[1.0395]
Train Iter:[140/563], CauLoss:[1.8702], AdvLoss:[1.9762]
Train Iter:[280/563], CauLoss:[1.9091], AdvLoss:[2.0877]
Train Iter:[420/563], CauLoss:[1.9086], AdvLoss:[2.0488]
Train Iter:[560/563], CauLoss:[1.9124], AdvLoss:[2.1204]
--------------------------------------------------------------------------------------------------------------------------------------------------------------------------------------------------------
Epoch:[3/100], CauAdvLoss:[1.9121/2.1203], valid:[75.07], test:[56.97]
--------------------------------------------------------------------------------------------------------------------------------------------------------------------------------------------------------
Train Iter:[0  /563], CauLoss:[1.8317], AdvLoss:[2.1521]
Train Iter:[140/563], CauLoss:[1.9313], AdvLoss:[2.2137]
Train Iter:[280/563], CauLoss:[1.9119], AdvLoss:[1.7443]
Train Iter:[420/563], CauLoss:[1.8953], AdvLoss:[1.7355]
Train Iter:[560/563], CauLoss:[1.8865], AdvLoss:[1.6990]
--------------------------------------------------------------------------------------------------------------------------------------------------------------------------------------------------------
Epoch:[4/100], CauAdvLoss:[1.8856/1.6954], valid:[38.23], test:[54.07]
--------------------------------------------------------------------------------------------------------------------------------------------------------------------------------------------------------
Train Iter:[0  /563], CauLoss:[1.4443], AdvLoss:[0.6560]
Train Iter:[140/563], CauLoss:[1.8287], AdvLoss:[1.0902]
Train Iter:[280/563], CauLoss:[1.8318], AdvLoss:[1.2884]
Train Iter:[420/563], CauLoss:[1.8430], AdvLoss:[1.2852]
Train Iter:[560/563], CauLoss:[1.8391], AdvLoss:[1.2971]
--------------------------------------------------------------------------------------------------------------------------------------------------------------------------------------------------------
Epoch:[5/100], CauAdvLoss:[1.8412/1.2955], valid:[82.13], test:[56.80]
--------------------------------------------------------------------------------------------------------------------------------------------------------------------------------------------------------
Train Iter:[0  /563], CauLoss:[2.0266], AdvLoss:[1.1499]
Train Iter:[140/563], CauLoss:[1.7857], AdvLoss:[1.3704]
Train Iter:[280/563], CauLoss:[1.8048], AdvLoss:[1.7007]
Train Iter:[420/563], CauLoss:[1.8105], AdvLoss:[1.7019]
Train Iter:[560/563], CauLoss:[1.8289], AdvLoss:[1.4217]
--------------------------------------------------------------------------------------------------------------------------------------------------------------------------------------------------------
Epoch:[6/100], CauAdvLoss:[1.8316/1.4220], valid:[68.90], test:[56.93]
--------------------------------------------------------------------------------------------------------------------------------------------------------------------------------------------------------
Train Iter:[0  /563], CauLoss:[1.8167], AdvLoss:[1.5040]
Train Iter:[140/563], CauLoss:[1.7999], AdvLoss:[1.5387]
Train Iter:[280/563], CauLoss:[1.8279], AdvLoss:[1.4986]
Train Iter:[420/563], CauLoss:[1.8363], AdvLoss:[1.3611]
Train Iter:[560/563], CauLoss:[1.8284], AdvLoss:[1.3317]
--------------------------------------------------------------------------------------------------------------------------------------------------------------------------------------------------------
Epoch:[7/100], CauAdvLoss:[1.8271/1.3299], valid:[58.03], test:[44.60]
--------------------------------------------------------------------------------------------------------------------------------------------------------------------------------------------------------
Train Iter:[0  /563], CauLoss:[1.3526], AdvLoss:[0.3734]
Train Iter:[140/563], CauLoss:[1.8146], AdvLoss:[1.5669]
Train Iter:[280/563], CauLoss:[1.7974], AdvLoss:[2.1667]
Train Iter:[420/563], CauLoss:[1.8089], AdvLoss:[2.2970]
Train Iter:[560/563], CauLoss:[1.7983], AdvLoss:[2.3078]
--------------------------------------------------------------------------------------------------------------------------------------------------------------------------------------------------------
Epoch:[8/100], CauAdvLoss:[1.7987/2.3104], valid:[54.37], test:[46.40]
--------------------------------------------------------------------------------------------------------------------------------------------------------------------------------------------------------
Train Iter:[0  /563], CauLoss:[2.0854], AdvLoss:[1.8432]
Train Iter:[140/563], CauLoss:[1.8369], AdvLoss:[2.1877]
Train Iter:[280/563], CauLoss:[1.8158], AdvLoss:[2.5514]
Train Iter:[420/563], CauLoss:[1.8060], AdvLoss:[2.6369]
Train Iter:[560/563], CauLoss:[1.7886], AdvLoss:[2.6833]
--------------------------------------------------------------------------------------------------------------------------------------------------------------------------------------------------------
Epoch:[9/100], CauAdvLoss:[1.7881/2.6834], valid:[49.13], test:[51.43]
--------------------------------------------------------------------------------------------------------------------------------------------------------------------------------------------------------
Train Iter:[0  /563], CauLoss:[1.4315], AdvLoss:[2.2368]
Train Iter:[140/563], CauLoss:[1.7661], AdvLoss:[2.7074]
Train Iter:[280/563], CauLoss:[1.7682], AdvLoss:[2.9859]
Train Iter:[420/563], CauLoss:[1.7842], AdvLoss:[2.8718]
Train Iter:[560/563], CauLoss:[1.7869], AdvLoss:[2.8346]
--------------------------------------------------------------------------------------------------------------------------------------------------------------------------------------------------------
Epoch:[10/100], CauAdvLoss:[1.7867/2.8372], valid:[57.63], test:[49.53]
--------------------------------------------------------------------------------------------------------------------------------------------------------------------------------------------------------
Train Iter:[0  /563], CauLoss:[2.2394], AdvLoss:[2.2554]
Train Iter:[140/563], CauLoss:[1.7473], AdvLoss:[2.7317]
Train Iter:[280/563], CauLoss:[1.7668], AdvLoss:[2.6413]
Train Iter:[420/563], CauLoss:[1.7640], AdvLoss:[2.5700]
Train Iter:[560/563], CauLoss:[1.7680], AdvLoss:[2.6632]
--------------------------------------------------------------------------------------------------------------------------------------------------------------------------------------------------------
Epoch:[11/100], CauAdvLoss:[1.7683/2.6633], valid:[49.63], test:[49.57]
--------------------------------------------------------------------------------------------------------------------------------------------------------------------------------------------------------
Train Iter:[0  /563], CauLoss:[1.3663], AdvLoss:[3.3102]
Train Iter:[140/563], CauLoss:[1.7617], AdvLoss:[3.5153]
Train Iter:[280/563], CauLoss:[1.7714], AdvLoss:[3.1974]
Train Iter:[420/563], CauLoss:[1.7665], AdvLoss:[3.1399]
Train Iter:[560/563], CauLoss:[1.7683], AdvLoss:[3.3028]
--------------------------------------------------------------------------------------------------------------------------------------------------------------------------------------------------------
Epoch:[12/100], CauAdvLoss:[1.7690/3.2993], valid:[52.13], test:[57.97]
--------------------------------------------------------------------------------------------------------------------------------------------------------------------------------------------------------
Train Iter:[0  /563], CauLoss:[1.8361], AdvLoss:[3.6090]
Train Iter:[140/563], CauLoss:[1.7592], AdvLoss:[3.0675]
Train Iter:[280/563], CauLoss:[1.7673], AdvLoss:[3.2710]
Train Iter:[420/563], CauLoss:[1.7697], AdvLoss:[3.4249]
Train Iter:[560/563], CauLoss:[1.7549], AdvLoss:[3.4435]
--------------------------------------------------------------------------------------------------------------------------------------------------------------------------------------------------------
Epoch:[13/100], CauAdvLoss:[1.7542/3.4434], valid:[46.60], test:[61.10]
--------------------------------------------------------------------------------------------------------------------------------------------------------------------------------------------------------
Train Iter:[0  /563], CauLoss:[1.6594], AdvLoss:[4.1231]
Train Iter:[140/563], CauLoss:[1.7378], AdvLoss:[3.6364]
Train Iter:[280/563], CauLoss:[1.7329], AdvLoss:[3.5692]
Train Iter:[420/563], CauLoss:[1.7397], AdvLoss:[3.5512]
Train Iter:[560/563], CauLoss:[1.7344], AdvLoss:[3.4314]
--------------------------------------------------------------------------------------------------------------------------------------------------------------------------------------------------------
Epoch:[14/100], CauAdvLoss:[1.7345/3.4342], valid:[72.67], test:[61.30]
--------------------------------------------------------------------------------------------------------------------------------------------------------------------------------------------------------
Train Iter:[0  /563], CauLoss:[1.5022], AdvLoss:[4.1578]
Train Iter:[140/563], CauLoss:[1.7391], AdvLoss:[3.7787]
Train Iter:[280/563], CauLoss:[1.7454], AdvLoss:[3.6402]
Train Iter:[420/563], CauLoss:[1.7511], AdvLoss:[3.6378]
Train Iter:[560/563], CauLoss:[1.7461], AdvLoss:[3.6189]
--------------------------------------------------------------------------------------------------------------------------------------------------------------------------------------------------------
Epoch:[15/100], CauAdvLoss:[1.7456/3.6212], valid:[47.73], test:[52.07]
--------------------------------------------------------------------------------------------------------------------------------------------------------------------------------------------------------
Train Iter:[0  /563], CauLoss:[1.9113], AdvLoss:[2.9719]
Train Iter:[140/563], CauLoss:[1.7041], AdvLoss:[3.6141]
Train Iter:[280/563], CauLoss:[1.7141], AdvLoss:[3.8231]
Train Iter:[420/563], CauLoss:[1.7293], AdvLoss:[3.5542]
Train Iter:[560/563], CauLoss:[1.7463], AdvLoss:[3.3237]
--------------------------------------------------------------------------------------------------------------------------------------------------------------------------------------------------------
Epoch:[16/100], CauAdvLoss:[1.7451/3.3224], valid:[58.80], test:[36.73]
--------------------------------------------------------------------------------------------------------------------------------------------------------------------------------------------------------
Train Iter:[0  /563], CauLoss:[1.8142], AdvLoss:[2.0532]
Train Iter:[140/563], CauLoss:[1.7078], AdvLoss:[3.3479]
Train Iter:[280/563], CauLoss:[1.7320], AdvLoss:[3.5825]
Train Iter:[420/563], CauLoss:[1.7429], AdvLoss:[3.6334]
Train Iter:[560/563], CauLoss:[1.7361], AdvLoss:[3.7346]
--------------------------------------------------------------------------------------------------------------------------------------------------------------------------------------------------------
Epoch:[17/100], CauAdvLoss:[1.7355/3.7359], valid:[88.00], test:[62.17]
--------------------------------------------------------------------------------------------------------------------------------------------------------------------------------------------------------
Train Iter:[0  /563], CauLoss:[1.7608], AdvLoss:[3.8273]
Train Iter:[140/563], CauLoss:[1.7392], AdvLoss:[3.5306]
Train Iter:[280/563], CauLoss:[1.7390], AdvLoss:[3.5010]
Train Iter:[420/563], CauLoss:[1.7296], AdvLoss:[3.4275]
Train Iter:[560/563], CauLoss:[1.7285], AdvLoss:[3.1686]
--------------------------------------------------------------------------------------------------------------------------------------------------------------------------------------------------------
Epoch:[18/100], CauAdvLoss:[1.7284/3.1675], valid:[49.93], test:[59.33]
--------------------------------------------------------------------------------------------------------------------------------------------------------------------------------------------------------
Train Iter:[0  /563], CauLoss:[2.0874], AdvLoss:[1.8712]
Train Iter:[140/563], CauLoss:[1.7325], AdvLoss:[2.4974]
Train Iter:[280/563], CauLoss:[1.7368], AdvLoss:[2.7800]
Train Iter:[420/563], CauLoss:[1.7154], AdvLoss:[3.0150]
Train Iter:[560/563], CauLoss:[1.7221], AdvLoss:[2.9848]
--------------------------------------------------------------------------------------------------------------------------------------------------------------------------------------------------------
Epoch:[19/100], CauAdvLoss:[1.7218/2.9888], valid:[92.93], test:[54.57]
--------------------------------------------------------------------------------------------------------------------------------------------------------------------------------------------------------
Train Iter:[0  /563], CauLoss:[1.4459], AdvLoss:[3.2568]
Train Iter:[140/563], CauLoss:[1.7372], AdvLoss:[2.6631]
Train Iter:[280/563], CauLoss:[1.7194], AdvLoss:[3.0992]
Train Iter:[420/563], CauLoss:[1.7090], AdvLoss:[3.1778]
Train Iter:[560/563], CauLoss:[1.7173], AdvLoss:[3.3611]
--------------------------------------------------------------------------------------------------------------------------------------------------------------------------------------------------------
Epoch:[20/100], CauAdvLoss:[1.7186/3.3699], valid:[92.90], test:[65.13]
--------------------------------------------------------------------------------------------------------------------------------------------------------------------------------------------------------
Train Iter:[0  /563], CauLoss:[2.0012], AdvLoss:[4.9316]
Train Iter:[140/563], CauLoss:[1.6589], AdvLoss:[3.8953]
Train Iter:[280/563], CauLoss:[1.6907], AdvLoss:[3.9296]
Train Iter:[420/563], CauLoss:[1.7135], AdvLoss:[3.7601]
Train Iter:[560/563], CauLoss:[1.7211], AdvLoss:[3.7399]
--------------------------------------------------------------------------------------------------------------------------------------------------------------------------------------------------------
Epoch:[21/100], CauAdvLoss:[1.7205/3.7416], valid:[92.90], test:[72.83]
--------------------------------------------------------------------------------------------------------------------------------------------------------------------------------------------------------
Train Iter:[0  /563], CauLoss:[1.4207], AdvLoss:[4.4620]
Train Iter:[140/563], CauLoss:[1.7338], AdvLoss:[3.6529]
Train Iter:[280/563], CauLoss:[1.6914], AdvLoss:[3.7475]
Train Iter:[420/563], CauLoss:[1.7118], AdvLoss:[3.8230]
Train Iter:[560/563], CauLoss:[1.7100], AdvLoss:[3.8002]
--------------------------------------------------------------------------------------------------------------------------------------------------------------------------------------------------------
Epoch:[22/100], CauAdvLoss:[1.7110/3.7976], valid:[70.13], test:[66.10]
--------------------------------------------------------------------------------------------------------------------------------------------------------------------------------------------------------
Train Iter:[0  /563], CauLoss:[1.2016], AdvLoss:[2.6836]
Train Iter:[140/563], CauLoss:[1.7334], AdvLoss:[3.2527]
Train Iter:[280/563], CauLoss:[1.7096], AdvLoss:[3.4114]
Train Iter:[420/563], CauLoss:[1.7069], AdvLoss:[3.6173]
Train Iter:[560/563], CauLoss:[1.7080], AdvLoss:[3.6265]
--------------------------------------------------------------------------------------------------------------------------------------------------------------------------------------------------------
Epoch:[23/100], CauAdvLoss:[1.7113/3.6298], valid:[92.83], test:[65.00]
--------------------------------------------------------------------------------------------------------------------------------------------------------------------------------------------------------
Train Iter:[0  /563], CauLoss:[1.7983], AdvLoss:[4.9392]
Train Iter:[140/563], CauLoss:[1.7025], AdvLoss:[4.0221]
Train Iter:[280/563], CauLoss:[1.7059], AdvLoss:[3.8905]
Train Iter:[420/563], CauLoss:[1.7045], AdvLoss:[4.0456]
Train Iter:[560/563], CauLoss:[1.7106], AdvLoss:[3.8737]
--------------------------------------------------------------------------------------------------------------------------------------------------------------------------------------------------------
Epoch:[24/100], CauAdvLoss:[1.7104/3.8743], valid:[73.27], test:[61.50]
--------------------------------------------------------------------------------------------------------------------------------------------------------------------------------------------------------
Train Iter:[0  /563], CauLoss:[1.2277], AdvLoss:[3.4614]
Train Iter:[140/563], CauLoss:[1.7614], AdvLoss:[3.0021]
Train Iter:[280/563], CauLoss:[1.7354], AdvLoss:[3.0801]
Train Iter:[420/563], CauLoss:[1.7155], AdvLoss:[3.3473]
Train Iter:[560/563], CauLoss:[1.7069], AdvLoss:[3.3143]
--------------------------------------------------------------------------------------------------------------------------------------------------------------------------------------------------------
Epoch:[25/100], CauAdvLoss:[1.7067/3.3140], valid:[87.93], test:[65.40]
--------------------------------------------------------------------------------------------------------------------------------------------------------------------------------------------------------
Train Iter:[0  /563], CauLoss:[2.2746], AdvLoss:[4.1244]
Train Iter:[140/563], CauLoss:[1.7025], AdvLoss:[2.9186]
Train Iter:[280/563], CauLoss:[1.6976], AdvLoss:[2.9959]
Train Iter:[420/563], CauLoss:[1.6936], AdvLoss:[3.2252]
Train Iter:[560/563], CauLoss:[1.6942], AdvLoss:[3.3789]
--------------------------------------------------------------------------------------------------------------------------------------------------------------------------------------------------------
Epoch:[26/100], CauAdvLoss:[1.6946/3.3822], valid:[92.57], test:[58.97]
--------------------------------------------------------------------------------------------------------------------------------------------------------------------------------------------------------
Train Iter:[0  /563], CauLoss:[2.0676], AdvLoss:[4.9476]
Train Iter:[140/563], CauLoss:[1.7152], AdvLoss:[3.0318]
Train Iter:[280/563], CauLoss:[1.6906], AdvLoss:[3.1593]
Train Iter:[420/563], CauLoss:[1.6896], AdvLoss:[3.1645]
Train Iter:[560/563], CauLoss:[1.6992], AdvLoss:[3.2722]
--------------------------------------------------------------------------------------------------------------------------------------------------------------------------------------------------------
Epoch:[27/100], CauAdvLoss:[1.6984/3.2669], valid:[61.57], test:[67.63]
--------------------------------------------------------------------------------------------------------------------------------------------------------------------------------------------------------
Train Iter:[0  /563], CauLoss:[1.8158], AdvLoss:[5.0577]
Train Iter:[140/563], CauLoss:[1.7078], AdvLoss:[3.3548]
Train Iter:[280/563], CauLoss:[1.7060], AdvLoss:[3.1329]
Train Iter:[420/563], CauLoss:[1.7029], AdvLoss:[3.2807]
Train Iter:[560/563], CauLoss:[1.6977], AdvLoss:[3.4449]
--------------------------------------------------------------------------------------------------------------------------------------------------------------------------------------------------------
Epoch:[28/100], CauAdvLoss:[1.6981/3.4463], valid:[88.43], test:[56.83]
--------------------------------------------------------------------------------------------------------------------------------------------------------------------------------------------------------
Train Iter:[0  /563], CauLoss:[1.5527], AdvLoss:[3.2186]
Train Iter:[140/563], CauLoss:[1.6322], AdvLoss:[4.0258]
Train Iter:[280/563], CauLoss:[1.6828], AdvLoss:[3.7962]
Train Iter:[420/563], CauLoss:[1.6973], AdvLoss:[4.0036]
Train Iter:[560/563], CauLoss:[1.6967], AdvLoss:[3.9816]
--------------------------------------------------------------------------------------------------------------------------------------------------------------------------------------------------------
Epoch:[29/100], CauAdvLoss:[1.6969/3.9819], valid:[49.37], test:[62.40]
--------------------------------------------------------------------------------------------------------------------------------------------------------------------------------------------------------
Train Iter:[0  /563], CauLoss:[2.1719], AdvLoss:[2.6771]
Train Iter:[140/563], CauLoss:[1.7101], AdvLoss:[4.4346]
Train Iter:[280/563], CauLoss:[1.6828], AdvLoss:[4.1623]
Train Iter:[420/563], CauLoss:[1.6927], AdvLoss:[3.9431]
Train Iter:[560/563], CauLoss:[1.6917], AdvLoss:[4.0481]
--------------------------------------------------------------------------------------------------------------------------------------------------------------------------------------------------------
Epoch:[30/100], CauAdvLoss:[1.6916/4.0499], valid:[86.63], test:[76.13]
--------------------------------------------------------------------------------------------------------------------------------------------------------------------------------------------------------
Train Iter:[0  /563], CauLoss:[1.6990], AdvLoss:[4.2561]
Train Iter:[140/563], CauLoss:[1.6740], AdvLoss:[4.0087]
Train Iter:[280/563], CauLoss:[1.6876], AdvLoss:[3.9647]
Train Iter:[420/563], CauLoss:[1.6966], AdvLoss:[4.0519]
Train Iter:[560/563], CauLoss:[1.6911], AdvLoss:[4.0856]
--------------------------------------------------------------------------------------------------------------------------------------------------------------------------------------------------------
Epoch:[31/100], CauAdvLoss:[1.6906/4.0883], valid:[92.97], test:[68.20]
--------------------------------------------------------------------------------------------------------------------------------------------------------------------------------------------------------
Train Iter:[0  /563], CauLoss:[1.5771], AdvLoss:[4.6212]
Train Iter:[140/563], CauLoss:[1.6976], AdvLoss:[3.3974]
Train Iter:[280/563], CauLoss:[1.7064], AdvLoss:[2.7973]
Train Iter:[420/563], CauLoss:[1.7065], AdvLoss:[3.0875]
Train Iter:[560/563], CauLoss:[1.6969], AdvLoss:[3.3581]
--------------------------------------------------------------------------------------------------------------------------------------------------------------------------------------------------------
Epoch:[32/100], CauAdvLoss:[1.6976/3.3600], valid:[93.10], test:[63.77]
--------------------------------------------------------------------------------------------------------------------------------------------------------------------------------------------------------
Train Iter:[0  /563], CauLoss:[1.7061], AdvLoss:[4.3534]
Train Iter:[140/563], CauLoss:[1.7217], AdvLoss:[3.9026]
Train Iter:[280/563], CauLoss:[1.7061], AdvLoss:[3.8452]
Train Iter:[420/563], CauLoss:[1.6987], AdvLoss:[3.7730]
Train Iter:[560/563], CauLoss:[1.6924], AdvLoss:[3.8680]
--------------------------------------------------------------------------------------------------------------------------------------------------------------------------------------------------------
Epoch:[33/100], CauAdvLoss:[1.6912/3.8650], valid:[73.83], test:[63.83]
--------------------------------------------------------------------------------------------------------------------------------------------------------------------------------------------------------
Train Iter:[0  /563], CauLoss:[2.0730], AdvLoss:[3.3913]
Train Iter:[140/563], CauLoss:[1.7143], AdvLoss:[4.1780]
Train Iter:[280/563], CauLoss:[1.6884], AdvLoss:[4.2640]
Train Iter:[420/563], CauLoss:[1.6909], AdvLoss:[4.2487]
Train Iter:[560/563], CauLoss:[1.6832], AdvLoss:[4.2904]
--------------------------------------------------------------------------------------------------------------------------------------------------------------------------------------------------------
Epoch:[34/100], CauAdvLoss:[1.6829/4.2874], valid:[90.23], test:[54.53]
--------------------------------------------------------------------------------------------------------------------------------------------------------------------------------------------------------
Train Iter:[0  /563], CauLoss:[1.6443], AdvLoss:[3.6231]
Train Iter:[140/563], CauLoss:[1.6686], AdvLoss:[4.1249]
Train Iter:[280/563], CauLoss:[1.6888], AdvLoss:[4.2928]
Train Iter:[420/563], CauLoss:[1.6949], AdvLoss:[4.4487]
Train Iter:[560/563], CauLoss:[1.6888], AdvLoss:[4.4133]
--------------------------------------------------------------------------------------------------------------------------------------------------------------------------------------------------------
Epoch:[35/100], CauAdvLoss:[1.6899/4.4201], valid:[63.37], test:[74.60]
--------------------------------------------------------------------------------------------------------------------------------------------------------------------------------------------------------
Train Iter:[0  /563], CauLoss:[1.9761], AdvLoss:[4.5986]
Train Iter:[140/563], CauLoss:[1.6963], AdvLoss:[4.8639]
Train Iter:[280/563], CauLoss:[1.6814], AdvLoss:[4.5322]
Train Iter:[420/563], CauLoss:[1.6807], AdvLoss:[4.5371]
Train Iter:[560/563], CauLoss:[1.6819], AdvLoss:[4.4843]
--------------------------------------------------------------------------------------------------------------------------------------------------------------------------------------------------------
Epoch:[36/100], CauAdvLoss:[1.6818/4.4858], valid:[63.13], test:[71.10]
--------------------------------------------------------------------------------------------------------------------------------------------------------------------------------------------------------
Train Iter:[0  /563], CauLoss:[1.4494], AdvLoss:[4.0691]
Train Iter:[140/563], CauLoss:[1.6696], AdvLoss:[4.3873]
Train Iter:[280/563], CauLoss:[1.6901], AdvLoss:[4.3595]
Train Iter:[420/563], CauLoss:[1.6831], AdvLoss:[4.3290]
Train Iter:[560/563], CauLoss:[1.6727], AdvLoss:[4.2510]
--------------------------------------------------------------------------------------------------------------------------------------------------------------------------------------------------------
Epoch:[37/100], CauAdvLoss:[1.6729/4.2521], valid:[47.80], test:[73.23]
--------------------------------------------------------------------------------------------------------------------------------------------------------------------------------------------------------
Train Iter:[0  /563], CauLoss:[1.7331], AdvLoss:[3.8684]
Train Iter:[140/563], CauLoss:[1.7097], AdvLoss:[4.3624]
Train Iter:[280/563], CauLoss:[1.6894], AdvLoss:[4.6115]
Train Iter:[420/563], CauLoss:[1.6712], AdvLoss:[4.5799]
Train Iter:[560/563], CauLoss:[1.6787], AdvLoss:[4.4531]
--------------------------------------------------------------------------------------------------------------------------------------------------------------------------------------------------------
Epoch:[38/100], CauAdvLoss:[1.6796/4.4489], valid:[92.97], test:[74.43]
--------------------------------------------------------------------------------------------------------------------------------------------------------------------------------------------------------
Train Iter:[0  /563], CauLoss:[1.4572], AdvLoss:[3.5188]
Train Iter:[140/563], CauLoss:[1.6735], AdvLoss:[4.1621]
Train Iter:[280/563], CauLoss:[1.6681], AdvLoss:[4.3047]
Train Iter:[420/563], CauLoss:[1.6703], AdvLoss:[4.3384]
Train Iter:[560/563], CauLoss:[1.6774], AdvLoss:[4.3925]
--------------------------------------------------------------------------------------------------------------------------------------------------------------------------------------------------------
Epoch:[39/100], CauAdvLoss:[1.6762/4.3887], valid:[92.90], test:[68.07]
--------------------------------------------------------------------------------------------------------------------------------------------------------------------------------------------------------
Train Iter:[0  /563], CauLoss:[1.4303], AdvLoss:[3.2554]
Train Iter:[140/563], CauLoss:[1.6834], AdvLoss:[4.2206]
Train Iter:[280/563], CauLoss:[1.6619], AdvLoss:[4.2865]
Train Iter:[420/563], CauLoss:[1.6786], AdvLoss:[4.3459]
Train Iter:[560/563], CauLoss:[1.6745], AdvLoss:[4.2562]
--------------------------------------------------------------------------------------------------------------------------------------------------------------------------------------------------------
Epoch:[40/100], CauAdvLoss:[1.6744/4.2569], valid:[93.00], test:[71.40]
--------------------------------------------------------------------------------------------------------------------------------------------------------------------------------------------------------
Train Iter:[0  /563], CauLoss:[1.3392], AdvLoss:[3.8441]
Train Iter:[140/563], CauLoss:[1.6824], AdvLoss:[4.3978]
Train Iter:[280/563], CauLoss:[1.6581], AdvLoss:[4.3571]
Train Iter:[420/563], CauLoss:[1.6640], AdvLoss:[4.3424]
Train Iter:[560/563], CauLoss:[1.6737], AdvLoss:[4.4091]
--------------------------------------------------------------------------------------------------------------------------------------------------------------------------------------------------------
Epoch:[41/100], CauAdvLoss:[1.6732/4.4024], valid:[92.70], test:[62.80]
--------------------------------------------------------------------------------------------------------------------------------------------------------------------------------------------------------
Train Iter:[0  /563], CauLoss:[1.8372], AdvLoss:[3.4691]
Train Iter:[140/563], CauLoss:[1.6777], AdvLoss:[4.3234]
Train Iter:[280/563], CauLoss:[1.6915], AdvLoss:[4.6250]
Train Iter:[420/563], CauLoss:[1.6835], AdvLoss:[4.4538]
Train Iter:[560/563], CauLoss:[1.6783], AdvLoss:[4.3657]
--------------------------------------------------------------------------------------------------------------------------------------------------------------------------------------------------------
Epoch:[42/100], CauAdvLoss:[1.6767/4.3643], valid:[92.77], test:[63.67]
--------------------------------------------------------------------------------------------------------------------------------------------------------------------------------------------------------
Train Iter:[0  /563], CauLoss:[1.4041], AdvLoss:[4.0761]
Train Iter:[140/563], CauLoss:[1.6686], AdvLoss:[3.9734]
Train Iter:[280/563], CauLoss:[1.6789], AdvLoss:[4.0045]
Train Iter:[420/563], CauLoss:[1.6742], AdvLoss:[4.0157]
Train Iter:[560/563], CauLoss:[1.6758], AdvLoss:[4.0690]
--------------------------------------------------------------------------------------------------------------------------------------------------------------------------------------------------------
Epoch:[43/100], CauAdvLoss:[1.6749/4.0725], valid:[87.03], test:[74.00]
--------------------------------------------------------------------------------------------------------------------------------------------------------------------------------------------------------
Train Iter:[0  /563], CauLoss:[1.9696], AdvLoss:[4.4837]
Train Iter:[140/563], CauLoss:[1.6543], AdvLoss:[5.0043]
Train Iter:[280/563], CauLoss:[1.6619], AdvLoss:[4.6171]
Train Iter:[420/563], CauLoss:[1.6569], AdvLoss:[4.4408]
Train Iter:[560/563], CauLoss:[1.6662], AdvLoss:[4.4213]
--------------------------------------------------------------------------------------------------------------------------------------------------------------------------------------------------------
Epoch:[44/100], CauAdvLoss:[1.6668/4.4201], valid:[93.07], test:[77.10]
--------------------------------------------------------------------------------------------------------------------------------------------------------------------------------------------------------
Train Iter:[0  /563], CauLoss:[1.4409], AdvLoss:[3.9187]
Train Iter:[140/563], CauLoss:[1.6634], AdvLoss:[4.2020]
Train Iter:[280/563], CauLoss:[1.6754], AdvLoss:[4.4749]
Train Iter:[420/563], CauLoss:[1.6778], AdvLoss:[4.5507]
Train Iter:[560/563], CauLoss:[1.6693], AdvLoss:[4.4876]
--------------------------------------------------------------------------------------------------------------------------------------------------------------------------------------------------------
Epoch:[45/100], CauAdvLoss:[1.6704/4.4933], valid:[93.10], test:[60.40]
--------------------------------------------------------------------------------------------------------------------------------------------------------------------------------------------------------
Train Iter:[0  /563], CauLoss:[1.5444], AdvLoss:[5.2102]
Train Iter:[140/563], CauLoss:[1.6584], AdvLoss:[4.7591]
Train Iter:[280/563], CauLoss:[1.6694], AdvLoss:[4.6943]
Train Iter:[420/563], CauLoss:[1.6736], AdvLoss:[4.5678]
Train Iter:[560/563], CauLoss:[1.6706], AdvLoss:[4.7312]
--------------------------------------------------------------------------------------------------------------------------------------------------------------------------------------------------------
Epoch:[46/100], CauAdvLoss:[1.6693/4.7294], valid:[54.07], test:[64.80]
--------------------------------------------------------------------------------------------------------------------------------------------------------------------------------------------------------
Train Iter:[0  /563], CauLoss:[1.6539], AdvLoss:[4.5727]
Train Iter:[140/563], CauLoss:[1.6703], AdvLoss:[5.1093]
Train Iter:[280/563], CauLoss:[1.6643], AdvLoss:[5.2356]
Train Iter:[420/563], CauLoss:[1.6807], AdvLoss:[5.1284]
Train Iter:[560/563], CauLoss:[1.6761], AdvLoss:[5.1675]
--------------------------------------------------------------------------------------------------------------------------------------------------------------------------------------------------------
Epoch:[47/100], CauAdvLoss:[1.6774/5.1674], valid:[88.17], test:[73.97]
--------------------------------------------------------------------------------------------------------------------------------------------------------------------------------------------------------
Train Iter:[0  /563], CauLoss:[1.6377], AdvLoss:[7.3309]
Train Iter:[140/563], CauLoss:[1.6970], AdvLoss:[4.8243]
Train Iter:[280/563], CauLoss:[1.6822], AdvLoss:[4.9012]
Train Iter:[420/563], CauLoss:[1.6827], AdvLoss:[4.8855]
Train Iter:[560/563], CauLoss:[1.6678], AdvLoss:[4.9835]
--------------------------------------------------------------------------------------------------------------------------------------------------------------------------------------------------------
Epoch:[48/100], CauAdvLoss:[1.6682/4.9903], valid:[93.00], test:[69.80]
--------------------------------------------------------------------------------------------------------------------------------------------------------------------------------------------------------
Train Iter:[0  /563], CauLoss:[1.3854], AdvLoss:[6.5260]
Train Iter:[140/563], CauLoss:[1.7141], AdvLoss:[5.6197]
Train Iter:[280/563], CauLoss:[1.6748], AdvLoss:[5.5410]
Train Iter:[420/563], CauLoss:[1.6789], AdvLoss:[5.4871]
Train Iter:[560/563], CauLoss:[1.6736], AdvLoss:[5.3470]
--------------------------------------------------------------------------------------------------------------------------------------------------------------------------------------------------------
Epoch:[49/100], CauAdvLoss:[1.6734/5.3430], valid:[54.10], test:[64.97]
--------------------------------------------------------------------------------------------------------------------------------------------------------------------------------------------------------
Train Iter:[0  /563], CauLoss:[1.3758], AdvLoss:[3.4627]
Train Iter:[140/563], CauLoss:[1.6580], AdvLoss:[4.7457]
Train Iter:[280/563], CauLoss:[1.6532], AdvLoss:[4.7009]
Train Iter:[420/563], CauLoss:[1.6605], AdvLoss:[4.5829]
Train Iter:[560/563], CauLoss:[1.6729], AdvLoss:[4.6981]
--------------------------------------------------------------------------------------------------------------------------------------------------------------------------------------------------------
Epoch:[50/100], CauAdvLoss:[1.6712/4.7011], valid:[79.80], test:[67.83]
--------------------------------------------------------------------------------------------------------------------------------------------------------------------------------------------------------
Train Iter:[0  /563], CauLoss:[1.5059], AdvLoss:[6.3009]
Train Iter:[140/563], CauLoss:[1.6562], AdvLoss:[5.3784]
Train Iter:[280/563], CauLoss:[1.6545], AdvLoss:[5.3450]
Train Iter:[420/563], CauLoss:[1.6529], AdvLoss:[5.3602]
Train Iter:[560/563], CauLoss:[1.6680], AdvLoss:[5.2500]
--------------------------------------------------------------------------------------------------------------------------------------------------------------------------------------------------------
Epoch:[51/100], CauAdvLoss:[1.6685/5.2502], valid:[76.63], test:[70.17]
--------------------------------------------------------------------------------------------------------------------------------------------------------------------------------------------------------
Train Iter:[0  /563], CauLoss:[1.8480], AdvLoss:[4.2272]
Train Iter:[140/563], CauLoss:[1.6508], AdvLoss:[5.0352]
Train Iter:[280/563], CauLoss:[1.6593], AdvLoss:[5.0882]
Train Iter:[420/563], CauLoss:[1.6543], AdvLoss:[5.3485]
Train Iter:[560/563], CauLoss:[1.6568], AdvLoss:[5.3881]
--------------------------------------------------------------------------------------------------------------------------------------------------------------------------------------------------------
Epoch:[52/100], CauAdvLoss:[1.6563/5.3889], valid:[90.27], test:[70.87]
--------------------------------------------------------------------------------------------------------------------------------------------------------------------------------------------------------
Train Iter:[0  /563], CauLoss:[1.2592], AdvLoss:[3.6209]
Train Iter:[140/563], CauLoss:[1.6819], AdvLoss:[5.3687]
Train Iter:[280/563], CauLoss:[1.6830], AdvLoss:[5.4696]
Train Iter:[420/563], CauLoss:[1.6825], AdvLoss:[5.2270]
Train Iter:[560/563], CauLoss:[1.6694], AdvLoss:[5.2196]
--------------------------------------------------------------------------------------------------------------------------------------------------------------------------------------------------------
Epoch:[53/100], CauAdvLoss:[1.6683/5.2206], valid:[82.63], test:[68.47]
--------------------------------------------------------------------------------------------------------------------------------------------------------------------------------------------------------
Train Iter:[0  /563], CauLoss:[1.4942], AdvLoss:[5.8260]
Train Iter:[140/563], CauLoss:[1.6557], AdvLoss:[5.4969]
Train Iter:[280/563], CauLoss:[1.6682], AdvLoss:[5.4392]
Train Iter:[420/563], CauLoss:[1.6744], AdvLoss:[5.2245]
Train Iter:[560/563], CauLoss:[1.6633], AdvLoss:[5.2522]
--------------------------------------------------------------------------------------------------------------------------------------------------------------------------------------------------------
Epoch:[54/100], CauAdvLoss:[1.6633/5.2558], valid:[93.07], test:[71.17]
--------------------------------------------------------------------------------------------------------------------------------------------------------------------------------------------------------
Train Iter:[0  /563], CauLoss:[1.4218], AdvLoss:[6.6279]
Train Iter:[140/563], CauLoss:[1.6382], AdvLoss:[6.0420]
Train Iter:[280/563], CauLoss:[1.6424], AdvLoss:[6.0932]
Train Iter:[420/563], CauLoss:[1.6530], AdvLoss:[5.7969]
Train Iter:[560/563], CauLoss:[1.6606], AdvLoss:[5.4973]
--------------------------------------------------------------------------------------------------------------------------------------------------------------------------------------------------------
Epoch:[55/100], CauAdvLoss:[1.6619/5.4941], valid:[92.83], test:[70.73]
--------------------------------------------------------------------------------------------------------------------------------------------------------------------------------------------------------
Train Iter:[0  /563], CauLoss:[1.2175], AdvLoss:[5.3040]
Train Iter:[140/563], CauLoss:[1.6663], AdvLoss:[5.0878]
Train Iter:[280/563], CauLoss:[1.6571], AdvLoss:[5.3333]
Train Iter:[420/563], CauLoss:[1.6572], AdvLoss:[5.5465]
Train Iter:[560/563], CauLoss:[1.6639], AdvLoss:[5.6144]
--------------------------------------------------------------------------------------------------------------------------------------------------------------------------------------------------------
Epoch:[56/100], CauAdvLoss:[1.6621/5.6188], valid:[61.07], test:[72.27]
--------------------------------------------------------------------------------------------------------------------------------------------------------------------------------------------------------
Train Iter:[0  /563], CauLoss:[1.6359], AdvLoss:[5.6044]
Train Iter:[140/563], CauLoss:[1.6500], AdvLoss:[5.9747]
Train Iter:[280/563], CauLoss:[1.6626], AdvLoss:[6.0203]
Train Iter:[420/563], CauLoss:[1.6556], AdvLoss:[6.0132]
Train Iter:[560/563], CauLoss:[1.6586], AdvLoss:[5.7301]
--------------------------------------------------------------------------------------------------------------------------------------------------------------------------------------------------------
Epoch:[57/100], CauAdvLoss:[1.6586/5.7286], valid:[92.73], test:[70.37]
--------------------------------------------------------------------------------------------------------------------------------------------------------------------------------------------------------
Train Iter:[0  /563], CauLoss:[1.1925], AdvLoss:[5.1998]
Train Iter:[140/563], CauLoss:[1.6553], AdvLoss:[5.5552]
Train Iter:[280/563], CauLoss:[1.6360], AdvLoss:[5.6388]
Train Iter:[420/563], CauLoss:[1.6455], AdvLoss:[5.6094]
Train Iter:[560/563], CauLoss:[1.6616], AdvLoss:[5.5102]
--------------------------------------------------------------------------------------------------------------------------------------------------------------------------------------------------------
Epoch:[58/100], CauAdvLoss:[1.6602/5.5067], valid:[65.73], test:[75.07]
--------------------------------------------------------------------------------------------------------------------------------------------------------------------------------------------------------
Train Iter:[0  /563], CauLoss:[1.8906], AdvLoss:[6.6987]
Train Iter:[140/563], CauLoss:[1.6911], AdvLoss:[5.0084]
Train Iter:[280/563], CauLoss:[1.6913], AdvLoss:[4.9635]
Train Iter:[420/563], CauLoss:[1.6757], AdvLoss:[5.1947]
Train Iter:[560/563], CauLoss:[1.6544], AdvLoss:[5.2742]
--------------------------------------------------------------------------------------------------------------------------------------------------------------------------------------------------------
Epoch:[59/100], CauAdvLoss:[1.6548/5.2802], valid:[57.37], test:[70.33]
--------------------------------------------------------------------------------------------------------------------------------------------------------------------------------------------------------
Train Iter:[0  /563], CauLoss:[1.3439], AdvLoss:[5.3836]
Train Iter:[140/563], CauLoss:[1.6424], AdvLoss:[5.9455]
Train Iter:[280/563], CauLoss:[1.6639], AdvLoss:[5.5839]
Train Iter:[420/563], CauLoss:[1.6707], AdvLoss:[5.5031]
Train Iter:[560/563], CauLoss:[1.6597], AdvLoss:[5.4301]
--------------------------------------------------------------------------------------------------------------------------------------------------------------------------------------------------------
Epoch:[60/100], CauAdvLoss:[1.6611/5.4361], valid:[60.07], test:[71.03]
--------------------------------------------------------------------------------------------------------------------------------------------------------------------------------------------------------
Train Iter:[0  /563], CauLoss:[1.7128], AdvLoss:[6.7239]
Train Iter:[140/563], CauLoss:[1.6597], AdvLoss:[4.7674]
Train Iter:[280/563], CauLoss:[1.6467], AdvLoss:[4.9967]
Train Iter:[420/563], CauLoss:[1.6560], AdvLoss:[4.8685]
Train Iter:[560/563], CauLoss:[1.6566], AdvLoss:[4.9953]
--------------------------------------------------------------------------------------------------------------------------------------------------------------------------------------------------------
Epoch:[61/100], CauAdvLoss:[1.6566/4.9948], valid:[92.90], test:[66.97]
--------------------------------------------------------------------------------------------------------------------------------------------------------------------------------------------------------
Train Iter:[0  /563], CauLoss:[1.6359], AdvLoss:[5.5893]
Train Iter:[140/563], CauLoss:[1.6516], AdvLoss:[5.3706]
Train Iter:[280/563], CauLoss:[1.6505], AdvLoss:[5.3483]
Train Iter:[420/563], CauLoss:[1.6476], AdvLoss:[5.3076]
Train Iter:[560/563], CauLoss:[1.6558], AdvLoss:[5.2425]
--------------------------------------------------------------------------------------------------------------------------------------------------------------------------------------------------------
Epoch:[62/100], CauAdvLoss:[1.6542/5.2391], valid:[82.00], test:[65.67]
--------------------------------------------------------------------------------------------------------------------------------------------------------------------------------------------------------
Train Iter:[0  /563], CauLoss:[1.3881], AdvLoss:[6.6212]
Train Iter:[140/563], CauLoss:[1.6930], AdvLoss:[4.9034]
Train Iter:[280/563], CauLoss:[1.6613], AdvLoss:[5.1158]
Train Iter:[420/563], CauLoss:[1.6534], AdvLoss:[5.2626]
Train Iter:[560/563], CauLoss:[1.6521], AdvLoss:[5.2703]
--------------------------------------------------------------------------------------------------------------------------------------------------------------------------------------------------------
Epoch:[63/100], CauAdvLoss:[1.6534/5.2694], valid:[92.00], test:[68.60]
--------------------------------------------------------------------------------------------------------------------------------------------------------------------------------------------------------
Train Iter:[0  /563], CauLoss:[1.3545], AdvLoss:[4.8088]
Train Iter:[140/563], CauLoss:[1.6822], AdvLoss:[5.3264]
Train Iter:[280/563], CauLoss:[1.6640], AdvLoss:[5.3244]
Train Iter:[420/563], CauLoss:[1.6536], AdvLoss:[5.4948]
Train Iter:[560/563], CauLoss:[1.6503], AdvLoss:[5.4717]
--------------------------------------------------------------------------------------------------------------------------------------------------------------------------------------------------------
Epoch:[64/100], CauAdvLoss:[1.6500/5.4742], valid:[84.80], test:[74.33]
--------------------------------------------------------------------------------------------------------------------------------------------------------------------------------------------------------
Train Iter:[0  /563], CauLoss:[1.7846], AdvLoss:[4.0692]
Train Iter:[140/563], CauLoss:[1.6746], AdvLoss:[4.9240]
Train Iter:[280/563], CauLoss:[1.6606], AdvLoss:[5.1901]
Train Iter:[420/563], CauLoss:[1.6603], AdvLoss:[5.2089]
Train Iter:[560/563], CauLoss:[1.6546], AdvLoss:[5.2643]
--------------------------------------------------------------------------------------------------------------------------------------------------------------------------------------------------------
Epoch:[65/100], CauAdvLoss:[1.6558/5.2699], valid:[72.33], test:[73.53]
--------------------------------------------------------------------------------------------------------------------------------------------------------------------------------------------------------
Train Iter:[0  /563], CauLoss:[1.9143], AdvLoss:[3.2177]
Train Iter:[140/563], CauLoss:[1.6528], AdvLoss:[5.2307]
Train Iter:[280/563], CauLoss:[1.6691], AdvLoss:[5.3046]
Train Iter:[420/563], CauLoss:[1.6603], AdvLoss:[5.2510]
Train Iter:[560/563], CauLoss:[1.6499], AdvLoss:[5.4608]
--------------------------------------------------------------------------------------------------------------------------------------------------------------------------------------------------------
Epoch:[66/100], CauAdvLoss:[1.6488/5.4676], valid:[85.40], test:[70.90]
--------------------------------------------------------------------------------------------------------------------------------------------------------------------------------------------------------
Train Iter:[0  /563], CauLoss:[2.5405], AdvLoss:[6.7045]
Train Iter:[140/563], CauLoss:[1.6788], AdvLoss:[5.9907]
Train Iter:[280/563], CauLoss:[1.6618], AdvLoss:[5.4580]
Train Iter:[420/563], CauLoss:[1.6466], AdvLoss:[5.4274]
Train Iter:[560/563], CauLoss:[1.6528], AdvLoss:[5.4274]
--------------------------------------------------------------------------------------------------------------------------------------------------------------------------------------------------------
Epoch:[67/100], CauAdvLoss:[1.6515/5.4196], valid:[56.30], test:[62.10]
--------------------------------------------------------------------------------------------------------------------------------------------------------------------------------------------------------
Train Iter:[0  /563], CauLoss:[1.4069], AdvLoss:[4.3351]
Train Iter:[140/563], CauLoss:[1.6675], AdvLoss:[5.5557]
Train Iter:[280/563], CauLoss:[1.6574], AdvLoss:[5.2517]
Train Iter:[420/563], CauLoss:[1.6505], AdvLoss:[5.1407]
Train Iter:[560/563], CauLoss:[1.6488], AdvLoss:[5.0628]
--------------------------------------------------------------------------------------------------------------------------------------------------------------------------------------------------------
Epoch:[68/100], CauAdvLoss:[1.6490/5.0601], valid:[87.93], test:[66.70]
--------------------------------------------------------------------------------------------------------------------------------------------------------------------------------------------------------
Train Iter:[0  /563], CauLoss:[1.6098], AdvLoss:[4.8678]
Train Iter:[140/563], CauLoss:[1.6208], AdvLoss:[4.9225]
Train Iter:[280/563], CauLoss:[1.6373], AdvLoss:[4.7977]
Train Iter:[420/563], CauLoss:[1.6414], AdvLoss:[4.7532]
Train Iter:[560/563], CauLoss:[1.6535], AdvLoss:[4.9657]
--------------------------------------------------------------------------------------------------------------------------------------------------------------------------------------------------------
Epoch:[69/100], CauAdvLoss:[1.6522/4.9652], valid:[79.90], test:[69.53]
--------------------------------------------------------------------------------------------------------------------------------------------------------------------------------------------------------
Train Iter:[0  /563], CauLoss:[1.3017], AdvLoss:[6.0178]
Train Iter:[140/563], CauLoss:[1.6347], AdvLoss:[5.8280]
Train Iter:[280/563], CauLoss:[1.6258], AdvLoss:[6.0708]
Train Iter:[420/563], CauLoss:[1.6431], AdvLoss:[5.7721]
Train Iter:[560/563], CauLoss:[1.6456], AdvLoss:[5.6634]
--------------------------------------------------------------------------------------------------------------------------------------------------------------------------------------------------------
Epoch:[70/100], CauAdvLoss:[1.6451/5.6604], valid:[73.60], test:[73.90]
--------------------------------------------------------------------------------------------------------------------------------------------------------------------------------------------------------
Train Iter:[0  /563], CauLoss:[1.7622], AdvLoss:[4.0786]
Train Iter:[140/563], CauLoss:[1.6314], AdvLoss:[5.7732]
Train Iter:[280/563], CauLoss:[1.6465], AdvLoss:[5.6142]
Train Iter:[420/563], CauLoss:[1.6484], AdvLoss:[5.4774]
Train Iter:[560/563], CauLoss:[1.6493], AdvLoss:[5.4878]
--------------------------------------------------------------------------------------------------------------------------------------------------------------------------------------------------------
Epoch:[71/100], CauAdvLoss:[1.6500/5.4923], valid:[76.33], test:[71.43]
--------------------------------------------------------------------------------------------------------------------------------------------------------------------------------------------------------
Train Iter:[0  /563], CauLoss:[1.1528], AdvLoss:[5.2398]
Train Iter:[140/563], CauLoss:[1.5987], AdvLoss:[5.8648]
Train Iter:[280/563], CauLoss:[1.6284], AdvLoss:[5.9648]
Train Iter:[420/563], CauLoss:[1.6566], AdvLoss:[5.9573]
Train Iter:[560/563], CauLoss:[1.6500], AdvLoss:[5.9077]
--------------------------------------------------------------------------------------------------------------------------------------------------------------------------------------------------------
Epoch:[72/100], CauAdvLoss:[1.6505/5.9064], valid:[73.33], test:[73.80]
--------------------------------------------------------------------------------------------------------------------------------------------------------------------------------------------------------
Train Iter:[0  /563], CauLoss:[1.9973], AdvLoss:[6.7135]
Train Iter:[140/563], CauLoss:[1.6421], AdvLoss:[6.2419]
Train Iter:[280/563], CauLoss:[1.6314], AdvLoss:[6.1835]
Train Iter:[420/563], CauLoss:[1.6412], AdvLoss:[6.1867]
Train Iter:[560/563], CauLoss:[1.6485], AdvLoss:[5.9879]
--------------------------------------------------------------------------------------------------------------------------------------------------------------------------------------------------------
Epoch:[73/100], CauAdvLoss:[1.6477/5.9822], valid:[84.93], test:[69.77]
--------------------------------------------------------------------------------------------------------------------------------------------------------------------------------------------------------
Train Iter:[0  /563], CauLoss:[1.1981], AdvLoss:[6.0590]
Train Iter:[140/563], CauLoss:[1.6386], AdvLoss:[5.6220]
Train Iter:[280/563], CauLoss:[1.6356], AdvLoss:[5.4984]
Train Iter:[420/563], CauLoss:[1.6405], AdvLoss:[5.5147]
Train Iter:[560/563], CauLoss:[1.6450], AdvLoss:[5.4393]
--------------------------------------------------------------------------------------------------------------------------------------------------------------------------------------------------------
Epoch:[74/100], CauAdvLoss:[1.6438/5.4372], valid:[84.93], test:[71.33]
--------------------------------------------------------------------------------------------------------------------------------------------------------------------------------------------------------
Train Iter:[0  /563], CauLoss:[1.3796], AdvLoss:[5.4646]
Train Iter:[140/563], CauLoss:[1.6368], AdvLoss:[5.6181]
Train Iter:[280/563], CauLoss:[1.6387], AdvLoss:[5.5868]
Train Iter:[420/563], CauLoss:[1.6314], AdvLoss:[5.6449]
Train Iter:[560/563], CauLoss:[1.6424], AdvLoss:[5.6162]
--------------------------------------------------------------------------------------------------------------------------------------------------------------------------------------------------------
Epoch:[75/100], CauAdvLoss:[1.6430/5.6158], valid:[76.33], test:[73.57]
--------------------------------------------------------------------------------------------------------------------------------------------------------------------------------------------------------
Train Iter:[0  /563], CauLoss:[1.4497], AdvLoss:[4.8573]
Train Iter:[140/563], CauLoss:[1.6742], AdvLoss:[5.9214]
Train Iter:[280/563], CauLoss:[1.6505], AdvLoss:[5.8075]
Train Iter:[420/563], CauLoss:[1.6355], AdvLoss:[5.8774]
Train Iter:[560/563], CauLoss:[1.6407], AdvLoss:[5.8518]
--------------------------------------------------------------------------------------------------------------------------------------------------------------------------------------------------------
Epoch:[76/100], CauAdvLoss:[1.6405/5.8519], valid:[85.63], test:[71.30]
--------------------------------------------------------------------------------------------------------------------------------------------------------------------------------------------------------
Train Iter:[0  /563], CauLoss:[2.2380], AdvLoss:[6.5810]
Train Iter:[140/563], CauLoss:[1.6400], AdvLoss:[5.6330]
Train Iter:[280/563], CauLoss:[1.6446], AdvLoss:[5.5768]
Train Iter:[420/563], CauLoss:[1.6568], AdvLoss:[5.7535]
Train Iter:[560/563], CauLoss:[1.6377], AdvLoss:[5.7993]
--------------------------------------------------------------------------------------------------------------------------------------------------------------------------------------------------------
Epoch:[77/100], CauAdvLoss:[1.6393/5.8068], valid:[73.57], test:[73.23]
--------------------------------------------------------------------------------------------------------------------------------------------------------------------------------------------------------
Train Iter:[0  /563], CauLoss:[1.7621], AdvLoss:[7.9225]
Train Iter:[140/563], CauLoss:[1.6478], AdvLoss:[6.0567]
Train Iter:[280/563], CauLoss:[1.6372], AdvLoss:[5.8800]
Train Iter:[420/563], CauLoss:[1.6382], AdvLoss:[5.8122]
Train Iter:[560/563], CauLoss:[1.6420], AdvLoss:[5.8671]
--------------------------------------------------------------------------------------------------------------------------------------------------------------------------------------------------------
Epoch:[78/100], CauAdvLoss:[1.6413/5.8657], valid:[69.83], test:[74.47]
--------------------------------------------------------------------------------------------------------------------------------------------------------------------------------------------------------
Train Iter:[0  /563], CauLoss:[1.2269], AdvLoss:[3.6766]
Train Iter:[140/563], CauLoss:[1.6225], AdvLoss:[5.7905]
Train Iter:[280/563], CauLoss:[1.6373], AdvLoss:[5.9845]
Train Iter:[420/563], CauLoss:[1.6342], AdvLoss:[5.9749]
Train Iter:[560/563], CauLoss:[1.6398], AdvLoss:[5.8733]
--------------------------------------------------------------------------------------------------------------------------------------------------------------------------------------------------------
Epoch:[79/100], CauAdvLoss:[1.6416/5.8754], valid:[79.27], test:[74.30]
--------------------------------------------------------------------------------------------------------------------------------------------------------------------------------------------------------
Train Iter:[0  /563], CauLoss:[1.8351], AdvLoss:[5.7451]
Train Iter:[140/563], CauLoss:[1.6518], AdvLoss:[5.5257]
Train Iter:[280/563], CauLoss:[1.6264], AdvLoss:[5.6856]
Train Iter:[420/563], CauLoss:[1.6420], AdvLoss:[5.8129]
Train Iter:[560/563], CauLoss:[1.6439], AdvLoss:[5.8107]
--------------------------------------------------------------------------------------------------------------------------------------------------------------------------------------------------------
Epoch:[80/100], CauAdvLoss:[1.6426/5.8089], valid:[81.97], test:[72.77]
--------------------------------------------------------------------------------------------------------------------------------------------------------------------------------------------------------
Train Iter:[0  /563], CauLoss:[1.6130], AdvLoss:[4.5979]
Train Iter:[140/563], CauLoss:[1.6183], AdvLoss:[5.6224]
Train Iter:[280/563], CauLoss:[1.6319], AdvLoss:[5.5574]
Train Iter:[420/563], CauLoss:[1.6320], AdvLoss:[5.8612]
Train Iter:[560/563], CauLoss:[1.6395], AdvLoss:[5.8692]
--------------------------------------------------------------------------------------------------------------------------------------------------------------------------------------------------------
Epoch:[81/100], CauAdvLoss:[1.6393/5.8721], valid:[81.97], test:[74.13]
--------------------------------------------------------------------------------------------------------------------------------------------------------------------------------------------------------
Train Iter:[0  /563], CauLoss:[1.6157], AdvLoss:[6.7365]
Train Iter:[140/563], CauLoss:[1.6636], AdvLoss:[5.7517]
Train Iter:[280/563], CauLoss:[1.6518], AdvLoss:[5.9240]
Train Iter:[420/563], CauLoss:[1.6411], AdvLoss:[5.8897]
Train Iter:[560/563], CauLoss:[1.6358], AdvLoss:[5.8822]
--------------------------------------------------------------------------------------------------------------------------------------------------------------------------------------------------------
Epoch:[82/100], CauAdvLoss:[1.6350/5.8812], valid:[84.47], test:[71.57]
--------------------------------------------------------------------------------------------------------------------------------------------------------------------------------------------------------
Train Iter:[0  /563], CauLoss:[1.4511], AdvLoss:[8.1061]
Train Iter:[140/563], CauLoss:[1.6758], AdvLoss:[5.8334]
Train Iter:[280/563], CauLoss:[1.6410], AdvLoss:[6.0090]
Train Iter:[420/563], CauLoss:[1.6451], AdvLoss:[6.0424]
Train Iter:[560/563], CauLoss:[1.6375], AdvLoss:[6.0255]
--------------------------------------------------------------------------------------------------------------------------------------------------------------------------------------------------------
Epoch:[83/100], CauAdvLoss:[1.6369/6.0231], valid:[88.07], test:[72.63]
--------------------------------------------------------------------------------------------------------------------------------------------------------------------------------------------------------
Train Iter:[0  /563], CauLoss:[1.4509], AdvLoss:[4.2569]
Train Iter:[140/563], CauLoss:[1.6335], AdvLoss:[5.6617]
Train Iter:[280/563], CauLoss:[1.6288], AdvLoss:[5.8569]
Train Iter:[420/563], CauLoss:[1.6174], AdvLoss:[5.9664]
Train Iter:[560/563], CauLoss:[1.6332], AdvLoss:[6.0095]
--------------------------------------------------------------------------------------------------------------------------------------------------------------------------------------------------------
Epoch:[84/100], CauAdvLoss:[1.6322/6.0145], valid:[91.63], test:[75.53]
--------------------------------------------------------------------------------------------------------------------------------------------------------------------------------------------------------
Train Iter:[0  /563], CauLoss:[1.6386], AdvLoss:[6.6481]
Train Iter:[140/563], CauLoss:[1.6030], AdvLoss:[6.1418]
Train Iter:[280/563], CauLoss:[1.6043], AdvLoss:[6.1126]
Train Iter:[420/563], CauLoss:[1.6177], AdvLoss:[6.1676]
Train Iter:[560/563], CauLoss:[1.6327], AdvLoss:[6.0962]
--------------------------------------------------------------------------------------------------------------------------------------------------------------------------------------------------------
Epoch:[85/100], CauAdvLoss:[1.6323/6.0882], valid:[83.73], test:[74.00]
--------------------------------------------------------------------------------------------------------------------------------------------------------------------------------------------------------
Train Iter:[0  /563], CauLoss:[1.1461], AdvLoss:[6.7803]
Train Iter:[140/563], CauLoss:[1.6427], AdvLoss:[5.8926]
Train Iter:[280/563], CauLoss:[1.6431], AdvLoss:[5.9040]
Train Iter:[420/563], CauLoss:[1.6399], AdvLoss:[5.9975]
Train Iter:[560/563], CauLoss:[1.6341], AdvLoss:[6.0173]
--------------------------------------------------------------------------------------------------------------------------------------------------------------------------------------------------------
Epoch:[86/100], CauAdvLoss:[1.6353/6.0059], valid:[86.10], test:[68.60]
--------------------------------------------------------------------------------------------------------------------------------------------------------------------------------------------------------
Train Iter:[0  /563], CauLoss:[1.5547], AdvLoss:[8.0187]
Train Iter:[140/563], CauLoss:[1.6816], AdvLoss:[5.7511]
Train Iter:[280/563], CauLoss:[1.6547], AdvLoss:[5.7012]
Train Iter:[420/563], CauLoss:[1.6421], AdvLoss:[5.7528]
Train Iter:[560/563], CauLoss:[1.6332], AdvLoss:[5.8204]
--------------------------------------------------------------------------------------------------------------------------------------------------------------------------------------------------------
Epoch:[87/100], CauAdvLoss:[1.6336/5.8232], valid:[81.70], test:[75.43]
--------------------------------------------------------------------------------------------------------------------------------------------------------------------------------------------------------
Train Iter:[0  /563], CauLoss:[1.5695], AdvLoss:[7.0365]
Train Iter:[140/563], CauLoss:[1.6673], AdvLoss:[5.9957]
Train Iter:[280/563], CauLoss:[1.6426], AdvLoss:[6.0077]
Train Iter:[420/563], CauLoss:[1.6313], AdvLoss:[5.9912]
Train Iter:[560/563], CauLoss:[1.6292], AdvLoss:[5.8894]
--------------------------------------------------------------------------------------------------------------------------------------------------------------------------------------------------------
Epoch:[88/100], CauAdvLoss:[1.6285/5.8891], valid:[81.73], test:[73.67]
--------------------------------------------------------------------------------------------------------------------------------------------------------------------------------------------------------
Train Iter:[0  /563], CauLoss:[1.2942], AdvLoss:[6.6013]
Train Iter:[140/563], CauLoss:[1.6493], AdvLoss:[5.9556]
Train Iter:[280/563], CauLoss:[1.6664], AdvLoss:[5.8309]
Train Iter:[420/563], CauLoss:[1.6496], AdvLoss:[5.8280]
Train Iter:[560/563], CauLoss:[1.6379], AdvLoss:[5.7902]
--------------------------------------------------------------------------------------------------------------------------------------------------------------------------------------------------------
Epoch:[89/100], CauAdvLoss:[1.6373/5.7841], valid:[86.33], test:[72.10]
--------------------------------------------------------------------------------------------------------------------------------------------------------------------------------------------------------
Train Iter:[0  /563], CauLoss:[2.1600], AdvLoss:[5.9224]
Train Iter:[140/563], CauLoss:[1.6476], AdvLoss:[5.7751]
Train Iter:[280/563], CauLoss:[1.6239], AdvLoss:[5.9645]
Train Iter:[420/563], CauLoss:[1.6289], AdvLoss:[5.8727]
Train Iter:[560/563], CauLoss:[1.6272], AdvLoss:[5.8589]
--------------------------------------------------------------------------------------------------------------------------------------------------------------------------------------------------------
Epoch:[90/100], CauAdvLoss:[1.6268/5.8592], valid:[84.87], test:[72.43]
--------------------------------------------------------------------------------------------------------------------------------------------------------------------------------------------------------
Train Iter:[0  /563], CauLoss:[1.7561], AdvLoss:[6.0177]
Train Iter:[140/563], CauLoss:[1.6445], AdvLoss:[5.8670]
Train Iter:[280/563], CauLoss:[1.6422], AdvLoss:[5.8172]
Train Iter:[420/563], CauLoss:[1.6299], AdvLoss:[5.7876]
Train Iter:[560/563], CauLoss:[1.6341], AdvLoss:[5.8215]
--------------------------------------------------------------------------------------------------------------------------------------------------------------------------------------------------------
Epoch:[91/100], CauAdvLoss:[1.6326/5.8200], valid:[87.03], test:[72.07]
--------------------------------------------------------------------------------------------------------------------------------------------------------------------------------------------------------
Train Iter:[0  /563], CauLoss:[1.7051], AdvLoss:[4.6999]
Train Iter:[140/563], CauLoss:[1.5900], AdvLoss:[6.0093]
Train Iter:[280/563], CauLoss:[1.6124], AdvLoss:[5.8646]
Train Iter:[420/563], CauLoss:[1.6151], AdvLoss:[5.8452]
Train Iter:[560/563], CauLoss:[1.6298], AdvLoss:[5.9182]
--------------------------------------------------------------------------------------------------------------------------------------------------------------------------------------------------------
Epoch:[92/100], CauAdvLoss:[1.6317/5.9156], valid:[84.53], test:[74.30]
--------------------------------------------------------------------------------------------------------------------------------------------------------------------------------------------------------
Train Iter:[0  /563], CauLoss:[2.3692], AdvLoss:[6.5385]
Train Iter:[140/563], CauLoss:[1.6294], AdvLoss:[5.5958]
Train Iter:[280/563], CauLoss:[1.6257], AdvLoss:[5.7235]
Train Iter:[420/563], CauLoss:[1.6175], AdvLoss:[5.8295]
Train Iter:[560/563], CauLoss:[1.6323], AdvLoss:[5.8240]
--------------------------------------------------------------------------------------------------------------------------------------------------------------------------------------------------------
Epoch:[93/100], CauAdvLoss:[1.6314/5.8255], valid:[84.50], test:[69.90]
--------------------------------------------------------------------------------------------------------------------------------------------------------------------------------------------------------
Train Iter:[0  /563], CauLoss:[1.9715], AdvLoss:[6.5107]
Train Iter:[140/563], CauLoss:[1.6020], AdvLoss:[5.7944]
Train Iter:[280/563], CauLoss:[1.6109], AdvLoss:[5.9431]
Train Iter:[420/563], CauLoss:[1.6279], AdvLoss:[5.8802]
Train Iter:[560/563], CauLoss:[1.6343], AdvLoss:[5.8530]
--------------------------------------------------------------------------------------------------------------------------------------------------------------------------------------------------------
Epoch:[94/100], CauAdvLoss:[1.6335/5.8472], valid:[81.47], test:[72.17]
--------------------------------------------------------------------------------------------------------------------------------------------------------------------------------------------------------
Train Iter:[0  /563], CauLoss:[1.5585], AdvLoss:[5.0116]
Train Iter:[140/563], CauLoss:[1.5990], AdvLoss:[5.7397]
Train Iter:[280/563], CauLoss:[1.6278], AdvLoss:[5.9758]
Train Iter:[420/563], CauLoss:[1.6301], AdvLoss:[5.9121]
Train Iter:[560/563], CauLoss:[1.6308], AdvLoss:[5.8642]
--------------------------------------------------------------------------------------------------------------------------------------------------------------------------------------------------------
Epoch:[95/100], CauAdvLoss:[1.6331/5.8691], valid:[81.80], test:[73.20]
--------------------------------------------------------------------------------------------------------------------------------------------------------------------------------------------------------
Train Iter:[0  /563], CauLoss:[2.0906], AdvLoss:[5.7609]
Train Iter:[140/563], CauLoss:[1.6455], AdvLoss:[5.7954]
Train Iter:[280/563], CauLoss:[1.6494], AdvLoss:[5.8058]
Train Iter:[420/563], CauLoss:[1.6453], AdvLoss:[5.8056]
Train Iter:[560/563], CauLoss:[1.6320], AdvLoss:[5.8693]
--------------------------------------------------------------------------------------------------------------------------------------------------------------------------------------------------------
Epoch:[96/100], CauAdvLoss:[1.6308/5.8667], valid:[84.53], test:[73.60]
--------------------------------------------------------------------------------------------------------------------------------------------------------------------------------------------------------
Train Iter:[0  /563], CauLoss:[1.7783], AdvLoss:[6.4229]
Train Iter:[140/563], CauLoss:[1.6657], AdvLoss:[5.7705]
Train Iter:[280/563], CauLoss:[1.6264], AdvLoss:[5.8705]
Train Iter:[420/563], CauLoss:[1.6305], AdvLoss:[5.9023]
Train Iter:[560/563], CauLoss:[1.6375], AdvLoss:[5.8808]
--------------------------------------------------------------------------------------------------------------------------------------------------------------------------------------------------------
Epoch:[97/100], CauAdvLoss:[1.6382/5.8875], valid:[84.33], test:[74.40]
--------------------------------------------------------------------------------------------------------------------------------------------------------------------------------------------------------
Train Iter:[0  /563], CauLoss:[1.2684], AdvLoss:[6.8681]
Train Iter:[140/563], CauLoss:[1.6585], AdvLoss:[6.0839]
Train Iter:[280/563], CauLoss:[1.6097], AdvLoss:[5.9324]
Train Iter:[420/563], CauLoss:[1.6345], AdvLoss:[5.9102]
Train Iter:[560/563], CauLoss:[1.6329], AdvLoss:[5.8849]
--------------------------------------------------------------------------------------------------------------------------------------------------------------------------------------------------------
Epoch:[98/100], CauAdvLoss:[1.6351/5.8928], valid:[81.80], test:[72.37]
--------------------------------------------------------------------------------------------------------------------------------------------------------------------------------------------------------
Train Iter:[0  /563], CauLoss:[1.4582], AdvLoss:[7.0685]
Train Iter:[140/563], CauLoss:[1.6281], AdvLoss:[5.7354]
Train Iter:[280/563], CauLoss:[1.6305], AdvLoss:[5.8098]
Train Iter:[420/563], CauLoss:[1.6310], AdvLoss:[5.8345]
Train Iter:[560/563], CauLoss:[1.6277], AdvLoss:[5.8793]
--------------------------------------------------------------------------------------------------------------------------------------------------------------------------------------------------------
Epoch:[99/100], CauAdvLoss:[1.6265/5.8769], valid:[84.57], test:[73.30]
--------------------------------------------------------------------------------------------------------------------------------------------------------------------------------------------------------
Train Iter:[0  /563], CauLoss:[1.9267], AdvLoss:[6.7896]
Train Iter:[140/563], CauLoss:[1.6427], AdvLoss:[5.9652]
Train Iter:[280/563], CauLoss:[1.6483], AdvLoss:[5.8897]
Train Iter:[420/563], CauLoss:[1.6395], AdvLoss:[5.8632]
Train Iter:[560/563], CauLoss:[1.6339], AdvLoss:[5.8822]
--------------------------------------------------------------------------------------------------------------------------------------------------------------------------------------------------------
Epoch:[100/100], CauAdvLoss:[1.6328/5.8836], valid:[83.80], test:[73.23]
--------------------------------------------------------------------------------------------------------------------------------------------------------------------------------------------------------
Update test:[75.53] at epoch:[84] | Total time:00:26:39
Train Iter:[0  /563], CauLoss:[3.4033], AdvLoss:[0.5812]
Train Iter:[140/563], CauLoss:[2.6977], AdvLoss:[0.4404]
Train Iter:[280/563], CauLoss:[2.4627], AdvLoss:[0.7771]
Train Iter:[420/563], CauLoss:[2.3566], AdvLoss:[0.8376]
Train Iter:[560/563], CauLoss:[2.2789], AdvLoss:[0.9955]
--------------------------------------------------------------------------------------------------------------------------------------------------------------------------------------------------------
Epoch:[1/100], CauAdvLoss:[2.2779/0.9979], valid:[92.87], test:[52.37]
--------------------------------------------------------------------------------------------------------------------------------------------------------------------------------------------------------
Train Iter:[0  /563], CauLoss:[2.1230], AdvLoss:[1.1572]
Train Iter:[140/563], CauLoss:[2.0094], AdvLoss:[1.7720]
Train Iter:[280/563], CauLoss:[2.0199], AdvLoss:[1.5576]
Train Iter:[420/563], CauLoss:[2.0082], AdvLoss:[1.5443]
Train Iter:[560/563], CauLoss:[1.9861], AdvLoss:[1.7254]
--------------------------------------------------------------------------------------------------------------------------------------------------------------------------------------------------------
Epoch:[2/100], CauAdvLoss:[1.9860/1.7293], valid:[93.00], test:[58.80]
--------------------------------------------------------------------------------------------------------------------------------------------------------------------------------------------------------
Train Iter:[0  /563], CauLoss:[1.9695], AdvLoss:[0.7858]
Train Iter:[140/563], CauLoss:[2.0014], AdvLoss:[1.6662]
Train Iter:[280/563], CauLoss:[1.9537], AdvLoss:[1.8348]
Train Iter:[420/563], CauLoss:[1.9425], AdvLoss:[1.7472]
Train Iter:[560/563], CauLoss:[1.9183], AdvLoss:[1.6724]
--------------------------------------------------------------------------------------------------------------------------------------------------------------------------------------------------------
Epoch:[3/100], CauAdvLoss:[1.9179/1.6741], valid:[92.90], test:[50.93]
--------------------------------------------------------------------------------------------------------------------------------------------------------------------------------------------------------
Train Iter:[0  /563], CauLoss:[1.6271], AdvLoss:[1.8264]
Train Iter:[140/563], CauLoss:[1.8964], AdvLoss:[1.2744]
Train Iter:[280/563], CauLoss:[1.8692], AdvLoss:[1.3799]
Train Iter:[420/563], CauLoss:[1.8657], AdvLoss:[1.5415]
Train Iter:[560/563], CauLoss:[1.8699], AdvLoss:[1.5110]
--------------------------------------------------------------------------------------------------------------------------------------------------------------------------------------------------------
Epoch:[4/100], CauAdvLoss:[1.8703/1.5144], valid:[48.70], test:[63.80]
--------------------------------------------------------------------------------------------------------------------------------------------------------------------------------------------------------
Train Iter:[0  /563], CauLoss:[1.4827], AdvLoss:[0.7419]
Train Iter:[140/563], CauLoss:[1.8522], AdvLoss:[1.0123]
Train Iter:[280/563], CauLoss:[1.8445], AdvLoss:[1.4539]
Train Iter:[420/563], CauLoss:[1.8465], AdvLoss:[1.6495]
Train Iter:[560/563], CauLoss:[1.8477], AdvLoss:[1.8142]
--------------------------------------------------------------------------------------------------------------------------------------------------------------------------------------------------------
Epoch:[5/100], CauAdvLoss:[1.8483/1.8202], valid:[73.37], test:[61.80]
--------------------------------------------------------------------------------------------------------------------------------------------------------------------------------------------------------
Train Iter:[0  /563], CauLoss:[1.8742], AdvLoss:[4.5020]
Train Iter:[140/563], CauLoss:[1.9021], AdvLoss:[1.1918]
Train Iter:[280/563], CauLoss:[1.8498], AdvLoss:[1.6363]
Train Iter:[420/563], CauLoss:[1.8471], AdvLoss:[1.7829]
Train Iter:[560/563], CauLoss:[1.8400], AdvLoss:[1.8083]
--------------------------------------------------------------------------------------------------------------------------------------------------------------------------------------------------------
Epoch:[6/100], CauAdvLoss:[1.8393/1.8074], valid:[56.17], test:[48.97]
--------------------------------------------------------------------------------------------------------------------------------------------------------------------------------------------------------
Train Iter:[0  /563], CauLoss:[1.8707], AdvLoss:[1.9109]
Train Iter:[140/563], CauLoss:[1.8254], AdvLoss:[2.0605]
Train Iter:[280/563], CauLoss:[1.8140], AdvLoss:[2.0332]
Train Iter:[420/563], CauLoss:[1.8186], AdvLoss:[1.8001]
Train Iter:[560/563], CauLoss:[1.8267], AdvLoss:[1.5395]
--------------------------------------------------------------------------------------------------------------------------------------------------------------------------------------------------------
Epoch:[7/100], CauAdvLoss:[1.8269/1.5361], valid:[52.10], test:[44.90]
--------------------------------------------------------------------------------------------------------------------------------------------------------------------------------------------------------
Train Iter:[0  /563], CauLoss:[1.7569], AdvLoss:[1.0949]
Train Iter:[140/563], CauLoss:[1.7739], AdvLoss:[1.1602]
Train Iter:[280/563], CauLoss:[1.8106], AdvLoss:[1.0965]
Train Iter:[420/563], CauLoss:[1.8055], AdvLoss:[1.1113]
Train Iter:[560/563], CauLoss:[1.8115], AdvLoss:[1.1311]
--------------------------------------------------------------------------------------------------------------------------------------------------------------------------------------------------------
Epoch:[8/100], CauAdvLoss:[1.8114/1.1320], valid:[47.20], test:[56.57]
--------------------------------------------------------------------------------------------------------------------------------------------------------------------------------------------------------
Train Iter:[0  /563], CauLoss:[2.4550], AdvLoss:[0.5548]
Train Iter:[140/563], CauLoss:[1.7981], AdvLoss:[1.2281]
Train Iter:[280/563], CauLoss:[1.7760], AdvLoss:[1.1689]
Train Iter:[420/563], CauLoss:[1.7913], AdvLoss:[1.0273]
Train Iter:[560/563], CauLoss:[1.7912], AdvLoss:[1.0478]
--------------------------------------------------------------------------------------------------------------------------------------------------------------------------------------------------------
Epoch:[9/100], CauAdvLoss:[1.7922/1.0507], valid:[56.90], test:[51.17]
--------------------------------------------------------------------------------------------------------------------------------------------------------------------------------------------------------
Train Iter:[0  /563], CauLoss:[2.1526], AdvLoss:[2.0113]
Train Iter:[140/563], CauLoss:[1.7684], AdvLoss:[1.1601]
Train Iter:[280/563], CauLoss:[1.7690], AdvLoss:[1.3640]
Train Iter:[420/563], CauLoss:[1.7725], AdvLoss:[1.7059]
Train Iter:[560/563], CauLoss:[1.7737], AdvLoss:[1.8144]
--------------------------------------------------------------------------------------------------------------------------------------------------------------------------------------------------------
Epoch:[10/100], CauAdvLoss:[1.7738/1.8148], valid:[32.13], test:[33.90]
--------------------------------------------------------------------------------------------------------------------------------------------------------------------------------------------------------
Train Iter:[0  /563], CauLoss:[1.6321], AdvLoss:[1.9096]
Train Iter:[140/563], CauLoss:[1.7601], AdvLoss:[2.1289]
Train Iter:[280/563], CauLoss:[1.7623], AdvLoss:[2.0333]
Train Iter:[420/563], CauLoss:[1.7622], AdvLoss:[2.0035]
Train Iter:[560/563], CauLoss:[1.7568], AdvLoss:[1.9819]
--------------------------------------------------------------------------------------------------------------------------------------------------------------------------------------------------------
Epoch:[11/100], CauAdvLoss:[1.7569/1.9838], valid:[44.27], test:[49.57]
--------------------------------------------------------------------------------------------------------------------------------------------------------------------------------------------------------
Train Iter:[0  /563], CauLoss:[2.0939], AdvLoss:[3.9455]
Train Iter:[140/563], CauLoss:[1.7469], AdvLoss:[1.6032]
Train Iter:[280/563], CauLoss:[1.7472], AdvLoss:[1.8926]
Train Iter:[420/563], CauLoss:[1.7474], AdvLoss:[1.9871]
Train Iter:[560/563], CauLoss:[1.7579], AdvLoss:[1.9075]
--------------------------------------------------------------------------------------------------------------------------------------------------------------------------------------------------------
Epoch:[12/100], CauAdvLoss:[1.7562/1.9051], valid:[58.70], test:[52.30]
--------------------------------------------------------------------------------------------------------------------------------------------------------------------------------------------------------
Train Iter:[0  /563], CauLoss:[1.8998], AdvLoss:[1.6845]
Train Iter:[140/563], CauLoss:[1.7620], AdvLoss:[1.7574]
Train Iter:[280/563], CauLoss:[1.7561], AdvLoss:[2.0012]
Train Iter:[420/563], CauLoss:[1.7512], AdvLoss:[2.1913]
Train Iter:[560/563], CauLoss:[1.7479], AdvLoss:[2.2041]
--------------------------------------------------------------------------------------------------------------------------------------------------------------------------------------------------------
Epoch:[13/100], CauAdvLoss:[1.7491/2.2055], valid:[67.73], test:[50.40]
--------------------------------------------------------------------------------------------------------------------------------------------------------------------------------------------------------
Train Iter:[0  /563], CauLoss:[1.5768], AdvLoss:[2.2869]
Train Iter:[140/563], CauLoss:[1.7376], AdvLoss:[2.4534]
Train Iter:[280/563], CauLoss:[1.7422], AdvLoss:[2.1783]
Train Iter:[420/563], CauLoss:[1.7452], AdvLoss:[2.3357]
Train Iter:[560/563], CauLoss:[1.7314], AdvLoss:[2.3786]
--------------------------------------------------------------------------------------------------------------------------------------------------------------------------------------------------------
Epoch:[14/100], CauAdvLoss:[1.7312/2.3755], valid:[43.93], test:[56.13]
--------------------------------------------------------------------------------------------------------------------------------------------------------------------------------------------------------
Train Iter:[0  /563], CauLoss:[1.5256], AdvLoss:[2.3444]
Train Iter:[140/563], CauLoss:[1.6928], AdvLoss:[2.5072]
Train Iter:[280/563], CauLoss:[1.7217], AdvLoss:[2.5540]
Train Iter:[420/563], CauLoss:[1.7393], AdvLoss:[2.5393]
Train Iter:[560/563], CauLoss:[1.7276], AdvLoss:[2.5280]
--------------------------------------------------------------------------------------------------------------------------------------------------------------------------------------------------------
Epoch:[15/100], CauAdvLoss:[1.7274/2.5270], valid:[58.57], test:[53.40]
--------------------------------------------------------------------------------------------------------------------------------------------------------------------------------------------------------
Train Iter:[0  /563], CauLoss:[1.2964], AdvLoss:[3.2449]
Train Iter:[140/563], CauLoss:[1.7017], AdvLoss:[2.6371]
Train Iter:[280/563], CauLoss:[1.7190], AdvLoss:[2.6328]
Train Iter:[420/563], CauLoss:[1.7337], AdvLoss:[2.6350]
Train Iter:[560/563], CauLoss:[1.7326], AdvLoss:[2.9042]
--------------------------------------------------------------------------------------------------------------------------------------------------------------------------------------------------------
Epoch:[16/100], CauAdvLoss:[1.7320/2.9109], valid:[60.63], test:[71.50]
--------------------------------------------------------------------------------------------------------------------------------------------------------------------------------------------------------
Train Iter:[0  /563], CauLoss:[1.6784], AdvLoss:[4.2890]
Train Iter:[140/563], CauLoss:[1.7341], AdvLoss:[3.5210]
Train Iter:[280/563], CauLoss:[1.7330], AdvLoss:[3.2241]
Train Iter:[420/563], CauLoss:[1.7293], AdvLoss:[3.2158]
Train Iter:[560/563], CauLoss:[1.7235], AdvLoss:[3.0204]
--------------------------------------------------------------------------------------------------------------------------------------------------------------------------------------------------------
Epoch:[17/100], CauAdvLoss:[1.7255/3.0194], valid:[47.37], test:[60.73]
--------------------------------------------------------------------------------------------------------------------------------------------------------------------------------------------------------
Train Iter:[0  /563], CauLoss:[1.6549], AdvLoss:[3.2567]
Train Iter:[140/563], CauLoss:[1.7224], AdvLoss:[3.2089]
Train Iter:[280/563], CauLoss:[1.7111], AdvLoss:[2.8661]
Train Iter:[420/563], CauLoss:[1.7273], AdvLoss:[2.8041]
Train Iter:[560/563], CauLoss:[1.7185], AdvLoss:[2.8528]
--------------------------------------------------------------------------------------------------------------------------------------------------------------------------------------------------------
Epoch:[18/100], CauAdvLoss:[1.7174/2.8518], valid:[41.87], test:[71.27]
--------------------------------------------------------------------------------------------------------------------------------------------------------------------------------------------------------
Train Iter:[0  /563], CauLoss:[1.7546], AdvLoss:[3.6283]
Train Iter:[140/563], CauLoss:[1.7127], AdvLoss:[2.5825]
Train Iter:[280/563], CauLoss:[1.7159], AdvLoss:[2.6813]
Train Iter:[420/563], CauLoss:[1.7255], AdvLoss:[2.7611]
Train Iter:[560/563], CauLoss:[1.7141], AdvLoss:[2.9330]
--------------------------------------------------------------------------------------------------------------------------------------------------------------------------------------------------------
Epoch:[19/100], CauAdvLoss:[1.7143/2.9412], valid:[55.60], test:[58.60]
--------------------------------------------------------------------------------------------------------------------------------------------------------------------------------------------------------
Train Iter:[0  /563], CauLoss:[1.6383], AdvLoss:[4.4427]
Train Iter:[140/563], CauLoss:[1.7707], AdvLoss:[3.8285]
Train Iter:[280/563], CauLoss:[1.7237], AdvLoss:[3.6386]
Train Iter:[420/563], CauLoss:[1.7233], AdvLoss:[3.3514]
Train Iter:[560/563], CauLoss:[1.7129], AdvLoss:[3.2035]
--------------------------------------------------------------------------------------------------------------------------------------------------------------------------------------------------------
Epoch:[20/100], CauAdvLoss:[1.7128/3.2030], valid:[50.23], test:[73.83]
--------------------------------------------------------------------------------------------------------------------------------------------------------------------------------------------------------
Train Iter:[0  /563], CauLoss:[1.9924], AdvLoss:[4.4162]
Train Iter:[140/563], CauLoss:[1.6735], AdvLoss:[2.5131]
Train Iter:[280/563], CauLoss:[1.6959], AdvLoss:[2.6268]
Train Iter:[420/563], CauLoss:[1.6992], AdvLoss:[2.5690]
Train Iter:[560/563], CauLoss:[1.7042], AdvLoss:[2.6692]
--------------------------------------------------------------------------------------------------------------------------------------------------------------------------------------------------------
Epoch:[21/100], CauAdvLoss:[1.7043/2.6685], valid:[83.73], test:[57.23]
--------------------------------------------------------------------------------------------------------------------------------------------------------------------------------------------------------
Train Iter:[0  /563], CauLoss:[2.3468], AdvLoss:[3.4068]
Train Iter:[140/563], CauLoss:[1.7082], AdvLoss:[1.5631]
Train Iter:[280/563], CauLoss:[1.7179], AdvLoss:[2.0964]
Train Iter:[420/563], CauLoss:[1.7101], AdvLoss:[2.0940]
Train Iter:[560/563], CauLoss:[1.7063], AdvLoss:[2.0728]
--------------------------------------------------------------------------------------------------------------------------------------------------------------------------------------------------------
Epoch:[22/100], CauAdvLoss:[1.7055/2.0768], valid:[52.17], test:[76.27]
--------------------------------------------------------------------------------------------------------------------------------------------------------------------------------------------------------
Train Iter:[0  /563], CauLoss:[1.3466], AdvLoss:[2.3678]
Train Iter:[140/563], CauLoss:[1.7062], AdvLoss:[2.1494]
Train Iter:[280/563], CauLoss:[1.6920], AdvLoss:[2.1756]
Train Iter:[420/563], CauLoss:[1.6932], AdvLoss:[2.5872]
Train Iter:[560/563], CauLoss:[1.6973], AdvLoss:[2.6784]
--------------------------------------------------------------------------------------------------------------------------------------------------------------------------------------------------------
Epoch:[23/100], CauAdvLoss:[1.6979/2.6770], valid:[60.40], test:[71.03]
--------------------------------------------------------------------------------------------------------------------------------------------------------------------------------------------------------
Train Iter:[0  /563], CauLoss:[1.5981], AdvLoss:[2.7887]
Train Iter:[140/563], CauLoss:[1.6932], AdvLoss:[2.4350]
Train Iter:[280/563], CauLoss:[1.6849], AdvLoss:[2.5748]
Train Iter:[420/563], CauLoss:[1.6999], AdvLoss:[2.6699]
Train Iter:[560/563], CauLoss:[1.6988], AdvLoss:[2.7530]
--------------------------------------------------------------------------------------------------------------------------------------------------------------------------------------------------------
Epoch:[24/100], CauAdvLoss:[1.6995/2.7543], valid:[49.33], test:[60.23]
--------------------------------------------------------------------------------------------------------------------------------------------------------------------------------------------------------
Train Iter:[0  /563], CauLoss:[1.3220], AdvLoss:[2.3715]
Train Iter:[140/563], CauLoss:[1.7121], AdvLoss:[3.0892]
Train Iter:[280/563], CauLoss:[1.6987], AdvLoss:[3.0630]
Train Iter:[420/563], CauLoss:[1.6988], AdvLoss:[3.1346]
Train Iter:[560/563], CauLoss:[1.7038], AdvLoss:[3.2032]
--------------------------------------------------------------------------------------------------------------------------------------------------------------------------------------------------------
Epoch:[25/100], CauAdvLoss:[1.7034/3.2024], valid:[52.17], test:[75.37]
--------------------------------------------------------------------------------------------------------------------------------------------------------------------------------------------------------
Train Iter:[0  /563], CauLoss:[1.7326], AdvLoss:[2.1843]
Train Iter:[140/563], CauLoss:[1.6847], AdvLoss:[3.5505]
Train Iter:[280/563], CauLoss:[1.6812], AdvLoss:[3.5273]
Train Iter:[420/563], CauLoss:[1.6846], AdvLoss:[3.3538]
Train Iter:[560/563], CauLoss:[1.6971], AdvLoss:[3.2935]
--------------------------------------------------------------------------------------------------------------------------------------------------------------------------------------------------------
Epoch:[26/100], CauAdvLoss:[1.6978/3.2941], valid:[57.93], test:[68.67]
--------------------------------------------------------------------------------------------------------------------------------------------------------------------------------------------------------
Train Iter:[0  /563], CauLoss:[1.7230], AdvLoss:[3.2010]
Train Iter:[140/563], CauLoss:[1.6739], AdvLoss:[3.4194]
Train Iter:[280/563], CauLoss:[1.7081], AdvLoss:[3.1345]
Train Iter:[420/563], CauLoss:[1.7046], AdvLoss:[3.2682]
Train Iter:[560/563], CauLoss:[1.6941], AdvLoss:[3.3655]
--------------------------------------------------------------------------------------------------------------------------------------------------------------------------------------------------------
Epoch:[27/100], CauAdvLoss:[1.6950/3.3683], valid:[93.17], test:[65.90]
--------------------------------------------------------------------------------------------------------------------------------------------------------------------------------------------------------
Train Iter:[0  /563], CauLoss:[1.4310], AdvLoss:[5.4455]
Train Iter:[140/563], CauLoss:[1.7071], AdvLoss:[3.8191]
Train Iter:[280/563], CauLoss:[1.7019], AdvLoss:[3.8637]
Train Iter:[420/563], CauLoss:[1.6973], AdvLoss:[3.6142]
Train Iter:[560/563], CauLoss:[1.6955], AdvLoss:[3.2519]
--------------------------------------------------------------------------------------------------------------------------------------------------------------------------------------------------------
Epoch:[28/100], CauAdvLoss:[1.6958/3.2515], valid:[76.63], test:[69.47]
--------------------------------------------------------------------------------------------------------------------------------------------------------------------------------------------------------
Train Iter:[0  /563], CauLoss:[1.4250], AdvLoss:[2.7029]
Train Iter:[140/563], CauLoss:[1.6694], AdvLoss:[3.0774]
Train Iter:[280/563], CauLoss:[1.6955], AdvLoss:[2.4851]
Train Iter:[420/563], CauLoss:[1.6985], AdvLoss:[2.5283]
Train Iter:[560/563], CauLoss:[1.6981], AdvLoss:[2.4620]
--------------------------------------------------------------------------------------------------------------------------------------------------------------------------------------------------------
Epoch:[29/100], CauAdvLoss:[1.6979/2.4638], valid:[69.47], test:[75.07]
--------------------------------------------------------------------------------------------------------------------------------------------------------------------------------------------------------
Train Iter:[0  /563], CauLoss:[1.4453], AdvLoss:[2.8179]
Train Iter:[140/563], CauLoss:[1.6501], AdvLoss:[2.3384]
Train Iter:[280/563], CauLoss:[1.6663], AdvLoss:[2.4857]
Train Iter:[420/563], CauLoss:[1.6855], AdvLoss:[2.4429]
Train Iter:[560/563], CauLoss:[1.6860], AdvLoss:[2.4099]
--------------------------------------------------------------------------------------------------------------------------------------------------------------------------------------------------------
Epoch:[30/100], CauAdvLoss:[1.6846/2.4107], valid:[60.93], test:[65.30]
--------------------------------------------------------------------------------------------------------------------------------------------------------------------------------------------------------
Train Iter:[0  /563], CauLoss:[1.4883], AdvLoss:[2.8056]
Train Iter:[140/563], CauLoss:[1.7112], AdvLoss:[2.7399]
Train Iter:[280/563], CauLoss:[1.6987], AdvLoss:[2.7915]
Train Iter:[420/563], CauLoss:[1.6967], AdvLoss:[2.7838]
Train Iter:[560/563], CauLoss:[1.6909], AdvLoss:[2.8463]
--------------------------------------------------------------------------------------------------------------------------------------------------------------------------------------------------------
Epoch:[31/100], CauAdvLoss:[1.6903/2.8492], valid:[79.40], test:[69.83]
--------------------------------------------------------------------------------------------------------------------------------------------------------------------------------------------------------
Train Iter:[0  /563], CauLoss:[2.6309], AdvLoss:[3.3213]
Train Iter:[140/563], CauLoss:[1.6980], AdvLoss:[3.0925]
Train Iter:[280/563], CauLoss:[1.7058], AdvLoss:[3.5190]
Train Iter:[420/563], CauLoss:[1.6919], AdvLoss:[3.6025]
Train Iter:[560/563], CauLoss:[1.6878], AdvLoss:[3.7331]
--------------------------------------------------------------------------------------------------------------------------------------------------------------------------------------------------------
Epoch:[32/100], CauAdvLoss:[1.6872/3.7318], valid:[63.43], test:[69.47]
--------------------------------------------------------------------------------------------------------------------------------------------------------------------------------------------------------
Train Iter:[0  /563], CauLoss:[1.7664], AdvLoss:[4.1365]
Train Iter:[140/563], CauLoss:[1.6893], AdvLoss:[3.4939]
Train Iter:[280/563], CauLoss:[1.7141], AdvLoss:[3.1186]
Train Iter:[420/563], CauLoss:[1.7005], AdvLoss:[3.3232]
Train Iter:[560/563], CauLoss:[1.6878], AdvLoss:[3.3330]
--------------------------------------------------------------------------------------------------------------------------------------------------------------------------------------------------------
Epoch:[33/100], CauAdvLoss:[1.6870/3.3364], valid:[41.10], test:[32.07]
--------------------------------------------------------------------------------------------------------------------------------------------------------------------------------------------------------
Train Iter:[0  /563], CauLoss:[1.3274], AdvLoss:[3.6934]
Train Iter:[140/563], CauLoss:[1.6572], AdvLoss:[3.7048]
Train Iter:[280/563], CauLoss:[1.6586], AdvLoss:[3.7716]
Train Iter:[420/563], CauLoss:[1.6843], AdvLoss:[3.6478]
Train Iter:[560/563], CauLoss:[1.6800], AdvLoss:[3.7859]
--------------------------------------------------------------------------------------------------------------------------------------------------------------------------------------------------------
Epoch:[34/100], CauAdvLoss:[1.6802/3.7894], valid:[59.90], test:[74.40]
--------------------------------------------------------------------------------------------------------------------------------------------------------------------------------------------------------
Train Iter:[0  /563], CauLoss:[1.4770], AdvLoss:[4.6439]
Train Iter:[140/563], CauLoss:[1.6092], AdvLoss:[4.1247]
Train Iter:[280/563], CauLoss:[1.6471], AdvLoss:[3.7229]
Train Iter:[420/563], CauLoss:[1.6725], AdvLoss:[3.5614]
Train Iter:[560/563], CauLoss:[1.6790], AdvLoss:[3.4665]
--------------------------------------------------------------------------------------------------------------------------------------------------------------------------------------------------------
Epoch:[35/100], CauAdvLoss:[1.6791/3.4629], valid:[92.97], test:[71.80]
--------------------------------------------------------------------------------------------------------------------------------------------------------------------------------------------------------
Train Iter:[0  /563], CauLoss:[2.2671], AdvLoss:[4.0496]
Train Iter:[140/563], CauLoss:[1.7063], AdvLoss:[3.8389]
Train Iter:[280/563], CauLoss:[1.6840], AdvLoss:[3.8079]
Train Iter:[420/563], CauLoss:[1.6844], AdvLoss:[4.0861]
Train Iter:[560/563], CauLoss:[1.6779], AdvLoss:[4.0904]
--------------------------------------------------------------------------------------------------------------------------------------------------------------------------------------------------------
Epoch:[36/100], CauAdvLoss:[1.6769/4.0961], valid:[57.90], test:[74.83]
--------------------------------------------------------------------------------------------------------------------------------------------------------------------------------------------------------
Train Iter:[0  /563], CauLoss:[1.4559], AdvLoss:[4.8321]
Train Iter:[140/563], CauLoss:[1.6423], AdvLoss:[4.4097]
Train Iter:[280/563], CauLoss:[1.6663], AdvLoss:[4.0958]
Train Iter:[420/563], CauLoss:[1.6676], AdvLoss:[4.0685]
Train Iter:[560/563], CauLoss:[1.6771], AdvLoss:[4.0471]
--------------------------------------------------------------------------------------------------------------------------------------------------------------------------------------------------------
Epoch:[37/100], CauAdvLoss:[1.6771/4.0475], valid:[56.67], test:[63.47]
--------------------------------------------------------------------------------------------------------------------------------------------------------------------------------------------------------
Train Iter:[0  /563], CauLoss:[1.5755], AdvLoss:[3.2830]
Train Iter:[140/563], CauLoss:[1.6843], AdvLoss:[3.7125]
Train Iter:[280/563], CauLoss:[1.6684], AdvLoss:[3.4003]
Train Iter:[420/563], CauLoss:[1.6686], AdvLoss:[3.3686]
Train Iter:[560/563], CauLoss:[1.6751], AdvLoss:[3.2599]
--------------------------------------------------------------------------------------------------------------------------------------------------------------------------------------------------------
Epoch:[38/100], CauAdvLoss:[1.6756/3.2645], valid:[60.33], test:[66.30]
--------------------------------------------------------------------------------------------------------------------------------------------------------------------------------------------------------
Train Iter:[0  /563], CauLoss:[1.2111], AdvLoss:[3.5851]
Train Iter:[140/563], CauLoss:[1.6803], AdvLoss:[3.6971]
Train Iter:[280/563], CauLoss:[1.6889], AdvLoss:[3.6548]
Train Iter:[420/563], CauLoss:[1.6793], AdvLoss:[3.6584]
Train Iter:[560/563], CauLoss:[1.6752], AdvLoss:[3.7339]
--------------------------------------------------------------------------------------------------------------------------------------------------------------------------------------------------------
Epoch:[39/100], CauAdvLoss:[1.6762/3.7360], valid:[78.07], test:[76.47]
--------------------------------------------------------------------------------------------------------------------------------------------------------------------------------------------------------
Train Iter:[0  /563], CauLoss:[1.8990], AdvLoss:[3.7351]
Train Iter:[140/563], CauLoss:[1.6688], AdvLoss:[3.0386]
Train Iter:[280/563], CauLoss:[1.6834], AdvLoss:[3.1988]
Train Iter:[420/563], CauLoss:[1.6742], AdvLoss:[3.4145]
Train Iter:[560/563], CauLoss:[1.6759], AdvLoss:[3.5442]
--------------------------------------------------------------------------------------------------------------------------------------------------------------------------------------------------------
Epoch:[40/100], CauAdvLoss:[1.6750/3.5426], valid:[68.97], test:[61.93]
--------------------------------------------------------------------------------------------------------------------------------------------------------------------------------------------------------
Train Iter:[0  /563], CauLoss:[1.4971], AdvLoss:[2.4222]
Train Iter:[140/563], CauLoss:[1.7048], AdvLoss:[3.4112]
Train Iter:[280/563], CauLoss:[1.6742], AdvLoss:[3.3647]
Train Iter:[420/563], CauLoss:[1.6702], AdvLoss:[3.4620]
Train Iter:[560/563], CauLoss:[1.6771], AdvLoss:[3.6345]
--------------------------------------------------------------------------------------------------------------------------------------------------------------------------------------------------------
Epoch:[41/100], CauAdvLoss:[1.6766/3.6349], valid:[86.60], test:[71.10]
--------------------------------------------------------------------------------------------------------------------------------------------------------------------------------------------------------
Train Iter:[0  /563], CauLoss:[1.2807], AdvLoss:[3.3131]
Train Iter:[140/563], CauLoss:[1.6289], AdvLoss:[3.6525]
Train Iter:[280/563], CauLoss:[1.6576], AdvLoss:[3.5419]
Train Iter:[420/563], CauLoss:[1.6669], AdvLoss:[3.6752]
Train Iter:[560/563], CauLoss:[1.6786], AdvLoss:[3.9120]
--------------------------------------------------------------------------------------------------------------------------------------------------------------------------------------------------------
Epoch:[42/100], CauAdvLoss:[1.6789/3.9174], valid:[84.63], test:[80.40]
--------------------------------------------------------------------------------------------------------------------------------------------------------------------------------------------------------
Train Iter:[0  /563], CauLoss:[1.6162], AdvLoss:[4.9148]
Train Iter:[140/563], CauLoss:[1.6972], AdvLoss:[4.1826]
Train Iter:[280/563], CauLoss:[1.6767], AdvLoss:[4.4137]
Train Iter:[420/563], CauLoss:[1.6739], AdvLoss:[4.4195]
Train Iter:[560/563], CauLoss:[1.6746], AdvLoss:[4.3038]
--------------------------------------------------------------------------------------------------------------------------------------------------------------------------------------------------------
Epoch:[43/100], CauAdvLoss:[1.6737/4.3045], valid:[89.70], test:[71.90]
--------------------------------------------------------------------------------------------------------------------------------------------------------------------------------------------------------
Train Iter:[0  /563], CauLoss:[1.4768], AdvLoss:[5.1923]
Train Iter:[140/563], CauLoss:[1.7164], AdvLoss:[4.3640]
Train Iter:[280/563], CauLoss:[1.6820], AdvLoss:[4.3230]
Train Iter:[420/563], CauLoss:[1.6811], AdvLoss:[4.3021]
Train Iter:[560/563], CauLoss:[1.6731], AdvLoss:[4.1058]
--------------------------------------------------------------------------------------------------------------------------------------------------------------------------------------------------------
Epoch:[44/100], CauAdvLoss:[1.6720/4.1031], valid:[84.57], test:[72.50]
--------------------------------------------------------------------------------------------------------------------------------------------------------------------------------------------------------
Train Iter:[0  /563], CauLoss:[1.4655], AdvLoss:[3.4656]
Train Iter:[140/563], CauLoss:[1.6736], AdvLoss:[3.5831]
Train Iter:[280/563], CauLoss:[1.6624], AdvLoss:[3.7141]
Train Iter:[420/563], CauLoss:[1.6682], AdvLoss:[3.6335]
Train Iter:[560/563], CauLoss:[1.6675], AdvLoss:[3.5555]
--------------------------------------------------------------------------------------------------------------------------------------------------------------------------------------------------------
Epoch:[45/100], CauAdvLoss:[1.6676/3.5587], valid:[92.10], test:[73.77]
--------------------------------------------------------------------------------------------------------------------------------------------------------------------------------------------------------
Train Iter:[0  /563], CauLoss:[1.9850], AdvLoss:[5.3018]
Train Iter:[140/563], CauLoss:[1.6985], AdvLoss:[3.8740]
Train Iter:[280/563], CauLoss:[1.6643], AdvLoss:[3.7838]
Train Iter:[420/563], CauLoss:[1.6578], AdvLoss:[3.9568]
Train Iter:[560/563], CauLoss:[1.6686], AdvLoss:[4.2448]
--------------------------------------------------------------------------------------------------------------------------------------------------------------------------------------------------------
Epoch:[46/100], CauAdvLoss:[1.6676/4.2472], valid:[79.17], test:[69.23]
--------------------------------------------------------------------------------------------------------------------------------------------------------------------------------------------------------
Train Iter:[0  /563], CauLoss:[1.7388], AdvLoss:[5.1294]
Train Iter:[140/563], CauLoss:[1.6728], AdvLoss:[4.2978]
Train Iter:[280/563], CauLoss:[1.6595], AdvLoss:[4.2007]
Train Iter:[420/563], CauLoss:[1.6642], AdvLoss:[4.0043]
Train Iter:[560/563], CauLoss:[1.6684], AdvLoss:[3.9315]
--------------------------------------------------------------------------------------------------------------------------------------------------------------------------------------------------------
Epoch:[47/100], CauAdvLoss:[1.6691/3.9361], valid:[81.93], test:[69.33]
--------------------------------------------------------------------------------------------------------------------------------------------------------------------------------------------------------
Train Iter:[0  /563], CauLoss:[1.8788], AdvLoss:[4.3726]
Train Iter:[140/563], CauLoss:[1.6904], AdvLoss:[3.9776]
Train Iter:[280/563], CauLoss:[1.6659], AdvLoss:[4.1345]
Train Iter:[420/563], CauLoss:[1.6733], AdvLoss:[4.0692]
Train Iter:[560/563], CauLoss:[1.6740], AdvLoss:[3.8869]
--------------------------------------------------------------------------------------------------------------------------------------------------------------------------------------------------------
Epoch:[48/100], CauAdvLoss:[1.6746/3.8854], valid:[49.13], test:[60.20]
--------------------------------------------------------------------------------------------------------------------------------------------------------------------------------------------------------
Train Iter:[0  /563], CauLoss:[1.7105], AdvLoss:[2.8240]
Train Iter:[140/563], CauLoss:[1.6215], AdvLoss:[2.9935]
Train Iter:[280/563], CauLoss:[1.6711], AdvLoss:[3.2369]
Train Iter:[420/563], CauLoss:[1.6685], AdvLoss:[3.2169]
Train Iter:[560/563], CauLoss:[1.6628], AdvLoss:[3.2656]
--------------------------------------------------------------------------------------------------------------------------------------------------------------------------------------------------------
Epoch:[49/100], CauAdvLoss:[1.6623/3.2717], valid:[92.20], test:[70.43]
--------------------------------------------------------------------------------------------------------------------------------------------------------------------------------------------------------
Train Iter:[0  /563], CauLoss:[1.8617], AdvLoss:[5.1627]
Train Iter:[140/563], CauLoss:[1.6731], AdvLoss:[4.3849]
Train Iter:[280/563], CauLoss:[1.6572], AdvLoss:[4.4331]
Train Iter:[420/563], CauLoss:[1.6578], AdvLoss:[4.4383]
Train Iter:[560/563], CauLoss:[1.6590], AdvLoss:[4.3460]
--------------------------------------------------------------------------------------------------------------------------------------------------------------------------------------------------------
Epoch:[50/100], CauAdvLoss:[1.6586/4.3441], valid:[72.13], test:[77.60]
--------------------------------------------------------------------------------------------------------------------------------------------------------------------------------------------------------
Train Iter:[0  /563], CauLoss:[1.4697], AdvLoss:[5.3731]
Train Iter:[140/563], CauLoss:[1.6660], AdvLoss:[3.6618]
Train Iter:[280/563], CauLoss:[1.6467], AdvLoss:[3.8307]
Train Iter:[420/563], CauLoss:[1.6534], AdvLoss:[3.9724]
Train Iter:[560/563], CauLoss:[1.6609], AdvLoss:[4.1083]
--------------------------------------------------------------------------------------------------------------------------------------------------------------------------------------------------------
Epoch:[51/100], CauAdvLoss:[1.6623/4.1023], valid:[57.30], test:[76.77]
--------------------------------------------------------------------------------------------------------------------------------------------------------------------------------------------------------
Train Iter:[0  /563], CauLoss:[2.0507], AdvLoss:[3.7136]
Train Iter:[140/563], CauLoss:[1.6485], AdvLoss:[4.2376]
Train Iter:[280/563], CauLoss:[1.6630], AdvLoss:[4.1562]
Train Iter:[420/563], CauLoss:[1.6567], AdvLoss:[4.1848]
Train Iter:[560/563], CauLoss:[1.6602], AdvLoss:[4.0843]
--------------------------------------------------------------------------------------------------------------------------------------------------------------------------------------------------------
Epoch:[52/100], CauAdvLoss:[1.6604/4.0781], valid:[65.80], test:[73.83]
--------------------------------------------------------------------------------------------------------------------------------------------------------------------------------------------------------
Train Iter:[0  /563], CauLoss:[1.9860], AdvLoss:[2.6428]
Train Iter:[140/563], CauLoss:[1.6476], AdvLoss:[3.3043]
Train Iter:[280/563], CauLoss:[1.6547], AdvLoss:[3.3115]
Train Iter:[420/563], CauLoss:[1.6661], AdvLoss:[3.3090]
Train Iter:[560/563], CauLoss:[1.6591], AdvLoss:[3.3048]
--------------------------------------------------------------------------------------------------------------------------------------------------------------------------------------------------------
Epoch:[53/100], CauAdvLoss:[1.6589/3.3055], valid:[71.73], test:[56.13]
--------------------------------------------------------------------------------------------------------------------------------------------------------------------------------------------------------
Train Iter:[0  /563], CauLoss:[1.8720], AdvLoss:[3.1150]
Train Iter:[140/563], CauLoss:[1.6606], AdvLoss:[3.5305]
Train Iter:[280/563], CauLoss:[1.6668], AdvLoss:[3.5264]
Train Iter:[420/563], CauLoss:[1.6550], AdvLoss:[3.6367]
Train Iter:[560/563], CauLoss:[1.6565], AdvLoss:[3.6881]
--------------------------------------------------------------------------------------------------------------------------------------------------------------------------------------------------------
Epoch:[54/100], CauAdvLoss:[1.6565/3.6944], valid:[43.80], test:[75.80]
--------------------------------------------------------------------------------------------------------------------------------------------------------------------------------------------------------
Train Iter:[0  /563], CauLoss:[1.4662], AdvLoss:[3.4519]
Train Iter:[140/563], CauLoss:[1.6761], AdvLoss:[4.1405]
Train Iter:[280/563], CauLoss:[1.6693], AdvLoss:[4.2690]
Train Iter:[420/563], CauLoss:[1.6519], AdvLoss:[4.4620]
Train Iter:[560/563], CauLoss:[1.6574], AdvLoss:[4.4840]
--------------------------------------------------------------------------------------------------------------------------------------------------------------------------------------------------------
Epoch:[55/100], CauAdvLoss:[1.6583/4.4845], valid:[46.20], test:[77.17]
--------------------------------------------------------------------------------------------------------------------------------------------------------------------------------------------------------
Train Iter:[0  /563], CauLoss:[1.4999], AdvLoss:[5.5463]
Train Iter:[140/563], CauLoss:[1.6366], AdvLoss:[3.6458]
Train Iter:[280/563], CauLoss:[1.6727], AdvLoss:[3.7443]
Train Iter:[420/563], CauLoss:[1.6673], AdvLoss:[3.8022]
Train Iter:[560/563], CauLoss:[1.6604], AdvLoss:[4.0243]
--------------------------------------------------------------------------------------------------------------------------------------------------------------------------------------------------------
Epoch:[56/100], CauAdvLoss:[1.6595/4.0280], valid:[92.47], test:[70.77]
--------------------------------------------------------------------------------------------------------------------------------------------------------------------------------------------------------
Train Iter:[0  /563], CauLoss:[1.6891], AdvLoss:[3.5881]
Train Iter:[140/563], CauLoss:[1.6637], AdvLoss:[4.9285]
Train Iter:[280/563], CauLoss:[1.6879], AdvLoss:[4.7165]
Train Iter:[420/563], CauLoss:[1.6676], AdvLoss:[4.4192]
Train Iter:[560/563], CauLoss:[1.6571], AdvLoss:[4.3322]
--------------------------------------------------------------------------------------------------------------------------------------------------------------------------------------------------------
Epoch:[57/100], CauAdvLoss:[1.6582/4.3349], valid:[64.93], test:[74.70]
--------------------------------------------------------------------------------------------------------------------------------------------------------------------------------------------------------
Train Iter:[0  /563], CauLoss:[1.6600], AdvLoss:[3.8148]
Train Iter:[140/563], CauLoss:[1.6604], AdvLoss:[3.9856]
Train Iter:[280/563], CauLoss:[1.6353], AdvLoss:[4.1746]
Train Iter:[420/563], CauLoss:[1.6467], AdvLoss:[4.1517]
Train Iter:[560/563], CauLoss:[1.6566], AdvLoss:[4.1510]
--------------------------------------------------------------------------------------------------------------------------------------------------------------------------------------------------------
Epoch:[58/100], CauAdvLoss:[1.6557/4.1524], valid:[71.73], test:[69.37]
--------------------------------------------------------------------------------------------------------------------------------------------------------------------------------------------------------
Train Iter:[0  /563], CauLoss:[1.3980], AdvLoss:[4.7054]
Train Iter:[140/563], CauLoss:[1.6401], AdvLoss:[3.8221]
Train Iter:[280/563], CauLoss:[1.6546], AdvLoss:[3.8886]
Train Iter:[420/563], CauLoss:[1.6499], AdvLoss:[4.0947]
Train Iter:[560/563], CauLoss:[1.6572], AdvLoss:[4.2605]
--------------------------------------------------------------------------------------------------------------------------------------------------------------------------------------------------------
Epoch:[59/100], CauAdvLoss:[1.6572/4.2610], valid:[69.50], test:[63.40]
--------------------------------------------------------------------------------------------------------------------------------------------------------------------------------------------------------
Train Iter:[0  /563], CauLoss:[1.8878], AdvLoss:[4.9952]
Train Iter:[140/563], CauLoss:[1.6569], AdvLoss:[4.9232]
Train Iter:[280/563], CauLoss:[1.6670], AdvLoss:[4.9424]
Train Iter:[420/563], CauLoss:[1.6562], AdvLoss:[4.8202]
Train Iter:[560/563], CauLoss:[1.6594], AdvLoss:[4.7764]
--------------------------------------------------------------------------------------------------------------------------------------------------------------------------------------------------------
Epoch:[60/100], CauAdvLoss:[1.6583/4.7794], valid:[59.87], test:[74.13]
--------------------------------------------------------------------------------------------------------------------------------------------------------------------------------------------------------
Train Iter:[0  /563], CauLoss:[2.4698], AdvLoss:[5.0871]
Train Iter:[140/563], CauLoss:[1.6632], AdvLoss:[4.6164]
Train Iter:[280/563], CauLoss:[1.6600], AdvLoss:[4.3956]
Train Iter:[420/563], CauLoss:[1.6570], AdvLoss:[4.3653]
Train Iter:[560/563], CauLoss:[1.6570], AdvLoss:[4.3389]
--------------------------------------------------------------------------------------------------------------------------------------------------------------------------------------------------------
Epoch:[61/100], CauAdvLoss:[1.6572/4.3384], valid:[56.60], test:[71.37]
--------------------------------------------------------------------------------------------------------------------------------------------------------------------------------------------------------
Train Iter:[0  /563], CauLoss:[1.1842], AdvLoss:[3.7557]
Train Iter:[140/563], CauLoss:[1.6072], AdvLoss:[4.2700]
Train Iter:[280/563], CauLoss:[1.6429], AdvLoss:[4.1372]
Train Iter:[420/563], CauLoss:[1.6540], AdvLoss:[4.1603]
Train Iter:[560/563], CauLoss:[1.6449], AdvLoss:[4.2916]
--------------------------------------------------------------------------------------------------------------------------------------------------------------------------------------------------------
Epoch:[62/100], CauAdvLoss:[1.6444/4.2930], valid:[90.97], test:[66.33]
--------------------------------------------------------------------------------------------------------------------------------------------------------------------------------------------------------
Train Iter:[0  /563], CauLoss:[1.5684], AdvLoss:[5.2025]
Train Iter:[140/563], CauLoss:[1.6222], AdvLoss:[4.8651]
Train Iter:[280/563], CauLoss:[1.6359], AdvLoss:[4.6522]
Train Iter:[420/563], CauLoss:[1.6448], AdvLoss:[4.6621]
Train Iter:[560/563], CauLoss:[1.6491], AdvLoss:[4.5275]
--------------------------------------------------------------------------------------------------------------------------------------------------------------------------------------------------------
Epoch:[63/100], CauAdvLoss:[1.6485/4.5288], valid:[83.77], test:[74.87]
--------------------------------------------------------------------------------------------------------------------------------------------------------------------------------------------------------
Train Iter:[0  /563], CauLoss:[2.2427], AdvLoss:[4.2109]
Train Iter:[140/563], CauLoss:[1.6465], AdvLoss:[4.2714]
Train Iter:[280/563], CauLoss:[1.6237], AdvLoss:[4.4058]
Train Iter:[420/563], CauLoss:[1.6436], AdvLoss:[4.3185]
Train Iter:[560/563], CauLoss:[1.6482], AdvLoss:[4.3038]
--------------------------------------------------------------------------------------------------------------------------------------------------------------------------------------------------------
Epoch:[64/100], CauAdvLoss:[1.6486/4.3022], valid:[83.87], test:[69.37]
--------------------------------------------------------------------------------------------------------------------------------------------------------------------------------------------------------
Train Iter:[0  /563], CauLoss:[2.1679], AdvLoss:[4.6481]
Train Iter:[140/563], CauLoss:[1.6278], AdvLoss:[4.6118]
Train Iter:[280/563], CauLoss:[1.6314], AdvLoss:[4.6135]
Train Iter:[420/563], CauLoss:[1.6355], AdvLoss:[4.4761]
Train Iter:[560/563], CauLoss:[1.6500], AdvLoss:[4.4203]
--------------------------------------------------------------------------------------------------------------------------------------------------------------------------------------------------------
Epoch:[65/100], CauAdvLoss:[1.6510/4.4212], valid:[92.80], test:[74.23]
--------------------------------------------------------------------------------------------------------------------------------------------------------------------------------------------------------
Train Iter:[0  /563], CauLoss:[1.9760], AdvLoss:[3.8037]
Train Iter:[140/563], CauLoss:[1.6353], AdvLoss:[4.1404]
Train Iter:[280/563], CauLoss:[1.6381], AdvLoss:[4.4472]
Train Iter:[420/563], CauLoss:[1.6414], AdvLoss:[4.4870]
Train Iter:[560/563], CauLoss:[1.6418], AdvLoss:[4.4052]
--------------------------------------------------------------------------------------------------------------------------------------------------------------------------------------------------------
Epoch:[66/100], CauAdvLoss:[1.6419/4.4054], valid:[84.47], test:[71.67]
--------------------------------------------------------------------------------------------------------------------------------------------------------------------------------------------------------
Train Iter:[0  /563], CauLoss:[1.7738], AdvLoss:[4.1221]
Train Iter:[140/563], CauLoss:[1.5991], AdvLoss:[4.6921]
Train Iter:[280/563], CauLoss:[1.6394], AdvLoss:[4.6919]
Train Iter:[420/563], CauLoss:[1.6470], AdvLoss:[4.7426]
Train Iter:[560/563], CauLoss:[1.6473], AdvLoss:[4.8336]
--------------------------------------------------------------------------------------------------------------------------------------------------------------------------------------------------------
Epoch:[67/100], CauAdvLoss:[1.6477/4.8376], valid:[74.57], test:[70.87]
--------------------------------------------------------------------------------------------------------------------------------------------------------------------------------------------------------
Train Iter:[0  /563], CauLoss:[1.5580], AdvLoss:[4.5934]
Train Iter:[140/563], CauLoss:[1.6488], AdvLoss:[5.7570]
Train Iter:[280/563], CauLoss:[1.6500], AdvLoss:[5.3455]
Train Iter:[420/563], CauLoss:[1.6449], AdvLoss:[5.1229]
Train Iter:[560/563], CauLoss:[1.6485], AdvLoss:[5.0088]
--------------------------------------------------------------------------------------------------------------------------------------------------------------------------------------------------------
Epoch:[68/100], CauAdvLoss:[1.6476/5.0094], valid:[82.17], test:[77.20]
--------------------------------------------------------------------------------------------------------------------------------------------------------------------------------------------------------
Train Iter:[0  /563], CauLoss:[2.3062], AdvLoss:[5.8946]
Train Iter:[140/563], CauLoss:[1.6238], AdvLoss:[4.7729]
Train Iter:[280/563], CauLoss:[1.6209], AdvLoss:[5.0421]
Train Iter:[420/563], CauLoss:[1.6407], AdvLoss:[5.0248]
Train Iter:[560/563], CauLoss:[1.6458], AdvLoss:[4.9193]
--------------------------------------------------------------------------------------------------------------------------------------------------------------------------------------------------------
Epoch:[69/100], CauAdvLoss:[1.6481/4.9158], valid:[86.20], test:[71.90]
--------------------------------------------------------------------------------------------------------------------------------------------------------------------------------------------------------
Train Iter:[0  /563], CauLoss:[1.9992], AdvLoss:[4.7007]
Train Iter:[140/563], CauLoss:[1.6356], AdvLoss:[4.8078]
Train Iter:[280/563], CauLoss:[1.6617], AdvLoss:[4.7962]
Train Iter:[420/563], CauLoss:[1.6521], AdvLoss:[4.7237]
Train Iter:[560/563], CauLoss:[1.6430], AdvLoss:[4.6951]
--------------------------------------------------------------------------------------------------------------------------------------------------------------------------------------------------------
Epoch:[70/100], CauAdvLoss:[1.6416/4.6909], valid:[91.23], test:[70.70]
--------------------------------------------------------------------------------------------------------------------------------------------------------------------------------------------------------
Train Iter:[0  /563], CauLoss:[1.5476], AdvLoss:[3.6088]
Train Iter:[140/563], CauLoss:[1.6632], AdvLoss:[3.9801]
Train Iter:[280/563], CauLoss:[1.6535], AdvLoss:[4.0274]
Train Iter:[420/563], CauLoss:[1.6506], AdvLoss:[4.2608]
Train Iter:[560/563], CauLoss:[1.6407], AdvLoss:[4.3104]
--------------------------------------------------------------------------------------------------------------------------------------------------------------------------------------------------------
Epoch:[71/100], CauAdvLoss:[1.6396/4.3125], valid:[90.43], test:[71.17]
--------------------------------------------------------------------------------------------------------------------------------------------------------------------------------------------------------
Train Iter:[0  /563], CauLoss:[1.3956], AdvLoss:[3.7745]
Train Iter:[140/563], CauLoss:[1.6541], AdvLoss:[4.7188]
Train Iter:[280/563], CauLoss:[1.6492], AdvLoss:[4.6496]
Train Iter:[420/563], CauLoss:[1.6524], AdvLoss:[4.5827]
Train Iter:[560/563], CauLoss:[1.6408], AdvLoss:[4.5993]
--------------------------------------------------------------------------------------------------------------------------------------------------------------------------------------------------------
Epoch:[72/100], CauAdvLoss:[1.6392/4.6069], valid:[93.03], test:[73.17]
--------------------------------------------------------------------------------------------------------------------------------------------------------------------------------------------------------
Train Iter:[0  /563], CauLoss:[2.4857], AdvLoss:[7.0845]
Train Iter:[140/563], CauLoss:[1.6252], AdvLoss:[4.9626]
Train Iter:[280/563], CauLoss:[1.6506], AdvLoss:[4.6271]
Train Iter:[420/563], CauLoss:[1.6333], AdvLoss:[4.6957]
Train Iter:[560/563], CauLoss:[1.6438], AdvLoss:[4.8435]
--------------------------------------------------------------------------------------------------------------------------------------------------------------------------------------------------------
Epoch:[73/100], CauAdvLoss:[1.6438/4.8419], valid:[92.33], test:[70.67]
--------------------------------------------------------------------------------------------------------------------------------------------------------------------------------------------------------
Train Iter:[0  /563], CauLoss:[1.6117], AdvLoss:[4.0941]
Train Iter:[140/563], CauLoss:[1.6492], AdvLoss:[5.4490]
Train Iter:[280/563], CauLoss:[1.6554], AdvLoss:[5.3099]
Train Iter:[420/563], CauLoss:[1.6381], AdvLoss:[5.1549]
Train Iter:[560/563], CauLoss:[1.6405], AdvLoss:[5.0485]
--------------------------------------------------------------------------------------------------------------------------------------------------------------------------------------------------------
Epoch:[74/100], CauAdvLoss:[1.6400/5.0477], valid:[93.03], test:[72.97]
--------------------------------------------------------------------------------------------------------------------------------------------------------------------------------------------------------
Train Iter:[0  /563], CauLoss:[1.6743], AdvLoss:[4.9098]
Train Iter:[140/563], CauLoss:[1.6364], AdvLoss:[4.6896]
Train Iter:[280/563], CauLoss:[1.6508], AdvLoss:[4.7073]
Train Iter:[420/563], CauLoss:[1.6367], AdvLoss:[4.8241]
Train Iter:[560/563], CauLoss:[1.6385], AdvLoss:[4.8594]
--------------------------------------------------------------------------------------------------------------------------------------------------------------------------------------------------------
Epoch:[75/100], CauAdvLoss:[1.6397/4.8564], valid:[84.60], test:[71.67]
--------------------------------------------------------------------------------------------------------------------------------------------------------------------------------------------------------
Train Iter:[0  /563], CauLoss:[1.7925], AdvLoss:[3.7555]
Train Iter:[140/563], CauLoss:[1.5908], AdvLoss:[4.7915]
Train Iter:[280/563], CauLoss:[1.6176], AdvLoss:[4.8524]
Train Iter:[420/563], CauLoss:[1.6296], AdvLoss:[4.8834]
Train Iter:[560/563], CauLoss:[1.6374], AdvLoss:[4.8268]
--------------------------------------------------------------------------------------------------------------------------------------------------------------------------------------------------------
Epoch:[76/100], CauAdvLoss:[1.6380/4.8252], valid:[93.07], test:[74.37]
--------------------------------------------------------------------------------------------------------------------------------------------------------------------------------------------------------
Train Iter:[0  /563], CauLoss:[1.7059], AdvLoss:[2.8888]
Train Iter:[140/563], CauLoss:[1.6091], AdvLoss:[4.5776]
Train Iter:[280/563], CauLoss:[1.6013], AdvLoss:[4.7539]
Train Iter:[420/563], CauLoss:[1.6127], AdvLoss:[4.7966]
Train Iter:[560/563], CauLoss:[1.6353], AdvLoss:[4.7426]
--------------------------------------------------------------------------------------------------------------------------------------------------------------------------------------------------------
Epoch:[77/100], CauAdvLoss:[1.6352/4.7413], valid:[92.33], test:[70.53]
--------------------------------------------------------------------------------------------------------------------------------------------------------------------------------------------------------
Train Iter:[0  /563], CauLoss:[1.3706], AdvLoss:[3.8693]
Train Iter:[140/563], CauLoss:[1.6214], AdvLoss:[4.3953]
Train Iter:[280/563], CauLoss:[1.6229], AdvLoss:[4.5215]
Train Iter:[420/563], CauLoss:[1.6325], AdvLoss:[4.6591]
Train Iter:[560/563], CauLoss:[1.6392], AdvLoss:[4.7567]
--------------------------------------------------------------------------------------------------------------------------------------------------------------------------------------------------------
Epoch:[78/100], CauAdvLoss:[1.6379/4.7598], valid:[86.43], test:[75.63]
--------------------------------------------------------------------------------------------------------------------------------------------------------------------------------------------------------
Train Iter:[0  /563], CauLoss:[1.8603], AdvLoss:[5.8434]
Train Iter:[140/563], CauLoss:[1.6313], AdvLoss:[4.7293]
Train Iter:[280/563], CauLoss:[1.6380], AdvLoss:[4.8450]
Train Iter:[420/563], CauLoss:[1.6405], AdvLoss:[4.8438]
Train Iter:[560/563], CauLoss:[1.6405], AdvLoss:[4.7039]
--------------------------------------------------------------------------------------------------------------------------------------------------------------------------------------------------------
Epoch:[79/100], CauAdvLoss:[1.6395/4.7024], valid:[93.03], test:[70.53]
--------------------------------------------------------------------------------------------------------------------------------------------------------------------------------------------------------
Train Iter:[0  /563], CauLoss:[1.3212], AdvLoss:[4.5346]
Train Iter:[140/563], CauLoss:[1.6318], AdvLoss:[4.4996]
Train Iter:[280/563], CauLoss:[1.6313], AdvLoss:[4.5692]
Train Iter:[420/563], CauLoss:[1.6246], AdvLoss:[4.6309]
Train Iter:[560/563], CauLoss:[1.6315], AdvLoss:[4.5994]
--------------------------------------------------------------------------------------------------------------------------------------------------------------------------------------------------------
Epoch:[80/100], CauAdvLoss:[1.6317/4.5984], valid:[93.03], test:[70.70]
--------------------------------------------------------------------------------------------------------------------------------------------------------------------------------------------------------
Train Iter:[0  /563], CauLoss:[1.7267], AdvLoss:[5.2306]
Train Iter:[140/563], CauLoss:[1.6310], AdvLoss:[4.7002]
Train Iter:[280/563], CauLoss:[1.6532], AdvLoss:[4.6511]
Train Iter:[420/563], CauLoss:[1.6442], AdvLoss:[4.7505]
Train Iter:[560/563], CauLoss:[1.6357], AdvLoss:[4.7688]
--------------------------------------------------------------------------------------------------------------------------------------------------------------------------------------------------------
Epoch:[81/100], CauAdvLoss:[1.6343/4.7668], valid:[89.40], test:[71.83]
--------------------------------------------------------------------------------------------------------------------------------------------------------------------------------------------------------
Train Iter:[0  /563], CauLoss:[1.1807], AdvLoss:[4.1410]
Train Iter:[140/563], CauLoss:[1.6646], AdvLoss:[4.4668]
Train Iter:[280/563], CauLoss:[1.6567], AdvLoss:[4.6029]
Train Iter:[420/563], CauLoss:[1.6398], AdvLoss:[4.6431]
Train Iter:[560/563], CauLoss:[1.6414], AdvLoss:[4.6354]
--------------------------------------------------------------------------------------------------------------------------------------------------------------------------------------------------------
Epoch:[82/100], CauAdvLoss:[1.6407/4.6301], valid:[93.03], test:[70.73]
--------------------------------------------------------------------------------------------------------------------------------------------------------------------------------------------------------
Train Iter:[0  /563], CauLoss:[1.3348], AdvLoss:[4.2262]
Train Iter:[140/563], CauLoss:[1.6062], AdvLoss:[4.9648]
Train Iter:[280/563], CauLoss:[1.6403], AdvLoss:[4.7763]
Train Iter:[420/563], CauLoss:[1.6368], AdvLoss:[4.7390]
Train Iter:[560/563], CauLoss:[1.6354], AdvLoss:[4.7238]
--------------------------------------------------------------------------------------------------------------------------------------------------------------------------------------------------------
Epoch:[83/100], CauAdvLoss:[1.6345/4.7248], valid:[92.13], test:[72.27]
--------------------------------------------------------------------------------------------------------------------------------------------------------------------------------------------------------
Train Iter:[0  /563], CauLoss:[1.8113], AdvLoss:[5.0373]
Train Iter:[140/563], CauLoss:[1.6556], AdvLoss:[4.8082]
Train Iter:[280/563], CauLoss:[1.6243], AdvLoss:[4.6245]
Train Iter:[420/563], CauLoss:[1.6282], AdvLoss:[4.5918]
Train Iter:[560/563], CauLoss:[1.6352], AdvLoss:[4.5859]
--------------------------------------------------------------------------------------------------------------------------------------------------------------------------------------------------------
Epoch:[84/100], CauAdvLoss:[1.6372/4.5883], valid:[92.20], test:[73.13]
--------------------------------------------------------------------------------------------------------------------------------------------------------------------------------------------------------
Train Iter:[0  /563], CauLoss:[1.1391], AdvLoss:[6.1141]
Train Iter:[140/563], CauLoss:[1.6303], AdvLoss:[4.9291]
Train Iter:[280/563], CauLoss:[1.6263], AdvLoss:[4.8627]
Train Iter:[420/563], CauLoss:[1.6373], AdvLoss:[4.7668]
Train Iter:[560/563], CauLoss:[1.6330], AdvLoss:[4.6722]
--------------------------------------------------------------------------------------------------------------------------------------------------------------------------------------------------------
Epoch:[85/100], CauAdvLoss:[1.6323/4.6722], valid:[92.70], test:[73.30]
--------------------------------------------------------------------------------------------------------------------------------------------------------------------------------------------------------
Train Iter:[0  /563], CauLoss:[1.6597], AdvLoss:[3.2750]
Train Iter:[140/563], CauLoss:[1.6276], AdvLoss:[4.9479]
Train Iter:[280/563], CauLoss:[1.6296], AdvLoss:[4.8943]
Train Iter:[420/563], CauLoss:[1.6364], AdvLoss:[4.8261]
Train Iter:[560/563], CauLoss:[1.6294], AdvLoss:[4.8154]
--------------------------------------------------------------------------------------------------------------------------------------------------------------------------------------------------------
Epoch:[86/100], CauAdvLoss:[1.6323/4.8156], valid:[92.47], test:[75.00]
--------------------------------------------------------------------------------------------------------------------------------------------------------------------------------------------------------
Train Iter:[0  /563], CauLoss:[1.4403], AdvLoss:[3.1427]
Train Iter:[140/563], CauLoss:[1.6364], AdvLoss:[4.7346]
Train Iter:[280/563], CauLoss:[1.6266], AdvLoss:[4.8182]
Train Iter:[420/563], CauLoss:[1.6363], AdvLoss:[4.7798]
Train Iter:[560/563], CauLoss:[1.6366], AdvLoss:[4.7722]
--------------------------------------------------------------------------------------------------------------------------------------------------------------------------------------------------------
Epoch:[87/100], CauAdvLoss:[1.6379/4.7739], valid:[92.63], test:[74.63]
--------------------------------------------------------------------------------------------------------------------------------------------------------------------------------------------------------
Train Iter:[0  /563], CauLoss:[2.1728], AdvLoss:[5.1851]
Train Iter:[140/563], CauLoss:[1.6313], AdvLoss:[5.0389]
Train Iter:[280/563], CauLoss:[1.6335], AdvLoss:[4.8398]
Train Iter:[420/563], CauLoss:[1.6292], AdvLoss:[4.9128]
Train Iter:[560/563], CauLoss:[1.6280], AdvLoss:[4.8701]
--------------------------------------------------------------------------------------------------------------------------------------------------------------------------------------------------------
Epoch:[88/100], CauAdvLoss:[1.6273/4.8698], valid:[93.03], test:[70.50]
--------------------------------------------------------------------------------------------------------------------------------------------------------------------------------------------------------
Train Iter:[0  /563], CauLoss:[1.4688], AdvLoss:[3.8984]
Train Iter:[140/563], CauLoss:[1.6213], AdvLoss:[4.8151]
Train Iter:[280/563], CauLoss:[1.6321], AdvLoss:[4.7776]
Train Iter:[420/563], CauLoss:[1.6433], AdvLoss:[4.8085]
Train Iter:[560/563], CauLoss:[1.6328], AdvLoss:[4.7922]
--------------------------------------------------------------------------------------------------------------------------------------------------------------------------------------------------------
Epoch:[89/100], CauAdvLoss:[1.6323/4.7944], valid:[93.00], test:[73.80]
--------------------------------------------------------------------------------------------------------------------------------------------------------------------------------------------------------
Train Iter:[0  /563], CauLoss:[1.7743], AdvLoss:[4.4716]
Train Iter:[140/563], CauLoss:[1.6292], AdvLoss:[4.7739]
Train Iter:[280/563], CauLoss:[1.6397], AdvLoss:[4.9486]
Train Iter:[420/563], CauLoss:[1.6271], AdvLoss:[4.8598]
Train Iter:[560/563], CauLoss:[1.6299], AdvLoss:[4.8459]
--------------------------------------------------------------------------------------------------------------------------------------------------------------------------------------------------------
Epoch:[90/100], CauAdvLoss:[1.6289/4.8403], valid:[84.90], test:[68.07]
--------------------------------------------------------------------------------------------------------------------------------------------------------------------------------------------------------
Train Iter:[0  /563], CauLoss:[2.6363], AdvLoss:[3.9431]
Train Iter:[140/563], CauLoss:[1.6614], AdvLoss:[4.8256]
Train Iter:[280/563], CauLoss:[1.6332], AdvLoss:[4.7818]
Train Iter:[420/563], CauLoss:[1.6281], AdvLoss:[4.8448]
Train Iter:[560/563], CauLoss:[1.6282], AdvLoss:[4.7998]
--------------------------------------------------------------------------------------------------------------------------------------------------------------------------------------------------------
Epoch:[91/100], CauAdvLoss:[1.6272/4.7997], valid:[81.77], test:[70.57]
--------------------------------------------------------------------------------------------------------------------------------------------------------------------------------------------------------
Train Iter:[0  /563], CauLoss:[1.8945], AdvLoss:[3.7124]
Train Iter:[140/563], CauLoss:[1.6348], AdvLoss:[5.0512]
Train Iter:[280/563], CauLoss:[1.6245], AdvLoss:[4.9265]
Train Iter:[420/563], CauLoss:[1.6341], AdvLoss:[4.8767]
Train Iter:[560/563], CauLoss:[1.6329], AdvLoss:[4.9202]
--------------------------------------------------------------------------------------------------------------------------------------------------------------------------------------------------------
Epoch:[92/100], CauAdvLoss:[1.6316/4.9198], valid:[89.53], test:[72.03]
--------------------------------------------------------------------------------------------------------------------------------------------------------------------------------------------------------
Train Iter:[0  /563], CauLoss:[1.2774], AdvLoss:[5.1737]
Train Iter:[140/563], CauLoss:[1.6400], AdvLoss:[4.7839]
Train Iter:[280/563], CauLoss:[1.6325], AdvLoss:[4.8167]
Train Iter:[420/563], CauLoss:[1.6222], AdvLoss:[4.8341]
Train Iter:[560/563], CauLoss:[1.6331], AdvLoss:[4.8859]
--------------------------------------------------------------------------------------------------------------------------------------------------------------------------------------------------------
Epoch:[93/100], CauAdvLoss:[1.6349/4.8867], valid:[81.63], test:[70.37]
--------------------------------------------------------------------------------------------------------------------------------------------------------------------------------------------------------
Train Iter:[0  /563], CauLoss:[1.2994], AdvLoss:[4.2409]
Train Iter:[140/563], CauLoss:[1.6522], AdvLoss:[4.8349]
Train Iter:[280/563], CauLoss:[1.6244], AdvLoss:[4.8300]
Train Iter:[420/563], CauLoss:[1.6251], AdvLoss:[4.8520]
Train Iter:[560/563], CauLoss:[1.6326], AdvLoss:[4.8478]
--------------------------------------------------------------------------------------------------------------------------------------------------------------------------------------------------------
Epoch:[94/100], CauAdvLoss:[1.6333/4.8510], valid:[93.00], test:[72.50]
--------------------------------------------------------------------------------------------------------------------------------------------------------------------------------------------------------
Train Iter:[0  /563], CauLoss:[1.8270], AdvLoss:[4.7886]
Train Iter:[140/563], CauLoss:[1.6319], AdvLoss:[5.0801]
Train Iter:[280/563], CauLoss:[1.6378], AdvLoss:[5.0878]
Train Iter:[420/563], CauLoss:[1.6398], AdvLoss:[4.9817]
Train Iter:[560/563], CauLoss:[1.6361], AdvLoss:[4.9204]
--------------------------------------------------------------------------------------------------------------------------------------------------------------------------------------------------------
Epoch:[95/100], CauAdvLoss:[1.6360/4.9230], valid:[84.60], test:[74.53]
--------------------------------------------------------------------------------------------------------------------------------------------------------------------------------------------------------
Train Iter:[0  /563], CauLoss:[2.0497], AdvLoss:[5.9864]
Train Iter:[140/563], CauLoss:[1.6122], AdvLoss:[4.9033]
Train Iter:[280/563], CauLoss:[1.6230], AdvLoss:[4.9605]
Train Iter:[420/563], CauLoss:[1.6254], AdvLoss:[4.8756]
Train Iter:[560/563], CauLoss:[1.6282], AdvLoss:[4.9168]
--------------------------------------------------------------------------------------------------------------------------------------------------------------------------------------------------------
Epoch:[96/100], CauAdvLoss:[1.6281/4.9128], valid:[91.73], test:[73.70]
--------------------------------------------------------------------------------------------------------------------------------------------------------------------------------------------------------
Train Iter:[0  /563], CauLoss:[1.4012], AdvLoss:[4.5130]
Train Iter:[140/563], CauLoss:[1.5837], AdvLoss:[4.6991]
Train Iter:[280/563], CauLoss:[1.6192], AdvLoss:[4.8027]
Train Iter:[420/563], CauLoss:[1.6349], AdvLoss:[4.8674]
Train Iter:[560/563], CauLoss:[1.6351], AdvLoss:[4.8945]
--------------------------------------------------------------------------------------------------------------------------------------------------------------------------------------------------------
Epoch:[97/100], CauAdvLoss:[1.6354/4.8918], valid:[84.67], test:[70.57]
--------------------------------------------------------------------------------------------------------------------------------------------------------------------------------------------------------
Train Iter:[0  /563], CauLoss:[1.4696], AdvLoss:[4.9644]
Train Iter:[140/563], CauLoss:[1.6121], AdvLoss:[4.8756]
Train Iter:[280/563], CauLoss:[1.6108], AdvLoss:[4.8185]
Train Iter:[420/563], CauLoss:[1.6205], AdvLoss:[4.8703]
Train Iter:[560/563], CauLoss:[1.6261], AdvLoss:[4.8573]
--------------------------------------------------------------------------------------------------------------------------------------------------------------------------------------------------------
Epoch:[98/100], CauAdvLoss:[1.6254/4.8576], valid:[85.07], test:[72.20]
--------------------------------------------------------------------------------------------------------------------------------------------------------------------------------------------------------
Train Iter:[0  /563], CauLoss:[1.7437], AdvLoss:[5.6146]
Train Iter:[140/563], CauLoss:[1.6279], AdvLoss:[4.9151]
Train Iter:[280/563], CauLoss:[1.6195], AdvLoss:[4.8895]
Train Iter:[420/563], CauLoss:[1.6223], AdvLoss:[4.8956]
Train Iter:[560/563], CauLoss:[1.6275], AdvLoss:[4.8715]
--------------------------------------------------------------------------------------------------------------------------------------------------------------------------------------------------------
Epoch:[99/100], CauAdvLoss:[1.6265/4.8700], valid:[92.77], test:[72.67]
--------------------------------------------------------------------------------------------------------------------------------------------------------------------------------------------------------
Train Iter:[0  /563], CauLoss:[2.0218], AdvLoss:[5.4097]
Train Iter:[140/563], CauLoss:[1.6774], AdvLoss:[4.6121]
Train Iter:[280/563], CauLoss:[1.6412], AdvLoss:[4.9204]
Train Iter:[420/563], CauLoss:[1.6348], AdvLoss:[4.8795]
Train Iter:[560/563], CauLoss:[1.6294], AdvLoss:[4.8728]
--------------------------------------------------------------------------------------------------------------------------------------------------------------------------------------------------------
Epoch:[100/100], CauAdvLoss:[1.6295/4.8725], valid:[84.67], test:[72.67]
--------------------------------------------------------------------------------------------------------------------------------------------------------------------------------------------------------
Update test:[74.37] at epoch:[76] | Total time:00:26:11
Train Iter:[0  /563], CauLoss:[3.6109], AdvLoss:[0.5679]
Train Iter:[140/563], CauLoss:[2.5997], AdvLoss:[0.1032]
Train Iter:[280/563], CauLoss:[2.3958], AdvLoss:[0.6655]
Train Iter:[420/563], CauLoss:[2.3017], AdvLoss:[0.8902]
Train Iter:[560/563], CauLoss:[2.2496], AdvLoss:[0.9600]
--------------------------------------------------------------------------------------------------------------------------------------------------------------------------------------------------------
Epoch:[1/100], CauAdvLoss:[2.2488/0.9619], valid:[64.27], test:[59.60]
--------------------------------------------------------------------------------------------------------------------------------------------------------------------------------------------------------
Train Iter:[0  /563], CauLoss:[2.0750], AdvLoss:[1.0282]
Train Iter:[140/563], CauLoss:[1.9846], AdvLoss:[1.4687]
Train Iter:[280/563], CauLoss:[2.0033], AdvLoss:[1.3775]
Train Iter:[420/563], CauLoss:[1.9968], AdvLoss:[1.4246]
Train Iter:[560/563], CauLoss:[1.9883], AdvLoss:[1.5185]
--------------------------------------------------------------------------------------------------------------------------------------------------------------------------------------------------------
Epoch:[2/100], CauAdvLoss:[1.9901/1.5202], valid:[92.97], test:[66.03]
--------------------------------------------------------------------------------------------------------------------------------------------------------------------------------------------------------
Train Iter:[0  /563], CauLoss:[1.7158], AdvLoss:[1.7523]
Train Iter:[140/563], CauLoss:[1.9645], AdvLoss:[1.7501]
Train Iter:[280/563], CauLoss:[1.9682], AdvLoss:[1.8161]
Train Iter:[420/563], CauLoss:[1.9434], AdvLoss:[1.7430]
Train Iter:[560/563], CauLoss:[1.9278], AdvLoss:[1.8364]
--------------------------------------------------------------------------------------------------------------------------------------------------------------------------------------------------------
Epoch:[3/100], CauAdvLoss:[1.9278/1.8348], valid:[87.27], test:[60.13]
--------------------------------------------------------------------------------------------------------------------------------------------------------------------------------------------------------
Train Iter:[0  /563], CauLoss:[1.8327], AdvLoss:[0.4370]
Train Iter:[140/563], CauLoss:[1.9663], AdvLoss:[1.8474]
Train Iter:[280/563], CauLoss:[1.9200], AdvLoss:[1.7494]
Train Iter:[420/563], CauLoss:[1.9093], AdvLoss:[1.6868]
Train Iter:[560/563], CauLoss:[1.8906], AdvLoss:[1.5608]
--------------------------------------------------------------------------------------------------------------------------------------------------------------------------------------------------------
Epoch:[4/100], CauAdvLoss:[1.8926/1.5652], valid:[58.17], test:[47.23]
--------------------------------------------------------------------------------------------------------------------------------------------------------------------------------------------------------
Train Iter:[0  /563], CauLoss:[1.7240], AdvLoss:[1.0884]
Train Iter:[140/563], CauLoss:[1.8696], AdvLoss:[1.0930]
Train Iter:[280/563], CauLoss:[1.8721], AdvLoss:[1.1937]
Train Iter:[420/563], CauLoss:[1.8654], AdvLoss:[1.2868]
Train Iter:[560/563], CauLoss:[1.8567], AdvLoss:[1.3337]
--------------------------------------------------------------------------------------------------------------------------------------------------------------------------------------------------------
Epoch:[5/100], CauAdvLoss:[1.8562/1.3347], valid:[55.00], test:[58.37]
--------------------------------------------------------------------------------------------------------------------------------------------------------------------------------------------------------
Train Iter:[0  /563], CauLoss:[2.2576], AdvLoss:[2.2012]
Train Iter:[140/563], CauLoss:[1.8657], AdvLoss:[1.5358]
Train Iter:[280/563], CauLoss:[1.8331], AdvLoss:[1.3155]
Train Iter:[420/563], CauLoss:[1.8357], AdvLoss:[1.2911]
Train Iter:[560/563], CauLoss:[1.8368], AdvLoss:[1.2590]
--------------------------------------------------------------------------------------------------------------------------------------------------------------------------------------------------------
Epoch:[6/100], CauAdvLoss:[1.8378/1.2633], valid:[61.37], test:[63.37]
--------------------------------------------------------------------------------------------------------------------------------------------------------------------------------------------------------
Train Iter:[0  /563], CauLoss:[1.5896], AdvLoss:[2.6682]
Train Iter:[140/563], CauLoss:[1.8332], AdvLoss:[0.8308]
Train Iter:[280/563], CauLoss:[1.8180], AdvLoss:[0.8404]
Train Iter:[420/563], CauLoss:[1.8060], AdvLoss:[1.0407]
Train Iter:[560/563], CauLoss:[1.8170], AdvLoss:[1.2594]
--------------------------------------------------------------------------------------------------------------------------------------------------------------------------------------------------------
Epoch:[7/100], CauAdvLoss:[1.8178/1.2614], valid:[74.20], test:[53.53]
--------------------------------------------------------------------------------------------------------------------------------------------------------------------------------------------------------
Train Iter:[0  /563], CauLoss:[2.0186], AdvLoss:[1.2868]
Train Iter:[140/563], CauLoss:[1.8081], AdvLoss:[1.4204]
Train Iter:[280/563], CauLoss:[1.7756], AdvLoss:[1.3481]
Train Iter:[420/563], CauLoss:[1.8122], AdvLoss:[1.3868]
Train Iter:[560/563], CauLoss:[1.8194], AdvLoss:[1.3550]
--------------------------------------------------------------------------------------------------------------------------------------------------------------------------------------------------------
Epoch:[8/100], CauAdvLoss:[1.8222/1.3531], valid:[40.80], test:[46.73]
--------------------------------------------------------------------------------------------------------------------------------------------------------------------------------------------------------
Train Iter:[0  /563], CauLoss:[1.7440], AdvLoss:[1.3564]
Train Iter:[140/563], CauLoss:[1.7963], AdvLoss:[2.5198]
Train Iter:[280/563], CauLoss:[1.7906], AdvLoss:[1.8597]
Train Iter:[420/563], CauLoss:[1.7901], AdvLoss:[1.6815]
Train Iter:[560/563], CauLoss:[1.7879], AdvLoss:[1.6045]
--------------------------------------------------------------------------------------------------------------------------------------------------------------------------------------------------------
Epoch:[9/100], CauAdvLoss:[1.7877/1.6027], valid:[60.23], test:[50.93]
--------------------------------------------------------------------------------------------------------------------------------------------------------------------------------------------------------
Train Iter:[0  /563], CauLoss:[1.5117], AdvLoss:[1.0267]
Train Iter:[140/563], CauLoss:[1.7833], AdvLoss:[2.4868]
Train Iter:[280/563], CauLoss:[1.7749], AdvLoss:[2.5672]
Train Iter:[420/563], CauLoss:[1.7699], AdvLoss:[2.5663]
Train Iter:[560/563], CauLoss:[1.7725], AdvLoss:[2.5935]
--------------------------------------------------------------------------------------------------------------------------------------------------------------------------------------------------------
Epoch:[10/100], CauAdvLoss:[1.7724/2.5932], valid:[41.33], test:[55.00]
--------------------------------------------------------------------------------------------------------------------------------------------------------------------------------------------------------
Train Iter:[0  /563], CauLoss:[2.1299], AdvLoss:[2.5052]
Train Iter:[140/563], CauLoss:[1.8002], AdvLoss:[2.6861]
Train Iter:[280/563], CauLoss:[1.7814], AdvLoss:[2.4688]
Train Iter:[420/563], CauLoss:[1.7722], AdvLoss:[2.4702]
Train Iter:[560/563], CauLoss:[1.7721], AdvLoss:[2.5646]
--------------------------------------------------------------------------------------------------------------------------------------------------------------------------------------------------------
Epoch:[11/100], CauAdvLoss:[1.7724/2.5625], valid:[63.20], test:[52.93]
--------------------------------------------------------------------------------------------------------------------------------------------------------------------------------------------------------
Train Iter:[0  /563], CauLoss:[1.6323], AdvLoss:[0.9152]
Train Iter:[140/563], CauLoss:[1.7873], AdvLoss:[1.8642]
Train Iter:[280/563], CauLoss:[1.7763], AdvLoss:[2.2228]
Train Iter:[420/563], CauLoss:[1.7639], AdvLoss:[2.3044]
Train Iter:[560/563], CauLoss:[1.7586], AdvLoss:[2.3874]
--------------------------------------------------------------------------------------------------------------------------------------------------------------------------------------------------------
Epoch:[12/100], CauAdvLoss:[1.7581/2.3868], valid:[60.93], test:[52.90]
--------------------------------------------------------------------------------------------------------------------------------------------------------------------------------------------------------
Train Iter:[0  /563], CauLoss:[1.6463], AdvLoss:[2.2148]
Train Iter:[140/563], CauLoss:[1.7273], AdvLoss:[3.5084]
Train Iter:[280/563], CauLoss:[1.7468], AdvLoss:[3.5667]
Train Iter:[420/563], CauLoss:[1.7481], AdvLoss:[3.3890]
Train Iter:[560/563], CauLoss:[1.7447], AdvLoss:[3.2968]
--------------------------------------------------------------------------------------------------------------------------------------------------------------------------------------------------------
Epoch:[13/100], CauAdvLoss:[1.7461/3.2965], valid:[54.67], test:[53.90]
--------------------------------------------------------------------------------------------------------------------------------------------------------------------------------------------------------
Train Iter:[0  /563], CauLoss:[1.5975], AdvLoss:[2.8532]
Train Iter:[140/563], CauLoss:[1.6846], AdvLoss:[3.2362]
Train Iter:[280/563], CauLoss:[1.7279], AdvLoss:[2.7894]
Train Iter:[420/563], CauLoss:[1.7230], AdvLoss:[2.5995]
Train Iter:[560/563], CauLoss:[1.7307], AdvLoss:[2.4794]
--------------------------------------------------------------------------------------------------------------------------------------------------------------------------------------------------------
Epoch:[14/100], CauAdvLoss:[1.7318/2.4768], valid:[76.40], test:[72.37]
--------------------------------------------------------------------------------------------------------------------------------------------------------------------------------------------------------
Train Iter:[0  /563], CauLoss:[1.4402], AdvLoss:[1.3828]
Train Iter:[140/563], CauLoss:[1.7534], AdvLoss:[1.6837]
Train Iter:[280/563], CauLoss:[1.7474], AdvLoss:[2.0206]
Train Iter:[420/563], CauLoss:[1.7554], AdvLoss:[2.0768]
Train Iter:[560/563], CauLoss:[1.7261], AdvLoss:[2.0962]
--------------------------------------------------------------------------------------------------------------------------------------------------------------------------------------------------------
Epoch:[15/100], CauAdvLoss:[1.7246/2.0980], valid:[74.53], test:[62.60]
--------------------------------------------------------------------------------------------------------------------------------------------------------------------------------------------------------
Train Iter:[0  /563], CauLoss:[1.4550], AdvLoss:[3.5058]
Train Iter:[140/563], CauLoss:[1.7332], AdvLoss:[2.5086]
Train Iter:[280/563], CauLoss:[1.7216], AdvLoss:[2.7175]
Train Iter:[420/563], CauLoss:[1.7244], AdvLoss:[2.5145]
Train Iter:[560/563], CauLoss:[1.7341], AdvLoss:[2.6506]
--------------------------------------------------------------------------------------------------------------------------------------------------------------------------------------------------------
Epoch:[16/100], CauAdvLoss:[1.7344/2.6492], valid:[67.13], test:[76.33]
--------------------------------------------------------------------------------------------------------------------------------------------------------------------------------------------------------
Train Iter:[0  /563], CauLoss:[1.8176], AdvLoss:[3.1691]
Train Iter:[140/563], CauLoss:[1.7295], AdvLoss:[2.6228]
Train Iter:[280/563], CauLoss:[1.7188], AdvLoss:[2.6329]
Train Iter:[420/563], CauLoss:[1.7348], AdvLoss:[2.5004]
Train Iter:[560/563], CauLoss:[1.7209], AdvLoss:[2.6636]
--------------------------------------------------------------------------------------------------------------------------------------------------------------------------------------------------------
Epoch:[17/100], CauAdvLoss:[1.7205/2.6679], valid:[68.20], test:[79.70]
--------------------------------------------------------------------------------------------------------------------------------------------------------------------------------------------------------
Train Iter:[0  /563], CauLoss:[1.6114], AdvLoss:[2.7586]
Train Iter:[140/563], CauLoss:[1.7233], AdvLoss:[3.1360]
Train Iter:[280/563], CauLoss:[1.7153], AdvLoss:[3.1790]
Train Iter:[420/563], CauLoss:[1.7129], AdvLoss:[3.1957]
Train Iter:[560/563], CauLoss:[1.7216], AdvLoss:[2.9786]
--------------------------------------------------------------------------------------------------------------------------------------------------------------------------------------------------------
Epoch:[18/100], CauAdvLoss:[1.7216/2.9733], valid:[33.57], test:[33.90]
--------------------------------------------------------------------------------------------------------------------------------------------------------------------------------------------------------
Train Iter:[0  /563], CauLoss:[1.9292], AdvLoss:[4.1991]
Train Iter:[140/563], CauLoss:[1.6914], AdvLoss:[3.2323]
Train Iter:[280/563], CauLoss:[1.7012], AdvLoss:[2.8832]
Train Iter:[420/563], CauLoss:[1.7213], AdvLoss:[2.6580]
Train Iter:[560/563], CauLoss:[1.7087], AdvLoss:[2.7036]
--------------------------------------------------------------------------------------------------------------------------------------------------------------------------------------------------------
Epoch:[19/100], CauAdvLoss:[1.7068/2.7025], valid:[54.63], test:[75.40]
--------------------------------------------------------------------------------------------------------------------------------------------------------------------------------------------------------
Train Iter:[0  /563], CauLoss:[1.3924], AdvLoss:[2.3045]
Train Iter:[140/563], CauLoss:[1.6791], AdvLoss:[2.4793]
Train Iter:[280/563], CauLoss:[1.7016], AdvLoss:[2.3359]
Train Iter:[420/563], CauLoss:[1.6983], AdvLoss:[2.1980]
Train Iter:[560/563], CauLoss:[1.7039], AdvLoss:[2.3793]
--------------------------------------------------------------------------------------------------------------------------------------------------------------------------------------------------------
Epoch:[20/100], CauAdvLoss:[1.7027/2.3848], valid:[47.27], test:[70.07]
--------------------------------------------------------------------------------------------------------------------------------------------------------------------------------------------------------
Train Iter:[0  /563], CauLoss:[1.4781], AdvLoss:[4.5179]
Train Iter:[140/563], CauLoss:[1.7467], AdvLoss:[2.8308]
Train Iter:[280/563], CauLoss:[1.7225], AdvLoss:[2.9894]
Train Iter:[420/563], CauLoss:[1.7131], AdvLoss:[2.9645]
Train Iter:[560/563], CauLoss:[1.7157], AdvLoss:[2.8387]
--------------------------------------------------------------------------------------------------------------------------------------------------------------------------------------------------------
Epoch:[21/100], CauAdvLoss:[1.7150/2.8352], valid:[69.27], test:[59.83]
--------------------------------------------------------------------------------------------------------------------------------------------------------------------------------------------------------
Train Iter:[0  /563], CauLoss:[1.6409], AdvLoss:[3.3047]
Train Iter:[140/563], CauLoss:[1.7086], AdvLoss:[2.6563]
Train Iter:[280/563], CauLoss:[1.7087], AdvLoss:[2.9403]
Train Iter:[420/563], CauLoss:[1.7115], AdvLoss:[3.0255]
Train Iter:[560/563], CauLoss:[1.7156], AdvLoss:[3.0534]
--------------------------------------------------------------------------------------------------------------------------------------------------------------------------------------------------------
Epoch:[22/100], CauAdvLoss:[1.7146/3.0517], valid:[60.63], test:[75.27]
--------------------------------------------------------------------------------------------------------------------------------------------------------------------------------------------------------
Train Iter:[0  /563], CauLoss:[1.3462], AdvLoss:[2.4800]
Train Iter:[140/563], CauLoss:[1.7375], AdvLoss:[2.7019]
Train Iter:[280/563], CauLoss:[1.7176], AdvLoss:[2.7406]
Train Iter:[420/563], CauLoss:[1.7080], AdvLoss:[2.7096]
Train Iter:[560/563], CauLoss:[1.7026], AdvLoss:[2.7978]
--------------------------------------------------------------------------------------------------------------------------------------------------------------------------------------------------------
Epoch:[23/100], CauAdvLoss:[1.7016/2.8030], valid:[71.10], test:[61.00]
--------------------------------------------------------------------------------------------------------------------------------------------------------------------------------------------------------
Train Iter:[0  /563], CauLoss:[1.4303], AdvLoss:[3.0694]
Train Iter:[140/563], CauLoss:[1.7086], AdvLoss:[2.9747]
Train Iter:[280/563], CauLoss:[1.6988], AdvLoss:[2.9333]
Train Iter:[420/563], CauLoss:[1.7031], AdvLoss:[2.9349]
Train Iter:[560/563], CauLoss:[1.7047], AdvLoss:[2.9652]
--------------------------------------------------------------------------------------------------------------------------------------------------------------------------------------------------------
Epoch:[24/100], CauAdvLoss:[1.7044/2.9647], valid:[91.30], test:[69.80]
--------------------------------------------------------------------------------------------------------------------------------------------------------------------------------------------------------
Train Iter:[0  /563], CauLoss:[1.7314], AdvLoss:[3.3849]
Train Iter:[140/563], CauLoss:[1.7071], AdvLoss:[2.6769]
Train Iter:[280/563], CauLoss:[1.7178], AdvLoss:[2.6539]
Train Iter:[420/563], CauLoss:[1.7059], AdvLoss:[2.8427]
Train Iter:[560/563], CauLoss:[1.7006], AdvLoss:[3.1075]
--------------------------------------------------------------------------------------------------------------------------------------------------------------------------------------------------------
Epoch:[25/100], CauAdvLoss:[1.6991/3.1161], valid:[52.43], test:[77.20]
--------------------------------------------------------------------------------------------------------------------------------------------------------------------------------------------------------
Train Iter:[0  /563], CauLoss:[2.2268], AdvLoss:[4.9889]
Train Iter:[140/563], CauLoss:[1.7067], AdvLoss:[3.0926]
Train Iter:[280/563], CauLoss:[1.6869], AdvLoss:[3.4940]
Train Iter:[420/563], CauLoss:[1.6814], AdvLoss:[3.6098]
Train Iter:[560/563], CauLoss:[1.6986], AdvLoss:[3.4526]
--------------------------------------------------------------------------------------------------------------------------------------------------------------------------------------------------------
Epoch:[26/100], CauAdvLoss:[1.6973/3.4501], valid:[90.70], test:[66.13]
--------------------------------------------------------------------------------------------------------------------------------------------------------------------------------------------------------
Train Iter:[0  /563], CauLoss:[1.5421], AdvLoss:[2.2933]
Train Iter:[140/563], CauLoss:[1.6891], AdvLoss:[3.1882]
Train Iter:[280/563], CauLoss:[1.6969], AdvLoss:[2.8927]
Train Iter:[420/563], CauLoss:[1.7074], AdvLoss:[3.2820]
Train Iter:[560/563], CauLoss:[1.6990], AdvLoss:[3.2995]
--------------------------------------------------------------------------------------------------------------------------------------------------------------------------------------------------------
Epoch:[27/100], CauAdvLoss:[1.6982/3.3013], valid:[74.03], test:[68.97]
--------------------------------------------------------------------------------------------------------------------------------------------------------------------------------------------------------
Train Iter:[0  /563], CauLoss:[1.7203], AdvLoss:[2.8843]
Train Iter:[140/563], CauLoss:[1.7151], AdvLoss:[3.4653]
Train Iter:[280/563], CauLoss:[1.6906], AdvLoss:[3.3876]
Train Iter:[420/563], CauLoss:[1.6974], AdvLoss:[3.3575]
Train Iter:[560/563], CauLoss:[1.6953], AdvLoss:[3.2689]
--------------------------------------------------------------------------------------------------------------------------------------------------------------------------------------------------------
Epoch:[28/100], CauAdvLoss:[1.6971/3.2667], valid:[71.07], test:[66.73]
--------------------------------------------------------------------------------------------------------------------------------------------------------------------------------------------------------
Train Iter:[0  /563], CauLoss:[1.8058], AdvLoss:[2.9913]
Train Iter:[140/563], CauLoss:[1.6755], AdvLoss:[4.0003]
Train Iter:[280/563], CauLoss:[1.6999], AdvLoss:[3.5110]
Train Iter:[420/563], CauLoss:[1.7051], AdvLoss:[3.4874]
Train Iter:[560/563], CauLoss:[1.6989], AdvLoss:[3.4927]
--------------------------------------------------------------------------------------------------------------------------------------------------------------------------------------------------------
Epoch:[29/100], CauAdvLoss:[1.6983/3.4945], valid:[88.17], test:[74.00]
--------------------------------------------------------------------------------------------------------------------------------------------------------------------------------------------------------
Train Iter:[0  /563], CauLoss:[1.1973], AdvLoss:[3.0248]
Train Iter:[140/563], CauLoss:[1.7124], AdvLoss:[3.7419]
Train Iter:[280/563], CauLoss:[1.6918], AdvLoss:[3.4515]
Train Iter:[420/563], CauLoss:[1.6946], AdvLoss:[3.4929]
Train Iter:[560/563], CauLoss:[1.6961], AdvLoss:[3.6417]
--------------------------------------------------------------------------------------------------------------------------------------------------------------------------------------------------------
Epoch:[30/100], CauAdvLoss:[1.6948/3.6409], valid:[58.23], test:[74.57]
--------------------------------------------------------------------------------------------------------------------------------------------------------------------------------------------------------
Train Iter:[0  /563], CauLoss:[1.5940], AdvLoss:[3.3486]
Train Iter:[140/563], CauLoss:[1.7066], AdvLoss:[4.0618]
Train Iter:[280/563], CauLoss:[1.6833], AdvLoss:[3.6602]
Train Iter:[420/563], CauLoss:[1.6847], AdvLoss:[3.4106]
Train Iter:[560/563], CauLoss:[1.6821], AdvLoss:[3.4844]
--------------------------------------------------------------------------------------------------------------------------------------------------------------------------------------------------------
Epoch:[31/100], CauAdvLoss:[1.6829/3.4882], valid:[49.63], test:[75.33]
--------------------------------------------------------------------------------------------------------------------------------------------------------------------------------------------------------
Train Iter:[0  /563], CauLoss:[1.7704], AdvLoss:[3.3823]
Train Iter:[140/563], CauLoss:[1.7640], AdvLoss:[3.5372]
Train Iter:[280/563], CauLoss:[1.7213], AdvLoss:[3.8165]
Train Iter:[420/563], CauLoss:[1.7005], AdvLoss:[4.0166]
Train Iter:[560/563], CauLoss:[1.6908], AdvLoss:[4.1591]
--------------------------------------------------------------------------------------------------------------------------------------------------------------------------------------------------------
Epoch:[32/100], CauAdvLoss:[1.6898/4.1554], valid:[46.20], test:[69.43]
--------------------------------------------------------------------------------------------------------------------------------------------------------------------------------------------------------
Train Iter:[0  /563], CauLoss:[1.3573], AdvLoss:[4.4548]
Train Iter:[140/563], CauLoss:[1.6941], AdvLoss:[4.6505]
Train Iter:[280/563], CauLoss:[1.6864], AdvLoss:[4.6908]
Train Iter:[420/563], CauLoss:[1.6875], AdvLoss:[4.3786]
Train Iter:[560/563], CauLoss:[1.6860], AdvLoss:[4.2755]
--------------------------------------------------------------------------------------------------------------------------------------------------------------------------------------------------------
Epoch:[33/100], CauAdvLoss:[1.6866/4.2777], valid:[55.13], test:[74.30]
--------------------------------------------------------------------------------------------------------------------------------------------------------------------------------------------------------
Train Iter:[0  /563], CauLoss:[1.3576], AdvLoss:[4.5217]
Train Iter:[140/563], CauLoss:[1.6479], AdvLoss:[4.7426]
Train Iter:[280/563], CauLoss:[1.6580], AdvLoss:[4.3427]
Train Iter:[420/563], CauLoss:[1.6722], AdvLoss:[4.2015]
Train Iter:[560/563], CauLoss:[1.6757], AdvLoss:[4.2269]
--------------------------------------------------------------------------------------------------------------------------------------------------------------------------------------------------------
Epoch:[34/100], CauAdvLoss:[1.6771/4.2241], valid:[51.90], test:[71.63]
--------------------------------------------------------------------------------------------------------------------------------------------------------------------------------------------------------
Train Iter:[0  /563], CauLoss:[1.3853], AdvLoss:[5.0505]
Train Iter:[140/563], CauLoss:[1.6776], AdvLoss:[3.5790]
Train Iter:[280/563], CauLoss:[1.6756], AdvLoss:[3.6281]
Train Iter:[420/563], CauLoss:[1.6831], AdvLoss:[3.9536]
Train Iter:[560/563], CauLoss:[1.6854], AdvLoss:[4.0955]
--------------------------------------------------------------------------------------------------------------------------------------------------------------------------------------------------------
Epoch:[35/100], CauAdvLoss:[1.6877/4.0991], valid:[73.57], test:[78.37]
--------------------------------------------------------------------------------------------------------------------------------------------------------------------------------------------------------
Train Iter:[0  /563], CauLoss:[1.8775], AdvLoss:[3.9582]
Train Iter:[140/563], CauLoss:[1.6880], AdvLoss:[4.0751]
Train Iter:[280/563], CauLoss:[1.6634], AdvLoss:[4.0303]
Train Iter:[420/563], CauLoss:[1.6762], AdvLoss:[3.9242]
Train Iter:[560/563], CauLoss:[1.6761], AdvLoss:[3.8062]
--------------------------------------------------------------------------------------------------------------------------------------------------------------------------------------------------------
Epoch:[36/100], CauAdvLoss:[1.6765/3.8050], valid:[93.13], test:[65.63]
--------------------------------------------------------------------------------------------------------------------------------------------------------------------------------------------------------
Train Iter:[0  /563], CauLoss:[1.6615], AdvLoss:[5.3270]
Train Iter:[140/563], CauLoss:[1.6980], AdvLoss:[4.2263]
Train Iter:[280/563], CauLoss:[1.6889], AdvLoss:[4.0661]
Train Iter:[420/563], CauLoss:[1.6934], AdvLoss:[3.7942]
Train Iter:[560/563], CauLoss:[1.6842], AdvLoss:[3.8796]
--------------------------------------------------------------------------------------------------------------------------------------------------------------------------------------------------------
Epoch:[37/100], CauAdvLoss:[1.6850/3.8802], valid:[51.87], test:[70.67]
--------------------------------------------------------------------------------------------------------------------------------------------------------------------------------------------------------
Train Iter:[0  /563], CauLoss:[1.8170], AdvLoss:[2.2635]
Train Iter:[140/563], CauLoss:[1.6987], AdvLoss:[3.2241]
Train Iter:[280/563], CauLoss:[1.6816], AdvLoss:[3.5464]
Train Iter:[420/563], CauLoss:[1.6740], AdvLoss:[3.8565]
Train Iter:[560/563], CauLoss:[1.6866], AdvLoss:[4.0043]
--------------------------------------------------------------------------------------------------------------------------------------------------------------------------------------------------------
Epoch:[38/100], CauAdvLoss:[1.6870/4.0060], valid:[86.97], test:[76.93]
--------------------------------------------------------------------------------------------------------------------------------------------------------------------------------------------------------
Train Iter:[0  /563], CauLoss:[1.6867], AdvLoss:[4.5036]
Train Iter:[140/563], CauLoss:[1.6619], AdvLoss:[3.8937]
Train Iter:[280/563], CauLoss:[1.6746], AdvLoss:[4.0847]
Train Iter:[420/563], CauLoss:[1.6862], AdvLoss:[4.0004]
Train Iter:[560/563], CauLoss:[1.6780], AdvLoss:[4.1161]
--------------------------------------------------------------------------------------------------------------------------------------------------------------------------------------------------------
Epoch:[39/100], CauAdvLoss:[1.6766/4.1181], valid:[75.43], test:[72.63]
--------------------------------------------------------------------------------------------------------------------------------------------------------------------------------------------------------
Train Iter:[0  /563], CauLoss:[1.6467], AdvLoss:[3.9809]
Train Iter:[140/563], CauLoss:[1.6883], AdvLoss:[3.0025]
Train Iter:[280/563], CauLoss:[1.6924], AdvLoss:[3.1140]
Train Iter:[420/563], CauLoss:[1.6794], AdvLoss:[3.2626]
Train Iter:[560/563], CauLoss:[1.6768], AdvLoss:[3.3611]
--------------------------------------------------------------------------------------------------------------------------------------------------------------------------------------------------------
Epoch:[40/100], CauAdvLoss:[1.6763/3.3613], valid:[52.13], test:[72.00]
--------------------------------------------------------------------------------------------------------------------------------------------------------------------------------------------------------
Train Iter:[0  /563], CauLoss:[1.2144], AdvLoss:[3.6896]
Train Iter:[140/563], CauLoss:[1.6604], AdvLoss:[3.8592]
Train Iter:[280/563], CauLoss:[1.6677], AdvLoss:[3.3832]
Train Iter:[420/563], CauLoss:[1.6710], AdvLoss:[3.5417]
Train Iter:[560/563], CauLoss:[1.6763], AdvLoss:[3.6881]
--------------------------------------------------------------------------------------------------------------------------------------------------------------------------------------------------------
Epoch:[41/100], CauAdvLoss:[1.6769/3.6846], valid:[92.97], test:[71.03]
--------------------------------------------------------------------------------------------------------------------------------------------------------------------------------------------------------
Train Iter:[0  /563], CauLoss:[1.7514], AdvLoss:[3.3447]
Train Iter:[140/563], CauLoss:[1.6661], AdvLoss:[3.4869]
Train Iter:[280/563], CauLoss:[1.6748], AdvLoss:[3.6603]
Train Iter:[420/563], CauLoss:[1.6798], AdvLoss:[3.9493]
Train Iter:[560/563], CauLoss:[1.6720], AdvLoss:[4.0569]
--------------------------------------------------------------------------------------------------------------------------------------------------------------------------------------------------------
Epoch:[42/100], CauAdvLoss:[1.6717/4.0555], valid:[51.87], test:[70.40]
--------------------------------------------------------------------------------------------------------------------------------------------------------------------------------------------------------
Train Iter:[0  /563], CauLoss:[1.8074], AdvLoss:[3.0101]
Train Iter:[140/563], CauLoss:[1.6591], AdvLoss:[3.9035]
Train Iter:[280/563], CauLoss:[1.6705], AdvLoss:[4.1578]
Train Iter:[420/563], CauLoss:[1.6721], AdvLoss:[4.4458]
Train Iter:[560/563], CauLoss:[1.6789], AdvLoss:[4.5081]
--------------------------------------------------------------------------------------------------------------------------------------------------------------------------------------------------------
Epoch:[43/100], CauAdvLoss:[1.6792/4.5045], valid:[88.13], test:[68.87]
--------------------------------------------------------------------------------------------------------------------------------------------------------------------------------------------------------
Train Iter:[0  /563], CauLoss:[1.5593], AdvLoss:[5.4203]
Train Iter:[140/563], CauLoss:[1.7002], AdvLoss:[4.3301]
Train Iter:[280/563], CauLoss:[1.7006], AdvLoss:[4.4552]
Train Iter:[420/563], CauLoss:[1.6774], AdvLoss:[4.4921]
Train Iter:[560/563], CauLoss:[1.6700], AdvLoss:[4.5136]
--------------------------------------------------------------------------------------------------------------------------------------------------------------------------------------------------------
Epoch:[44/100], CauAdvLoss:[1.6701/4.5100], valid:[73.00], test:[75.90]
--------------------------------------------------------------------------------------------------------------------------------------------------------------------------------------------------------
Train Iter:[0  /563], CauLoss:[1.7969], AdvLoss:[3.4013]
Train Iter:[140/563], CauLoss:[1.6927], AdvLoss:[4.7760]
Train Iter:[280/563], CauLoss:[1.6732], AdvLoss:[4.6185]
Train Iter:[420/563], CauLoss:[1.6690], AdvLoss:[4.6435]
Train Iter:[560/563], CauLoss:[1.6702], AdvLoss:[4.5023]
--------------------------------------------------------------------------------------------------------------------------------------------------------------------------------------------------------
Epoch:[45/100], CauAdvLoss:[1.6699/4.4981], valid:[88.57], test:[63.97]
--------------------------------------------------------------------------------------------------------------------------------------------------------------------------------------------------------
Train Iter:[0  /563], CauLoss:[1.7395], AdvLoss:[3.1943]
Train Iter:[140/563], CauLoss:[1.6794], AdvLoss:[4.0111]
Train Iter:[280/563], CauLoss:[1.6766], AdvLoss:[3.8833]
Train Iter:[420/563], CauLoss:[1.6555], AdvLoss:[3.8321]
Train Iter:[560/563], CauLoss:[1.6659], AdvLoss:[3.7834]
--------------------------------------------------------------------------------------------------------------------------------------------------------------------------------------------------------
Epoch:[46/100], CauAdvLoss:[1.6673/3.7833], valid:[54.60], test:[77.87]
--------------------------------------------------------------------------------------------------------------------------------------------------------------------------------------------------------
Train Iter:[0  /563], CauLoss:[2.1670], AdvLoss:[4.4845]
Train Iter:[140/563], CauLoss:[1.6803], AdvLoss:[3.3902]
Train Iter:[280/563], CauLoss:[1.6622], AdvLoss:[3.6767]
Train Iter:[420/563], CauLoss:[1.6639], AdvLoss:[4.0057]
Train Iter:[560/563], CauLoss:[1.6655], AdvLoss:[3.9827]
--------------------------------------------------------------------------------------------------------------------------------------------------------------------------------------------------------
Epoch:[47/100], CauAdvLoss:[1.6648/3.9769], valid:[64.50], test:[68.93]
--------------------------------------------------------------------------------------------------------------------------------------------------------------------------------------------------------
Train Iter:[0  /563], CauLoss:[1.5004], AdvLoss:[2.8156]
Train Iter:[140/563], CauLoss:[1.6352], AdvLoss:[3.9700]
Train Iter:[280/563], CauLoss:[1.6613], AdvLoss:[4.1462]
Train Iter:[420/563], CauLoss:[1.6650], AdvLoss:[4.1559]
Train Iter:[560/563], CauLoss:[1.6728], AdvLoss:[4.1802]
--------------------------------------------------------------------------------------------------------------------------------------------------------------------------------------------------------
Epoch:[48/100], CauAdvLoss:[1.6723/4.1826], valid:[87.77], test:[78.07]
--------------------------------------------------------------------------------------------------------------------------------------------------------------------------------------------------------
Train Iter:[0  /563], CauLoss:[2.0406], AdvLoss:[5.9145]
Train Iter:[140/563], CauLoss:[1.6925], AdvLoss:[4.2041]
Train Iter:[280/563], CauLoss:[1.6722], AdvLoss:[4.2837]
Train Iter:[420/563], CauLoss:[1.6690], AdvLoss:[4.3077]
Train Iter:[560/563], CauLoss:[1.6643], AdvLoss:[4.2262]
--------------------------------------------------------------------------------------------------------------------------------------------------------------------------------------------------------
Epoch:[49/100], CauAdvLoss:[1.6640/4.2244], valid:[92.70], test:[72.30]
--------------------------------------------------------------------------------------------------------------------------------------------------------------------------------------------------------
Train Iter:[0  /563], CauLoss:[1.9423], AdvLoss:[3.7686]
Train Iter:[140/563], CauLoss:[1.6988], AdvLoss:[4.2387]
Train Iter:[280/563], CauLoss:[1.6696], AdvLoss:[4.4840]
Train Iter:[420/563], CauLoss:[1.6595], AdvLoss:[4.6142]
Train Iter:[560/563], CauLoss:[1.6716], AdvLoss:[4.5514]
--------------------------------------------------------------------------------------------------------------------------------------------------------------------------------------------------------
Epoch:[50/100], CauAdvLoss:[1.6704/4.5478], valid:[49.70], test:[74.27]
--------------------------------------------------------------------------------------------------------------------------------------------------------------------------------------------------------
Train Iter:[0  /563], CauLoss:[1.4901], AdvLoss:[3.6264]
Train Iter:[140/563], CauLoss:[1.6487], AdvLoss:[3.9888]
Train Iter:[280/563], CauLoss:[1.6643], AdvLoss:[4.0493]
Train Iter:[420/563], CauLoss:[1.6640], AdvLoss:[3.9182]
Train Iter:[560/563], CauLoss:[1.6583], AdvLoss:[4.0289]
--------------------------------------------------------------------------------------------------------------------------------------------------------------------------------------------------------
Epoch:[51/100], CauAdvLoss:[1.6583/4.0277], valid:[81.03], test:[72.93]
--------------------------------------------------------------------------------------------------------------------------------------------------------------------------------------------------------
Train Iter:[0  /563], CauLoss:[1.9096], AdvLoss:[5.6560]
Train Iter:[140/563], CauLoss:[1.6491], AdvLoss:[3.8995]
Train Iter:[280/563], CauLoss:[1.6687], AdvLoss:[3.6282]
Train Iter:[420/563], CauLoss:[1.6585], AdvLoss:[3.7197]
Train Iter:[560/563], CauLoss:[1.6665], AdvLoss:[3.6889]
--------------------------------------------------------------------------------------------------------------------------------------------------------------------------------------------------------
Epoch:[52/100], CauAdvLoss:[1.6656/3.6897], valid:[43.93], test:[69.60]
--------------------------------------------------------------------------------------------------------------------------------------------------------------------------------------------------------
Train Iter:[0  /563], CauLoss:[1.1689], AdvLoss:[4.6120]
Train Iter:[140/563], CauLoss:[1.6519], AdvLoss:[3.9639]
Train Iter:[280/563], CauLoss:[1.6456], AdvLoss:[4.1328]
Train Iter:[420/563], CauLoss:[1.6597], AdvLoss:[3.9381]
Train Iter:[560/563], CauLoss:[1.6606], AdvLoss:[3.9557]
--------------------------------------------------------------------------------------------------------------------------------------------------------------------------------------------------------
Epoch:[53/100], CauAdvLoss:[1.6589/3.9569], valid:[65.33], test:[71.67]
--------------------------------------------------------------------------------------------------------------------------------------------------------------------------------------------------------
Train Iter:[0  /563], CauLoss:[1.6764], AdvLoss:[3.0339]
Train Iter:[140/563], CauLoss:[1.5963], AdvLoss:[4.5840]
Train Iter:[280/563], CauLoss:[1.6321], AdvLoss:[4.5255]
Train Iter:[420/563], CauLoss:[1.6443], AdvLoss:[4.3404]
Train Iter:[560/563], CauLoss:[1.6595], AdvLoss:[4.2668]
--------------------------------------------------------------------------------------------------------------------------------------------------------------------------------------------------------
Epoch:[54/100], CauAdvLoss:[1.6590/4.2660], valid:[92.17], test:[74.20]
--------------------------------------------------------------------------------------------------------------------------------------------------------------------------------------------------------
Train Iter:[0  /563], CauLoss:[1.3142], AdvLoss:[3.2184]
Train Iter:[140/563], CauLoss:[1.6911], AdvLoss:[3.7832]
Train Iter:[280/563], CauLoss:[1.6662], AdvLoss:[4.0303]
Train Iter:[420/563], CauLoss:[1.6600], AdvLoss:[3.9480]
Train Iter:[560/563], CauLoss:[1.6539], AdvLoss:[3.8890]
--------------------------------------------------------------------------------------------------------------------------------------------------------------------------------------------------------
Epoch:[55/100], CauAdvLoss:[1.6526/3.8962], valid:[87.87], test:[75.73]
--------------------------------------------------------------------------------------------------------------------------------------------------------------------------------------------------------
Train Iter:[0  /563], CauLoss:[1.4572], AdvLoss:[3.3380]
Train Iter:[140/563], CauLoss:[1.6440], AdvLoss:[4.6415]
Train Iter:[280/563], CauLoss:[1.6699], AdvLoss:[4.4819]
Train Iter:[420/563], CauLoss:[1.6610], AdvLoss:[4.2631]
Train Iter:[560/563], CauLoss:[1.6568], AdvLoss:[4.2232]
--------------------------------------------------------------------------------------------------------------------------------------------------------------------------------------------------------
Epoch:[56/100], CauAdvLoss:[1.6582/4.2203], valid:[66.70], test:[74.70]
--------------------------------------------------------------------------------------------------------------------------------------------------------------------------------------------------------
Train Iter:[0  /563], CauLoss:[1.5944], AdvLoss:[3.4000]
Train Iter:[140/563], CauLoss:[1.6519], AdvLoss:[3.5977]
Train Iter:[280/563], CauLoss:[1.6823], AdvLoss:[3.5311]
Train Iter:[420/563], CauLoss:[1.6677], AdvLoss:[3.5966]
Train Iter:[560/563], CauLoss:[1.6552], AdvLoss:[3.7105]
--------------------------------------------------------------------------------------------------------------------------------------------------------------------------------------------------------
Epoch:[57/100], CauAdvLoss:[1.6553/3.7100], valid:[57.07], test:[71.43]
--------------------------------------------------------------------------------------------------------------------------------------------------------------------------------------------------------
Train Iter:[0  /563], CauLoss:[1.6043], AdvLoss:[4.3499]
Train Iter:[140/563], CauLoss:[1.6529], AdvLoss:[3.6178]
Train Iter:[280/563], CauLoss:[1.6630], AdvLoss:[3.4992]
Train Iter:[420/563], CauLoss:[1.6582], AdvLoss:[3.7521]
Train Iter:[560/563], CauLoss:[1.6557], AdvLoss:[3.7652]
--------------------------------------------------------------------------------------------------------------------------------------------------------------------------------------------------------
Epoch:[58/100], CauAdvLoss:[1.6572/3.7621], valid:[59.20], test:[69.70]
--------------------------------------------------------------------------------------------------------------------------------------------------------------------------------------------------------
Train Iter:[0  /563], CauLoss:[1.3811], AdvLoss:[4.7730]
Train Iter:[140/563], CauLoss:[1.6629], AdvLoss:[3.6898]
Train Iter:[280/563], CauLoss:[1.6441], AdvLoss:[3.8161]
Train Iter:[420/563], CauLoss:[1.6481], AdvLoss:[3.8183]
Train Iter:[560/563], CauLoss:[1.6538], AdvLoss:[3.9500]
--------------------------------------------------------------------------------------------------------------------------------------------------------------------------------------------------------
Epoch:[59/100], CauAdvLoss:[1.6547/3.9568], valid:[37.77], test:[78.17]
--------------------------------------------------------------------------------------------------------------------------------------------------------------------------------------------------------
Train Iter:[0  /563], CauLoss:[1.6157], AdvLoss:[5.8448]
Train Iter:[140/563], CauLoss:[1.6603], AdvLoss:[4.0610]
Train Iter:[280/563], CauLoss:[1.6552], AdvLoss:[4.0164]
Train Iter:[420/563], CauLoss:[1.6533], AdvLoss:[3.9277]
Train Iter:[560/563], CauLoss:[1.6575], AdvLoss:[3.9280]
--------------------------------------------------------------------------------------------------------------------------------------------------------------------------------------------------------
Epoch:[60/100], CauAdvLoss:[1.6585/3.9292], valid:[93.17], test:[74.27]
--------------------------------------------------------------------------------------------------------------------------------------------------------------------------------------------------------
Train Iter:[0  /563], CauLoss:[1.8025], AdvLoss:[5.1954]
Train Iter:[140/563], CauLoss:[1.6269], AdvLoss:[3.8589]
Train Iter:[280/563], CauLoss:[1.6400], AdvLoss:[3.8712]
Train Iter:[420/563], CauLoss:[1.6569], AdvLoss:[3.7719]
Train Iter:[560/563], CauLoss:[1.6525], AdvLoss:[3.8921]
--------------------------------------------------------------------------------------------------------------------------------------------------------------------------------------------------------
Epoch:[61/100], CauAdvLoss:[1.6526/3.8914], valid:[92.97], test:[74.80]
--------------------------------------------------------------------------------------------------------------------------------------------------------------------------------------------------------
Train Iter:[0  /563], CauLoss:[2.2608], AdvLoss:[4.6818]
Train Iter:[140/563], CauLoss:[1.6588], AdvLoss:[4.0549]
Train Iter:[280/563], CauLoss:[1.6592], AdvLoss:[4.1177]
Train Iter:[420/563], CauLoss:[1.6554], AdvLoss:[4.1558]
Train Iter:[560/563], CauLoss:[1.6551], AdvLoss:[4.1515]
--------------------------------------------------------------------------------------------------------------------------------------------------------------------------------------------------------
Epoch:[62/100], CauAdvLoss:[1.6537/4.1504], valid:[41.67], test:[75.57]
--------------------------------------------------------------------------------------------------------------------------------------------------------------------------------------------------------
Train Iter:[0  /563], CauLoss:[1.6836], AdvLoss:[5.2561]
Train Iter:[140/563], CauLoss:[1.6576], AdvLoss:[4.1597]
Train Iter:[280/563], CauLoss:[1.6366], AdvLoss:[4.0926]
Train Iter:[420/563], CauLoss:[1.6444], AdvLoss:[4.3213]
Train Iter:[560/563], CauLoss:[1.6508], AdvLoss:[4.4728]
--------------------------------------------------------------------------------------------------------------------------------------------------------------------------------------------------------
Epoch:[63/100], CauAdvLoss:[1.6509/4.4747], valid:[88.67], test:[75.83]
--------------------------------------------------------------------------------------------------------------------------------------------------------------------------------------------------------
Train Iter:[0  /563], CauLoss:[1.7258], AdvLoss:[5.7047]
Train Iter:[140/563], CauLoss:[1.6458], AdvLoss:[4.6642]
Train Iter:[280/563], CauLoss:[1.6597], AdvLoss:[4.5328]
Train Iter:[420/563], CauLoss:[1.6547], AdvLoss:[4.4469]
Train Iter:[560/563], CauLoss:[1.6480], AdvLoss:[4.4560]
--------------------------------------------------------------------------------------------------------------------------------------------------------------------------------------------------------
Epoch:[64/100], CauAdvLoss:[1.6468/4.4605], valid:[55.63], test:[78.17]
--------------------------------------------------------------------------------------------------------------------------------------------------------------------------------------------------------
Train Iter:[0  /563], CauLoss:[1.5973], AdvLoss:[5.4164]
Train Iter:[140/563], CauLoss:[1.6345], AdvLoss:[4.2174]
Train Iter:[280/563], CauLoss:[1.6675], AdvLoss:[4.0800]
Train Iter:[420/563], CauLoss:[1.6605], AdvLoss:[4.2252]
Train Iter:[560/563], CauLoss:[1.6481], AdvLoss:[4.3449]
--------------------------------------------------------------------------------------------------------------------------------------------------------------------------------------------------------
Epoch:[65/100], CauAdvLoss:[1.6483/4.3492], valid:[89.13], test:[76.07]
--------------------------------------------------------------------------------------------------------------------------------------------------------------------------------------------------------
Train Iter:[0  /563], CauLoss:[1.2243], AdvLoss:[5.0772]
Train Iter:[140/563], CauLoss:[1.6000], AdvLoss:[4.9333]
Train Iter:[280/563], CauLoss:[1.6557], AdvLoss:[4.5859]
Train Iter:[420/563], CauLoss:[1.6491], AdvLoss:[4.4428]
Train Iter:[560/563], CauLoss:[1.6498], AdvLoss:[4.3809]
--------------------------------------------------------------------------------------------------------------------------------------------------------------------------------------------------------
Epoch:[66/100], CauAdvLoss:[1.6497/4.3854], valid:[68.43], test:[77.67]
--------------------------------------------------------------------------------------------------------------------------------------------------------------------------------------------------------
Train Iter:[0  /563], CauLoss:[1.9976], AdvLoss:[6.6563]
Train Iter:[140/563], CauLoss:[1.6624], AdvLoss:[3.8694]
Train Iter:[280/563], CauLoss:[1.6397], AdvLoss:[3.9980]
Train Iter:[420/563], CauLoss:[1.6331], AdvLoss:[4.0020]
Train Iter:[560/563], CauLoss:[1.6473], AdvLoss:[4.0639]
--------------------------------------------------------------------------------------------------------------------------------------------------------------------------------------------------------
Epoch:[67/100], CauAdvLoss:[1.6471/4.0625], valid:[64.97], test:[75.40]
--------------------------------------------------------------------------------------------------------------------------------------------------------------------------------------------------------
Train Iter:[0  /563], CauLoss:[1.8561], AdvLoss:[5.4792]
Train Iter:[140/563], CauLoss:[1.6155], AdvLoss:[3.9512]
Train Iter:[280/563], CauLoss:[1.6320], AdvLoss:[4.0686]
Train Iter:[420/563], CauLoss:[1.6484], AdvLoss:[3.9721]
Train Iter:[560/563], CauLoss:[1.6447], AdvLoss:[4.0265]
--------------------------------------------------------------------------------------------------------------------------------------------------------------------------------------------------------
Epoch:[68/100], CauAdvLoss:[1.6464/4.0320], valid:[52.50], test:[79.73]
--------------------------------------------------------------------------------------------------------------------------------------------------------------------------------------------------------
Train Iter:[0  /563], CauLoss:[1.5994], AdvLoss:[6.5718]
Train Iter:[140/563], CauLoss:[1.6421], AdvLoss:[4.0632]
Train Iter:[280/563], CauLoss:[1.6434], AdvLoss:[4.1734]
Train Iter:[420/563], CauLoss:[1.6536], AdvLoss:[3.9797]
Train Iter:[560/563], CauLoss:[1.6476], AdvLoss:[3.9755]
--------------------------------------------------------------------------------------------------------------------------------------------------------------------------------------------------------
Epoch:[69/100], CauAdvLoss:[1.6479/3.9744], valid:[52.13], test:[75.97]
--------------------------------------------------------------------------------------------------------------------------------------------------------------------------------------------------------
Train Iter:[0  /563], CauLoss:[1.9771], AdvLoss:[4.9522]
Train Iter:[140/563], CauLoss:[1.6233], AdvLoss:[4.4425]
Train Iter:[280/563], CauLoss:[1.6297], AdvLoss:[4.3735]
Train Iter:[420/563], CauLoss:[1.6374], AdvLoss:[4.3747]
Train Iter:[560/563], CauLoss:[1.6415], AdvLoss:[4.4126]
--------------------------------------------------------------------------------------------------------------------------------------------------------------------------------------------------------
Epoch:[70/100], CauAdvLoss:[1.6406/4.4097], valid:[54.37], test:[75.47]
--------------------------------------------------------------------------------------------------------------------------------------------------------------------------------------------------------
Train Iter:[0  /563], CauLoss:[1.8734], AdvLoss:[5.7778]
Train Iter:[140/563], CauLoss:[1.6474], AdvLoss:[4.4799]
Train Iter:[280/563], CauLoss:[1.6548], AdvLoss:[4.4829]
Train Iter:[420/563], CauLoss:[1.6366], AdvLoss:[4.4898]
Train Iter:[560/563], CauLoss:[1.6428], AdvLoss:[4.5767]
--------------------------------------------------------------------------------------------------------------------------------------------------------------------------------------------------------
Epoch:[71/100], CauAdvLoss:[1.6429/4.5778], valid:[69.53], test:[72.17]
--------------------------------------------------------------------------------------------------------------------------------------------------------------------------------------------------------
Train Iter:[0  /563], CauLoss:[1.8378], AdvLoss:[4.1946]
Train Iter:[140/563], CauLoss:[1.6493], AdvLoss:[4.6682]
Train Iter:[280/563], CauLoss:[1.6446], AdvLoss:[4.5415]
Train Iter:[420/563], CauLoss:[1.6432], AdvLoss:[4.4547]
Train Iter:[560/563], CauLoss:[1.6497], AdvLoss:[4.4884]
--------------------------------------------------------------------------------------------------------------------------------------------------------------------------------------------------------
Epoch:[72/100], CauAdvLoss:[1.6488/4.4852], valid:[59.80], test:[75.23]
--------------------------------------------------------------------------------------------------------------------------------------------------------------------------------------------------------
Train Iter:[0  /563], CauLoss:[1.9579], AdvLoss:[6.2072]
Train Iter:[140/563], CauLoss:[1.6447], AdvLoss:[4.4455]
Train Iter:[280/563], CauLoss:[1.6465], AdvLoss:[4.4960]
Train Iter:[420/563], CauLoss:[1.6381], AdvLoss:[4.6214]
Train Iter:[560/563], CauLoss:[1.6416], AdvLoss:[4.6791]
--------------------------------------------------------------------------------------------------------------------------------------------------------------------------------------------------------
Epoch:[73/100], CauAdvLoss:[1.6411/4.6751], valid:[60.33], test:[76.33]
--------------------------------------------------------------------------------------------------------------------------------------------------------------------------------------------------------
Train Iter:[0  /563], CauLoss:[1.3577], AdvLoss:[3.6362]
Train Iter:[140/563], CauLoss:[1.6368], AdvLoss:[4.3481]
Train Iter:[280/563], CauLoss:[1.6372], AdvLoss:[4.3706]
Train Iter:[420/563], CauLoss:[1.6399], AdvLoss:[4.3119]
Train Iter:[560/563], CauLoss:[1.6431], AdvLoss:[4.3613]
--------------------------------------------------------------------------------------------------------------------------------------------------------------------------------------------------------
Epoch:[74/100], CauAdvLoss:[1.6431/4.3562], valid:[54.60], test:[74.47]
--------------------------------------------------------------------------------------------------------------------------------------------------------------------------------------------------------
Train Iter:[0  /563], CauLoss:[1.3222], AdvLoss:[4.3478]
Train Iter:[140/563], CauLoss:[1.6309], AdvLoss:[4.3120]
Train Iter:[280/563], CauLoss:[1.6443], AdvLoss:[4.3711]
Train Iter:[420/563], CauLoss:[1.6499], AdvLoss:[4.4148]
Train Iter:[560/563], CauLoss:[1.6437], AdvLoss:[4.4306]
--------------------------------------------------------------------------------------------------------------------------------------------------------------------------------------------------------
Epoch:[75/100], CauAdvLoss:[1.6429/4.4312], valid:[44.97], test:[76.87]
--------------------------------------------------------------------------------------------------------------------------------------------------------------------------------------------------------
Train Iter:[0  /563], CauLoss:[1.3466], AdvLoss:[4.2825]
Train Iter:[140/563], CauLoss:[1.6405], AdvLoss:[4.2621]
Train Iter:[280/563], CauLoss:[1.6580], AdvLoss:[4.4542]
Train Iter:[420/563], CauLoss:[1.6541], AdvLoss:[4.5020]
Train Iter:[560/563], CauLoss:[1.6458], AdvLoss:[4.4923]
--------------------------------------------------------------------------------------------------------------------------------------------------------------------------------------------------------
Epoch:[76/100], CauAdvLoss:[1.6447/4.4920], valid:[49.93], test:[73.93]
--------------------------------------------------------------------------------------------------------------------------------------------------------------------------------------------------------
Train Iter:[0  /563], CauLoss:[1.6780], AdvLoss:[2.3127]
Train Iter:[140/563], CauLoss:[1.6526], AdvLoss:[4.4381]
Train Iter:[280/563], CauLoss:[1.6445], AdvLoss:[4.4146]
Train Iter:[420/563], CauLoss:[1.6556], AdvLoss:[4.5193]
Train Iter:[560/563], CauLoss:[1.6399], AdvLoss:[4.5255]
--------------------------------------------------------------------------------------------------------------------------------------------------------------------------------------------------------
Epoch:[77/100], CauAdvLoss:[1.6392/4.5292], valid:[54.37], test:[76.07]
--------------------------------------------------------------------------------------------------------------------------------------------------------------------------------------------------------
Train Iter:[0  /563], CauLoss:[1.4796], AdvLoss:[3.2846]
Train Iter:[140/563], CauLoss:[1.6251], AdvLoss:[4.2010]
Train Iter:[280/563], CauLoss:[1.6439], AdvLoss:[4.1567]
Train Iter:[420/563], CauLoss:[1.6338], AdvLoss:[4.1239]
Train Iter:[560/563], CauLoss:[1.6389], AdvLoss:[4.1859]
--------------------------------------------------------------------------------------------------------------------------------------------------------------------------------------------------------
Epoch:[78/100], CauAdvLoss:[1.6386/4.1857], valid:[53.60], test:[74.53]
--------------------------------------------------------------------------------------------------------------------------------------------------------------------------------------------------------
Train Iter:[0  /563], CauLoss:[1.5605], AdvLoss:[3.7493]
Train Iter:[140/563], CauLoss:[1.6391], AdvLoss:[3.7977]
Train Iter:[280/563], CauLoss:[1.6610], AdvLoss:[3.8689]
Train Iter:[420/563], CauLoss:[1.6383], AdvLoss:[3.9308]
Train Iter:[560/563], CauLoss:[1.6375], AdvLoss:[4.0714]
--------------------------------------------------------------------------------------------------------------------------------------------------------------------------------------------------------
Epoch:[79/100], CauAdvLoss:[1.6377/4.0684], valid:[57.07], test:[77.53]
--------------------------------------------------------------------------------------------------------------------------------------------------------------------------------------------------------
Train Iter:[0  /563], CauLoss:[1.1410], AdvLoss:[3.9858]
Train Iter:[140/563], CauLoss:[1.6244], AdvLoss:[4.0802]
Train Iter:[280/563], CauLoss:[1.6066], AdvLoss:[4.1052]
Train Iter:[420/563], CauLoss:[1.6290], AdvLoss:[4.1213]
Train Iter:[560/563], CauLoss:[1.6367], AdvLoss:[4.1573]
--------------------------------------------------------------------------------------------------------------------------------------------------------------------------------------------------------
Epoch:[80/100], CauAdvLoss:[1.6365/4.1550], valid:[60.03], test:[73.30]
--------------------------------------------------------------------------------------------------------------------------------------------------------------------------------------------------------
Train Iter:[0  /563], CauLoss:[1.8484], AdvLoss:[4.6708]
Train Iter:[140/563], CauLoss:[1.6455], AdvLoss:[4.2188]
Train Iter:[280/563], CauLoss:[1.6546], AdvLoss:[4.2210]
Train Iter:[420/563], CauLoss:[1.6532], AdvLoss:[4.2801]
Train Iter:[560/563], CauLoss:[1.6380], AdvLoss:[4.3368]
--------------------------------------------------------------------------------------------------------------------------------------------------------------------------------------------------------
Epoch:[81/100], CauAdvLoss:[1.6389/4.3375], valid:[54.37], test:[76.30]
--------------------------------------------------------------------------------------------------------------------------------------------------------------------------------------------------------
Train Iter:[0  /563], CauLoss:[2.1135], AdvLoss:[3.6743]
Train Iter:[140/563], CauLoss:[1.6342], AdvLoss:[4.7152]
Train Iter:[280/563], CauLoss:[1.6531], AdvLoss:[4.5840]
Train Iter:[420/563], CauLoss:[1.6410], AdvLoss:[4.5890]
Train Iter:[560/563], CauLoss:[1.6398], AdvLoss:[4.5597]
--------------------------------------------------------------------------------------------------------------------------------------------------------------------------------------------------------
Epoch:[82/100], CauAdvLoss:[1.6403/4.5614], valid:[63.13], test:[76.30]
--------------------------------------------------------------------------------------------------------------------------------------------------------------------------------------------------------
Train Iter:[0  /563], CauLoss:[2.1430], AdvLoss:[4.1429]
Train Iter:[140/563], CauLoss:[1.6381], AdvLoss:[4.6685]
Train Iter:[280/563], CauLoss:[1.6416], AdvLoss:[4.5473]
Train Iter:[420/563], CauLoss:[1.6444], AdvLoss:[4.5684]
Train Iter:[560/563], CauLoss:[1.6358], AdvLoss:[4.5761]
--------------------------------------------------------------------------------------------------------------------------------------------------------------------------------------------------------
Epoch:[83/100], CauAdvLoss:[1.6355/4.5698], valid:[51.37], test:[75.57]
--------------------------------------------------------------------------------------------------------------------------------------------------------------------------------------------------------
Train Iter:[0  /563], CauLoss:[1.8457], AdvLoss:[4.8590]
Train Iter:[140/563], CauLoss:[1.6436], AdvLoss:[4.8410]
Train Iter:[280/563], CauLoss:[1.6306], AdvLoss:[4.7565]
Train Iter:[420/563], CauLoss:[1.6395], AdvLoss:[4.7991]
Train Iter:[560/563], CauLoss:[1.6358], AdvLoss:[4.7756]
--------------------------------------------------------------------------------------------------------------------------------------------------------------------------------------------------------
Epoch:[84/100], CauAdvLoss:[1.6364/4.7762], valid:[48.87], test:[77.47]
--------------------------------------------------------------------------------------------------------------------------------------------------------------------------------------------------------
Train Iter:[0  /563], CauLoss:[1.3672], AdvLoss:[4.7275]
Train Iter:[140/563], CauLoss:[1.6238], AdvLoss:[4.6812]
Train Iter:[280/563], CauLoss:[1.6345], AdvLoss:[4.5544]
Train Iter:[420/563], CauLoss:[1.6308], AdvLoss:[4.5771]
Train Iter:[560/563], CauLoss:[1.6365], AdvLoss:[4.5677]
--------------------------------------------------------------------------------------------------------------------------------------------------------------------------------------------------------
Epoch:[85/100], CauAdvLoss:[1.6364/4.5668], valid:[54.37], test:[75.30]
--------------------------------------------------------------------------------------------------------------------------------------------------------------------------------------------------------
Train Iter:[0  /563], CauLoss:[1.4114], AdvLoss:[5.1550]
Train Iter:[140/563], CauLoss:[1.6213], AdvLoss:[4.5957]
Train Iter:[280/563], CauLoss:[1.6164], AdvLoss:[4.7285]
Train Iter:[420/563], CauLoss:[1.6320], AdvLoss:[4.7180]
Train Iter:[560/563], CauLoss:[1.6369], AdvLoss:[4.6807]
--------------------------------------------------------------------------------------------------------------------------------------------------------------------------------------------------------
Epoch:[86/100], CauAdvLoss:[1.6362/4.6814], valid:[51.37], test:[77.17]
--------------------------------------------------------------------------------------------------------------------------------------------------------------------------------------------------------
Train Iter:[0  /563], CauLoss:[1.3885], AdvLoss:[5.4257]
Train Iter:[140/563], CauLoss:[1.6154], AdvLoss:[4.4813]
Train Iter:[280/563], CauLoss:[1.6391], AdvLoss:[4.5794]
Train Iter:[420/563], CauLoss:[1.6356], AdvLoss:[4.5952]
Train Iter:[560/563], CauLoss:[1.6318], AdvLoss:[4.6882]
--------------------------------------------------------------------------------------------------------------------------------------------------------------------------------------------------------
Epoch:[87/100], CauAdvLoss:[1.6313/4.6859], valid:[51.37], test:[75.93]
--------------------------------------------------------------------------------------------------------------------------------------------------------------------------------------------------------
Train Iter:[0  /563], CauLoss:[1.8094], AdvLoss:[3.7111]
Train Iter:[140/563], CauLoss:[1.6263], AdvLoss:[4.6269]
Train Iter:[280/563], CauLoss:[1.6328], AdvLoss:[4.6806]
Train Iter:[420/563], CauLoss:[1.6321], AdvLoss:[4.7031]
Train Iter:[560/563], CauLoss:[1.6331], AdvLoss:[4.6564]
--------------------------------------------------------------------------------------------------------------------------------------------------------------------------------------------------------
Epoch:[88/100], CauAdvLoss:[1.6323/4.6555], valid:[52.13], test:[74.73]
--------------------------------------------------------------------------------------------------------------------------------------------------------------------------------------------------------
Train Iter:[0  /563], CauLoss:[1.5737], AdvLoss:[4.1777]
Train Iter:[140/563], CauLoss:[1.6077], AdvLoss:[4.7046]
Train Iter:[280/563], CauLoss:[1.6262], AdvLoss:[4.5830]
Train Iter:[420/563], CauLoss:[1.6338], AdvLoss:[4.5615]
Train Iter:[560/563], CauLoss:[1.6307], AdvLoss:[4.6198]
--------------------------------------------------------------------------------------------------------------------------------------------------------------------------------------------------------
Epoch:[89/100], CauAdvLoss:[1.6308/4.6191], valid:[51.37], test:[78.00]
--------------------------------------------------------------------------------------------------------------------------------------------------------------------------------------------------------
Train Iter:[0  /563], CauLoss:[1.6391], AdvLoss:[4.6400]
Train Iter:[140/563], CauLoss:[1.6365], AdvLoss:[4.6800]
Train Iter:[280/563], CauLoss:[1.6483], AdvLoss:[4.7278]
Train Iter:[420/563], CauLoss:[1.6418], AdvLoss:[4.7846]
Train Iter:[560/563], CauLoss:[1.6311], AdvLoss:[4.7793]
--------------------------------------------------------------------------------------------------------------------------------------------------------------------------------------------------------
Epoch:[90/100], CauAdvLoss:[1.6305/4.7805], valid:[52.13], test:[78.97]
--------------------------------------------------------------------------------------------------------------------------------------------------------------------------------------------------------
Train Iter:[0  /563], CauLoss:[1.2240], AdvLoss:[4.8801]
Train Iter:[140/563], CauLoss:[1.6579], AdvLoss:[4.9199]
Train Iter:[280/563], CauLoss:[1.6403], AdvLoss:[4.7942]
Train Iter:[420/563], CauLoss:[1.6320], AdvLoss:[4.8136]
Train Iter:[560/563], CauLoss:[1.6332], AdvLoss:[4.7666]
--------------------------------------------------------------------------------------------------------------------------------------------------------------------------------------------------------
Epoch:[91/100], CauAdvLoss:[1.6320/4.7641], valid:[51.63], test:[76.13]
--------------------------------------------------------------------------------------------------------------------------------------------------------------------------------------------------------
Train Iter:[0  /563], CauLoss:[2.0414], AdvLoss:[5.4432]
Train Iter:[140/563], CauLoss:[1.6208], AdvLoss:[4.6453]
Train Iter:[280/563], CauLoss:[1.6248], AdvLoss:[4.6962]
Train Iter:[420/563], CauLoss:[1.6290], AdvLoss:[4.6821]
Train Iter:[560/563], CauLoss:[1.6255], AdvLoss:[4.6995]
--------------------------------------------------------------------------------------------------------------------------------------------------------------------------------------------------------
Epoch:[92/100], CauAdvLoss:[1.6248/4.7037], valid:[52.13], test:[77.70]
--------------------------------------------------------------------------------------------------------------------------------------------------------------------------------------------------------
Train Iter:[0  /563], CauLoss:[1.8237], AdvLoss:[4.1982]
Train Iter:[140/563], CauLoss:[1.6017], AdvLoss:[4.6691]
Train Iter:[280/563], CauLoss:[1.6166], AdvLoss:[4.7375]
Train Iter:[420/563], CauLoss:[1.6176], AdvLoss:[4.7927]
Train Iter:[560/563], CauLoss:[1.6304], AdvLoss:[4.7588]
--------------------------------------------------------------------------------------------------------------------------------------------------------------------------------------------------------
Epoch:[93/100], CauAdvLoss:[1.6292/4.7636], valid:[52.13], test:[75.40]
--------------------------------------------------------------------------------------------------------------------------------------------------------------------------------------------------------
Train Iter:[0  /563], CauLoss:[2.0411], AdvLoss:[5.2640]
Train Iter:[140/563], CauLoss:[1.6151], AdvLoss:[4.6271]
Train Iter:[280/563], CauLoss:[1.6395], AdvLoss:[4.7379]
Train Iter:[420/563], CauLoss:[1.6278], AdvLoss:[4.7369]
Train Iter:[560/563], CauLoss:[1.6264], AdvLoss:[4.7513]
--------------------------------------------------------------------------------------------------------------------------------------------------------------------------------------------------------
Epoch:[94/100], CauAdvLoss:[1.6262/4.7516], valid:[52.13], test:[75.90]
--------------------------------------------------------------------------------------------------------------------------------------------------------------------------------------------------------
Train Iter:[0  /563], CauLoss:[1.5855], AdvLoss:[4.8643]
Train Iter:[140/563], CauLoss:[1.6167], AdvLoss:[4.6546]
Train Iter:[280/563], CauLoss:[1.6261], AdvLoss:[4.6675]
Train Iter:[420/563], CauLoss:[1.6240], AdvLoss:[4.7583]
Train Iter:[560/563], CauLoss:[1.6262], AdvLoss:[4.7232]
--------------------------------------------------------------------------------------------------------------------------------------------------------------------------------------------------------
Epoch:[95/100], CauAdvLoss:[1.6277/4.7188], valid:[51.63], test:[75.60]
--------------------------------------------------------------------------------------------------------------------------------------------------------------------------------------------------------
Train Iter:[0  /563], CauLoss:[1.3659], AdvLoss:[4.0502]
Train Iter:[140/563], CauLoss:[1.6236], AdvLoss:[4.6262]
Train Iter:[280/563], CauLoss:[1.6407], AdvLoss:[4.7020]
Train Iter:[420/563], CauLoss:[1.6277], AdvLoss:[4.7903]
Train Iter:[560/563], CauLoss:[1.6276], AdvLoss:[4.7110]
--------------------------------------------------------------------------------------------------------------------------------------------------------------------------------------------------------
Epoch:[96/100], CauAdvLoss:[1.6272/4.7088], valid:[48.87], test:[75.10]
--------------------------------------------------------------------------------------------------------------------------------------------------------------------------------------------------------
Train Iter:[0  /563], CauLoss:[1.4594], AdvLoss:[3.8327]
Train Iter:[140/563], CauLoss:[1.6226], AdvLoss:[4.6791]
Train Iter:[280/563], CauLoss:[1.6232], AdvLoss:[4.7167]
Train Iter:[420/563], CauLoss:[1.6266], AdvLoss:[4.7308]
Train Iter:[560/563], CauLoss:[1.6320], AdvLoss:[4.7424]
--------------------------------------------------------------------------------------------------------------------------------------------------------------------------------------------------------
Epoch:[97/100], CauAdvLoss:[1.6310/4.7441], valid:[51.63], test:[76.27]
--------------------------------------------------------------------------------------------------------------------------------------------------------------------------------------------------------
Train Iter:[0  /563], CauLoss:[1.8467], AdvLoss:[5.6789]
Train Iter:[140/563], CauLoss:[1.6020], AdvLoss:[4.7575]
Train Iter:[280/563], CauLoss:[1.6108], AdvLoss:[4.7940]
Train Iter:[420/563], CauLoss:[1.6248], AdvLoss:[4.7653]
Train Iter:[560/563], CauLoss:[1.6328], AdvLoss:[4.7105]
--------------------------------------------------------------------------------------------------------------------------------------------------------------------------------------------------------
Epoch:[98/100], CauAdvLoss:[1.6343/4.7090], valid:[52.13], test:[78.57]
--------------------------------------------------------------------------------------------------------------------------------------------------------------------------------------------------------
Train Iter:[0  /563], CauLoss:[2.2754], AdvLoss:[4.4535]
Train Iter:[140/563], CauLoss:[1.6220], AdvLoss:[4.8197]
Train Iter:[280/563], CauLoss:[1.6397], AdvLoss:[4.7400]
Train Iter:[420/563], CauLoss:[1.6241], AdvLoss:[4.7231]
Train Iter:[560/563], CauLoss:[1.6331], AdvLoss:[4.7202]
--------------------------------------------------------------------------------------------------------------------------------------------------------------------------------------------------------
Epoch:[99/100], CauAdvLoss:[1.6332/4.7225], valid:[52.13], test:[75.93]
--------------------------------------------------------------------------------------------------------------------------------------------------------------------------------------------------------
Train Iter:[0  /563], CauLoss:[1.2398], AdvLoss:[3.7691]
Train Iter:[140/563], CauLoss:[1.6168], AdvLoss:[4.8064]
Train Iter:[280/563], CauLoss:[1.6147], AdvLoss:[4.6525]
Train Iter:[420/563], CauLoss:[1.6181], AdvLoss:[4.6364]
Train Iter:[560/563], CauLoss:[1.6266], AdvLoss:[4.6932]
--------------------------------------------------------------------------------------------------------------------------------------------------------------------------------------------------------
Epoch:[100/100], CauAdvLoss:[1.6267/4.6988], valid:[52.13], test:[75.47]
--------------------------------------------------------------------------------------------------------------------------------------------------------------------------------------------------------
Update test:[72.17] at epoch:[71] | Total time:00:28:16
Train Iter:[0  /563], CauLoss:[3.4424], AdvLoss:[0.4929]
Train Iter:[140/563], CauLoss:[2.6631], AdvLoss:[1.2220]
Train Iter:[280/563], CauLoss:[2.4537], AdvLoss:[1.0929]
Train Iter:[420/563], CauLoss:[2.3461], AdvLoss:[1.0329]
Train Iter:[560/563], CauLoss:[2.2843], AdvLoss:[0.9247]
--------------------------------------------------------------------------------------------------------------------------------------------------------------------------------------------------------
Epoch:[1/100], CauAdvLoss:[2.2830/0.9236], valid:[93.00], test:[44.97]
--------------------------------------------------------------------------------------------------------------------------------------------------------------------------------------------------------
Train Iter:[0  /563], CauLoss:[1.8646], AdvLoss:[0.0660]
Train Iter:[140/563], CauLoss:[2.0223], AdvLoss:[0.2554]
Train Iter:[280/563], CauLoss:[2.0041], AdvLoss:[0.3841]
Train Iter:[420/563], CauLoss:[1.9965], AdvLoss:[0.3140]
Train Iter:[560/563], CauLoss:[1.9878], AdvLoss:[0.3334]
--------------------------------------------------------------------------------------------------------------------------------------------------------------------------------------------------------
Epoch:[2/100], CauAdvLoss:[1.9889/0.3343], valid:[93.10], test:[50.77]
--------------------------------------------------------------------------------------------------------------------------------------------------------------------------------------------------------
Train Iter:[0  /563], CauLoss:[2.4570], AdvLoss:[-0.8558]
Train Iter:[140/563], CauLoss:[2.0402], AdvLoss:[0.3589]
Train Iter:[280/563], CauLoss:[1.9703], AdvLoss:[0.6585]
Train Iter:[420/563], CauLoss:[1.9404], AdvLoss:[0.7255]
Train Iter:[560/563], CauLoss:[1.9341], AdvLoss:[0.8536]
--------------------------------------------------------------------------------------------------------------------------------------------------------------------------------------------------------
Epoch:[3/100], CauAdvLoss:[1.9340/0.8549], valid:[81.50], test:[70.33]
--------------------------------------------------------------------------------------------------------------------------------------------------------------------------------------------------------
Train Iter:[0  /563], CauLoss:[2.8505], AdvLoss:[1.8718]
Train Iter:[140/563], CauLoss:[1.9573], AdvLoss:[1.7258]
Train Iter:[280/563], CauLoss:[1.9179], AdvLoss:[1.7654]
Train Iter:[420/563], CauLoss:[1.9034], AdvLoss:[1.8533]
Train Iter:[560/563], CauLoss:[1.8957], AdvLoss:[1.5977]
--------------------------------------------------------------------------------------------------------------------------------------------------------------------------------------------------------
Epoch:[4/100], CauAdvLoss:[1.8969/1.5947], valid:[65.90], test:[57.13]
--------------------------------------------------------------------------------------------------------------------------------------------------------------------------------------------------------
Train Iter:[0  /563], CauLoss:[2.1072], AdvLoss:[1.1011]
Train Iter:[140/563], CauLoss:[1.8935], AdvLoss:[1.3700]
Train Iter:[280/563], CauLoss:[1.8831], AdvLoss:[1.3185]
Train Iter:[420/563], CauLoss:[1.8765], AdvLoss:[1.2163]
Train Iter:[560/563], CauLoss:[1.8668], AdvLoss:[1.2801]
--------------------------------------------------------------------------------------------------------------------------------------------------------------------------------------------------------
Epoch:[5/100], CauAdvLoss:[1.8661/1.2810], valid:[60.50], test:[66.00]
--------------------------------------------------------------------------------------------------------------------------------------------------------------------------------------------------------
Train Iter:[0  /563], CauLoss:[2.2281], AdvLoss:[1.8253]
Train Iter:[140/563], CauLoss:[1.8168], AdvLoss:[1.8997]
Train Iter:[280/563], CauLoss:[1.8168], AdvLoss:[1.7187]
Train Iter:[420/563], CauLoss:[1.8297], AdvLoss:[1.8926]
Train Iter:[560/563], CauLoss:[1.8387], AdvLoss:[1.9103]
--------------------------------------------------------------------------------------------------------------------------------------------------------------------------------------------------------
Epoch:[6/100], CauAdvLoss:[1.8376/1.9041], valid:[50.33], test:[59.47]
--------------------------------------------------------------------------------------------------------------------------------------------------------------------------------------------------------
Train Iter:[0  /563], CauLoss:[1.7890], AdvLoss:[0.1864]
Train Iter:[140/563], CauLoss:[1.8030], AdvLoss:[0.2672]
Train Iter:[280/563], CauLoss:[1.8384], AdvLoss:[0.6863]
Train Iter:[420/563], CauLoss:[1.8348], AdvLoss:[0.8269]
Train Iter:[560/563], CauLoss:[1.8305], AdvLoss:[0.9474]
--------------------------------------------------------------------------------------------------------------------------------------------------------------------------------------------------------
Epoch:[7/100], CauAdvLoss:[1.8297/0.9493], valid:[82.90], test:[56.10]
--------------------------------------------------------------------------------------------------------------------------------------------------------------------------------------------------------
Train Iter:[0  /563], CauLoss:[1.4979], AdvLoss:[1.9908]
Train Iter:[140/563], CauLoss:[1.8070], AdvLoss:[1.9479]
Train Iter:[280/563], CauLoss:[1.8457], AdvLoss:[1.8759]
Train Iter:[420/563], CauLoss:[1.8227], AdvLoss:[1.8279]
Train Iter:[560/563], CauLoss:[1.8189], AdvLoss:[1.8839]
--------------------------------------------------------------------------------------------------------------------------------------------------------------------------------------------------------
Epoch:[8/100], CauAdvLoss:[1.8173/1.8865], valid:[61.13], test:[66.40]
--------------------------------------------------------------------------------------------------------------------------------------------------------------------------------------------------------
Train Iter:[0  /563], CauLoss:[1.7731], AdvLoss:[2.3462]
Train Iter:[140/563], CauLoss:[1.8658], AdvLoss:[2.2410]
Train Iter:[280/563], CauLoss:[1.8145], AdvLoss:[2.6473]
Train Iter:[420/563], CauLoss:[1.8079], AdvLoss:[2.9531]
Train Iter:[560/563], CauLoss:[1.7918], AdvLoss:[3.0900]
--------------------------------------------------------------------------------------------------------------------------------------------------------------------------------------------------------
Epoch:[9/100], CauAdvLoss:[1.7916/3.0954], valid:[57.40], test:[56.20]
--------------------------------------------------------------------------------------------------------------------------------------------------------------------------------------------------------
Train Iter:[0  /563], CauLoss:[1.6491], AdvLoss:[5.8016]
Train Iter:[140/563], CauLoss:[1.8320], AdvLoss:[3.1751]
Train Iter:[280/563], CauLoss:[1.8012], AdvLoss:[3.3749]
Train Iter:[420/563], CauLoss:[1.7813], AdvLoss:[3.3882]
Train Iter:[560/563], CauLoss:[1.7783], AdvLoss:[3.3620]
--------------------------------------------------------------------------------------------------------------------------------------------------------------------------------------------------------
Epoch:[10/100], CauAdvLoss:[1.7778/3.3632], valid:[61.57], test:[50.63]
--------------------------------------------------------------------------------------------------------------------------------------------------------------------------------------------------------
Train Iter:[0  /563], CauLoss:[2.2130], AdvLoss:[2.6957]
Train Iter:[140/563], CauLoss:[1.8260], AdvLoss:[3.6726]
Train Iter:[280/563], CauLoss:[1.7718], AdvLoss:[3.6493]
Train Iter:[420/563], CauLoss:[1.7631], AdvLoss:[3.5259]
Train Iter:[560/563], CauLoss:[1.7665], AdvLoss:[3.4271]
--------------------------------------------------------------------------------------------------------------------------------------------------------------------------------------------------------
Epoch:[11/100], CauAdvLoss:[1.7667/3.4203], valid:[47.37], test:[50.40]
--------------------------------------------------------------------------------------------------------------------------------------------------------------------------------------------------------
Train Iter:[0  /563], CauLoss:[2.1372], AdvLoss:[2.3888]
Train Iter:[140/563], CauLoss:[1.7989], AdvLoss:[2.7992]
Train Iter:[280/563], CauLoss:[1.7614], AdvLoss:[2.8905]
Train Iter:[420/563], CauLoss:[1.7566], AdvLoss:[2.8045]
Train Iter:[560/563], CauLoss:[1.7546], AdvLoss:[2.9148]
--------------------------------------------------------------------------------------------------------------------------------------------------------------------------------------------------------
Epoch:[12/100], CauAdvLoss:[1.7555/2.9175], valid:[41.80], test:[79.23]
--------------------------------------------------------------------------------------------------------------------------------------------------------------------------------------------------------
Train Iter:[0  /563], CauLoss:[1.6243], AdvLoss:[2.2542]
Train Iter:[140/563], CauLoss:[1.7658], AdvLoss:[2.4972]
Train Iter:[280/563], CauLoss:[1.7451], AdvLoss:[3.0319]
Train Iter:[420/563], CauLoss:[1.7500], AdvLoss:[3.0441]
Train Iter:[560/563], CauLoss:[1.7451], AdvLoss:[3.0645]
--------------------------------------------------------------------------------------------------------------------------------------------------------------------------------------------------------
Epoch:[13/100], CauAdvLoss:[1.7454/3.0661], valid:[55.83], test:[51.87]
--------------------------------------------------------------------------------------------------------------------------------------------------------------------------------------------------------
Train Iter:[0  /563], CauLoss:[2.0977], AdvLoss:[3.6482]
Train Iter:[140/563], CauLoss:[1.7858], AdvLoss:[4.2970]
Train Iter:[280/563], CauLoss:[1.7572], AdvLoss:[3.9445]
Train Iter:[420/563], CauLoss:[1.7417], AdvLoss:[3.6598]
Train Iter:[560/563], CauLoss:[1.7448], AdvLoss:[3.4980]
--------------------------------------------------------------------------------------------------------------------------------------------------------------------------------------------------------
Epoch:[14/100], CauAdvLoss:[1.7442/3.4995], valid:[49.63], test:[56.93]
--------------------------------------------------------------------------------------------------------------------------------------------------------------------------------------------------------
Train Iter:[0  /563], CauLoss:[1.8244], AdvLoss:[3.9782]
Train Iter:[140/563], CauLoss:[1.7839], AdvLoss:[2.7791]
Train Iter:[280/563], CauLoss:[1.7421], AdvLoss:[3.2877]
Train Iter:[420/563], CauLoss:[1.7544], AdvLoss:[3.3268]
Train Iter:[560/563], CauLoss:[1.7274], AdvLoss:[3.3527]
--------------------------------------------------------------------------------------------------------------------------------------------------------------------------------------------------------
Epoch:[15/100], CauAdvLoss:[1.7265/3.3558], valid:[64.13], test:[52.40]
--------------------------------------------------------------------------------------------------------------------------------------------------------------------------------------------------------
Train Iter:[0  /563], CauLoss:[1.6479], AdvLoss:[3.4025]
Train Iter:[140/563], CauLoss:[1.7312], AdvLoss:[3.5568]
Train Iter:[280/563], CauLoss:[1.7411], AdvLoss:[3.5669]
Train Iter:[420/563], CauLoss:[1.7153], AdvLoss:[3.6879]
Train Iter:[560/563], CauLoss:[1.7338], AdvLoss:[3.6079]
--------------------------------------------------------------------------------------------------------------------------------------------------------------------------------------------------------
Epoch:[16/100], CauAdvLoss:[1.7340/3.6036], valid:[52.70], test:[51.37]
--------------------------------------------------------------------------------------------------------------------------------------------------------------------------------------------------------
Train Iter:[0  /563], CauLoss:[1.4245], AdvLoss:[2.6460]
Train Iter:[140/563], CauLoss:[1.7291], AdvLoss:[3.1580]
Train Iter:[280/563], CauLoss:[1.7377], AdvLoss:[2.9972]
Train Iter:[420/563], CauLoss:[1.7338], AdvLoss:[3.1913]
Train Iter:[560/563], CauLoss:[1.7277], AdvLoss:[3.5066]
--------------------------------------------------------------------------------------------------------------------------------------------------------------------------------------------------------
Epoch:[17/100], CauAdvLoss:[1.7270/3.5078], valid:[64.07], test:[64.50]
--------------------------------------------------------------------------------------------------------------------------------------------------------------------------------------------------------
Train Iter:[0  /563], CauLoss:[1.6430], AdvLoss:[1.8341]
Train Iter:[140/563], CauLoss:[1.6950], AdvLoss:[3.7952]
Train Iter:[280/563], CauLoss:[1.7130], AdvLoss:[3.4950]
Train Iter:[420/563], CauLoss:[1.7237], AdvLoss:[3.2914]
Train Iter:[560/563], CauLoss:[1.7161], AdvLoss:[3.2126]
--------------------------------------------------------------------------------------------------------------------------------------------------------------------------------------------------------
Epoch:[18/100], CauAdvLoss:[1.7168/3.2110], valid:[61.67], test:[51.83]
--------------------------------------------------------------------------------------------------------------------------------------------------------------------------------------------------------
Train Iter:[0  /563], CauLoss:[2.2544], AdvLoss:[3.1423]
Train Iter:[140/563], CauLoss:[1.7112], AdvLoss:[2.5757]
Train Iter:[280/563], CauLoss:[1.7315], AdvLoss:[2.5975]
Train Iter:[420/563], CauLoss:[1.7098], AdvLoss:[2.6270]
Train Iter:[560/563], CauLoss:[1.7212], AdvLoss:[2.5434]
--------------------------------------------------------------------------------------------------------------------------------------------------------------------------------------------------------
Epoch:[19/100], CauAdvLoss:[1.7206/2.5434], valid:[50.07], test:[68.23]
--------------------------------------------------------------------------------------------------------------------------------------------------------------------------------------------------------
Train Iter:[0  /563], CauLoss:[1.6350], AdvLoss:[2.5999]
Train Iter:[140/563], CauLoss:[1.7470], AdvLoss:[2.9280]
Train Iter:[280/563], CauLoss:[1.7306], AdvLoss:[3.0735]
Train Iter:[420/563], CauLoss:[1.7197], AdvLoss:[3.1183]
Train Iter:[560/563], CauLoss:[1.7177], AdvLoss:[3.4191]
--------------------------------------------------------------------------------------------------------------------------------------------------------------------------------------------------------
Epoch:[20/100], CauAdvLoss:[1.7217/3.4111], valid:[33.57], test:[33.90]
--------------------------------------------------------------------------------------------------------------------------------------------------------------------------------------------------------
Train Iter:[0  /563], CauLoss:[2.0910], AdvLoss:[1.1211]
Train Iter:[140/563], CauLoss:[1.7013], AdvLoss:[2.9896]
Train Iter:[280/563], CauLoss:[1.7035], AdvLoss:[3.3336]
Train Iter:[420/563], CauLoss:[1.7097], AdvLoss:[3.3764]
Train Iter:[560/563], CauLoss:[1.7097], AdvLoss:[3.2929]
--------------------------------------------------------------------------------------------------------------------------------------------------------------------------------------------------------
Epoch:[21/100], CauAdvLoss:[1.7102/3.2940], valid:[49.50], test:[72.53]
--------------------------------------------------------------------------------------------------------------------------------------------------------------------------------------------------------
Train Iter:[0  /563], CauLoss:[1.1951], AdvLoss:[2.9783]
Train Iter:[140/563], CauLoss:[1.6894], AdvLoss:[3.4417]
Train Iter:[280/563], CauLoss:[1.6932], AdvLoss:[3.7056]
Train Iter:[420/563], CauLoss:[1.7130], AdvLoss:[3.5546]
Train Iter:[560/563], CauLoss:[1.7024], AdvLoss:[3.5612]
--------------------------------------------------------------------------------------------------------------------------------------------------------------------------------------------------------
Epoch:[22/100], CauAdvLoss:[1.7026/3.5622], valid:[49.93], test:[61.93]
--------------------------------------------------------------------------------------------------------------------------------------------------------------------------------------------------------
Train Iter:[0  /563], CauLoss:[1.4820], AdvLoss:[4.0781]
Train Iter:[140/563], CauLoss:[1.7415], AdvLoss:[3.2385]
Train Iter:[280/563], CauLoss:[1.7368], AdvLoss:[3.5586]
Train Iter:[420/563], CauLoss:[1.7224], AdvLoss:[3.4666]
Train Iter:[560/563], CauLoss:[1.7095], AdvLoss:[3.5557]
--------------------------------------------------------------------------------------------------------------------------------------------------------------------------------------------------------
Epoch:[23/100], CauAdvLoss:[1.7092/3.5579], valid:[68.33], test:[66.80]
--------------------------------------------------------------------------------------------------------------------------------------------------------------------------------------------------------
Train Iter:[0  /563], CauLoss:[1.3730], AdvLoss:[4.0312]
Train Iter:[140/563], CauLoss:[1.6824], AdvLoss:[3.6059]
Train Iter:[280/563], CauLoss:[1.6975], AdvLoss:[3.4651]
Train Iter:[420/563], CauLoss:[1.7024], AdvLoss:[3.4569]
Train Iter:[560/563], CauLoss:[1.7026], AdvLoss:[3.6516]
--------------------------------------------------------------------------------------------------------------------------------------------------------------------------------------------------------
Epoch:[24/100], CauAdvLoss:[1.7030/3.6519], valid:[52.67], test:[61.10]
--------------------------------------------------------------------------------------------------------------------------------------------------------------------------------------------------------
Train Iter:[0  /563], CauLoss:[1.2995], AdvLoss:[1.9731]
Train Iter:[140/563], CauLoss:[1.6915], AdvLoss:[4.0943]
Train Iter:[280/563], CauLoss:[1.6816], AdvLoss:[4.0593]
Train Iter:[420/563], CauLoss:[1.6862], AdvLoss:[4.2103]
Train Iter:[560/563], CauLoss:[1.7002], AdvLoss:[4.1968]
--------------------------------------------------------------------------------------------------------------------------------------------------------------------------------------------------------
Epoch:[25/100], CauAdvLoss:[1.7033/4.1968], valid:[49.63], test:[60.33]
--------------------------------------------------------------------------------------------------------------------------------------------------------------------------------------------------------
Train Iter:[0  /563], CauLoss:[2.0444], AdvLoss:[3.6866]
Train Iter:[140/563], CauLoss:[1.6835], AdvLoss:[4.1442]
Train Iter:[280/563], CauLoss:[1.7064], AdvLoss:[3.4499]
Train Iter:[420/563], CauLoss:[1.6967], AdvLoss:[3.5667]
Train Iter:[560/563], CauLoss:[1.7013], AdvLoss:[3.6305]
--------------------------------------------------------------------------------------------------------------------------------------------------------------------------------------------------------
Epoch:[26/100], CauAdvLoss:[1.7016/3.6357], valid:[69.93], test:[72.30]
--------------------------------------------------------------------------------------------------------------------------------------------------------------------------------------------------------
Train Iter:[0  /563], CauLoss:[1.4232], AdvLoss:[4.1578]
Train Iter:[140/563], CauLoss:[1.6745], AdvLoss:[3.9192]
Train Iter:[280/563], CauLoss:[1.6899], AdvLoss:[3.9255]
Train Iter:[420/563], CauLoss:[1.6893], AdvLoss:[4.0033]
Train Iter:[560/563], CauLoss:[1.6984], AdvLoss:[3.9184]
--------------------------------------------------------------------------------------------------------------------------------------------------------------------------------------------------------
Epoch:[27/100], CauAdvLoss:[1.6976/3.9156], valid:[63.43], test:[62.33]
--------------------------------------------------------------------------------------------------------------------------------------------------------------------------------------------------------
Train Iter:[0  /563], CauLoss:[1.7293], AdvLoss:[3.6686]
Train Iter:[140/563], CauLoss:[1.6942], AdvLoss:[4.2208]
Train Iter:[280/563], CauLoss:[1.6778], AdvLoss:[4.2442]
Train Iter:[420/563], CauLoss:[1.6811], AdvLoss:[3.9027]
Train Iter:[560/563], CauLoss:[1.6940], AdvLoss:[3.7060]
--------------------------------------------------------------------------------------------------------------------------------------------------------------------------------------------------------
Epoch:[28/100], CauAdvLoss:[1.6943/3.7079], valid:[78.03], test:[68.20]
--------------------------------------------------------------------------------------------------------------------------------------------------------------------------------------------------------
Train Iter:[0  /563], CauLoss:[2.0558], AdvLoss:[2.3696]
Train Iter:[140/563], CauLoss:[1.7032], AdvLoss:[3.8044]
Train Iter:[280/563], CauLoss:[1.6954], AdvLoss:[4.0142]
Train Iter:[420/563], CauLoss:[1.6921], AdvLoss:[4.1273]
Train Iter:[560/563], CauLoss:[1.6939], AdvLoss:[4.0801]
--------------------------------------------------------------------------------------------------------------------------------------------------------------------------------------------------------
Epoch:[29/100], CauAdvLoss:[1.6927/4.0823], valid:[68.73], test:[65.50]
--------------------------------------------------------------------------------------------------------------------------------------------------------------------------------------------------------
Train Iter:[0  /563], CauLoss:[1.6403], AdvLoss:[5.8648]
Train Iter:[140/563], CauLoss:[1.7064], AdvLoss:[4.3006]
Train Iter:[280/563], CauLoss:[1.7064], AdvLoss:[4.0125]
Train Iter:[420/563], CauLoss:[1.6989], AdvLoss:[3.7615]
Train Iter:[560/563], CauLoss:[1.6972], AdvLoss:[3.7585]
--------------------------------------------------------------------------------------------------------------------------------------------------------------------------------------------------------
Epoch:[30/100], CauAdvLoss:[1.6968/3.7534], valid:[84.30], test:[64.00]
--------------------------------------------------------------------------------------------------------------------------------------------------------------------------------------------------------
Train Iter:[0  /563], CauLoss:[1.7905], AdvLoss:[1.4274]
Train Iter:[140/563], CauLoss:[1.6729], AdvLoss:[4.0866]
Train Iter:[280/563], CauLoss:[1.7108], AdvLoss:[4.4121]
Train Iter:[420/563], CauLoss:[1.6976], AdvLoss:[4.3023]
Train Iter:[560/563], CauLoss:[1.6920], AdvLoss:[4.1458]
--------------------------------------------------------------------------------------------------------------------------------------------------------------------------------------------------------
Epoch:[31/100], CauAdvLoss:[1.6922/4.1444], valid:[75.23], test:[69.07]
--------------------------------------------------------------------------------------------------------------------------------------------------------------------------------------------------------
Train Iter:[0  /563], CauLoss:[1.9889], AdvLoss:[3.7744]
Train Iter:[140/563], CauLoss:[1.6907], AdvLoss:[3.5794]
Train Iter:[280/563], CauLoss:[1.6874], AdvLoss:[3.4761]
Train Iter:[420/563], CauLoss:[1.6825], AdvLoss:[3.6550]
Train Iter:[560/563], CauLoss:[1.6909], AdvLoss:[3.6023]
--------------------------------------------------------------------------------------------------------------------------------------------------------------------------------------------------------
Epoch:[32/100], CauAdvLoss:[1.6899/3.5985], valid:[54.10], test:[59.90]
--------------------------------------------------------------------------------------------------------------------------------------------------------------------------------------------------------
Train Iter:[0  /563], CauLoss:[1.7618], AdvLoss:[2.8149]
Train Iter:[140/563], CauLoss:[1.6411], AdvLoss:[3.5108]
Train Iter:[280/563], CauLoss:[1.6656], AdvLoss:[3.7295]
Train Iter:[420/563], CauLoss:[1.6940], AdvLoss:[3.8617]
Train Iter:[560/563], CauLoss:[1.6848], AdvLoss:[3.9146]
--------------------------------------------------------------------------------------------------------------------------------------------------------------------------------------------------------
Epoch:[33/100], CauAdvLoss:[1.6845/3.9117], valid:[33.57], test:[33.90]
--------------------------------------------------------------------------------------------------------------------------------------------------------------------------------------------------------
Train Iter:[0  /563], CauLoss:[1.4970], AdvLoss:[1.1446]
Train Iter:[140/563], CauLoss:[1.6855], AdvLoss:[3.7383]
Train Iter:[280/563], CauLoss:[1.6787], AdvLoss:[3.5115]
Train Iter:[420/563], CauLoss:[1.6843], AdvLoss:[3.9371]
Train Iter:[560/563], CauLoss:[1.6914], AdvLoss:[4.1236]
--------------------------------------------------------------------------------------------------------------------------------------------------------------------------------------------------------
Epoch:[34/100], CauAdvLoss:[1.6917/4.1244], valid:[76.93], test:[66.33]
--------------------------------------------------------------------------------------------------------------------------------------------------------------------------------------------------------
Train Iter:[0  /563], CauLoss:[1.6923], AdvLoss:[5.8481]
Train Iter:[140/563], CauLoss:[1.6393], AdvLoss:[4.8235]
Train Iter:[280/563], CauLoss:[1.6582], AdvLoss:[4.5507]
Train Iter:[420/563], CauLoss:[1.6854], AdvLoss:[4.3353]
Train Iter:[560/563], CauLoss:[1.6877], AdvLoss:[4.3201]
--------------------------------------------------------------------------------------------------------------------------------------------------------------------------------------------------------
Epoch:[35/100], CauAdvLoss:[1.6875/4.3214], valid:[63.43], test:[75.03]
--------------------------------------------------------------------------------------------------------------------------------------------------------------------------------------------------------
Train Iter:[0  /563], CauLoss:[1.5092], AdvLoss:[4.0477]
Train Iter:[140/563], CauLoss:[1.6708], AdvLoss:[4.1622]
Train Iter:[280/563], CauLoss:[1.6821], AdvLoss:[4.1279]
Train Iter:[420/563], CauLoss:[1.6868], AdvLoss:[4.3155]
Train Iter:[560/563], CauLoss:[1.6794], AdvLoss:[4.3820]
--------------------------------------------------------------------------------------------------------------------------------------------------------------------------------------------------------
Epoch:[36/100], CauAdvLoss:[1.6791/4.3788], valid:[52.13], test:[64.83]
--------------------------------------------------------------------------------------------------------------------------------------------------------------------------------------------------------
Train Iter:[0  /563], CauLoss:[1.8449], AdvLoss:[3.8989]
Train Iter:[140/563], CauLoss:[1.6916], AdvLoss:[4.0689]
Train Iter:[280/563], CauLoss:[1.6811], AdvLoss:[4.0320]
Train Iter:[420/563], CauLoss:[1.6946], AdvLoss:[3.9390]
Train Iter:[560/563], CauLoss:[1.6824], AdvLoss:[3.7665]
--------------------------------------------------------------------------------------------------------------------------------------------------------------------------------------------------------
Epoch:[37/100], CauAdvLoss:[1.6824/3.7619], valid:[54.37], test:[67.90]
--------------------------------------------------------------------------------------------------------------------------------------------------------------------------------------------------------
Train Iter:[0  /563], CauLoss:[1.7796], AdvLoss:[2.3730]
Train Iter:[140/563], CauLoss:[1.6918], AdvLoss:[3.6698]
Train Iter:[280/563], CauLoss:[1.6938], AdvLoss:[3.7471]
Train Iter:[420/563], CauLoss:[1.6913], AdvLoss:[3.6501]
Train Iter:[560/563], CauLoss:[1.6722], AdvLoss:[3.8548]
--------------------------------------------------------------------------------------------------------------------------------------------------------------------------------------------------------
Epoch:[38/100], CauAdvLoss:[1.6722/3.8605], valid:[53.87], test:[70.80]
--------------------------------------------------------------------------------------------------------------------------------------------------------------------------------------------------------
Train Iter:[0  /563], CauLoss:[1.3023], AdvLoss:[3.5369]
Train Iter:[140/563], CauLoss:[1.6371], AdvLoss:[4.7438]
Train Iter:[280/563], CauLoss:[1.6754], AdvLoss:[4.3384]
Train Iter:[420/563], CauLoss:[1.6869], AdvLoss:[4.0912]
Train Iter:[560/563], CauLoss:[1.6771], AdvLoss:[4.0247]
--------------------------------------------------------------------------------------------------------------------------------------------------------------------------------------------------------
Epoch:[39/100], CauAdvLoss:[1.6767/4.0346], valid:[65.63], test:[76.03]
--------------------------------------------------------------------------------------------------------------------------------------------------------------------------------------------------------
Train Iter:[0  /563], CauLoss:[1.3090], AdvLoss:[3.6241]
Train Iter:[140/563], CauLoss:[1.6744], AdvLoss:[4.3536]
Train Iter:[280/563], CauLoss:[1.6787], AdvLoss:[3.9871]
Train Iter:[420/563], CauLoss:[1.6775], AdvLoss:[4.1055]
Train Iter:[560/563], CauLoss:[1.6795], AdvLoss:[3.9518]
--------------------------------------------------------------------------------------------------------------------------------------------------------------------------------------------------------
Epoch:[40/100], CauAdvLoss:[1.6803/3.9520], valid:[59.30], test:[67.80]
--------------------------------------------------------------------------------------------------------------------------------------------------------------------------------------------------------
Train Iter:[0  /563], CauLoss:[1.5443], AdvLoss:[2.8280]
Train Iter:[140/563], CauLoss:[1.6899], AdvLoss:[4.4006]
Train Iter:[280/563], CauLoss:[1.6742], AdvLoss:[4.4471]
Train Iter:[420/563], CauLoss:[1.6778], AdvLoss:[4.3880]
Train Iter:[560/563], CauLoss:[1.6779], AdvLoss:[4.3854]
--------------------------------------------------------------------------------------------------------------------------------------------------------------------------------------------------------
Epoch:[41/100], CauAdvLoss:[1.6771/4.3811], valid:[90.33], test:[64.27]
--------------------------------------------------------------------------------------------------------------------------------------------------------------------------------------------------------
Train Iter:[0  /563], CauLoss:[1.9774], AdvLoss:[5.2796]
Train Iter:[140/563], CauLoss:[1.6914], AdvLoss:[4.9698]
Train Iter:[280/563], CauLoss:[1.7043], AdvLoss:[4.9919]
Train Iter:[420/563], CauLoss:[1.6780], AdvLoss:[4.7813]
Train Iter:[560/563], CauLoss:[1.6712], AdvLoss:[4.5196]
--------------------------------------------------------------------------------------------------------------------------------------------------------------------------------------------------------
Epoch:[42/100], CauAdvLoss:[1.6714/4.5133], valid:[53.60], test:[64.97]
--------------------------------------------------------------------------------------------------------------------------------------------------------------------------------------------------------
Train Iter:[0  /563], CauLoss:[1.3445], AdvLoss:[2.8301]
Train Iter:[140/563], CauLoss:[1.6517], AdvLoss:[4.3894]
Train Iter:[280/563], CauLoss:[1.6644], AdvLoss:[4.2290]
Train Iter:[420/563], CauLoss:[1.6697], AdvLoss:[4.3623]
Train Iter:[560/563], CauLoss:[1.6785], AdvLoss:[4.4892]
--------------------------------------------------------------------------------------------------------------------------------------------------------------------------------------------------------
Epoch:[43/100], CauAdvLoss:[1.6784/4.4886], valid:[93.17], test:[76.43]
--------------------------------------------------------------------------------------------------------------------------------------------------------------------------------------------------------
Train Iter:[0  /563], CauLoss:[2.0731], AdvLoss:[5.6897]
Train Iter:[140/563], CauLoss:[1.6904], AdvLoss:[4.6179]
Train Iter:[280/563], CauLoss:[1.6909], AdvLoss:[4.6287]
Train Iter:[420/563], CauLoss:[1.6840], AdvLoss:[4.7049]
Train Iter:[560/563], CauLoss:[1.6731], AdvLoss:[4.6642]
--------------------------------------------------------------------------------------------------------------------------------------------------------------------------------------------------------
Epoch:[44/100], CauAdvLoss:[1.6742/4.6709], valid:[89.53], test:[80.03]
--------------------------------------------------------------------------------------------------------------------------------------------------------------------------------------------------------
Train Iter:[0  /563], CauLoss:[1.3879], AdvLoss:[5.8279]
Train Iter:[140/563], CauLoss:[1.6461], AdvLoss:[4.9919]
Train Iter:[280/563], CauLoss:[1.6593], AdvLoss:[4.9255]
Train Iter:[420/563], CauLoss:[1.6685], AdvLoss:[4.6434]
Train Iter:[560/563], CauLoss:[1.6694], AdvLoss:[4.6335]
--------------------------------------------------------------------------------------------------------------------------------------------------------------------------------------------------------
Epoch:[45/100], CauAdvLoss:[1.6686/4.6314], valid:[57.63], test:[73.10]
--------------------------------------------------------------------------------------------------------------------------------------------------------------------------------------------------------
Train Iter:[0  /563], CauLoss:[1.8129], AdvLoss:[4.2895]
Train Iter:[140/563], CauLoss:[1.6437], AdvLoss:[4.7364]
Train Iter:[280/563], CauLoss:[1.6406], AdvLoss:[4.6936]
Train Iter:[420/563], CauLoss:[1.6675], AdvLoss:[4.3888]
Train Iter:[560/563], CauLoss:[1.6675], AdvLoss:[4.1759]
--------------------------------------------------------------------------------------------------------------------------------------------------------------------------------------------------------
Epoch:[46/100], CauAdvLoss:[1.6660/4.1746], valid:[73.37], test:[62.73]
--------------------------------------------------------------------------------------------------------------------------------------------------------------------------------------------------------
Train Iter:[0  /563], CauLoss:[1.6656], AdvLoss:[3.6732]
Train Iter:[140/563], CauLoss:[1.6407], AdvLoss:[3.9830]
Train Iter:[280/563], CauLoss:[1.6590], AdvLoss:[3.6752]
Train Iter:[420/563], CauLoss:[1.6602], AdvLoss:[3.6329]
Train Iter:[560/563], CauLoss:[1.6713], AdvLoss:[3.6399]
--------------------------------------------------------------------------------------------------------------------------------------------------------------------------------------------------------
Epoch:[47/100], CauAdvLoss:[1.6715/3.6382], valid:[82.30], test:[71.23]
--------------------------------------------------------------------------------------------------------------------------------------------------------------------------------------------------------
Train Iter:[0  /563], CauLoss:[2.2115], AdvLoss:[4.7897]
Train Iter:[140/563], CauLoss:[1.6878], AdvLoss:[3.9104]
Train Iter:[280/563], CauLoss:[1.6614], AdvLoss:[4.0722]
Train Iter:[420/563], CauLoss:[1.6603], AdvLoss:[4.1042]
Train Iter:[560/563], CauLoss:[1.6607], AdvLoss:[4.0996]
--------------------------------------------------------------------------------------------------------------------------------------------------------------------------------------------------------
Epoch:[48/100], CauAdvLoss:[1.6605/4.1009], valid:[72.13], test:[72.83]
--------------------------------------------------------------------------------------------------------------------------------------------------------------------------------------------------------
Train Iter:[0  /563], CauLoss:[1.5362], AdvLoss:[3.2287]
Train Iter:[140/563], CauLoss:[1.6526], AdvLoss:[3.8925]
Train Iter:[280/563], CauLoss:[1.6574], AdvLoss:[3.8720]
Train Iter:[420/563], CauLoss:[1.6790], AdvLoss:[3.8766]
Train Iter:[560/563], CauLoss:[1.6629], AdvLoss:[4.0022]
--------------------------------------------------------------------------------------------------------------------------------------------------------------------------------------------------------
Epoch:[49/100], CauAdvLoss:[1.6641/4.0080], valid:[48.70], test:[77.10]
--------------------------------------------------------------------------------------------------------------------------------------------------------------------------------------------------------
Train Iter:[0  /563], CauLoss:[1.4414], AdvLoss:[5.9677]
Train Iter:[140/563], CauLoss:[1.6371], AdvLoss:[4.5774]
Train Iter:[280/563], CauLoss:[1.6541], AdvLoss:[4.5256]
Train Iter:[420/563], CauLoss:[1.6555], AdvLoss:[4.4522]
Train Iter:[560/563], CauLoss:[1.6645], AdvLoss:[4.2648]
--------------------------------------------------------------------------------------------------------------------------------------------------------------------------------------------------------
Epoch:[50/100], CauAdvLoss:[1.6644/4.2595], valid:[84.43], test:[70.57]
--------------------------------------------------------------------------------------------------------------------------------------------------------------------------------------------------------
Train Iter:[0  /563], CauLoss:[1.2712], AdvLoss:[3.1249]
Train Iter:[140/563], CauLoss:[1.6270], AdvLoss:[3.9043]
Train Iter:[280/563], CauLoss:[1.6305], AdvLoss:[3.9552]
Train Iter:[420/563], CauLoss:[1.6545], AdvLoss:[3.8240]
Train Iter:[560/563], CauLoss:[1.6625], AdvLoss:[3.8497]
--------------------------------------------------------------------------------------------------------------------------------------------------------------------------------------------------------
Epoch:[51/100], CauAdvLoss:[1.6630/3.8527], valid:[60.17], test:[72.03]
--------------------------------------------------------------------------------------------------------------------------------------------------------------------------------------------------------
Train Iter:[0  /563], CauLoss:[1.2028], AdvLoss:[5.3971]
Train Iter:[140/563], CauLoss:[1.6840], AdvLoss:[4.5165]
Train Iter:[280/563], CauLoss:[1.6639], AdvLoss:[4.3893]
Train Iter:[420/563], CauLoss:[1.6561], AdvLoss:[4.3157]
Train Iter:[560/563], CauLoss:[1.6620], AdvLoss:[4.3643]
--------------------------------------------------------------------------------------------------------------------------------------------------------------------------------------------------------
Epoch:[52/100], CauAdvLoss:[1.6622/4.3603], valid:[70.40], test:[67.27]
--------------------------------------------------------------------------------------------------------------------------------------------------------------------------------------------------------
Train Iter:[0  /563], CauLoss:[2.2784], AdvLoss:[5.2163]
Train Iter:[140/563], CauLoss:[1.6504], AdvLoss:[4.5920]
Train Iter:[280/563], CauLoss:[1.6597], AdvLoss:[4.7239]
Train Iter:[420/563], CauLoss:[1.6696], AdvLoss:[4.5333]
Train Iter:[560/563], CauLoss:[1.6657], AdvLoss:[4.4064]
--------------------------------------------------------------------------------------------------------------------------------------------------------------------------------------------------------
Epoch:[53/100], CauAdvLoss:[1.6656/4.4091], valid:[87.93], test:[76.03]
--------------------------------------------------------------------------------------------------------------------------------------------------------------------------------------------------------
Train Iter:[0  /563], CauLoss:[1.5535], AdvLoss:[4.4962]
Train Iter:[140/563], CauLoss:[1.6812], AdvLoss:[4.2015]
Train Iter:[280/563], CauLoss:[1.6692], AdvLoss:[4.3428]
Train Iter:[420/563], CauLoss:[1.6654], AdvLoss:[4.5187]
Train Iter:[560/563], CauLoss:[1.6630], AdvLoss:[4.6862]
--------------------------------------------------------------------------------------------------------------------------------------------------------------------------------------------------------
Epoch:[54/100], CauAdvLoss:[1.6627/4.6867], valid:[51.37], test:[74.40]
--------------------------------------------------------------------------------------------------------------------------------------------------------------------------------------------------------
Train Iter:[0  /563], CauLoss:[1.7756], AdvLoss:[4.5306]
Train Iter:[140/563], CauLoss:[1.6399], AdvLoss:[4.6635]
Train Iter:[280/563], CauLoss:[1.6514], AdvLoss:[4.5097]
Train Iter:[420/563], CauLoss:[1.6760], AdvLoss:[4.4864]
Train Iter:[560/563], CauLoss:[1.6614], AdvLoss:[4.4626]
--------------------------------------------------------------------------------------------------------------------------------------------------------------------------------------------------------
Epoch:[55/100], CauAdvLoss:[1.6607/4.4588], valid:[65.63], test:[69.47]
--------------------------------------------------------------------------------------------------------------------------------------------------------------------------------------------------------
Train Iter:[0  /563], CauLoss:[1.4414], AdvLoss:[3.8172]
Train Iter:[140/563], CauLoss:[1.6459], AdvLoss:[4.3504]
Train Iter:[280/563], CauLoss:[1.6440], AdvLoss:[4.5235]
Train Iter:[420/563], CauLoss:[1.6501], AdvLoss:[4.3632]
Train Iter:[560/563], CauLoss:[1.6539], AdvLoss:[4.4913]
--------------------------------------------------------------------------------------------------------------------------------------------------------------------------------------------------------
Epoch:[56/100], CauAdvLoss:[1.6542/4.5021], valid:[71.30], test:[74.37]
--------------------------------------------------------------------------------------------------------------------------------------------------------------------------------------------------------
Train Iter:[0  /563], CauLoss:[2.0274], AdvLoss:[7.9017]
Train Iter:[140/563], CauLoss:[1.6516], AdvLoss:[4.7346]
Train Iter:[280/563], CauLoss:[1.6614], AdvLoss:[4.9500]
Train Iter:[420/563], CauLoss:[1.6648], AdvLoss:[4.8060]
Train Iter:[560/563], CauLoss:[1.6591], AdvLoss:[4.7799]
--------------------------------------------------------------------------------------------------------------------------------------------------------------------------------------------------------
Epoch:[57/100], CauAdvLoss:[1.6578/4.7822], valid:[82.30], test:[70.40]
--------------------------------------------------------------------------------------------------------------------------------------------------------------------------------------------------------
Train Iter:[0  /563], CauLoss:[1.4109], AdvLoss:[5.6478]
Train Iter:[140/563], CauLoss:[1.6521], AdvLoss:[4.7462]
Train Iter:[280/563], CauLoss:[1.6523], AdvLoss:[4.8872]
Train Iter:[420/563], CauLoss:[1.6597], AdvLoss:[4.5508]
Train Iter:[560/563], CauLoss:[1.6608], AdvLoss:[4.4432]
--------------------------------------------------------------------------------------------------------------------------------------------------------------------------------------------------------
Epoch:[58/100], CauAdvLoss:[1.6613/4.4348], valid:[50.07], test:[68.57]
--------------------------------------------------------------------------------------------------------------------------------------------------------------------------------------------------------
Train Iter:[0  /563], CauLoss:[1.1936], AdvLoss:[2.1612]
Train Iter:[140/563], CauLoss:[1.6545], AdvLoss:[4.2909]
Train Iter:[280/563], CauLoss:[1.6430], AdvLoss:[4.7298]
Train Iter:[420/563], CauLoss:[1.6489], AdvLoss:[4.7802]
Train Iter:[560/563], CauLoss:[1.6575], AdvLoss:[4.6775]
--------------------------------------------------------------------------------------------------------------------------------------------------------------------------------------------------------
Epoch:[59/100], CauAdvLoss:[1.6565/4.6778], valid:[91.97], test:[72.47]
--------------------------------------------------------------------------------------------------------------------------------------------------------------------------------------------------------
Train Iter:[0  /563], CauLoss:[1.1765], AdvLoss:[4.3813]
Train Iter:[140/563], CauLoss:[1.6196], AdvLoss:[4.8838]
Train Iter:[280/563], CauLoss:[1.6286], AdvLoss:[4.7216]
Train Iter:[420/563], CauLoss:[1.6455], AdvLoss:[4.5221]
Train Iter:[560/563], CauLoss:[1.6541], AdvLoss:[4.5980]
--------------------------------------------------------------------------------------------------------------------------------------------------------------------------------------------------------
Epoch:[60/100], CauAdvLoss:[1.6524/4.5970], valid:[92.40], test:[73.93]
--------------------------------------------------------------------------------------------------------------------------------------------------------------------------------------------------------
Train Iter:[0  /563], CauLoss:[1.1840], AdvLoss:[3.7320]
Train Iter:[140/563], CauLoss:[1.6417], AdvLoss:[4.9127]
Train Iter:[280/563], CauLoss:[1.6495], AdvLoss:[5.1702]
Train Iter:[420/563], CauLoss:[1.6547], AdvLoss:[5.0889]
Train Iter:[560/563], CauLoss:[1.6565], AdvLoss:[5.0049]
--------------------------------------------------------------------------------------------------------------------------------------------------------------------------------------------------------
Epoch:[61/100], CauAdvLoss:[1.6557/4.9986], valid:[89.57], test:[72.37]
--------------------------------------------------------------------------------------------------------------------------------------------------------------------------------------------------------
Train Iter:[0  /563], CauLoss:[1.5429], AdvLoss:[2.6861]
Train Iter:[140/563], CauLoss:[1.7005], AdvLoss:[4.6846]
Train Iter:[280/563], CauLoss:[1.6535], AdvLoss:[4.8915]
Train Iter:[420/563], CauLoss:[1.6595], AdvLoss:[5.1754]
Train Iter:[560/563], CauLoss:[1.6518], AdvLoss:[5.2036]
--------------------------------------------------------------------------------------------------------------------------------------------------------------------------------------------------------
Epoch:[62/100], CauAdvLoss:[1.6524/5.2011], valid:[79.40], test:[70.87]
--------------------------------------------------------------------------------------------------------------------------------------------------------------------------------------------------------
Train Iter:[0  /563], CauLoss:[1.9169], AdvLoss:[5.2995]
Train Iter:[140/563], CauLoss:[1.6384], AdvLoss:[4.7162]
Train Iter:[280/563], CauLoss:[1.6388], AdvLoss:[4.5034]
Train Iter:[420/563], CauLoss:[1.6429], AdvLoss:[4.7757]
Train Iter:[560/563], CauLoss:[1.6521], AdvLoss:[4.7918]
--------------------------------------------------------------------------------------------------------------------------------------------------------------------------------------------------------
Epoch:[63/100], CauAdvLoss:[1.6530/4.7932], valid:[87.70], test:[70.83]
--------------------------------------------------------------------------------------------------------------------------------------------------------------------------------------------------------
Train Iter:[0  /563], CauLoss:[1.7434], AdvLoss:[4.5467]
Train Iter:[140/563], CauLoss:[1.6754], AdvLoss:[5.4930]
Train Iter:[280/563], CauLoss:[1.6396], AdvLoss:[5.6505]
Train Iter:[420/563], CauLoss:[1.6525], AdvLoss:[5.5118]
Train Iter:[560/563], CauLoss:[1.6541], AdvLoss:[5.4786]
--------------------------------------------------------------------------------------------------------------------------------------------------------------------------------------------------------
Epoch:[64/100], CauAdvLoss:[1.6529/5.4821], valid:[92.23], test:[72.40]
--------------------------------------------------------------------------------------------------------------------------------------------------------------------------------------------------------
Train Iter:[0  /563], CauLoss:[1.4211], AdvLoss:[3.8942]
Train Iter:[140/563], CauLoss:[1.6397], AdvLoss:[5.5996]
Train Iter:[280/563], CauLoss:[1.6604], AdvLoss:[5.5757]
Train Iter:[420/563], CauLoss:[1.6581], AdvLoss:[5.4952]
Train Iter:[560/563], CauLoss:[1.6519], AdvLoss:[5.4393]
--------------------------------------------------------------------------------------------------------------------------------------------------------------------------------------------------------
Epoch:[65/100], CauAdvLoss:[1.6523/5.4409], valid:[77.10], test:[74.00]
--------------------------------------------------------------------------------------------------------------------------------------------------------------------------------------------------------
Train Iter:[0  /563], CauLoss:[1.8735], AdvLoss:[3.7326]
Train Iter:[140/563], CauLoss:[1.6444], AdvLoss:[4.9742]
Train Iter:[280/563], CauLoss:[1.6398], AdvLoss:[5.0275]
Train Iter:[420/563], CauLoss:[1.6445], AdvLoss:[5.2920]
Train Iter:[560/563], CauLoss:[1.6490], AdvLoss:[5.2239]
--------------------------------------------------------------------------------------------------------------------------------------------------------------------------------------------------------
Epoch:[66/100], CauAdvLoss:[1.6478/5.2207], valid:[79.30], test:[73.20]
--------------------------------------------------------------------------------------------------------------------------------------------------------------------------------------------------------
Train Iter:[0  /563], CauLoss:[1.6534], AdvLoss:[4.3405]
Train Iter:[140/563], CauLoss:[1.6382], AdvLoss:[4.7086]
Train Iter:[280/563], CauLoss:[1.6648], AdvLoss:[4.7506]
Train Iter:[420/563], CauLoss:[1.6517], AdvLoss:[4.8458]
Train Iter:[560/563], CauLoss:[1.6537], AdvLoss:[4.9742]
--------------------------------------------------------------------------------------------------------------------------------------------------------------------------------------------------------
Epoch:[67/100], CauAdvLoss:[1.6559/4.9770], valid:[56.33], test:[75.93]
--------------------------------------------------------------------------------------------------------------------------------------------------------------------------------------------------------
Train Iter:[0  /563], CauLoss:[1.7693], AdvLoss:[4.8017]
Train Iter:[140/563], CauLoss:[1.6184], AdvLoss:[5.5747]
Train Iter:[280/563], CauLoss:[1.6365], AdvLoss:[5.3195]
Train Iter:[420/563], CauLoss:[1.6513], AdvLoss:[5.2126]
Train Iter:[560/563], CauLoss:[1.6534], AdvLoss:[5.0536]
--------------------------------------------------------------------------------------------------------------------------------------------------------------------------------------------------------
Epoch:[68/100], CauAdvLoss:[1.6528/5.0531], valid:[81.70], test:[77.50]
--------------------------------------------------------------------------------------------------------------------------------------------------------------------------------------------------------
Train Iter:[0  /563], CauLoss:[1.7329], AdvLoss:[4.8961]
Train Iter:[140/563], CauLoss:[1.6694], AdvLoss:[5.0625]
Train Iter:[280/563], CauLoss:[1.6840], AdvLoss:[4.9782]
Train Iter:[420/563], CauLoss:[1.6607], AdvLoss:[4.9715]
Train Iter:[560/563], CauLoss:[1.6497], AdvLoss:[5.0935]
--------------------------------------------------------------------------------------------------------------------------------------------------------------------------------------------------------
Epoch:[69/100], CauAdvLoss:[1.6514/5.0887], valid:[92.23], test:[75.03]
--------------------------------------------------------------------------------------------------------------------------------------------------------------------------------------------------------
Train Iter:[0  /563], CauLoss:[1.5740], AdvLoss:[4.7448]
Train Iter:[140/563], CauLoss:[1.6433], AdvLoss:[5.1441]
Train Iter:[280/563], CauLoss:[1.6474], AdvLoss:[5.0248]
Train Iter:[420/563], CauLoss:[1.6533], AdvLoss:[5.0581]
Train Iter:[560/563], CauLoss:[1.6409], AdvLoss:[5.2030]
--------------------------------------------------------------------------------------------------------------------------------------------------------------------------------------------------------
Epoch:[70/100], CauAdvLoss:[1.6396/5.2002], valid:[91.10], test:[76.97]
--------------------------------------------------------------------------------------------------------------------------------------------------------------------------------------------------------
Train Iter:[0  /563], CauLoss:[1.6171], AdvLoss:[6.2116]
Train Iter:[140/563], CauLoss:[1.6844], AdvLoss:[5.6795]
Train Iter:[280/563], CauLoss:[1.6422], AdvLoss:[5.4615]
Train Iter:[420/563], CauLoss:[1.6511], AdvLoss:[5.3621]
Train Iter:[560/563], CauLoss:[1.6444], AdvLoss:[5.3633]
--------------------------------------------------------------------------------------------------------------------------------------------------------------------------------------------------------
Epoch:[71/100], CauAdvLoss:[1.6435/5.3614], valid:[91.27], test:[71.17]
--------------------------------------------------------------------------------------------------------------------------------------------------------------------------------------------------------
Train Iter:[0  /563], CauLoss:[1.4304], AdvLoss:[3.9280]
Train Iter:[140/563], CauLoss:[1.6684], AdvLoss:[5.0456]
Train Iter:[280/563], CauLoss:[1.6484], AdvLoss:[5.2638]
Train Iter:[420/563], CauLoss:[1.6478], AdvLoss:[5.3300]
Train Iter:[560/563], CauLoss:[1.6449], AdvLoss:[5.2458]
--------------------------------------------------------------------------------------------------------------------------------------------------------------------------------------------------------
Epoch:[72/100], CauAdvLoss:[1.6477/5.2481], valid:[90.70], test:[71.80]
--------------------------------------------------------------------------------------------------------------------------------------------------------------------------------------------------------
Train Iter:[0  /563], CauLoss:[1.8206], AdvLoss:[5.7295]
Train Iter:[140/563], CauLoss:[1.6869], AdvLoss:[5.3032]
Train Iter:[280/563], CauLoss:[1.6780], AdvLoss:[5.2792]
Train Iter:[420/563], CauLoss:[1.6567], AdvLoss:[5.2813]
Train Iter:[560/563], CauLoss:[1.6462], AdvLoss:[5.3323]
--------------------------------------------------------------------------------------------------------------------------------------------------------------------------------------------------------
Epoch:[73/100], CauAdvLoss:[1.6459/5.3348], valid:[90.07], test:[70.50]
--------------------------------------------------------------------------------------------------------------------------------------------------------------------------------------------------------
Train Iter:[0  /563], CauLoss:[1.3519], AdvLoss:[5.6070]
Train Iter:[140/563], CauLoss:[1.6658], AdvLoss:[5.6571]
Train Iter:[280/563], CauLoss:[1.6406], AdvLoss:[5.8271]
Train Iter:[420/563], CauLoss:[1.6401], AdvLoss:[5.7078]
Train Iter:[560/563], CauLoss:[1.6419], AdvLoss:[5.6568]
--------------------------------------------------------------------------------------------------------------------------------------------------------------------------------------------------------
Epoch:[74/100], CauAdvLoss:[1.6415/5.6597], valid:[89.27], test:[74.83]
--------------------------------------------------------------------------------------------------------------------------------------------------------------------------------------------------------
Train Iter:[0  /563], CauLoss:[1.8485], AdvLoss:[7.2275]
Train Iter:[140/563], CauLoss:[1.5995], AdvLoss:[5.7941]
Train Iter:[280/563], CauLoss:[1.6301], AdvLoss:[5.6001]
Train Iter:[420/563], CauLoss:[1.6396], AdvLoss:[5.5844]
Train Iter:[560/563], CauLoss:[1.6423], AdvLoss:[5.5629]
--------------------------------------------------------------------------------------------------------------------------------------------------------------------------------------------------------
Epoch:[75/100], CauAdvLoss:[1.6431/5.5638], valid:[91.60], test:[75.30]
--------------------------------------------------------------------------------------------------------------------------------------------------------------------------------------------------------
Train Iter:[0  /563], CauLoss:[2.2429], AdvLoss:[5.6866]
Train Iter:[140/563], CauLoss:[1.6246], AdvLoss:[5.5520]
Train Iter:[280/563], CauLoss:[1.6275], AdvLoss:[5.4438]
Train Iter:[420/563], CauLoss:[1.6358], AdvLoss:[5.5131]
Train Iter:[560/563], CauLoss:[1.6411], AdvLoss:[5.4761]
--------------------------------------------------------------------------------------------------------------------------------------------------------------------------------------------------------
Epoch:[76/100], CauAdvLoss:[1.6416/5.4779], valid:[92.27], test:[75.60]
--------------------------------------------------------------------------------------------------------------------------------------------------------------------------------------------------------
Train Iter:[0  /563], CauLoss:[1.4207], AdvLoss:[5.4746]
Train Iter:[140/563], CauLoss:[1.6355], AdvLoss:[5.6665]
Train Iter:[280/563], CauLoss:[1.6397], AdvLoss:[5.5589]
Train Iter:[420/563], CauLoss:[1.6369], AdvLoss:[5.4468]
Train Iter:[560/563], CauLoss:[1.6399], AdvLoss:[5.4356]
--------------------------------------------------------------------------------------------------------------------------------------------------------------------------------------------------------
Epoch:[77/100], CauAdvLoss:[1.6403/5.4321], valid:[91.60], test:[75.10]
--------------------------------------------------------------------------------------------------------------------------------------------------------------------------------------------------------
Train Iter:[0  /563], CauLoss:[1.2961], AdvLoss:[4.9124]
Train Iter:[140/563], CauLoss:[1.6131], AdvLoss:[5.6830]
Train Iter:[280/563], CauLoss:[1.6405], AdvLoss:[5.6105]
Train Iter:[420/563], CauLoss:[1.6423], AdvLoss:[5.5959]
Train Iter:[560/563], CauLoss:[1.6421], AdvLoss:[5.5502]
--------------------------------------------------------------------------------------------------------------------------------------------------------------------------------------------------------
Epoch:[78/100], CauAdvLoss:[1.6425/5.5552], valid:[82.13], test:[72.80]
--------------------------------------------------------------------------------------------------------------------------------------------------------------------------------------------------------
Train Iter:[0  /563], CauLoss:[1.8597], AdvLoss:[7.1398]
Train Iter:[140/563], CauLoss:[1.6325], AdvLoss:[5.5526]
Train Iter:[280/563], CauLoss:[1.6411], AdvLoss:[5.3271]
Train Iter:[420/563], CauLoss:[1.6459], AdvLoss:[5.2814]
Train Iter:[560/563], CauLoss:[1.6394], AdvLoss:[5.2684]
--------------------------------------------------------------------------------------------------------------------------------------------------------------------------------------------------------
Epoch:[79/100], CauAdvLoss:[1.6385/5.2714], valid:[91.33], test:[76.93]
--------------------------------------------------------------------------------------------------------------------------------------------------------------------------------------------------------
Train Iter:[0  /563], CauLoss:[1.7596], AdvLoss:[7.1207]
Train Iter:[140/563], CauLoss:[1.6388], AdvLoss:[5.1583]
Train Iter:[280/563], CauLoss:[1.6400], AdvLoss:[5.1931]
Train Iter:[420/563], CauLoss:[1.6439], AdvLoss:[5.2662]
Train Iter:[560/563], CauLoss:[1.6395], AdvLoss:[5.2841]
--------------------------------------------------------------------------------------------------------------------------------------------------------------------------------------------------------
Epoch:[80/100], CauAdvLoss:[1.6387/5.2875], valid:[88.67], test:[74.63]
--------------------------------------------------------------------------------------------------------------------------------------------------------------------------------------------------------
Train Iter:[0  /563], CauLoss:[1.5414], AdvLoss:[4.9408]
Train Iter:[140/563], CauLoss:[1.6512], AdvLoss:[5.2135]
Train Iter:[280/563], CauLoss:[1.6694], AdvLoss:[5.1677]
Train Iter:[420/563], CauLoss:[1.6464], AdvLoss:[5.2132]
Train Iter:[560/563], CauLoss:[1.6372], AdvLoss:[5.1920]
--------------------------------------------------------------------------------------------------------------------------------------------------------------------------------------------------------
Epoch:[81/100], CauAdvLoss:[1.6373/5.1914], valid:[89.37], test:[74.00]
--------------------------------------------------------------------------------------------------------------------------------------------------------------------------------------------------------
Train Iter:[0  /563], CauLoss:[1.7262], AdvLoss:[7.1707]
Train Iter:[140/563], CauLoss:[1.6407], AdvLoss:[5.1117]
Train Iter:[280/563], CauLoss:[1.6359], AdvLoss:[5.0055]
Train Iter:[420/563], CauLoss:[1.6361], AdvLoss:[4.9883]
Train Iter:[560/563], CauLoss:[1.6377], AdvLoss:[5.0825]
--------------------------------------------------------------------------------------------------------------------------------------------------------------------------------------------------------
Epoch:[82/100], CauAdvLoss:[1.6377/5.0833], valid:[93.03], test:[73.67]
--------------------------------------------------------------------------------------------------------------------------------------------------------------------------------------------------------
Train Iter:[0  /563], CauLoss:[1.3859], AdvLoss:[6.9069]
Train Iter:[140/563], CauLoss:[1.6422], AdvLoss:[5.2194]
Train Iter:[280/563], CauLoss:[1.6545], AdvLoss:[5.2487]
Train Iter:[420/563], CauLoss:[1.6507], AdvLoss:[5.2307]
Train Iter:[560/563], CauLoss:[1.6411], AdvLoss:[5.1401]
--------------------------------------------------------------------------------------------------------------------------------------------------------------------------------------------------------
Epoch:[83/100], CauAdvLoss:[1.6396/5.1422], valid:[88.60], test:[74.87]
--------------------------------------------------------------------------------------------------------------------------------------------------------------------------------------------------------
Train Iter:[0  /563], CauLoss:[1.6764], AdvLoss:[6.2707]
Train Iter:[140/563], CauLoss:[1.6487], AdvLoss:[5.0999]
Train Iter:[280/563], CauLoss:[1.6103], AdvLoss:[5.2276]
Train Iter:[420/563], CauLoss:[1.6232], AdvLoss:[5.2631]
Train Iter:[560/563], CauLoss:[1.6402], AdvLoss:[5.1844]
--------------------------------------------------------------------------------------------------------------------------------------------------------------------------------------------------------
Epoch:[84/100], CauAdvLoss:[1.6412/5.1838], valid:[84.80], test:[75.03]
--------------------------------------------------------------------------------------------------------------------------------------------------------------------------------------------------------
Train Iter:[0  /563], CauLoss:[1.6368], AdvLoss:[6.4482]
Train Iter:[140/563], CauLoss:[1.6025], AdvLoss:[5.0558]
Train Iter:[280/563], CauLoss:[1.6256], AdvLoss:[5.1254]
Train Iter:[420/563], CauLoss:[1.6265], AdvLoss:[5.0932]
Train Iter:[560/563], CauLoss:[1.6364], AdvLoss:[5.1834]
--------------------------------------------------------------------------------------------------------------------------------------------------------------------------------------------------------
Epoch:[85/100], CauAdvLoss:[1.6366/5.1827], valid:[75.10], test:[72.93]
--------------------------------------------------------------------------------------------------------------------------------------------------------------------------------------------------------
Train Iter:[0  /563], CauLoss:[1.2452], AdvLoss:[5.1309]
Train Iter:[140/563], CauLoss:[1.6450], AdvLoss:[5.0163]
Train Iter:[280/563], CauLoss:[1.6599], AdvLoss:[5.0147]
Train Iter:[420/563], CauLoss:[1.6447], AdvLoss:[4.9665]
Train Iter:[560/563], CauLoss:[1.6388], AdvLoss:[4.9943]
--------------------------------------------------------------------------------------------------------------------------------------------------------------------------------------------------------
Epoch:[86/100], CauAdvLoss:[1.6384/4.9918], valid:[85.00], test:[74.03]
--------------------------------------------------------------------------------------------------------------------------------------------------------------------------------------------------------
Train Iter:[0  /563], CauLoss:[1.3906], AdvLoss:[3.5678]
Train Iter:[140/563], CauLoss:[1.6584], AdvLoss:[4.9959]
Train Iter:[280/563], CauLoss:[1.6495], AdvLoss:[5.0092]
Train Iter:[420/563], CauLoss:[1.6338], AdvLoss:[5.0385]
Train Iter:[560/563], CauLoss:[1.6313], AdvLoss:[5.1085]
--------------------------------------------------------------------------------------------------------------------------------------------------------------------------------------------------------
Epoch:[87/100], CauAdvLoss:[1.6324/5.1059], valid:[84.57], test:[71.47]
--------------------------------------------------------------------------------------------------------------------------------------------------------------------------------------------------------
Train Iter:[0  /563], CauLoss:[1.5112], AdvLoss:[4.9539]
Train Iter:[140/563], CauLoss:[1.6208], AdvLoss:[5.3043]
Train Iter:[280/563], CauLoss:[1.6360], AdvLoss:[5.4469]
Train Iter:[420/563], CauLoss:[1.6398], AdvLoss:[5.3300]
Train Iter:[560/563], CauLoss:[1.6375], AdvLoss:[5.2785]
--------------------------------------------------------------------------------------------------------------------------------------------------------------------------------------------------------
Epoch:[88/100], CauAdvLoss:[1.6378/5.2817], valid:[81.63], test:[74.37]
--------------------------------------------------------------------------------------------------------------------------------------------------------------------------------------------------------
Train Iter:[0  /563], CauLoss:[1.9124], AdvLoss:[5.8444]
Train Iter:[140/563], CauLoss:[1.6531], AdvLoss:[5.2612]
Train Iter:[280/563], CauLoss:[1.6446], AdvLoss:[5.1854]
Train Iter:[420/563], CauLoss:[1.6392], AdvLoss:[5.1488]
Train Iter:[560/563], CauLoss:[1.6342], AdvLoss:[5.2407]
--------------------------------------------------------------------------------------------------------------------------------------------------------------------------------------------------------
Epoch:[89/100], CauAdvLoss:[1.6347/5.2417], valid:[85.00], test:[73.10]
--------------------------------------------------------------------------------------------------------------------------------------------------------------------------------------------------------
Train Iter:[0  /563], CauLoss:[1.5146], AdvLoss:[5.4163]
Train Iter:[140/563], CauLoss:[1.6253], AdvLoss:[5.0970]
Train Iter:[280/563], CauLoss:[1.6224], AdvLoss:[5.1078]
Train Iter:[420/563], CauLoss:[1.6161], AdvLoss:[5.2426]
Train Iter:[560/563], CauLoss:[1.6411], AdvLoss:[5.2423]
--------------------------------------------------------------------------------------------------------------------------------------------------------------------------------------------------------
Epoch:[90/100], CauAdvLoss:[1.6394/5.2396], valid:[70.23], test:[75.13]
--------------------------------------------------------------------------------------------------------------------------------------------------------------------------------------------------------
Train Iter:[0  /563], CauLoss:[2.1612], AdvLoss:[5.3329]
Train Iter:[140/563], CauLoss:[1.6405], AdvLoss:[5.1564]
Train Iter:[280/563], CauLoss:[1.6433], AdvLoss:[5.1402]
Train Iter:[420/563], CauLoss:[1.6412], AdvLoss:[5.1407]
Train Iter:[560/563], CauLoss:[1.6343], AdvLoss:[5.1382]
--------------------------------------------------------------------------------------------------------------------------------------------------------------------------------------------------------
Epoch:[91/100], CauAdvLoss:[1.6344/5.1395], valid:[75.40], test:[71.77]
--------------------------------------------------------------------------------------------------------------------------------------------------------------------------------------------------------
Train Iter:[0  /563], CauLoss:[1.3721], AdvLoss:[4.4439]
Train Iter:[140/563], CauLoss:[1.6319], AdvLoss:[5.0513]
Train Iter:[280/563], CauLoss:[1.6288], AdvLoss:[5.1099]
Train Iter:[420/563], CauLoss:[1.6377], AdvLoss:[5.0888]
Train Iter:[560/563], CauLoss:[1.6319], AdvLoss:[5.1126]
--------------------------------------------------------------------------------------------------------------------------------------------------------------------------------------------------------
Epoch:[92/100], CauAdvLoss:[1.6327/5.1127], valid:[77.73], test:[74.33]
--------------------------------------------------------------------------------------------------------------------------------------------------------------------------------------------------------
Train Iter:[0  /563], CauLoss:[1.8036], AdvLoss:[5.6334]
Train Iter:[140/563], CauLoss:[1.6283], AdvLoss:[5.1520]
Train Iter:[280/563], CauLoss:[1.6149], AdvLoss:[5.1626]
Train Iter:[420/563], CauLoss:[1.6325], AdvLoss:[5.1654]
Train Iter:[560/563], CauLoss:[1.6330], AdvLoss:[5.1586]
--------------------------------------------------------------------------------------------------------------------------------------------------------------------------------------------------------
Epoch:[93/100], CauAdvLoss:[1.6328/5.1586], valid:[75.10], test:[75.07]
--------------------------------------------------------------------------------------------------------------------------------------------------------------------------------------------------------
Train Iter:[0  /563], CauLoss:[1.6091], AdvLoss:[5.2827]
Train Iter:[140/563], CauLoss:[1.6225], AdvLoss:[5.1653]
Train Iter:[280/563], CauLoss:[1.6351], AdvLoss:[5.1021]
Train Iter:[420/563], CauLoss:[1.6484], AdvLoss:[5.1634]
Train Iter:[560/563], CauLoss:[1.6275], AdvLoss:[5.0775]
--------------------------------------------------------------------------------------------------------------------------------------------------------------------------------------------------------
Epoch:[94/100], CauAdvLoss:[1.6280/5.0782], valid:[80.67], test:[73.40]
--------------------------------------------------------------------------------------------------------------------------------------------------------------------------------------------------------
Train Iter:[0  /563], CauLoss:[1.9959], AdvLoss:[6.7052]
Train Iter:[140/563], CauLoss:[1.6146], AdvLoss:[5.1430]
Train Iter:[280/563], CauLoss:[1.6233], AdvLoss:[5.1616]
Train Iter:[420/563], CauLoss:[1.6348], AdvLoss:[5.1739]
Train Iter:[560/563], CauLoss:[1.6292], AdvLoss:[5.1105]
--------------------------------------------------------------------------------------------------------------------------------------------------------------------------------------------------------
Epoch:[95/100], CauAdvLoss:[1.6304/5.1125], valid:[79.40], test:[74.30]
--------------------------------------------------------------------------------------------------------------------------------------------------------------------------------------------------------
Train Iter:[0  /563], CauLoss:[2.0655], AdvLoss:[4.8954]
Train Iter:[140/563], CauLoss:[1.6544], AdvLoss:[5.1460]
Train Iter:[280/563], CauLoss:[1.6387], AdvLoss:[5.1361]
Train Iter:[420/563], CauLoss:[1.6336], AdvLoss:[5.1243]
Train Iter:[560/563], CauLoss:[1.6281], AdvLoss:[5.1113]
--------------------------------------------------------------------------------------------------------------------------------------------------------------------------------------------------------
Epoch:[96/100], CauAdvLoss:[1.6281/5.1090], valid:[81.93], test:[73.67]
--------------------------------------------------------------------------------------------------------------------------------------------------------------------------------------------------------
Train Iter:[0  /563], CauLoss:[1.6610], AdvLoss:[5.3684]
Train Iter:[140/563], CauLoss:[1.6174], AdvLoss:[5.0659]
Train Iter:[280/563], CauLoss:[1.6173], AdvLoss:[5.0768]
Train Iter:[420/563], CauLoss:[1.6189], AdvLoss:[5.1445]
Train Iter:[560/563], CauLoss:[1.6308], AdvLoss:[5.1509]
--------------------------------------------------------------------------------------------------------------------------------------------------------------------------------------------------------
Epoch:[97/100], CauAdvLoss:[1.6294/5.1482], valid:[80.90], test:[72.27]
--------------------------------------------------------------------------------------------------------------------------------------------------------------------------------------------------------
Train Iter:[0  /563], CauLoss:[1.7561], AdvLoss:[5.5889]
Train Iter:[140/563], CauLoss:[1.6244], AdvLoss:[5.2281]
Train Iter:[280/563], CauLoss:[1.6141], AdvLoss:[5.1716]
Train Iter:[420/563], CauLoss:[1.6171], AdvLoss:[5.1237]
Train Iter:[560/563], CauLoss:[1.6261], AdvLoss:[5.1324]
--------------------------------------------------------------------------------------------------------------------------------------------------------------------------------------------------------
Epoch:[98/100], CauAdvLoss:[1.6261/5.1335], valid:[81.93], test:[74.83]
--------------------------------------------------------------------------------------------------------------------------------------------------------------------------------------------------------
Train Iter:[0  /563], CauLoss:[1.4388], AdvLoss:[5.8833]
Train Iter:[140/563], CauLoss:[1.6201], AdvLoss:[4.9508]
Train Iter:[280/563], CauLoss:[1.6238], AdvLoss:[5.1450]
Train Iter:[420/563], CauLoss:[1.6243], AdvLoss:[5.1174]
Train Iter:[560/563], CauLoss:[1.6298], AdvLoss:[5.1377]
--------------------------------------------------------------------------------------------------------------------------------------------------------------------------------------------------------
Epoch:[99/100], CauAdvLoss:[1.6302/5.1405], valid:[80.43], test:[75.77]
--------------------------------------------------------------------------------------------------------------------------------------------------------------------------------------------------------
Train Iter:[0  /563], CauLoss:[2.0827], AdvLoss:[4.7507]
Train Iter:[140/563], CauLoss:[1.6433], AdvLoss:[5.3202]
Train Iter:[280/563], CauLoss:[1.6440], AdvLoss:[5.2146]
Train Iter:[420/563], CauLoss:[1.6324], AdvLoss:[5.2096]
Train Iter:[560/563], CauLoss:[1.6325], AdvLoss:[5.1297]
--------------------------------------------------------------------------------------------------------------------------------------------------------------------------------------------------------
Epoch:[100/100], CauAdvLoss:[1.6317/5.1277], valid:[83.07], test:[75.97]
--------------------------------------------------------------------------------------------------------------------------------------------------------------------------------------------------------
Update test:[73.67] at epoch:[82] | Total time:00:27:32
Train Iter:[0  /563], CauLoss:[3.3815], AdvLoss:[0.5348]
Train Iter:[140/563], CauLoss:[2.6540], AdvLoss:[0.6584]
Train Iter:[280/563], CauLoss:[2.4448], AdvLoss:[0.9287]
Train Iter:[420/563], CauLoss:[2.3427], AdvLoss:[0.9930]
Train Iter:[560/563], CauLoss:[2.2648], AdvLoss:[1.0246]
--------------------------------------------------------------------------------------------------------------------------------------------------------------------------------------------------------
Epoch:[1/100], CauAdvLoss:[2.2669/1.0285], valid:[63.30], test:[65.93]
--------------------------------------------------------------------------------------------------------------------------------------------------------------------------------------------------------
Train Iter:[0  /563], CauLoss:[1.6964], AdvLoss:[0.8184]
Train Iter:[140/563], CauLoss:[1.9780], AdvLoss:[0.9424]
Train Iter:[280/563], CauLoss:[2.0010], AdvLoss:[1.0522]
Train Iter:[420/563], CauLoss:[1.9923], AdvLoss:[1.1068]
Train Iter:[560/563], CauLoss:[1.9953], AdvLoss:[1.1304]
--------------------------------------------------------------------------------------------------------------------------------------------------------------------------------------------------------
Epoch:[2/100], CauAdvLoss:[1.9949/1.1290], valid:[91.30], test:[43.63]
--------------------------------------------------------------------------------------------------------------------------------------------------------------------------------------------------------
Train Iter:[0  /563], CauLoss:[1.7378], AdvLoss:[0.5353]
Train Iter:[140/563], CauLoss:[1.9651], AdvLoss:[1.2835]
Train Iter:[280/563], CauLoss:[1.9476], AdvLoss:[1.2667]
Train Iter:[420/563], CauLoss:[1.9424], AdvLoss:[1.2256]
Train Iter:[560/563], CauLoss:[1.9327], AdvLoss:[1.1829]
--------------------------------------------------------------------------------------------------------------------------------------------------------------------------------------------------------
Epoch:[3/100], CauAdvLoss:[1.9321/1.1837], valid:[92.90], test:[62.23]
--------------------------------------------------------------------------------------------------------------------------------------------------------------------------------------------------------
Train Iter:[0  /563], CauLoss:[1.5350], AdvLoss:[1.0487]
Train Iter:[140/563], CauLoss:[1.8614], AdvLoss:[1.4347]
Train Iter:[280/563], CauLoss:[1.8961], AdvLoss:[1.4167]
Train Iter:[420/563], CauLoss:[1.8985], AdvLoss:[1.4362]
Train Iter:[560/563], CauLoss:[1.8891], AdvLoss:[1.4894]
--------------------------------------------------------------------------------------------------------------------------------------------------------------------------------------------------------
Epoch:[4/100], CauAdvLoss:[1.8898/1.4880], valid:[92.03], test:[61.80]
--------------------------------------------------------------------------------------------------------------------------------------------------------------------------------------------------------
Train Iter:[0  /563], CauLoss:[1.8278], AdvLoss:[0.8099]
Train Iter:[140/563], CauLoss:[1.8855], AdvLoss:[1.5525]
Train Iter:[280/563], CauLoss:[1.8737], AdvLoss:[1.5336]
Train Iter:[420/563], CauLoss:[1.8674], AdvLoss:[1.7101]
Train Iter:[560/563], CauLoss:[1.8519], AdvLoss:[1.7260]
--------------------------------------------------------------------------------------------------------------------------------------------------------------------------------------------------------
Epoch:[5/100], CauAdvLoss:[1.8520/1.7267], valid:[92.83], test:[52.30]
--------------------------------------------------------------------------------------------------------------------------------------------------------------------------------------------------------
Train Iter:[0  /563], CauLoss:[1.4072], AdvLoss:[3.3882]
Train Iter:[140/563], CauLoss:[1.8391], AdvLoss:[1.8572]
Train Iter:[280/563], CauLoss:[1.8408], AdvLoss:[1.9823]
Train Iter:[420/563], CauLoss:[1.8417], AdvLoss:[1.8716]
Train Iter:[560/563], CauLoss:[1.8459], AdvLoss:[1.9173]
--------------------------------------------------------------------------------------------------------------------------------------------------------------------------------------------------------
Epoch:[6/100], CauAdvLoss:[1.8456/1.9171], valid:[80.53], test:[44.27]
--------------------------------------------------------------------------------------------------------------------------------------------------------------------------------------------------------
Train Iter:[0  /563], CauLoss:[1.7736], AdvLoss:[1.8971]
Train Iter:[140/563], CauLoss:[1.8096], AdvLoss:[1.5944]
Train Iter:[280/563], CauLoss:[1.8189], AdvLoss:[1.6547]
Train Iter:[420/563], CauLoss:[1.8053], AdvLoss:[1.7763]
Train Iter:[560/563], CauLoss:[1.8169], AdvLoss:[1.8384]
--------------------------------------------------------------------------------------------------------------------------------------------------------------------------------------------------------
Epoch:[7/100], CauAdvLoss:[1.8170/1.8404], valid:[61.07], test:[50.97]
--------------------------------------------------------------------------------------------------------------------------------------------------------------------------------------------------------
Train Iter:[0  /563], CauLoss:[2.5446], AdvLoss:[3.2776]
Train Iter:[140/563], CauLoss:[1.7666], AdvLoss:[2.0162]
Train Iter:[280/563], CauLoss:[1.7671], AdvLoss:[1.9484]
Train Iter:[420/563], CauLoss:[1.7742], AdvLoss:[2.0920]
Train Iter:[560/563], CauLoss:[1.7993], AdvLoss:[2.1058]
--------------------------------------------------------------------------------------------------------------------------------------------------------------------------------------------------------
Epoch:[8/100], CauAdvLoss:[1.7986/2.1054], valid:[49.13], test:[47.73]
--------------------------------------------------------------------------------------------------------------------------------------------------------------------------------------------------------
Train Iter:[0  /563], CauLoss:[1.5853], AdvLoss:[2.4370]
Train Iter:[140/563], CauLoss:[1.7844], AdvLoss:[2.3172]
Train Iter:[280/563], CauLoss:[1.7755], AdvLoss:[2.5147]
Train Iter:[420/563], CauLoss:[1.7957], AdvLoss:[2.6473]
Train Iter:[560/563], CauLoss:[1.8045], AdvLoss:[2.7479]
--------------------------------------------------------------------------------------------------------------------------------------------------------------------------------------------------------
Epoch:[9/100], CauAdvLoss:[1.8031/2.7468], valid:[61.33], test:[48.43]
--------------------------------------------------------------------------------------------------------------------------------------------------------------------------------------------------------
Train Iter:[0  /563], CauLoss:[1.9053], AdvLoss:[2.1173]
Train Iter:[140/563], CauLoss:[1.7726], AdvLoss:[2.7191]
Train Iter:[280/563], CauLoss:[1.8004], AdvLoss:[3.1526]
Train Iter:[420/563], CauLoss:[1.7907], AdvLoss:[3.1873]
Train Iter:[560/563], CauLoss:[1.7907], AdvLoss:[3.1103]
--------------------------------------------------------------------------------------------------------------------------------------------------------------------------------------------------------
Epoch:[10/100], CauAdvLoss:[1.7900/3.1115], valid:[44.20], test:[51.40]
--------------------------------------------------------------------------------------------------------------------------------------------------------------------------------------------------------
Train Iter:[0  /563], CauLoss:[1.4763], AdvLoss:[2.7238]
Train Iter:[140/563], CauLoss:[1.7563], AdvLoss:[2.8049]
Train Iter:[280/563], CauLoss:[1.7773], AdvLoss:[2.6279]
Train Iter:[420/563], CauLoss:[1.7750], AdvLoss:[2.8276]
Train Iter:[560/563], CauLoss:[1.7820], AdvLoss:[2.9804]
--------------------------------------------------------------------------------------------------------------------------------------------------------------------------------------------------------
Epoch:[11/100], CauAdvLoss:[1.7823/2.9835], valid:[73.70], test:[62.67]
--------------------------------------------------------------------------------------------------------------------------------------------------------------------------------------------------------
Train Iter:[0  /563], CauLoss:[1.4369], AdvLoss:[3.3511]
Train Iter:[140/563], CauLoss:[1.7503], AdvLoss:[3.4678]
Train Iter:[280/563], CauLoss:[1.7665], AdvLoss:[3.3705]
Train Iter:[420/563], CauLoss:[1.7796], AdvLoss:[3.2801]
Train Iter:[560/563], CauLoss:[1.7617], AdvLoss:[3.4044]
--------------------------------------------------------------------------------------------------------------------------------------------------------------------------------------------------------
Epoch:[12/100], CauAdvLoss:[1.7625/3.4051], valid:[64.40], test:[50.17]
--------------------------------------------------------------------------------------------------------------------------------------------------------------------------------------------------------
Train Iter:[0  /563], CauLoss:[1.6153], AdvLoss:[2.7371]
Train Iter:[140/563], CauLoss:[1.7651], AdvLoss:[3.2028]
Train Iter:[280/563], CauLoss:[1.7632], AdvLoss:[3.1637]
Train Iter:[420/563], CauLoss:[1.7617], AdvLoss:[3.2699]
Train Iter:[560/563], CauLoss:[1.7573], AdvLoss:[3.1089]
--------------------------------------------------------------------------------------------------------------------------------------------------------------------------------------------------------
Epoch:[13/100], CauAdvLoss:[1.7595/3.1069], valid:[58.60], test:[56.97]
--------------------------------------------------------------------------------------------------------------------------------------------------------------------------------------------------------
Train Iter:[0  /563], CauLoss:[1.9841], AdvLoss:[2.6560]
Train Iter:[140/563], CauLoss:[1.7885], AdvLoss:[3.1178]
Train Iter:[280/563], CauLoss:[1.7721], AdvLoss:[3.0982]
Train Iter:[420/563], CauLoss:[1.7622], AdvLoss:[3.0290]
Train Iter:[560/563], CauLoss:[1.7624], AdvLoss:[3.2051]
--------------------------------------------------------------------------------------------------------------------------------------------------------------------------------------------------------
Epoch:[14/100], CauAdvLoss:[1.7611/3.2083], valid:[72.23], test:[50.67]
--------------------------------------------------------------------------------------------------------------------------------------------------------------------------------------------------------
Train Iter:[0  /563], CauLoss:[1.8907], AdvLoss:[3.8046]
Train Iter:[140/563], CauLoss:[1.7568], AdvLoss:[3.3370]
Train Iter:[280/563], CauLoss:[1.7638], AdvLoss:[3.1307]
Train Iter:[420/563], CauLoss:[1.7506], AdvLoss:[3.3272]
Train Iter:[560/563], CauLoss:[1.7525], AdvLoss:[3.3951]
--------------------------------------------------------------------------------------------------------------------------------------------------------------------------------------------------------
Epoch:[15/100], CauAdvLoss:[1.7520/3.3932], valid:[72.30], test:[56.00]
--------------------------------------------------------------------------------------------------------------------------------------------------------------------------------------------------------
Train Iter:[0  /563], CauLoss:[1.4490], AdvLoss:[3.6319]
Train Iter:[140/563], CauLoss:[1.7556], AdvLoss:[3.4934]
Train Iter:[280/563], CauLoss:[1.7374], AdvLoss:[3.6226]
Train Iter:[420/563], CauLoss:[1.7349], AdvLoss:[3.6210]
Train Iter:[560/563], CauLoss:[1.7376], AdvLoss:[3.6971]
--------------------------------------------------------------------------------------------------------------------------------------------------------------------------------------------------------
Epoch:[16/100], CauAdvLoss:[1.7368/3.6966], valid:[65.10], test:[51.23]
--------------------------------------------------------------------------------------------------------------------------------------------------------------------------------------------------------
Train Iter:[0  /563], CauLoss:[1.7002], AdvLoss:[3.9391]
Train Iter:[140/563], CauLoss:[1.7378], AdvLoss:[4.0576]
Train Iter:[280/563], CauLoss:[1.7374], AdvLoss:[3.8827]
Train Iter:[420/563], CauLoss:[1.7414], AdvLoss:[3.8997]
Train Iter:[560/563], CauLoss:[1.7323], AdvLoss:[3.9732]
--------------------------------------------------------------------------------------------------------------------------------------------------------------------------------------------------------
Epoch:[17/100], CauAdvLoss:[1.7319/3.9745], valid:[60.40], test:[70.47]
--------------------------------------------------------------------------------------------------------------------------------------------------------------------------------------------------------
Train Iter:[0  /563], CauLoss:[1.6359], AdvLoss:[3.6761]
Train Iter:[140/563], CauLoss:[1.7174], AdvLoss:[3.8758]
Train Iter:[280/563], CauLoss:[1.7284], AdvLoss:[3.9967]
Train Iter:[420/563], CauLoss:[1.7173], AdvLoss:[4.1443]
Train Iter:[560/563], CauLoss:[1.7260], AdvLoss:[4.0733]
--------------------------------------------------------------------------------------------------------------------------------------------------------------------------------------------------------
Epoch:[18/100], CauAdvLoss:[1.7285/4.0722], valid:[76.07], test:[59.20]
--------------------------------------------------------------------------------------------------------------------------------------------------------------------------------------------------------
Train Iter:[0  /563], CauLoss:[1.7093], AdvLoss:[3.6673]
Train Iter:[140/563], CauLoss:[1.7330], AdvLoss:[3.9931]
Train Iter:[280/563], CauLoss:[1.7258], AdvLoss:[3.6387]
Train Iter:[420/563], CauLoss:[1.7308], AdvLoss:[3.5622]
Train Iter:[560/563], CauLoss:[1.7295], AdvLoss:[3.6829]
--------------------------------------------------------------------------------------------------------------------------------------------------------------------------------------------------------
Epoch:[19/100], CauAdvLoss:[1.7309/3.6822], valid:[67.13], test:[65.57]
--------------------------------------------------------------------------------------------------------------------------------------------------------------------------------------------------------
Train Iter:[0  /563], CauLoss:[1.9909], AdvLoss:[3.3828]
Train Iter:[140/563], CauLoss:[1.7447], AdvLoss:[3.3581]
Train Iter:[280/563], CauLoss:[1.7202], AdvLoss:[3.6571]
Train Iter:[420/563], CauLoss:[1.7226], AdvLoss:[3.6904]
Train Iter:[560/563], CauLoss:[1.7208], AdvLoss:[3.6668]
--------------------------------------------------------------------------------------------------------------------------------------------------------------------------------------------------------
Epoch:[20/100], CauAdvLoss:[1.7199/3.6687], valid:[79.80], test:[60.37]
--------------------------------------------------------------------------------------------------------------------------------------------------------------------------------------------------------
Train Iter:[0  /563], CauLoss:[1.5377], AdvLoss:[5.3592]
Train Iter:[140/563], CauLoss:[1.6698], AdvLoss:[4.5882]
Train Iter:[280/563], CauLoss:[1.7088], AdvLoss:[4.4451]
Train Iter:[420/563], CauLoss:[1.7170], AdvLoss:[4.1830]
Train Iter:[560/563], CauLoss:[1.7194], AdvLoss:[4.0666]
--------------------------------------------------------------------------------------------------------------------------------------------------------------------------------------------------------
Epoch:[21/100], CauAdvLoss:[1.7186/4.0614], valid:[55.90], test:[59.23]
--------------------------------------------------------------------------------------------------------------------------------------------------------------------------------------------------------
Train Iter:[0  /563], CauLoss:[1.2864], AdvLoss:[3.5572]
Train Iter:[140/563], CauLoss:[1.7165], AdvLoss:[3.2640]
Train Iter:[280/563], CauLoss:[1.7208], AdvLoss:[3.4647]
Train Iter:[420/563], CauLoss:[1.7109], AdvLoss:[3.6439]
Train Iter:[560/563], CauLoss:[1.7123], AdvLoss:[3.7083]
--------------------------------------------------------------------------------------------------------------------------------------------------------------------------------------------------------
Epoch:[22/100], CauAdvLoss:[1.7110/3.7040], valid:[49.63], test:[51.43]
--------------------------------------------------------------------------------------------------------------------------------------------------------------------------------------------------------
Train Iter:[0  /563], CauLoss:[1.6694], AdvLoss:[2.3049]
Train Iter:[140/563], CauLoss:[1.7546], AdvLoss:[3.6424]
Train Iter:[280/563], CauLoss:[1.7380], AdvLoss:[4.0233]
Train Iter:[420/563], CauLoss:[1.7184], AdvLoss:[3.9326]
Train Iter:[560/563], CauLoss:[1.7154], AdvLoss:[4.0129]
--------------------------------------------------------------------------------------------------------------------------------------------------------------------------------------------------------
Epoch:[23/100], CauAdvLoss:[1.7158/4.0123], valid:[87.30], test:[73.93]
--------------------------------------------------------------------------------------------------------------------------------------------------------------------------------------------------------
Train Iter:[0  /563], CauLoss:[1.2415], AdvLoss:[2.4559]
Train Iter:[140/563], CauLoss:[1.7701], AdvLoss:[3.0048]
Train Iter:[280/563], CauLoss:[1.7284], AdvLoss:[3.1497]
Train Iter:[420/563], CauLoss:[1.7195], AdvLoss:[3.2390]
Train Iter:[560/563], CauLoss:[1.7059], AdvLoss:[3.2555]
--------------------------------------------------------------------------------------------------------------------------------------------------------------------------------------------------------
Epoch:[24/100], CauAdvLoss:[1.7067/3.2541], valid:[54.97], test:[69.60]
--------------------------------------------------------------------------------------------------------------------------------------------------------------------------------------------------------
Train Iter:[0  /563], CauLoss:[1.5517], AdvLoss:[3.3193]
Train Iter:[140/563], CauLoss:[1.6705], AdvLoss:[3.5310]
Train Iter:[280/563], CauLoss:[1.7053], AdvLoss:[3.6039]
Train Iter:[420/563], CauLoss:[1.6940], AdvLoss:[3.5656]
Train Iter:[560/563], CauLoss:[1.7059], AdvLoss:[3.4848]
--------------------------------------------------------------------------------------------------------------------------------------------------------------------------------------------------------
Epoch:[25/100], CauAdvLoss:[1.7052/3.4836], valid:[88.17], test:[64.57]
--------------------------------------------------------------------------------------------------------------------------------------------------------------------------------------------------------
Train Iter:[0  /563], CauLoss:[1.8895], AdvLoss:[4.3299]
Train Iter:[140/563], CauLoss:[1.6930], AdvLoss:[3.3585]
Train Iter:[280/563], CauLoss:[1.7027], AdvLoss:[3.4766]
Train Iter:[420/563], CauLoss:[1.7086], AdvLoss:[3.5147]
Train Iter:[560/563], CauLoss:[1.7009], AdvLoss:[3.3772]
--------------------------------------------------------------------------------------------------------------------------------------------------------------------------------------------------------
Epoch:[26/100], CauAdvLoss:[1.7009/3.3765], valid:[54.90], test:[67.97]
--------------------------------------------------------------------------------------------------------------------------------------------------------------------------------------------------------
Train Iter:[0  /563], CauLoss:[1.9039], AdvLoss:[2.6233]
Train Iter:[140/563], CauLoss:[1.7027], AdvLoss:[3.1137]
Train Iter:[280/563], CauLoss:[1.7023], AdvLoss:[2.9336]
Train Iter:[420/563], CauLoss:[1.7047], AdvLoss:[2.8861]
Train Iter:[560/563], CauLoss:[1.7030], AdvLoss:[2.7959]
--------------------------------------------------------------------------------------------------------------------------------------------------------------------------------------------------------
Epoch:[27/100], CauAdvLoss:[1.7022/2.7939], valid:[54.60], test:[58.63]
--------------------------------------------------------------------------------------------------------------------------------------------------------------------------------------------------------
Train Iter:[0  /563], CauLoss:[1.2902], AdvLoss:[2.4464]
Train Iter:[140/563], CauLoss:[1.7104], AdvLoss:[2.7971]
Train Iter:[280/563], CauLoss:[1.7000], AdvLoss:[2.9445]
Train Iter:[420/563], CauLoss:[1.7171], AdvLoss:[2.9177]
Train Iter:[560/563], CauLoss:[1.7029], AdvLoss:[2.9480]
--------------------------------------------------------------------------------------------------------------------------------------------------------------------------------------------------------
Epoch:[28/100], CauAdvLoss:[1.7042/2.9490], valid:[58.93], test:[72.20]
--------------------------------------------------------------------------------------------------------------------------------------------------------------------------------------------------------
Train Iter:[0  /563], CauLoss:[2.1143], AdvLoss:[2.6558]
Train Iter:[140/563], CauLoss:[1.6880], AdvLoss:[2.9133]
Train Iter:[280/563], CauLoss:[1.7085], AdvLoss:[2.8527]
Train Iter:[420/563], CauLoss:[1.7044], AdvLoss:[2.9053]
Train Iter:[560/563], CauLoss:[1.7034], AdvLoss:[3.0384]
--------------------------------------------------------------------------------------------------------------------------------------------------------------------------------------------------------
Epoch:[29/100], CauAdvLoss:[1.7024/3.0377], valid:[67.57], test:[67.20]
--------------------------------------------------------------------------------------------------------------------------------------------------------------------------------------------------------
Train Iter:[0  /563], CauLoss:[2.0973], AdvLoss:[3.2422]
Train Iter:[140/563], CauLoss:[1.6861], AdvLoss:[2.6730]
Train Iter:[280/563], CauLoss:[1.6871], AdvLoss:[2.7123]
Train Iter:[420/563], CauLoss:[1.6927], AdvLoss:[2.7937]
Train Iter:[560/563], CauLoss:[1.6944], AdvLoss:[2.9766]
--------------------------------------------------------------------------------------------------------------------------------------------------------------------------------------------------------
Epoch:[30/100], CauAdvLoss:[1.6963/2.9767], valid:[49.77], test:[69.50]
--------------------------------------------------------------------------------------------------------------------------------------------------------------------------------------------------------
Train Iter:[0  /563], CauLoss:[1.6226], AdvLoss:[2.2808]
Train Iter:[140/563], CauLoss:[1.7089], AdvLoss:[3.3541]
Train Iter:[280/563], CauLoss:[1.7015], AdvLoss:[3.4244]
Train Iter:[420/563], CauLoss:[1.7022], AdvLoss:[3.7170]
Train Iter:[560/563], CauLoss:[1.6916], AdvLoss:[3.6668]
--------------------------------------------------------------------------------------------------------------------------------------------------------------------------------------------------------
Epoch:[31/100], CauAdvLoss:[1.6913/3.6689], valid:[92.90], test:[71.97]
--------------------------------------------------------------------------------------------------------------------------------------------------------------------------------------------------------
Train Iter:[0  /563], CauLoss:[2.3612], AdvLoss:[5.9402]
Train Iter:[140/563], CauLoss:[1.6871], AdvLoss:[3.5834]
Train Iter:[280/563], CauLoss:[1.6705], AdvLoss:[3.5541]
Train Iter:[420/563], CauLoss:[1.6790], AdvLoss:[3.6547]
Train Iter:[560/563], CauLoss:[1.6881], AdvLoss:[3.6195]
--------------------------------------------------------------------------------------------------------------------------------------------------------------------------------------------------------
Epoch:[32/100], CauAdvLoss:[1.6870/3.6213], valid:[83.37], test:[64.17]
--------------------------------------------------------------------------------------------------------------------------------------------------------------------------------------------------------
Train Iter:[0  /563], CauLoss:[1.6758], AdvLoss:[4.0936]
Train Iter:[140/563], CauLoss:[1.7034], AdvLoss:[3.1277]
Train Iter:[280/563], CauLoss:[1.6908], AdvLoss:[3.3321]
Train Iter:[420/563], CauLoss:[1.6915], AdvLoss:[2.5884]
Train Iter:[560/563], CauLoss:[1.6981], AdvLoss:[2.0874]
--------------------------------------------------------------------------------------------------------------------------------------------------------------------------------------------------------
Epoch:[33/100], CauAdvLoss:[1.6971/2.0819], valid:[85.43], test:[74.90]
--------------------------------------------------------------------------------------------------------------------------------------------------------------------------------------------------------
Train Iter:[0  /563], CauLoss:[1.2132], AdvLoss:[0.2506]
Train Iter:[140/563], CauLoss:[1.7427], AdvLoss:[1.2287]
Train Iter:[280/563], CauLoss:[1.7058], AdvLoss:[1.6054]
Train Iter:[420/563], CauLoss:[1.6900], AdvLoss:[2.0750]
Train Iter:[560/563], CauLoss:[1.6936], AdvLoss:[2.2675]
--------------------------------------------------------------------------------------------------------------------------------------------------------------------------------------------------------
Epoch:[34/100], CauAdvLoss:[1.6926/2.2716], valid:[69.13], test:[64.43]
--------------------------------------------------------------------------------------------------------------------------------------------------------------------------------------------------------
Train Iter:[0  /563], CauLoss:[1.5353], AdvLoss:[4.3010]
Train Iter:[140/563], CauLoss:[1.7030], AdvLoss:[2.8370]
Train Iter:[280/563], CauLoss:[1.7080], AdvLoss:[2.8433]
Train Iter:[420/563], CauLoss:[1.6921], AdvLoss:[3.0250]
Train Iter:[560/563], CauLoss:[1.6924], AdvLoss:[3.3280]
--------------------------------------------------------------------------------------------------------------------------------------------------------------------------------------------------------
Epoch:[35/100], CauAdvLoss:[1.6922/3.3293], valid:[92.57], test:[68.97]
--------------------------------------------------------------------------------------------------------------------------------------------------------------------------------------------------------
Train Iter:[0  /563], CauLoss:[2.1785], AdvLoss:[3.5188]
Train Iter:[140/563], CauLoss:[1.6830], AdvLoss:[3.3840]
Train Iter:[280/563], CauLoss:[1.6642], AdvLoss:[3.3715]
Train Iter:[420/563], CauLoss:[1.6755], AdvLoss:[3.2510]
Train Iter:[560/563], CauLoss:[1.6818], AdvLoss:[3.2467]
--------------------------------------------------------------------------------------------------------------------------------------------------------------------------------------------------------
Epoch:[36/100], CauAdvLoss:[1.6804/3.2449], valid:[73.03], test:[70.97]
--------------------------------------------------------------------------------------------------------------------------------------------------------------------------------------------------------
Train Iter:[0  /563], CauLoss:[1.8357], AdvLoss:[2.7097]
Train Iter:[140/563], CauLoss:[1.6849], AdvLoss:[3.3044]
Train Iter:[280/563], CauLoss:[1.6813], AdvLoss:[3.3416]
Train Iter:[420/563], CauLoss:[1.6765], AdvLoss:[3.5181]
Train Iter:[560/563], CauLoss:[1.6844], AdvLoss:[3.5800]
--------------------------------------------------------------------------------------------------------------------------------------------------------------------------------------------------------
Epoch:[37/100], CauAdvLoss:[1.6843/3.5796], valid:[90.17], test:[61.47]
--------------------------------------------------------------------------------------------------------------------------------------------------------------------------------------------------------
Train Iter:[0  /563], CauLoss:[1.6757], AdvLoss:[3.9402]
Train Iter:[140/563], CauLoss:[1.6968], AdvLoss:[4.2066]
Train Iter:[280/563], CauLoss:[1.6937], AdvLoss:[4.0893]
Train Iter:[420/563], CauLoss:[1.6827], AdvLoss:[4.1216]
Train Iter:[560/563], CauLoss:[1.6758], AdvLoss:[4.1750]
--------------------------------------------------------------------------------------------------------------------------------------------------------------------------------------------------------
Epoch:[38/100], CauAdvLoss:[1.6765/4.1739], valid:[90.13], test:[63.27]
--------------------------------------------------------------------------------------------------------------------------------------------------------------------------------------------------------
Train Iter:[0  /563], CauLoss:[1.8601], AdvLoss:[2.7526]
Train Iter:[140/563], CauLoss:[1.6685], AdvLoss:[3.1750]
Train Iter:[280/563], CauLoss:[1.6938], AdvLoss:[3.4984]
Train Iter:[420/563], CauLoss:[1.6886], AdvLoss:[3.6253]
Train Iter:[560/563], CauLoss:[1.6784], AdvLoss:[3.5038]
--------------------------------------------------------------------------------------------------------------------------------------------------------------------------------------------------------
Epoch:[39/100], CauAdvLoss:[1.6793/3.5030], valid:[72.03], test:[62.17]
--------------------------------------------------------------------------------------------------------------------------------------------------------------------------------------------------------
Train Iter:[0  /563], CauLoss:[2.0089], AdvLoss:[2.3616]
Train Iter:[140/563], CauLoss:[1.6712], AdvLoss:[3.8578]
Train Iter:[280/563], CauLoss:[1.6884], AdvLoss:[3.7366]
Train Iter:[420/563], CauLoss:[1.6833], AdvLoss:[3.4579]
Train Iter:[560/563], CauLoss:[1.6790], AdvLoss:[3.5234]
--------------------------------------------------------------------------------------------------------------------------------------------------------------------------------------------------------
Epoch:[40/100], CauAdvLoss:[1.6785/3.5201], valid:[61.60], test:[75.07]
--------------------------------------------------------------------------------------------------------------------------------------------------------------------------------------------------------
Train Iter:[0  /563], CauLoss:[1.6585], AdvLoss:[3.9336]
Train Iter:[140/563], CauLoss:[1.6678], AdvLoss:[3.4564]
Train Iter:[280/563], CauLoss:[1.6533], AdvLoss:[3.4885]
Train Iter:[420/563], CauLoss:[1.6729], AdvLoss:[3.6303]
Train Iter:[560/563], CauLoss:[1.6766], AdvLoss:[3.6187]
--------------------------------------------------------------------------------------------------------------------------------------------------------------------------------------------------------
Epoch:[41/100], CauAdvLoss:[1.6793/3.6233], valid:[78.40], test:[69.33]
--------------------------------------------------------------------------------------------------------------------------------------------------------------------------------------------------------
Train Iter:[0  /563], CauLoss:[1.3998], AdvLoss:[2.1448]
Train Iter:[140/563], CauLoss:[1.6927], AdvLoss:[2.8208]
Train Iter:[280/563], CauLoss:[1.6805], AdvLoss:[3.0571]
Train Iter:[420/563], CauLoss:[1.6771], AdvLoss:[3.2379]
Train Iter:[560/563], CauLoss:[1.6860], AdvLoss:[3.2960]
--------------------------------------------------------------------------------------------------------------------------------------------------------------------------------------------------------
Epoch:[42/100], CauAdvLoss:[1.6852/3.2966], valid:[89.77], test:[70.67]
--------------------------------------------------------------------------------------------------------------------------------------------------------------------------------------------------------
Train Iter:[0  /563], CauLoss:[1.7941], AdvLoss:[2.7631]
Train Iter:[140/563], CauLoss:[1.6859], AdvLoss:[3.3667]
Train Iter:[280/563], CauLoss:[1.6866], AdvLoss:[3.3067]
Train Iter:[420/563], CauLoss:[1.6832], AdvLoss:[3.5676]
Train Iter:[560/563], CauLoss:[1.6758], AdvLoss:[3.5779]
--------------------------------------------------------------------------------------------------------------------------------------------------------------------------------------------------------
Epoch:[43/100], CauAdvLoss:[1.6780/3.5793], valid:[63.13], test:[68.93]
--------------------------------------------------------------------------------------------------------------------------------------------------------------------------------------------------------
Train Iter:[0  /563], CauLoss:[1.6035], AdvLoss:[3.3164]
Train Iter:[140/563], CauLoss:[1.7170], AdvLoss:[4.2942]
Train Iter:[280/563], CauLoss:[1.6881], AdvLoss:[4.1382]
Train Iter:[420/563], CauLoss:[1.6799], AdvLoss:[4.1002]
Train Iter:[560/563], CauLoss:[1.6782], AdvLoss:[4.0541]
--------------------------------------------------------------------------------------------------------------------------------------------------------------------------------------------------------
Epoch:[44/100], CauAdvLoss:[1.6801/4.0561], valid:[62.90], test:[75.83]
--------------------------------------------------------------------------------------------------------------------------------------------------------------------------------------------------------
Train Iter:[0  /563], CauLoss:[1.2624], AdvLoss:[4.8646]
Train Iter:[140/563], CauLoss:[1.6732], AdvLoss:[3.7753]
Train Iter:[280/563], CauLoss:[1.6577], AdvLoss:[3.8638]
Train Iter:[420/563], CauLoss:[1.6623], AdvLoss:[3.8853]
Train Iter:[560/563], CauLoss:[1.6754], AdvLoss:[3.8634]
--------------------------------------------------------------------------------------------------------------------------------------------------------------------------------------------------------
Epoch:[45/100], CauAdvLoss:[1.6757/3.8653], valid:[58.30], test:[68.60]
--------------------------------------------------------------------------------------------------------------------------------------------------------------------------------------------------------
Train Iter:[0  /563], CauLoss:[2.1807], AdvLoss:[5.4220]
Train Iter:[140/563], CauLoss:[1.6760], AdvLoss:[3.4054]
Train Iter:[280/563], CauLoss:[1.6681], AdvLoss:[3.4829]
Train Iter:[420/563], CauLoss:[1.6793], AdvLoss:[3.5414]
Train Iter:[560/563], CauLoss:[1.6742], AdvLoss:[3.6198]
--------------------------------------------------------------------------------------------------------------------------------------------------------------------------------------------------------
Epoch:[46/100], CauAdvLoss:[1.6734/3.6234], valid:[57.60], test:[64.93]
--------------------------------------------------------------------------------------------------------------------------------------------------------------------------------------------------------
Train Iter:[0  /563], CauLoss:[1.9939], AdvLoss:[4.1015]
Train Iter:[140/563], CauLoss:[1.6392], AdvLoss:[4.5140]
Train Iter:[280/563], CauLoss:[1.6571], AdvLoss:[4.8007]
Train Iter:[420/563], CauLoss:[1.6654], AdvLoss:[4.6877]
Train Iter:[560/563], CauLoss:[1.6702], AdvLoss:[4.4230]
--------------------------------------------------------------------------------------------------------------------------------------------------------------------------------------------------------
Epoch:[47/100], CauAdvLoss:[1.6710/4.4232], valid:[63.83], test:[59.00]
--------------------------------------------------------------------------------------------------------------------------------------------------------------------------------------------------------
Train Iter:[0  /563], CauLoss:[1.8261], AdvLoss:[5.2986]
Train Iter:[140/563], CauLoss:[1.6601], AdvLoss:[4.2577]
Train Iter:[280/563], CauLoss:[1.6704], AdvLoss:[4.4397]
Train Iter:[420/563], CauLoss:[1.6590], AdvLoss:[4.4580]
Train Iter:[560/563], CauLoss:[1.6688], AdvLoss:[4.3870]
--------------------------------------------------------------------------------------------------------------------------------------------------------------------------------------------------------
Epoch:[48/100], CauAdvLoss:[1.6694/4.3817], valid:[67.03], test:[66.10]
--------------------------------------------------------------------------------------------------------------------------------------------------------------------------------------------------------
Train Iter:[0  /563], CauLoss:[1.2330], AdvLoss:[2.0125]
Train Iter:[140/563], CauLoss:[1.6443], AdvLoss:[4.3065]
Train Iter:[280/563], CauLoss:[1.6443], AdvLoss:[4.0738]
Train Iter:[420/563], CauLoss:[1.6415], AdvLoss:[4.1200]
Train Iter:[560/563], CauLoss:[1.6659], AdvLoss:[4.1084]
--------------------------------------------------------------------------------------------------------------------------------------------------------------------------------------------------------
Epoch:[49/100], CauAdvLoss:[1.6656/4.1083], valid:[87.57], test:[70.53]
--------------------------------------------------------------------------------------------------------------------------------------------------------------------------------------------------------
Train Iter:[0  /563], CauLoss:[2.5229], AdvLoss:[5.1734]
Train Iter:[140/563], CauLoss:[1.6691], AdvLoss:[4.3492]
Train Iter:[280/563], CauLoss:[1.6636], AdvLoss:[4.4612]
Train Iter:[420/563], CauLoss:[1.6553], AdvLoss:[4.4103]
Train Iter:[560/563], CauLoss:[1.6672], AdvLoss:[4.2950]
--------------------------------------------------------------------------------------------------------------------------------------------------------------------------------------------------------
Epoch:[50/100], CauAdvLoss:[1.6686/4.2951], valid:[66.73], test:[61.50]
--------------------------------------------------------------------------------------------------------------------------------------------------------------------------------------------------------
Train Iter:[0  /563], CauLoss:[1.3643], AdvLoss:[3.3268]
Train Iter:[140/563], CauLoss:[1.7063], AdvLoss:[3.5976]
Train Iter:[280/563], CauLoss:[1.6743], AdvLoss:[3.7698]
Train Iter:[420/563], CauLoss:[1.6714], AdvLoss:[3.8080]
Train Iter:[560/563], CauLoss:[1.6709], AdvLoss:[3.9159]
--------------------------------------------------------------------------------------------------------------------------------------------------------------------------------------------------------
Epoch:[51/100], CauAdvLoss:[1.6720/3.9193], valid:[64.40], test:[70.93]
--------------------------------------------------------------------------------------------------------------------------------------------------------------------------------------------------------
Train Iter:[0  /563], CauLoss:[2.6290], AdvLoss:[3.6240]
Train Iter:[140/563], CauLoss:[1.6763], AdvLoss:[3.4180]
Train Iter:[280/563], CauLoss:[1.6642], AdvLoss:[3.8119]
Train Iter:[420/563], CauLoss:[1.6725], AdvLoss:[3.8121]
Train Iter:[560/563], CauLoss:[1.6706], AdvLoss:[3.7699]
--------------------------------------------------------------------------------------------------------------------------------------------------------------------------------------------------------
Epoch:[52/100], CauAdvLoss:[1.6703/3.7703], valid:[49.63], test:[74.50]
--------------------------------------------------------------------------------------------------------------------------------------------------------------------------------------------------------
Train Iter:[0  /563], CauLoss:[1.9168], AdvLoss:[2.4777]
Train Iter:[140/563], CauLoss:[1.6729], AdvLoss:[3.7248]
Train Iter:[280/563], CauLoss:[1.6458], AdvLoss:[3.9894]
Train Iter:[420/563], CauLoss:[1.6580], AdvLoss:[4.0558]
Train Iter:[560/563], CauLoss:[1.6630], AdvLoss:[4.1040]
--------------------------------------------------------------------------------------------------------------------------------------------------------------------------------------------------------
Epoch:[53/100], CauAdvLoss:[1.6636/4.1038], valid:[81.67], test:[72.10]
--------------------------------------------------------------------------------------------------------------------------------------------------------------------------------------------------------
Train Iter:[0  /563], CauLoss:[1.7055], AdvLoss:[4.6841]
Train Iter:[140/563], CauLoss:[1.6734], AdvLoss:[3.9439]
Train Iter:[280/563], CauLoss:[1.6666], AdvLoss:[3.9360]
Train Iter:[420/563], CauLoss:[1.6629], AdvLoss:[3.9410]
Train Iter:[560/563], CauLoss:[1.6618], AdvLoss:[3.9991]
--------------------------------------------------------------------------------------------------------------------------------------------------------------------------------------------------------
Epoch:[54/100], CauAdvLoss:[1.6638/3.9996], valid:[61.37], test:[73.27]
--------------------------------------------------------------------------------------------------------------------------------------------------------------------------------------------------------
Train Iter:[0  /563], CauLoss:[1.5973], AdvLoss:[3.9383]
Train Iter:[140/563], CauLoss:[1.6613], AdvLoss:[4.2098]
Train Iter:[280/563], CauLoss:[1.6720], AdvLoss:[4.0780]
Train Iter:[420/563], CauLoss:[1.6724], AdvLoss:[4.1029]
Train Iter:[560/563], CauLoss:[1.6574], AdvLoss:[4.2638]
--------------------------------------------------------------------------------------------------------------------------------------------------------------------------------------------------------
Epoch:[55/100], CauAdvLoss:[1.6565/4.2619], valid:[90.17], test:[67.93]
--------------------------------------------------------------------------------------------------------------------------------------------------------------------------------------------------------
Train Iter:[0  /563], CauLoss:[1.4345], AdvLoss:[3.9761]
Train Iter:[140/563], CauLoss:[1.6172], AdvLoss:[4.7230]
Train Iter:[280/563], CauLoss:[1.6711], AdvLoss:[4.4779]
Train Iter:[420/563], CauLoss:[1.6693], AdvLoss:[4.3618]
Train Iter:[560/563], CauLoss:[1.6608], AdvLoss:[4.3002]
--------------------------------------------------------------------------------------------------------------------------------------------------------------------------------------------------------
Epoch:[56/100], CauAdvLoss:[1.6608/4.3008], valid:[68.00], test:[80.90]
--------------------------------------------------------------------------------------------------------------------------------------------------------------------------------------------------------
Train Iter:[0  /563], CauLoss:[2.0632], AdvLoss:[4.4045]
Train Iter:[140/563], CauLoss:[1.6651], AdvLoss:[4.0129]
Train Iter:[280/563], CauLoss:[1.6604], AdvLoss:[4.2224]
Train Iter:[420/563], CauLoss:[1.6552], AdvLoss:[4.1331]
Train Iter:[560/563], CauLoss:[1.6580], AdvLoss:[4.2211]
--------------------------------------------------------------------------------------------------------------------------------------------------------------------------------------------------------
Epoch:[57/100], CauAdvLoss:[1.6577/4.2239], valid:[92.97], test:[75.63]
--------------------------------------------------------------------------------------------------------------------------------------------------------------------------------------------------------
Train Iter:[0  /563], CauLoss:[1.6778], AdvLoss:[6.5955]
Train Iter:[140/563], CauLoss:[1.6659], AdvLoss:[4.6601]
Train Iter:[280/563], CauLoss:[1.6711], AdvLoss:[4.3974]
Train Iter:[420/563], CauLoss:[1.6655], AdvLoss:[4.2997]
Train Iter:[560/563], CauLoss:[1.6620], AdvLoss:[4.2800]
--------------------------------------------------------------------------------------------------------------------------------------------------------------------------------------------------------
Epoch:[58/100], CauAdvLoss:[1.6610/4.2810], valid:[92.80], test:[72.73]
--------------------------------------------------------------------------------------------------------------------------------------------------------------------------------------------------------
Train Iter:[0  /563], CauLoss:[1.4913], AdvLoss:[3.4480]
Train Iter:[140/563], CauLoss:[1.6284], AdvLoss:[4.8544]
Train Iter:[280/563], CauLoss:[1.6441], AdvLoss:[4.3166]
Train Iter:[420/563], CauLoss:[1.6616], AdvLoss:[4.1931]
Train Iter:[560/563], CauLoss:[1.6583], AdvLoss:[4.1708]
--------------------------------------------------------------------------------------------------------------------------------------------------------------------------------------------------------
Epoch:[59/100], CauAdvLoss:[1.6579/4.1668], valid:[76.00], test:[68.80]
--------------------------------------------------------------------------------------------------------------------------------------------------------------------------------------------------------
Train Iter:[0  /563], CauLoss:[1.4499], AdvLoss:[4.6226]
Train Iter:[140/563], CauLoss:[1.6350], AdvLoss:[4.2050]
Train Iter:[280/563], CauLoss:[1.6620], AdvLoss:[4.2065]
Train Iter:[420/563], CauLoss:[1.6661], AdvLoss:[4.2881]
Train Iter:[560/563], CauLoss:[1.6587], AdvLoss:[4.3971]
--------------------------------------------------------------------------------------------------------------------------------------------------------------------------------------------------------
Epoch:[60/100], CauAdvLoss:[1.6581/4.3959], valid:[92.93], test:[68.73]
--------------------------------------------------------------------------------------------------------------------------------------------------------------------------------------------------------
Train Iter:[0  /563], CauLoss:[1.6404], AdvLoss:[3.4751]
Train Iter:[140/563], CauLoss:[1.6613], AdvLoss:[4.2740]
Train Iter:[280/563], CauLoss:[1.6670], AdvLoss:[4.2581]
Train Iter:[420/563], CauLoss:[1.6613], AdvLoss:[4.2086]
Train Iter:[560/563], CauLoss:[1.6596], AdvLoss:[4.1733]
--------------------------------------------------------------------------------------------------------------------------------------------------------------------------------------------------------
Epoch:[61/100], CauAdvLoss:[1.6597/4.1730], valid:[92.97], test:[77.20]
--------------------------------------------------------------------------------------------------------------------------------------------------------------------------------------------------------
Train Iter:[0  /563], CauLoss:[1.4291], AdvLoss:[4.1794]
Train Iter:[140/563], CauLoss:[1.6430], AdvLoss:[3.9796]
Train Iter:[280/563], CauLoss:[1.6556], AdvLoss:[4.0502]
Train Iter:[420/563], CauLoss:[1.6624], AdvLoss:[4.0008]
Train Iter:[560/563], CauLoss:[1.6520], AdvLoss:[4.0010]
--------------------------------------------------------------------------------------------------------------------------------------------------------------------------------------------------------
Epoch:[62/100], CauAdvLoss:[1.6526/3.9999], valid:[92.83], test:[75.30]
--------------------------------------------------------------------------------------------------------------------------------------------------------------------------------------------------------
Train Iter:[0  /563], CauLoss:[1.3419], AdvLoss:[3.6792]
Train Iter:[140/563], CauLoss:[1.6780], AdvLoss:[3.9894]
Train Iter:[280/563], CauLoss:[1.6774], AdvLoss:[3.8671]
Train Iter:[420/563], CauLoss:[1.6670], AdvLoss:[3.9575]
Train Iter:[560/563], CauLoss:[1.6609], AdvLoss:[3.9450]
--------------------------------------------------------------------------------------------------------------------------------------------------------------------------------------------------------
Epoch:[63/100], CauAdvLoss:[1.6611/3.9421], valid:[81.73], test:[69.63]
--------------------------------------------------------------------------------------------------------------------------------------------------------------------------------------------------------
Train Iter:[0  /563], CauLoss:[2.2898], AdvLoss:[2.1653]
Train Iter:[140/563], CauLoss:[1.6513], AdvLoss:[4.0425]
Train Iter:[280/563], CauLoss:[1.6502], AdvLoss:[3.9154]
Train Iter:[420/563], CauLoss:[1.6615], AdvLoss:[3.9377]
Train Iter:[560/563], CauLoss:[1.6552], AdvLoss:[3.9443]
--------------------------------------------------------------------------------------------------------------------------------------------------------------------------------------------------------
Epoch:[64/100], CauAdvLoss:[1.6547/3.9480], valid:[87.57], test:[75.00]
--------------------------------------------------------------------------------------------------------------------------------------------------------------------------------------------------------
Train Iter:[0  /563], CauLoss:[1.5009], AdvLoss:[5.5208]
Train Iter:[140/563], CauLoss:[1.6539], AdvLoss:[4.1436]
Train Iter:[280/563], CauLoss:[1.6703], AdvLoss:[3.9956]
Train Iter:[420/563], CauLoss:[1.6686], AdvLoss:[4.0094]
Train Iter:[560/563], CauLoss:[1.6563], AdvLoss:[4.1498]
--------------------------------------------------------------------------------------------------------------------------------------------------------------------------------------------------------
Epoch:[65/100], CauAdvLoss:[1.6580/4.1506], valid:[93.13], test:[72.97]
--------------------------------------------------------------------------------------------------------------------------------------------------------------------------------------------------------
Train Iter:[0  /563], CauLoss:[1.7828], AdvLoss:[3.9976]
Train Iter:[140/563], CauLoss:[1.6700], AdvLoss:[3.9610]
Train Iter:[280/563], CauLoss:[1.6564], AdvLoss:[4.1640]
Train Iter:[420/563], CauLoss:[1.6498], AdvLoss:[4.2223]
Train Iter:[560/563], CauLoss:[1.6520], AdvLoss:[4.1688]
--------------------------------------------------------------------------------------------------------------------------------------------------------------------------------------------------------
Epoch:[66/100], CauAdvLoss:[1.6519/4.1671], valid:[92.97], test:[69.73]
--------------------------------------------------------------------------------------------------------------------------------------------------------------------------------------------------------
Train Iter:[0  /563], CauLoss:[1.7163], AdvLoss:[5.1317]
Train Iter:[140/563], CauLoss:[1.5693], AdvLoss:[4.2873]
Train Iter:[280/563], CauLoss:[1.6325], AdvLoss:[4.4039]
Train Iter:[420/563], CauLoss:[1.6471], AdvLoss:[4.4313]
Train Iter:[560/563], CauLoss:[1.6470], AdvLoss:[4.3863]
--------------------------------------------------------------------------------------------------------------------------------------------------------------------------------------------------------
Epoch:[67/100], CauAdvLoss:[1.6486/4.3841], valid:[90.10], test:[72.73]
--------------------------------------------------------------------------------------------------------------------------------------------------------------------------------------------------------
Train Iter:[0  /563], CauLoss:[1.4249], AdvLoss:[4.9130]
Train Iter:[140/563], CauLoss:[1.6162], AdvLoss:[4.2517]
Train Iter:[280/563], CauLoss:[1.6236], AdvLoss:[4.3741]
Train Iter:[420/563], CauLoss:[1.6379], AdvLoss:[4.3603]
Train Iter:[560/563], CauLoss:[1.6468], AdvLoss:[4.2687]
--------------------------------------------------------------------------------------------------------------------------------------------------------------------------------------------------------
Epoch:[68/100], CauAdvLoss:[1.6462/4.2702], valid:[92.63], test:[69.07]
--------------------------------------------------------------------------------------------------------------------------------------------------------------------------------------------------------
Train Iter:[0  /563], CauLoss:[1.5415], AdvLoss:[4.0875]
Train Iter:[140/563], CauLoss:[1.6935], AdvLoss:[4.2278]
Train Iter:[280/563], CauLoss:[1.6540], AdvLoss:[4.3036]
Train Iter:[420/563], CauLoss:[1.6471], AdvLoss:[4.2590]
Train Iter:[560/563], CauLoss:[1.6447], AdvLoss:[4.2762]
--------------------------------------------------------------------------------------------------------------------------------------------------------------------------------------------------------
Epoch:[69/100], CauAdvLoss:[1.6447/4.2727], valid:[92.97], test:[65.37]
--------------------------------------------------------------------------------------------------------------------------------------------------------------------------------------------------------
Train Iter:[0  /563], CauLoss:[1.5877], AdvLoss:[3.2589]
Train Iter:[140/563], CauLoss:[1.6579], AdvLoss:[3.9069]
Train Iter:[280/563], CauLoss:[1.6521], AdvLoss:[3.8594]
Train Iter:[420/563], CauLoss:[1.6577], AdvLoss:[3.8485]
Train Iter:[560/563], CauLoss:[1.6515], AdvLoss:[3.9133]
--------------------------------------------------------------------------------------------------------------------------------------------------------------------------------------------------------
Epoch:[70/100], CauAdvLoss:[1.6516/3.9185], valid:[90.17], test:[65.10]
--------------------------------------------------------------------------------------------------------------------------------------------------------------------------------------------------------
Train Iter:[0  /563], CauLoss:[1.6204], AdvLoss:[4.0626]
Train Iter:[140/563], CauLoss:[1.6008], AdvLoss:[4.2956]
Train Iter:[280/563], CauLoss:[1.6280], AdvLoss:[4.2591]
Train Iter:[420/563], CauLoss:[1.6378], AdvLoss:[4.2497]
Train Iter:[560/563], CauLoss:[1.6503], AdvLoss:[4.1908]
--------------------------------------------------------------------------------------------------------------------------------------------------------------------------------------------------------
Epoch:[71/100], CauAdvLoss:[1.6492/4.1861], valid:[83.00], test:[68.23]
--------------------------------------------------------------------------------------------------------------------------------------------------------------------------------------------------------
Train Iter:[0  /563], CauLoss:[2.0945], AdvLoss:[3.8913]
Train Iter:[140/563], CauLoss:[1.6864], AdvLoss:[4.1647]
Train Iter:[280/563], CauLoss:[1.6516], AdvLoss:[4.2099]
Train Iter:[420/563], CauLoss:[1.6495], AdvLoss:[4.3280]
Train Iter:[560/563], CauLoss:[1.6467], AdvLoss:[4.3878]
--------------------------------------------------------------------------------------------------------------------------------------------------------------------------------------------------------
Epoch:[72/100], CauAdvLoss:[1.6471/4.3855], valid:[93.00], test:[75.03]
--------------------------------------------------------------------------------------------------------------------------------------------------------------------------------------------------------
Train Iter:[0  /563], CauLoss:[1.3862], AdvLoss:[3.7318]
Train Iter:[140/563], CauLoss:[1.6410], AdvLoss:[4.6525]
Train Iter:[280/563], CauLoss:[1.6413], AdvLoss:[4.6842]
Train Iter:[420/563], CauLoss:[1.6394], AdvLoss:[4.6964]
Train Iter:[560/563], CauLoss:[1.6450], AdvLoss:[4.6493]
--------------------------------------------------------------------------------------------------------------------------------------------------------------------------------------------------------
Epoch:[73/100], CauAdvLoss:[1.6467/4.6516], valid:[92.50], test:[74.60]
--------------------------------------------------------------------------------------------------------------------------------------------------------------------------------------------------------
Train Iter:[0  /563], CauLoss:[1.7030], AdvLoss:[5.8053]
Train Iter:[140/563], CauLoss:[1.6436], AdvLoss:[4.8134]
Train Iter:[280/563], CauLoss:[1.6668], AdvLoss:[4.7770]
Train Iter:[420/563], CauLoss:[1.6676], AdvLoss:[4.5666]
Train Iter:[560/563], CauLoss:[1.6451], AdvLoss:[4.5774]
--------------------------------------------------------------------------------------------------------------------------------------------------------------------------------------------------------
Epoch:[74/100], CauAdvLoss:[1.6445/4.5798], valid:[92.73], test:[72.97]
--------------------------------------------------------------------------------------------------------------------------------------------------------------------------------------------------------
Train Iter:[0  /563], CauLoss:[1.6127], AdvLoss:[4.1177]
Train Iter:[140/563], CauLoss:[1.6441], AdvLoss:[4.5804]
Train Iter:[280/563], CauLoss:[1.6359], AdvLoss:[4.4002]
Train Iter:[420/563], CauLoss:[1.6407], AdvLoss:[4.3848]
Train Iter:[560/563], CauLoss:[1.6474], AdvLoss:[4.3776]
--------------------------------------------------------------------------------------------------------------------------------------------------------------------------------------------------------
Epoch:[75/100], CauAdvLoss:[1.6478/4.3803], valid:[71.37], test:[73.17]
--------------------------------------------------------------------------------------------------------------------------------------------------------------------------------------------------------
Train Iter:[0  /563], CauLoss:[1.3748], AdvLoss:[3.6278]
Train Iter:[140/563], CauLoss:[1.6251], AdvLoss:[4.3983]
Train Iter:[280/563], CauLoss:[1.6563], AdvLoss:[4.5130]
Train Iter:[420/563], CauLoss:[1.6426], AdvLoss:[4.5698]
Train Iter:[560/563], CauLoss:[1.6470], AdvLoss:[4.5354]
--------------------------------------------------------------------------------------------------------------------------------------------------------------------------------------------------------
Epoch:[76/100], CauAdvLoss:[1.6464/4.5367], valid:[92.40], test:[74.70]
--------------------------------------------------------------------------------------------------------------------------------------------------------------------------------------------------------
Train Iter:[0  /563], CauLoss:[1.7149], AdvLoss:[4.0671]
Train Iter:[140/563], CauLoss:[1.6172], AdvLoss:[4.5908]
Train Iter:[280/563], CauLoss:[1.6255], AdvLoss:[4.6044]
Train Iter:[420/563], CauLoss:[1.6359], AdvLoss:[4.6928]
Train Iter:[560/563], CauLoss:[1.6410], AdvLoss:[4.6997]
--------------------------------------------------------------------------------------------------------------------------------------------------------------------------------------------------------
Epoch:[77/100], CauAdvLoss:[1.6425/4.6994], valid:[92.73], test:[74.33]
--------------------------------------------------------------------------------------------------------------------------------------------------------------------------------------------------------
Train Iter:[0  /563], CauLoss:[1.2054], AdvLoss:[5.5001]
Train Iter:[140/563], CauLoss:[1.6629], AdvLoss:[4.7698]
Train Iter:[280/563], CauLoss:[1.6404], AdvLoss:[4.6580]
Train Iter:[420/563], CauLoss:[1.6311], AdvLoss:[4.7166]
Train Iter:[560/563], CauLoss:[1.6380], AdvLoss:[4.7212]
--------------------------------------------------------------------------------------------------------------------------------------------------------------------------------------------------------
Epoch:[78/100], CauAdvLoss:[1.6389/4.7176], valid:[87.93], test:[75.50]
--------------------------------------------------------------------------------------------------------------------------------------------------------------------------------------------------------
Train Iter:[0  /563], CauLoss:[1.5525], AdvLoss:[4.4052]
Train Iter:[140/563], CauLoss:[1.6332], AdvLoss:[4.4534]
Train Iter:[280/563], CauLoss:[1.6334], AdvLoss:[4.5036]
Train Iter:[420/563], CauLoss:[1.6351], AdvLoss:[4.6016]
Train Iter:[560/563], CauLoss:[1.6432], AdvLoss:[4.5718]
--------------------------------------------------------------------------------------------------------------------------------------------------------------------------------------------------------
Epoch:[79/100], CauAdvLoss:[1.6422/4.5688], valid:[80.10], test:[70.50]
--------------------------------------------------------------------------------------------------------------------------------------------------------------------------------------------------------
Train Iter:[0  /563], CauLoss:[1.3966], AdvLoss:[4.3231]
Train Iter:[140/563], CauLoss:[1.6243], AdvLoss:[4.3686]
Train Iter:[280/563], CauLoss:[1.6281], AdvLoss:[4.5151]
Train Iter:[420/563], CauLoss:[1.6293], AdvLoss:[4.5296]
Train Iter:[560/563], CauLoss:[1.6407], AdvLoss:[4.6411]
--------------------------------------------------------------------------------------------------------------------------------------------------------------------------------------------------------
Epoch:[80/100], CauAdvLoss:[1.6406/4.6385], valid:[92.93], test:[73.63]
--------------------------------------------------------------------------------------------------------------------------------------------------------------------------------------------------------
Train Iter:[0  /563], CauLoss:[1.2009], AdvLoss:[4.0562]
Train Iter:[140/563], CauLoss:[1.6576], AdvLoss:[4.6714]
Train Iter:[280/563], CauLoss:[1.6546], AdvLoss:[4.6864]
Train Iter:[420/563], CauLoss:[1.6429], AdvLoss:[4.6560]
Train Iter:[560/563], CauLoss:[1.6447], AdvLoss:[4.6930]
--------------------------------------------------------------------------------------------------------------------------------------------------------------------------------------------------------
Epoch:[81/100], CauAdvLoss:[1.6461/4.6927], valid:[90.17], test:[72.93]
--------------------------------------------------------------------------------------------------------------------------------------------------------------------------------------------------------
Train Iter:[0  /563], CauLoss:[1.5760], AdvLoss:[4.5115]
Train Iter:[140/563], CauLoss:[1.6410], AdvLoss:[4.8043]
Train Iter:[280/563], CauLoss:[1.6555], AdvLoss:[4.7359]
Train Iter:[420/563], CauLoss:[1.6512], AdvLoss:[4.6403]
Train Iter:[560/563], CauLoss:[1.6418], AdvLoss:[4.5883]
--------------------------------------------------------------------------------------------------------------------------------------------------------------------------------------------------------
Epoch:[82/100], CauAdvLoss:[1.6408/4.5840], valid:[92.67], test:[73.63]
--------------------------------------------------------------------------------------------------------------------------------------------------------------------------------------------------------
Train Iter:[0  /563], CauLoss:[1.8318], AdvLoss:[4.8593]
Train Iter:[140/563], CauLoss:[1.6393], AdvLoss:[4.6357]
Train Iter:[280/563], CauLoss:[1.6574], AdvLoss:[4.7476]
Train Iter:[420/563], CauLoss:[1.6520], AdvLoss:[4.7253]
Train Iter:[560/563], CauLoss:[1.6412], AdvLoss:[4.7289]
--------------------------------------------------------------------------------------------------------------------------------------------------------------------------------------------------------
Epoch:[83/100], CauAdvLoss:[1.6421/4.7272], valid:[87.93], test:[75.47]
--------------------------------------------------------------------------------------------------------------------------------------------------------------------------------------------------------
Train Iter:[0  /563], CauLoss:[1.6249], AdvLoss:[4.1891]
Train Iter:[140/563], CauLoss:[1.6541], AdvLoss:[4.7639]
Train Iter:[280/563], CauLoss:[1.6460], AdvLoss:[4.8700]
Train Iter:[420/563], CauLoss:[1.6419], AdvLoss:[4.7999]
Train Iter:[560/563], CauLoss:[1.6356], AdvLoss:[4.8418]
--------------------------------------------------------------------------------------------------------------------------------------------------------------------------------------------------------
Epoch:[84/100], CauAdvLoss:[1.6355/4.8423], valid:[77.63], test:[71.90]
--------------------------------------------------------------------------------------------------------------------------------------------------------------------------------------------------------
Train Iter:[0  /563], CauLoss:[1.8931], AdvLoss:[2.7983]
Train Iter:[140/563], CauLoss:[1.6387], AdvLoss:[4.9834]
Train Iter:[280/563], CauLoss:[1.6540], AdvLoss:[4.7759]
Train Iter:[420/563], CauLoss:[1.6477], AdvLoss:[4.7167]
Train Iter:[560/563], CauLoss:[1.6370], AdvLoss:[4.7849]
--------------------------------------------------------------------------------------------------------------------------------------------------------------------------------------------------------
Epoch:[85/100], CauAdvLoss:[1.6359/4.7858], valid:[75.47], test:[73.20]
--------------------------------------------------------------------------------------------------------------------------------------------------------------------------------------------------------
Train Iter:[0  /563], CauLoss:[1.9860], AdvLoss:[4.9915]
Train Iter:[140/563], CauLoss:[1.6474], AdvLoss:[4.8695]
Train Iter:[280/563], CauLoss:[1.6340], AdvLoss:[4.9217]
Train Iter:[420/563], CauLoss:[1.6339], AdvLoss:[4.8168]
Train Iter:[560/563], CauLoss:[1.6374], AdvLoss:[4.8676]
--------------------------------------------------------------------------------------------------------------------------------------------------------------------------------------------------------
Epoch:[86/100], CauAdvLoss:[1.6367/4.8673], valid:[72.63], test:[74.47]
--------------------------------------------------------------------------------------------------------------------------------------------------------------------------------------------------------
Train Iter:[0  /563], CauLoss:[1.4359], AdvLoss:[6.1979]
Train Iter:[140/563], CauLoss:[1.6410], AdvLoss:[4.9951]
Train Iter:[280/563], CauLoss:[1.6223], AdvLoss:[4.9785]
Train Iter:[420/563], CauLoss:[1.6277], AdvLoss:[5.0186]
Train Iter:[560/563], CauLoss:[1.6347], AdvLoss:[5.0409]
--------------------------------------------------------------------------------------------------------------------------------------------------------------------------------------------------------
Epoch:[87/100], CauAdvLoss:[1.6350/5.0395], valid:[79.83], test:[75.57]
--------------------------------------------------------------------------------------------------------------------------------------------------------------------------------------------------------
Train Iter:[0  /563], CauLoss:[1.7214], AdvLoss:[4.9719]
Train Iter:[140/563], CauLoss:[1.6070], AdvLoss:[4.9150]
Train Iter:[280/563], CauLoss:[1.6130], AdvLoss:[4.9931]
Train Iter:[420/563], CauLoss:[1.6224], AdvLoss:[5.0004]
Train Iter:[560/563], CauLoss:[1.6349], AdvLoss:[4.9415]
--------------------------------------------------------------------------------------------------------------------------------------------------------------------------------------------------------
Epoch:[88/100], CauAdvLoss:[1.6344/4.9391], valid:[74.40], test:[74.73]
--------------------------------------------------------------------------------------------------------------------------------------------------------------------------------------------------------
Train Iter:[0  /563], CauLoss:[1.2952], AdvLoss:[3.6015]
Train Iter:[140/563], CauLoss:[1.6245], AdvLoss:[5.0138]
Train Iter:[280/563], CauLoss:[1.6359], AdvLoss:[4.9202]
Train Iter:[420/563], CauLoss:[1.6364], AdvLoss:[4.9049]
Train Iter:[560/563], CauLoss:[1.6436], AdvLoss:[4.8757]
--------------------------------------------------------------------------------------------------------------------------------------------------------------------------------------------------------
Epoch:[89/100], CauAdvLoss:[1.6420/4.8726], valid:[79.40], test:[75.03]
--------------------------------------------------------------------------------------------------------------------------------------------------------------------------------------------------------
Train Iter:[0  /563], CauLoss:[1.8847], AdvLoss:[5.5920]
Train Iter:[140/563], CauLoss:[1.6450], AdvLoss:[4.9215]
Train Iter:[280/563], CauLoss:[1.6448], AdvLoss:[4.8352]
Train Iter:[420/563], CauLoss:[1.6280], AdvLoss:[4.8543]
Train Iter:[560/563], CauLoss:[1.6366], AdvLoss:[4.8694]
--------------------------------------------------------------------------------------------------------------------------------------------------------------------------------------------------------
Epoch:[90/100], CauAdvLoss:[1.6356/4.8673], valid:[74.47], test:[73.57]
--------------------------------------------------------------------------------------------------------------------------------------------------------------------------------------------------------
Train Iter:[0  /563], CauLoss:[1.5988], AdvLoss:[5.2824]
Train Iter:[140/563], CauLoss:[1.6450], AdvLoss:[4.8720]
Train Iter:[280/563], CauLoss:[1.6265], AdvLoss:[4.9513]
Train Iter:[420/563], CauLoss:[1.6300], AdvLoss:[4.9156]
Train Iter:[560/563], CauLoss:[1.6344], AdvLoss:[4.8376]
--------------------------------------------------------------------------------------------------------------------------------------------------------------------------------------------------------
Epoch:[91/100], CauAdvLoss:[1.6345/4.8334], valid:[79.83], test:[73.67]
--------------------------------------------------------------------------------------------------------------------------------------------------------------------------------------------------------
Train Iter:[0  /563], CauLoss:[1.8744], AdvLoss:[3.8228]
Train Iter:[140/563], CauLoss:[1.6883], AdvLoss:[4.7482]
Train Iter:[280/563], CauLoss:[1.6492], AdvLoss:[4.7223]
Train Iter:[420/563], CauLoss:[1.6416], AdvLoss:[4.7549]
Train Iter:[560/563], CauLoss:[1.6408], AdvLoss:[4.7474]
--------------------------------------------------------------------------------------------------------------------------------------------------------------------------------------------------------
Epoch:[92/100], CauAdvLoss:[1.6414/4.7457], valid:[82.63], test:[73.80]
--------------------------------------------------------------------------------------------------------------------------------------------------------------------------------------------------------
Train Iter:[0  /563], CauLoss:[1.6671], AdvLoss:[5.1494]
Train Iter:[140/563], CauLoss:[1.6412], AdvLoss:[4.9073]
Train Iter:[280/563], CauLoss:[1.6422], AdvLoss:[4.7788]
Train Iter:[420/563], CauLoss:[1.6341], AdvLoss:[4.8345]
Train Iter:[560/563], CauLoss:[1.6333], AdvLoss:[4.8754]
--------------------------------------------------------------------------------------------------------------------------------------------------------------------------------------------------------
Epoch:[93/100], CauAdvLoss:[1.6326/4.8759], valid:[80.00], test:[73.57]
--------------------------------------------------------------------------------------------------------------------------------------------------------------------------------------------------------
Train Iter:[0  /563], CauLoss:[1.7655], AdvLoss:[4.9217]
Train Iter:[140/563], CauLoss:[1.6259], AdvLoss:[4.9638]
Train Iter:[280/563], CauLoss:[1.6220], AdvLoss:[4.9208]
Train Iter:[420/563], CauLoss:[1.6323], AdvLoss:[4.8692]
Train Iter:[560/563], CauLoss:[1.6331], AdvLoss:[4.8305]
--------------------------------------------------------------------------------------------------------------------------------------------------------------------------------------------------------
Epoch:[94/100], CauAdvLoss:[1.6337/4.8331], valid:[85.43], test:[74.10]
--------------------------------------------------------------------------------------------------------------------------------------------------------------------------------------------------------
Train Iter:[0  /563], CauLoss:[1.8432], AdvLoss:[4.9831]
Train Iter:[140/563], CauLoss:[1.6722], AdvLoss:[4.5233]
Train Iter:[280/563], CauLoss:[1.6529], AdvLoss:[4.7482]
Train Iter:[420/563], CauLoss:[1.6311], AdvLoss:[4.8691]
Train Iter:[560/563], CauLoss:[1.6319], AdvLoss:[4.8271]
--------------------------------------------------------------------------------------------------------------------------------------------------------------------------------------------------------
Epoch:[95/100], CauAdvLoss:[1.6319/4.8281], valid:[79.50], test:[74.27]
--------------------------------------------------------------------------------------------------------------------------------------------------------------------------------------------------------
Train Iter:[0  /563], CauLoss:[1.4712], AdvLoss:[5.6841]
Train Iter:[140/563], CauLoss:[1.6379], AdvLoss:[4.8638]
Train Iter:[280/563], CauLoss:[1.6390], AdvLoss:[4.8743]
Train Iter:[420/563], CauLoss:[1.6334], AdvLoss:[4.8411]
Train Iter:[560/563], CauLoss:[1.6341], AdvLoss:[4.8399]
--------------------------------------------------------------------------------------------------------------------------------------------------------------------------------------------------------
Epoch:[96/100], CauAdvLoss:[1.6340/4.8358], valid:[85.17], test:[73.60]
--------------------------------------------------------------------------------------------------------------------------------------------------------------------------------------------------------
Train Iter:[0  /563], CauLoss:[1.7519], AdvLoss:[5.0525]
Train Iter:[140/563], CauLoss:[1.6339], AdvLoss:[4.7810]
Train Iter:[280/563], CauLoss:[1.6121], AdvLoss:[4.7040]
Train Iter:[420/563], CauLoss:[1.6329], AdvLoss:[4.8243]
Train Iter:[560/563], CauLoss:[1.6346], AdvLoss:[4.8218]
--------------------------------------------------------------------------------------------------------------------------------------------------------------------------------------------------------
Epoch:[97/100], CauAdvLoss:[1.6361/4.8239], valid:[85.43], test:[75.67]
--------------------------------------------------------------------------------------------------------------------------------------------------------------------------------------------------------
Train Iter:[0  /563], CauLoss:[2.1055], AdvLoss:[5.7412]
Train Iter:[140/563], CauLoss:[1.6366], AdvLoss:[4.8503]
Train Iter:[280/563], CauLoss:[1.6239], AdvLoss:[4.8054]
Train Iter:[420/563], CauLoss:[1.6304], AdvLoss:[4.8273]
Train Iter:[560/563], CauLoss:[1.6333], AdvLoss:[4.8271]
--------------------------------------------------------------------------------------------------------------------------------------------------------------------------------------------------------
Epoch:[98/100], CauAdvLoss:[1.6331/4.8246], valid:[74.47], test:[73.20]
--------------------------------------------------------------------------------------------------------------------------------------------------------------------------------------------------------
Train Iter:[0  /563], CauLoss:[1.6965], AdvLoss:[4.6305]
Train Iter:[140/563], CauLoss:[1.6254], AdvLoss:[4.6426]
Train Iter:[280/563], CauLoss:[1.6422], AdvLoss:[4.7719]
Train Iter:[420/563], CauLoss:[1.6416], AdvLoss:[4.7476]
Train Iter:[560/563], CauLoss:[1.6381], AdvLoss:[4.8226]
--------------------------------------------------------------------------------------------------------------------------------------------------------------------------------------------------------
Epoch:[99/100], CauAdvLoss:[1.6368/4.8231], valid:[79.63], test:[75.60]
--------------------------------------------------------------------------------------------------------------------------------------------------------------------------------------------------------
Train Iter:[0  /563], CauLoss:[1.4919], AdvLoss:[3.4808]
Train Iter:[140/563], CauLoss:[1.6592], AdvLoss:[4.6346]
Train Iter:[280/563], CauLoss:[1.6565], AdvLoss:[4.7717]
Train Iter:[420/563], CauLoss:[1.6438], AdvLoss:[4.7610]
Train Iter:[560/563], CauLoss:[1.6383], AdvLoss:[4.8140]
--------------------------------------------------------------------------------------------------------------------------------------------------------------------------------------------------------
Epoch:[100/100], CauAdvLoss:[1.6386/4.8138], valid:[82.30], test:[73.63]
--------------------------------------------------------------------------------------------------------------------------------------------------------------------------------------------------------
Update test:[75.03] at epoch:[72] | Total time:00:28:46
Train Iter:[0  /563], CauLoss:[3.3963], AdvLoss:[0.5294]
Train Iter:[140/563], CauLoss:[2.6852], AdvLoss:[0.1894]
Train Iter:[280/563], CauLoss:[2.4277], AdvLoss:[0.5021]
Train Iter:[420/563], CauLoss:[2.3270], AdvLoss:[0.6388]
Train Iter:[560/563], CauLoss:[2.2568], AdvLoss:[0.7087]
--------------------------------------------------------------------------------------------------------------------------------------------------------------------------------------------------------
Epoch:[1/100], CauAdvLoss:[2.2565/0.7099], valid:[63.13], test:[59.87]
--------------------------------------------------------------------------------------------------------------------------------------------------------------------------------------------------------
Train Iter:[0  /563], CauLoss:[2.1702], AdvLoss:[0.6579]
Train Iter:[140/563], CauLoss:[2.0486], AdvLoss:[1.1238]
Train Iter:[280/563], CauLoss:[1.9855], AdvLoss:[1.1287]
Train Iter:[420/563], CauLoss:[1.9737], AdvLoss:[1.1264]
Train Iter:[560/563], CauLoss:[1.9730], AdvLoss:[1.1436]
--------------------------------------------------------------------------------------------------------------------------------------------------------------------------------------------------------
Epoch:[2/100], CauAdvLoss:[1.9725/1.1442], valid:[70.37], test:[84.17]
--------------------------------------------------------------------------------------------------------------------------------------------------------------------------------------------------------
Train Iter:[0  /563], CauLoss:[1.5796], AdvLoss:[1.0560]
Train Iter:[140/563], CauLoss:[1.9009], AdvLoss:[1.1616]
Train Iter:[280/563], CauLoss:[1.9213], AdvLoss:[1.1902]
Train Iter:[420/563], CauLoss:[1.9198], AdvLoss:[1.2833]
Train Iter:[560/563], CauLoss:[1.9166], AdvLoss:[1.0417]
--------------------------------------------------------------------------------------------------------------------------------------------------------------------------------------------------------
Epoch:[3/100], CauAdvLoss:[1.9170/1.0389], valid:[76.63], test:[65.20]
--------------------------------------------------------------------------------------------------------------------------------------------------------------------------------------------------------
Train Iter:[0  /563], CauLoss:[1.7511], AdvLoss:[0.1140]
Train Iter:[140/563], CauLoss:[1.8805], AdvLoss:[0.2714]
Train Iter:[280/563], CauLoss:[1.8931], AdvLoss:[0.3533]
Train Iter:[420/563], CauLoss:[1.8939], AdvLoss:[0.3319]
Train Iter:[560/563], CauLoss:[1.8830], AdvLoss:[0.3088]
--------------------------------------------------------------------------------------------------------------------------------------------------------------------------------------------------------
Epoch:[4/100], CauAdvLoss:[1.8831/0.3086], valid:[63.27], test:[76.50]
--------------------------------------------------------------------------------------------------------------------------------------------------------------------------------------------------------
Train Iter:[0  /563], CauLoss:[1.5478], AdvLoss:[0.1914]
Train Iter:[140/563], CauLoss:[1.8458], AdvLoss:[0.2566]
Train Iter:[280/563], CauLoss:[1.8576], AdvLoss:[0.2666]
Train Iter:[420/563], CauLoss:[1.8537], AdvLoss:[0.2672]
Train Iter:[560/563], CauLoss:[1.8494], AdvLoss:[0.2725]
--------------------------------------------------------------------------------------------------------------------------------------------------------------------------------------------------------
Epoch:[5/100], CauAdvLoss:[1.8481/0.2717], valid:[72.60], test:[65.47]
--------------------------------------------------------------------------------------------------------------------------------------------------------------------------------------------------------
Train Iter:[0  /563], CauLoss:[1.7643], AdvLoss:[0.2319]
Train Iter:[140/563], CauLoss:[1.8106], AdvLoss:[0.2429]
Train Iter:[280/563], CauLoss:[1.8507], AdvLoss:[0.5908]
Train Iter:[420/563], CauLoss:[1.8286], AdvLoss:[0.8988]
Train Iter:[560/563], CauLoss:[1.8190], AdvLoss:[0.7454]
--------------------------------------------------------------------------------------------------------------------------------------------------------------------------------------------------------
Epoch:[6/100], CauAdvLoss:[1.8193/0.7433], valid:[65.03], test:[71.77]
--------------------------------------------------------------------------------------------------------------------------------------------------------------------------------------------------------
Train Iter:[0  /563], CauLoss:[1.5364], AdvLoss:[0.2117]
Train Iter:[140/563], CauLoss:[1.7954], AdvLoss:[0.2336]
Train Iter:[280/563], CauLoss:[1.7828], AdvLoss:[0.2406]
Train Iter:[420/563], CauLoss:[1.7909], AdvLoss:[0.2465]
Train Iter:[560/563], CauLoss:[1.7919], AdvLoss:[0.2475]
--------------------------------------------------------------------------------------------------------------------------------------------------------------------------------------------------------
Epoch:[7/100], CauAdvLoss:[1.7929/0.2478], valid:[52.20], test:[64.87]
--------------------------------------------------------------------------------------------------------------------------------------------------------------------------------------------------------
Train Iter:[0  /563], CauLoss:[1.9656], AdvLoss:[0.3090]
Train Iter:[140/563], CauLoss:[1.7976], AdvLoss:[0.2204]
Train Iter:[280/563], CauLoss:[1.7911], AdvLoss:[0.2111]
Train Iter:[420/563], CauLoss:[1.7727], AdvLoss:[0.2072]
Train Iter:[560/563], CauLoss:[1.7802], AdvLoss:[0.2182]
--------------------------------------------------------------------------------------------------------------------------------------------------------------------------------------------------------
Epoch:[8/100], CauAdvLoss:[1.7794/0.2178], valid:[47.30], test:[67.80]
--------------------------------------------------------------------------------------------------------------------------------------------------------------------------------------------------------
Train Iter:[0  /563], CauLoss:[1.9803], AdvLoss:[0.3512]
Train Iter:[140/563], CauLoss:[1.7840], AdvLoss:[0.2485]
Train Iter:[280/563], CauLoss:[1.7968], AdvLoss:[0.3827]
Train Iter:[420/563], CauLoss:[1.7782], AdvLoss:[0.3176]
Train Iter:[560/563], CauLoss:[1.7690], AdvLoss:[0.2835]
--------------------------------------------------------------------------------------------------------------------------------------------------------------------------------------------------------
Epoch:[9/100], CauAdvLoss:[1.7676/0.2831], valid:[63.20], test:[69.20]
--------------------------------------------------------------------------------------------------------------------------------------------------------------------------------------------------------
Train Iter:[0  /563], CauLoss:[2.1345], AdvLoss:[0.4978]
Train Iter:[140/563], CauLoss:[1.7564], AdvLoss:[0.2073]
Train Iter:[280/563], CauLoss:[1.7686], AdvLoss:[0.3685]
Train Iter:[420/563], CauLoss:[1.7701], AdvLoss:[0.4983]
Train Iter:[560/563], CauLoss:[1.7658], AdvLoss:[0.9186]
--------------------------------------------------------------------------------------------------------------------------------------------------------------------------------------------------------
Epoch:[10/100], CauAdvLoss:[1.7666/0.9306], valid:[73.63], test:[60.17]
--------------------------------------------------------------------------------------------------------------------------------------------------------------------------------------------------------
Train Iter:[0  /563], CauLoss:[2.2599], AdvLoss:[4.9160]
Train Iter:[140/563], CauLoss:[1.7926], AdvLoss:[2.3158]
Train Iter:[280/563], CauLoss:[1.7779], AdvLoss:[2.6547]
Train Iter:[420/563], CauLoss:[1.7631], AdvLoss:[2.5708]
Train Iter:[560/563], CauLoss:[1.7630], AdvLoss:[2.6724]
--------------------------------------------------------------------------------------------------------------------------------------------------------------------------------------------------------
Epoch:[11/100], CauAdvLoss:[1.7622/2.6725], valid:[52.73], test:[69.57]
--------------------------------------------------------------------------------------------------------------------------------------------------------------------------------------------------------
Train Iter:[0  /563], CauLoss:[1.7238], AdvLoss:[3.3937]
Train Iter:[140/563], CauLoss:[1.7044], AdvLoss:[2.5742]
Train Iter:[280/563], CauLoss:[1.6991], AdvLoss:[2.7538]
Train Iter:[420/563], CauLoss:[1.7236], AdvLoss:[2.5406]
Train Iter:[560/563], CauLoss:[1.7358], AdvLoss:[2.5122]
--------------------------------------------------------------------------------------------------------------------------------------------------------------------------------------------------------
Epoch:[12/100], CauAdvLoss:[1.7367/2.5156], valid:[63.40], test:[67.47]
--------------------------------------------------------------------------------------------------------------------------------------------------------------------------------------------------------
Train Iter:[0  /563], CauLoss:[1.7287], AdvLoss:[3.0914]
Train Iter:[140/563], CauLoss:[1.7628], AdvLoss:[2.1628]
Train Iter:[280/563], CauLoss:[1.7479], AdvLoss:[2.3440]
Train Iter:[420/563], CauLoss:[1.7241], AdvLoss:[2.3756]
Train Iter:[560/563], CauLoss:[1.7244], AdvLoss:[2.2781]
--------------------------------------------------------------------------------------------------------------------------------------------------------------------------------------------------------
Epoch:[13/100], CauAdvLoss:[1.7255/2.2833], valid:[52.43], test:[66.83]
--------------------------------------------------------------------------------------------------------------------------------------------------------------------------------------------------------
Train Iter:[0  /563], CauLoss:[1.5326], AdvLoss:[2.8029]
Train Iter:[140/563], CauLoss:[1.7375], AdvLoss:[2.7878]
Train Iter:[280/563], CauLoss:[1.7280], AdvLoss:[2.6798]
Train Iter:[420/563], CauLoss:[1.7239], AdvLoss:[2.6725]
Train Iter:[560/563], CauLoss:[1.7328], AdvLoss:[2.5002]
--------------------------------------------------------------------------------------------------------------------------------------------------------------------------------------------------------
Epoch:[14/100], CauAdvLoss:[1.7323/2.4973], valid:[58.93], test:[64.73]
--------------------------------------------------------------------------------------------------------------------------------------------------------------------------------------------------------
Train Iter:[0  /563], CauLoss:[1.4887], AdvLoss:[1.2537]
Train Iter:[140/563], CauLoss:[1.7154], AdvLoss:[2.8165]
Train Iter:[280/563], CauLoss:[1.7280], AdvLoss:[2.4645]
Train Iter:[420/563], CauLoss:[1.7157], AdvLoss:[2.4778]
Train Iter:[560/563], CauLoss:[1.7249], AdvLoss:[2.3521]
--------------------------------------------------------------------------------------------------------------------------------------------------------------------------------------------------------
Epoch:[15/100], CauAdvLoss:[1.7239/2.3588], valid:[69.90], test:[63.97]
--------------------------------------------------------------------------------------------------------------------------------------------------------------------------------------------------------
Train Iter:[0  /563], CauLoss:[1.9828], AdvLoss:[3.9010]
Train Iter:[140/563], CauLoss:[1.7124], AdvLoss:[2.9819]
Train Iter:[280/563], CauLoss:[1.7025], AdvLoss:[2.9769]
Train Iter:[420/563], CauLoss:[1.7132], AdvLoss:[2.8811]
Train Iter:[560/563], CauLoss:[1.7269], AdvLoss:[2.8661]
--------------------------------------------------------------------------------------------------------------------------------------------------------------------------------------------------------
Epoch:[16/100], CauAdvLoss:[1.7264/2.8652], valid:[87.93], test:[53.77]
--------------------------------------------------------------------------------------------------------------------------------------------------------------------------------------------------------
Train Iter:[0  /563], CauLoss:[2.2739], AdvLoss:[2.4106]
Train Iter:[140/563], CauLoss:[1.7217], AdvLoss:[2.7516]
Train Iter:[280/563], CauLoss:[1.7244], AdvLoss:[2.6655]
Train Iter:[420/563], CauLoss:[1.7048], AdvLoss:[2.9682]
Train Iter:[560/563], CauLoss:[1.7228], AdvLoss:[3.0404]
--------------------------------------------------------------------------------------------------------------------------------------------------------------------------------------------------------
Epoch:[17/100], CauAdvLoss:[1.7232/3.0401], valid:[55.53], test:[55.57]
--------------------------------------------------------------------------------------------------------------------------------------------------------------------------------------------------------
Train Iter:[0  /563], CauLoss:[2.0154], AdvLoss:[3.3177]
Train Iter:[140/563], CauLoss:[1.6480], AdvLoss:[3.3517]
Train Iter:[280/563], CauLoss:[1.6822], AdvLoss:[3.2833]
Train Iter:[420/563], CauLoss:[1.7118], AdvLoss:[3.1626]
Train Iter:[560/563], CauLoss:[1.7137], AdvLoss:[3.2123]
--------------------------------------------------------------------------------------------------------------------------------------------------------------------------------------------------------
Epoch:[18/100], CauAdvLoss:[1.7137/3.2096], valid:[79.90], test:[70.60]
--------------------------------------------------------------------------------------------------------------------------------------------------------------------------------------------------------
Train Iter:[0  /563], CauLoss:[1.2381], AdvLoss:[2.6213]
Train Iter:[140/563], CauLoss:[1.7006], AdvLoss:[2.8591]
Train Iter:[280/563], CauLoss:[1.7009], AdvLoss:[2.7022]
Train Iter:[420/563], CauLoss:[1.7156], AdvLoss:[2.6100]
Train Iter:[560/563], CauLoss:[1.7162], AdvLoss:[2.6495]
--------------------------------------------------------------------------------------------------------------------------------------------------------------------------------------------------------
Epoch:[19/100], CauAdvLoss:[1.7152/2.6532], valid:[51.87], test:[62.67]
--------------------------------------------------------------------------------------------------------------------------------------------------------------------------------------------------------
Train Iter:[0  /563], CauLoss:[2.6073], AdvLoss:[4.4360]
Train Iter:[140/563], CauLoss:[1.6953], AdvLoss:[3.3415]
Train Iter:[280/563], CauLoss:[1.6801], AdvLoss:[3.1678]
Train Iter:[420/563], CauLoss:[1.7040], AdvLoss:[2.9492]
Train Iter:[560/563], CauLoss:[1.7032], AdvLoss:[2.8740]
--------------------------------------------------------------------------------------------------------------------------------------------------------------------------------------------------------
Epoch:[20/100], CauAdvLoss:[1.7044/2.8743], valid:[92.97], test:[69.13]
--------------------------------------------------------------------------------------------------------------------------------------------------------------------------------------------------------
Train Iter:[0  /563], CauLoss:[1.7855], AdvLoss:[4.2318]
Train Iter:[140/563], CauLoss:[1.7257], AdvLoss:[3.2513]
Train Iter:[280/563], CauLoss:[1.6992], AdvLoss:[3.3392]
Train Iter:[420/563], CauLoss:[1.6918], AdvLoss:[3.2636]
Train Iter:[560/563], CauLoss:[1.7056], AdvLoss:[3.3053]
--------------------------------------------------------------------------------------------------------------------------------------------------------------------------------------------------------
Epoch:[21/100], CauAdvLoss:[1.7046/3.3042], valid:[92.47], test:[65.57]
--------------------------------------------------------------------------------------------------------------------------------------------------------------------------------------------------------
Train Iter:[0  /563], CauLoss:[1.5982], AdvLoss:[2.7013]
Train Iter:[140/563], CauLoss:[1.6770], AdvLoss:[3.8138]
Train Iter:[280/563], CauLoss:[1.7076], AdvLoss:[3.4205]
Train Iter:[420/563], CauLoss:[1.7036], AdvLoss:[3.4300]
Train Iter:[560/563], CauLoss:[1.7034], AdvLoss:[3.6016]
--------------------------------------------------------------------------------------------------------------------------------------------------------------------------------------------------------
Epoch:[22/100], CauAdvLoss:[1.7040/3.6010], valid:[83.93], test:[65.27]
--------------------------------------------------------------------------------------------------------------------------------------------------------------------------------------------------------
Train Iter:[0  /563], CauLoss:[1.5602], AdvLoss:[4.9288]
Train Iter:[140/563], CauLoss:[1.6727], AdvLoss:[3.5106]
Train Iter:[280/563], CauLoss:[1.6948], AdvLoss:[3.4242]
Train Iter:[420/563], CauLoss:[1.6950], AdvLoss:[3.3185]
Train Iter:[560/563], CauLoss:[1.7012], AdvLoss:[3.3754]
--------------------------------------------------------------------------------------------------------------------------------------------------------------------------------------------------------
Epoch:[23/100], CauAdvLoss:[1.7010/3.3744], valid:[57.63], test:[60.87]
--------------------------------------------------------------------------------------------------------------------------------------------------------------------------------------------------------
Train Iter:[0  /563], CauLoss:[1.8168], AdvLoss:[3.5995]
Train Iter:[140/563], CauLoss:[1.6759], AdvLoss:[4.0219]
Train Iter:[280/563], CauLoss:[1.6958], AdvLoss:[3.8167]
Train Iter:[420/563], CauLoss:[1.7030], AdvLoss:[3.3987]
Train Iter:[560/563], CauLoss:[1.6973], AdvLoss:[3.1910]
--------------------------------------------------------------------------------------------------------------------------------------------------------------------------------------------------------
Epoch:[24/100], CauAdvLoss:[1.6975/3.1946], valid:[92.23], test:[71.47]
--------------------------------------------------------------------------------------------------------------------------------------------------------------------------------------------------------
Train Iter:[0  /563], CauLoss:[1.3308], AdvLoss:[3.7794]
Train Iter:[140/563], CauLoss:[1.7319], AdvLoss:[3.2122]
Train Iter:[280/563], CauLoss:[1.6862], AdvLoss:[3.1979]
Train Iter:[420/563], CauLoss:[1.6807], AdvLoss:[3.2374]
Train Iter:[560/563], CauLoss:[1.6968], AdvLoss:[3.1157]
--------------------------------------------------------------------------------------------------------------------------------------------------------------------------------------------------------
Epoch:[25/100], CauAdvLoss:[1.6964/3.1075], valid:[81.27], test:[61.40]
--------------------------------------------------------------------------------------------------------------------------------------------------------------------------------------------------------
Train Iter:[0  /563], CauLoss:[2.3251], AdvLoss:[1.6482]
Train Iter:[140/563], CauLoss:[1.7319], AdvLoss:[1.3624]
Train Iter:[280/563], CauLoss:[1.6939], AdvLoss:[1.4966]
Train Iter:[420/563], CauLoss:[1.6884], AdvLoss:[1.6504]
Train Iter:[560/563], CauLoss:[1.6958], AdvLoss:[1.8540]
--------------------------------------------------------------------------------------------------------------------------------------------------------------------------------------------------------
Epoch:[26/100], CauAdvLoss:[1.6967/1.8550], valid:[88.77], test:[68.63]
--------------------------------------------------------------------------------------------------------------------------------------------------------------------------------------------------------
Train Iter:[0  /563], CauLoss:[1.7366], AdvLoss:[3.6250]
Train Iter:[140/563], CauLoss:[1.7233], AdvLoss:[2.5161]
Train Iter:[280/563], CauLoss:[1.7191], AdvLoss:[2.4221]
Train Iter:[420/563], CauLoss:[1.7034], AdvLoss:[2.3661]
Train Iter:[560/563], CauLoss:[1.6917], AdvLoss:[2.3330]
--------------------------------------------------------------------------------------------------------------------------------------------------------------------------------------------------------
Epoch:[27/100], CauAdvLoss:[1.6928/2.3299], valid:[65.47], test:[67.20]
--------------------------------------------------------------------------------------------------------------------------------------------------------------------------------------------------------
Train Iter:[0  /563], CauLoss:[1.5454], AdvLoss:[1.9269]
Train Iter:[140/563], CauLoss:[1.6968], AdvLoss:[2.2523]
Train Iter:[280/563], CauLoss:[1.7049], AdvLoss:[2.3580]
Train Iter:[420/563], CauLoss:[1.6926], AdvLoss:[2.3221]
Train Iter:[560/563], CauLoss:[1.6927], AdvLoss:[2.3342]
--------------------------------------------------------------------------------------------------------------------------------------------------------------------------------------------------------
Epoch:[28/100], CauAdvLoss:[1.6914/2.3318], valid:[63.13], test:[68.27]
--------------------------------------------------------------------------------------------------------------------------------------------------------------------------------------------------------
Train Iter:[0  /563], CauLoss:[1.3852], AdvLoss:[1.8104]
Train Iter:[140/563], CauLoss:[1.6960], AdvLoss:[2.5212]
Train Iter:[280/563], CauLoss:[1.6952], AdvLoss:[2.4694]
Train Iter:[420/563], CauLoss:[1.6983], AdvLoss:[2.4328]
Train Iter:[560/563], CauLoss:[1.6962], AdvLoss:[2.5207]
--------------------------------------------------------------------------------------------------------------------------------------------------------------------------------------------------------
Epoch:[29/100], CauAdvLoss:[1.7021/2.5184], valid:[79.20], test:[71.90]
--------------------------------------------------------------------------------------------------------------------------------------------------------------------------------------------------------
Train Iter:[0  /563], CauLoss:[1.4693], AdvLoss:[1.0923]
Train Iter:[140/563], CauLoss:[1.7293], AdvLoss:[2.0330]
Train Iter:[280/563], CauLoss:[1.7029], AdvLoss:[2.1458]
Train Iter:[420/563], CauLoss:[1.7052], AdvLoss:[2.2173]
Train Iter:[560/563], CauLoss:[1.6936], AdvLoss:[2.2085]
--------------------------------------------------------------------------------------------------------------------------------------------------------------------------------------------------------
Epoch:[30/100], CauAdvLoss:[1.6925/2.2078], valid:[91.80], test:[64.70]
--------------------------------------------------------------------------------------------------------------------------------------------------------------------------------------------------------
Train Iter:[0  /563], CauLoss:[2.0629], AdvLoss:[2.0302]
Train Iter:[140/563], CauLoss:[1.6872], AdvLoss:[2.5960]
Train Iter:[280/563], CauLoss:[1.6744], AdvLoss:[2.4253]
Train Iter:[420/563], CauLoss:[1.6835], AdvLoss:[2.4093]
Train Iter:[560/563], CauLoss:[1.6838], AdvLoss:[2.4362]
--------------------------------------------------------------------------------------------------------------------------------------------------------------------------------------------------------
Epoch:[31/100], CauAdvLoss:[1.6821/2.4369], valid:[92.50], test:[65.43]
--------------------------------------------------------------------------------------------------------------------------------------------------------------------------------------------------------
Train Iter:[0  /563], CauLoss:[1.4377], AdvLoss:[3.0977]
Train Iter:[140/563], CauLoss:[1.6971], AdvLoss:[2.3452]
Train Iter:[280/563], CauLoss:[1.6892], AdvLoss:[2.5953]
Train Iter:[420/563], CauLoss:[1.6806], AdvLoss:[2.8836]
Train Iter:[560/563], CauLoss:[1.6838], AdvLoss:[2.6657]
--------------------------------------------------------------------------------------------------------------------------------------------------------------------------------------------------------
Epoch:[32/100], CauAdvLoss:[1.6850/2.6628], valid:[51.63], test:[68.93]
--------------------------------------------------------------------------------------------------------------------------------------------------------------------------------------------------------
Train Iter:[0  /563], CauLoss:[1.3113], AdvLoss:[2.2658]
Train Iter:[140/563], CauLoss:[1.7229], AdvLoss:[2.3469]
Train Iter:[280/563], CauLoss:[1.6960], AdvLoss:[2.6473]
Train Iter:[420/563], CauLoss:[1.6884], AdvLoss:[2.7070]
Train Iter:[560/563], CauLoss:[1.6831], AdvLoss:[2.8419]
--------------------------------------------------------------------------------------------------------------------------------------------------------------------------------------------------------
Epoch:[33/100], CauAdvLoss:[1.6851/2.8429], valid:[69.23], test:[69.97]
--------------------------------------------------------------------------------------------------------------------------------------------------------------------------------------------------------
Train Iter:[0  /563], CauLoss:[1.4927], AdvLoss:[3.4377]
Train Iter:[140/563], CauLoss:[1.6950], AdvLoss:[3.3071]
Train Iter:[280/563], CauLoss:[1.6828], AdvLoss:[3.3635]
Train Iter:[420/563], CauLoss:[1.6691], AdvLoss:[3.5635]
Train Iter:[560/563], CauLoss:[1.6778], AdvLoss:[3.6651]
--------------------------------------------------------------------------------------------------------------------------------------------------------------------------------------------------------
Epoch:[34/100], CauAdvLoss:[1.6786/3.6618], valid:[81.00], test:[65.40]
--------------------------------------------------------------------------------------------------------------------------------------------------------------------------------------------------------
Train Iter:[0  /563], CauLoss:[1.6719], AdvLoss:[2.6831]
Train Iter:[140/563], CauLoss:[1.6778], AdvLoss:[3.4777]
Train Iter:[280/563], CauLoss:[1.6613], AdvLoss:[3.4033]
Train Iter:[420/563], CauLoss:[1.6679], AdvLoss:[3.2975]
Train Iter:[560/563], CauLoss:[1.6751], AdvLoss:[3.2333]
--------------------------------------------------------------------------------------------------------------------------------------------------------------------------------------------------------
Epoch:[35/100], CauAdvLoss:[1.6741/3.2314], valid:[57.30], test:[60.40]
--------------------------------------------------------------------------------------------------------------------------------------------------------------------------------------------------------
Train Iter:[0  /563], CauLoss:[1.3968], AdvLoss:[2.8938]
Train Iter:[140/563], CauLoss:[1.6374], AdvLoss:[2.9295]
Train Iter:[280/563], CauLoss:[1.6945], AdvLoss:[2.8952]
Train Iter:[420/563], CauLoss:[1.6766], AdvLoss:[2.8585]
Train Iter:[560/563], CauLoss:[1.6759], AdvLoss:[2.9978]
--------------------------------------------------------------------------------------------------------------------------------------------------------------------------------------------------------
Epoch:[36/100], CauAdvLoss:[1.6764/3.0032], valid:[60.17], test:[73.60]
--------------------------------------------------------------------------------------------------------------------------------------------------------------------------------------------------------
Train Iter:[0  /563], CauLoss:[2.2300], AdvLoss:[5.3944]
Train Iter:[140/563], CauLoss:[1.6864], AdvLoss:[3.5596]
Train Iter:[280/563], CauLoss:[1.6902], AdvLoss:[3.3076]
Train Iter:[420/563], CauLoss:[1.6902], AdvLoss:[3.2848]
Train Iter:[560/563], CauLoss:[1.6798], AdvLoss:[3.4429]
--------------------------------------------------------------------------------------------------------------------------------------------------------------------------------------------------------
Epoch:[37/100], CauAdvLoss:[1.6804/3.4468], valid:[73.97], test:[76.37]
--------------------------------------------------------------------------------------------------------------------------------------------------------------------------------------------------------
Train Iter:[0  /563], CauLoss:[1.5123], AdvLoss:[4.2880]
Train Iter:[140/563], CauLoss:[1.6667], AdvLoss:[3.3250]
Train Iter:[280/563], CauLoss:[1.6622], AdvLoss:[3.5501]
Train Iter:[420/563], CauLoss:[1.6733], AdvLoss:[3.6896]
Train Iter:[560/563], CauLoss:[1.6759], AdvLoss:[3.6274]
--------------------------------------------------------------------------------------------------------------------------------------------------------------------------------------------------------
Epoch:[38/100], CauAdvLoss:[1.6763/3.6299], valid:[68.43], test:[75.43]
--------------------------------------------------------------------------------------------------------------------------------------------------------------------------------------------------------
Train Iter:[0  /563], CauLoss:[2.2509], AdvLoss:[4.9180]
Train Iter:[140/563], CauLoss:[1.6872], AdvLoss:[3.8727]
Train Iter:[280/563], CauLoss:[1.6884], AdvLoss:[3.9969]
Train Iter:[420/563], CauLoss:[1.6828], AdvLoss:[4.0326]
Train Iter:[560/563], CauLoss:[1.6716], AdvLoss:[3.9492]
--------------------------------------------------------------------------------------------------------------------------------------------------------------------------------------------------------
Epoch:[39/100], CauAdvLoss:[1.6727/3.9485], valid:[84.33], test:[73.93]
--------------------------------------------------------------------------------------------------------------------------------------------------------------------------------------------------------
Train Iter:[0  /563], CauLoss:[1.2651], AdvLoss:[4.2973]
Train Iter:[140/563], CauLoss:[1.6852], AdvLoss:[4.0025]
Train Iter:[280/563], CauLoss:[1.6752], AdvLoss:[4.1629]
Train Iter:[420/563], CauLoss:[1.6744], AdvLoss:[4.1691]
Train Iter:[560/563], CauLoss:[1.6693], AdvLoss:[4.1878]
--------------------------------------------------------------------------------------------------------------------------------------------------------------------------------------------------------
Epoch:[40/100], CauAdvLoss:[1.6674/4.1866], valid:[63.43], test:[70.00]
--------------------------------------------------------------------------------------------------------------------------------------------------------------------------------------------------------
Train Iter:[0  /563], CauLoss:[1.5336], AdvLoss:[4.1075]
Train Iter:[140/563], CauLoss:[1.6515], AdvLoss:[3.9150]
Train Iter:[280/563], CauLoss:[1.6839], AdvLoss:[4.1599]
Train Iter:[420/563], CauLoss:[1.6653], AdvLoss:[4.2049]
Train Iter:[560/563], CauLoss:[1.6720], AdvLoss:[4.0986]
--------------------------------------------------------------------------------------------------------------------------------------------------------------------------------------------------------
Epoch:[41/100], CauAdvLoss:[1.6717/4.1002], valid:[48.87], test:[73.57]
--------------------------------------------------------------------------------------------------------------------------------------------------------------------------------------------------------
Train Iter:[0  /563], CauLoss:[1.8569], AdvLoss:[3.9989]
Train Iter:[140/563], CauLoss:[1.6541], AdvLoss:[4.1734]
Train Iter:[280/563], CauLoss:[1.6745], AdvLoss:[4.1758]
Train Iter:[420/563], CauLoss:[1.6825], AdvLoss:[4.0727]
Train Iter:[560/563], CauLoss:[1.6689], AdvLoss:[4.1311]
--------------------------------------------------------------------------------------------------------------------------------------------------------------------------------------------------------
Epoch:[42/100], CauAdvLoss:[1.6707/4.1369], valid:[73.60], test:[76.30]
--------------------------------------------------------------------------------------------------------------------------------------------------------------------------------------------------------
Train Iter:[0  /563], CauLoss:[1.6624], AdvLoss:[5.2011]
Train Iter:[140/563], CauLoss:[1.6563], AdvLoss:[4.1488]
Train Iter:[280/563], CauLoss:[1.6394], AdvLoss:[3.9058]
Train Iter:[420/563], CauLoss:[1.6473], AdvLoss:[3.7401]
Train Iter:[560/563], CauLoss:[1.6623], AdvLoss:[3.9742]
--------------------------------------------------------------------------------------------------------------------------------------------------------------------------------------------------------
Epoch:[43/100], CauAdvLoss:[1.6640/3.9808], valid:[73.57], test:[74.70]
--------------------------------------------------------------------------------------------------------------------------------------------------------------------------------------------------------
Train Iter:[0  /563], CauLoss:[1.8542], AdvLoss:[5.2678]
Train Iter:[140/563], CauLoss:[1.6655], AdvLoss:[3.9105]
Train Iter:[280/563], CauLoss:[1.6597], AdvLoss:[3.9712]
Train Iter:[420/563], CauLoss:[1.6635], AdvLoss:[4.0399]
Train Iter:[560/563], CauLoss:[1.6613], AdvLoss:[4.1104]
--------------------------------------------------------------------------------------------------------------------------------------------------------------------------------------------------------
Epoch:[44/100], CauAdvLoss:[1.6603/4.1125], valid:[62.67], test:[77.20]
--------------------------------------------------------------------------------------------------------------------------------------------------------------------------------------------------------
Train Iter:[0  /563], CauLoss:[1.2279], AdvLoss:[5.6957]
Train Iter:[140/563], CauLoss:[1.6978], AdvLoss:[4.4946]
Train Iter:[280/563], CauLoss:[1.6683], AdvLoss:[4.4946]
Train Iter:[420/563], CauLoss:[1.6731], AdvLoss:[4.4756]
Train Iter:[560/563], CauLoss:[1.6647], AdvLoss:[4.3076]
--------------------------------------------------------------------------------------------------------------------------------------------------------------------------------------------------------
Epoch:[45/100], CauAdvLoss:[1.6659/4.3042], valid:[49.20], test:[77.20]
--------------------------------------------------------------------------------------------------------------------------------------------------------------------------------------------------------
Train Iter:[0  /563], CauLoss:[1.7996], AdvLoss:[4.4140]
Train Iter:[140/563], CauLoss:[1.6703], AdvLoss:[3.4953]
Train Iter:[280/563], CauLoss:[1.6808], AdvLoss:[3.8298]
Train Iter:[420/563], CauLoss:[1.6711], AdvLoss:[3.8422]
Train Iter:[560/563], CauLoss:[1.6620], AdvLoss:[3.7949]
--------------------------------------------------------------------------------------------------------------------------------------------------------------------------------------------------------
Epoch:[46/100], CauAdvLoss:[1.6603/3.7922], valid:[82.83], test:[74.73]
--------------------------------------------------------------------------------------------------------------------------------------------------------------------------------------------------------
Train Iter:[0  /563], CauLoss:[1.6637], AdvLoss:[2.9937]
Train Iter:[140/563], CauLoss:[1.6614], AdvLoss:[3.4597]
Train Iter:[280/563], CauLoss:[1.6612], AdvLoss:[3.6187]
Train Iter:[420/563], CauLoss:[1.6648], AdvLoss:[3.7372]
Train Iter:[560/563], CauLoss:[1.6614], AdvLoss:[3.8851]
--------------------------------------------------------------------------------------------------------------------------------------------------------------------------------------------------------
Epoch:[47/100], CauAdvLoss:[1.6627/3.8826], valid:[80.27], test:[71.37]
--------------------------------------------------------------------------------------------------------------------------------------------------------------------------------------------------------
Train Iter:[0  /563], CauLoss:[1.6582], AdvLoss:[2.3547]
Train Iter:[140/563], CauLoss:[1.6798], AdvLoss:[3.5071]
Train Iter:[280/563], CauLoss:[1.6670], AdvLoss:[3.4296]
Train Iter:[420/563], CauLoss:[1.6576], AdvLoss:[3.4643]
Train Iter:[560/563], CauLoss:[1.6620], AdvLoss:[3.5412]
--------------------------------------------------------------------------------------------------------------------------------------------------------------------------------------------------------
Epoch:[48/100], CauAdvLoss:[1.6622/3.5500], valid:[72.23], test:[74.93]
--------------------------------------------------------------------------------------------------------------------------------------------------------------------------------------------------------
Train Iter:[0  /563], CauLoss:[2.0828], AdvLoss:[4.6085]
Train Iter:[140/563], CauLoss:[1.6722], AdvLoss:[3.3625]
Train Iter:[280/563], CauLoss:[1.6517], AdvLoss:[3.1983]
Train Iter:[420/563], CauLoss:[1.6612], AdvLoss:[3.6385]
Train Iter:[560/563], CauLoss:[1.6586], AdvLoss:[3.8152]
--------------------------------------------------------------------------------------------------------------------------------------------------------------------------------------------------------
Epoch:[49/100], CauAdvLoss:[1.6588/3.8206], valid:[57.07], test:[74.50]
--------------------------------------------------------------------------------------------------------------------------------------------------------------------------------------------------------
Train Iter:[0  /563], CauLoss:[2.1165], AdvLoss:[5.7397]
Train Iter:[140/563], CauLoss:[1.6308], AdvLoss:[4.4885]
Train Iter:[280/563], CauLoss:[1.6451], AdvLoss:[4.5937]
Train Iter:[420/563], CauLoss:[1.6621], AdvLoss:[4.4546]
Train Iter:[560/563], CauLoss:[1.6607], AdvLoss:[4.3833]
--------------------------------------------------------------------------------------------------------------------------------------------------------------------------------------------------------
Epoch:[50/100], CauAdvLoss:[1.6597/4.3811], valid:[71.63], test:[74.93]
--------------------------------------------------------------------------------------------------------------------------------------------------------------------------------------------------------
Train Iter:[0  /563], CauLoss:[1.8562], AdvLoss:[4.2589]
Train Iter:[140/563], CauLoss:[1.6540], AdvLoss:[4.2381]
Train Iter:[280/563], CauLoss:[1.6719], AdvLoss:[4.3830]
Train Iter:[420/563], CauLoss:[1.6657], AdvLoss:[4.3094]
Train Iter:[560/563], CauLoss:[1.6583], AdvLoss:[4.1270]
--------------------------------------------------------------------------------------------------------------------------------------------------------------------------------------------------------
Epoch:[51/100], CauAdvLoss:[1.6595/4.1249], valid:[57.10], test:[69.20]
--------------------------------------------------------------------------------------------------------------------------------------------------------------------------------------------------------
Train Iter:[0  /563], CauLoss:[1.8914], AdvLoss:[4.4251]
Train Iter:[140/563], CauLoss:[1.6748], AdvLoss:[4.4095]
Train Iter:[280/563], CauLoss:[1.6576], AdvLoss:[4.4422]
Train Iter:[420/563], CauLoss:[1.6477], AdvLoss:[4.5855]
Train Iter:[560/563], CauLoss:[1.6585], AdvLoss:[4.6180]
--------------------------------------------------------------------------------------------------------------------------------------------------------------------------------------------------------
Epoch:[52/100], CauAdvLoss:[1.6578/4.6156], valid:[56.47], test:[74.00]
--------------------------------------------------------------------------------------------------------------------------------------------------------------------------------------------------------
Train Iter:[0  /563], CauLoss:[1.4068], AdvLoss:[4.1096]
Train Iter:[140/563], CauLoss:[1.6374], AdvLoss:[4.1981]
Train Iter:[280/563], CauLoss:[1.6597], AdvLoss:[4.1974]
Train Iter:[420/563], CauLoss:[1.6630], AdvLoss:[4.3144]
Train Iter:[560/563], CauLoss:[1.6566], AdvLoss:[4.3299]
--------------------------------------------------------------------------------------------------------------------------------------------------------------------------------------------------------
Epoch:[53/100], CauAdvLoss:[1.6585/4.3337], valid:[64.53], test:[69.47]
--------------------------------------------------------------------------------------------------------------------------------------------------------------------------------------------------------
Train Iter:[0  /563], CauLoss:[2.2189], AdvLoss:[4.2489]
Train Iter:[140/563], CauLoss:[1.6729], AdvLoss:[4.6814]
Train Iter:[280/563], CauLoss:[1.6645], AdvLoss:[4.9292]
Train Iter:[420/563], CauLoss:[1.6546], AdvLoss:[5.0657]
Train Iter:[560/563], CauLoss:[1.6559], AdvLoss:[4.9313]
--------------------------------------------------------------------------------------------------------------------------------------------------------------------------------------------------------
Epoch:[54/100], CauAdvLoss:[1.6553/4.9325], valid:[77.63], test:[71.70]
--------------------------------------------------------------------------------------------------------------------------------------------------------------------------------------------------------
Train Iter:[0  /563], CauLoss:[1.1477], AdvLoss:[4.8101]
Train Iter:[140/563], CauLoss:[1.6513], AdvLoss:[4.6996]
Train Iter:[280/563], CauLoss:[1.6536], AdvLoss:[4.4814]
Train Iter:[420/563], CauLoss:[1.6464], AdvLoss:[4.6481]
Train Iter:[560/563], CauLoss:[1.6540], AdvLoss:[4.8253]
--------------------------------------------------------------------------------------------------------------------------------------------------------------------------------------------------------
Epoch:[55/100], CauAdvLoss:[1.6539/4.8257], valid:[91.60], test:[71.60]
--------------------------------------------------------------------------------------------------------------------------------------------------------------------------------------------------------
Train Iter:[0  /563], CauLoss:[1.4353], AdvLoss:[4.5372]
Train Iter:[140/563], CauLoss:[1.6849], AdvLoss:[4.5657]
Train Iter:[280/563], CauLoss:[1.6602], AdvLoss:[4.6953]
Train Iter:[420/563], CauLoss:[1.6537], AdvLoss:[4.5469]
Train Iter:[560/563], CauLoss:[1.6555], AdvLoss:[4.6666]
--------------------------------------------------------------------------------------------------------------------------------------------------------------------------------------------------------
Epoch:[56/100], CauAdvLoss:[1.6555/4.6697], valid:[75.90], test:[74.13]
--------------------------------------------------------------------------------------------------------------------------------------------------------------------------------------------------------
Train Iter:[0  /563], CauLoss:[1.5034], AdvLoss:[5.7703]
Train Iter:[140/563], CauLoss:[1.6440], AdvLoss:[4.7134]
Train Iter:[280/563], CauLoss:[1.6442], AdvLoss:[4.5401]
Train Iter:[420/563], CauLoss:[1.6492], AdvLoss:[4.4012]
Train Iter:[560/563], CauLoss:[1.6528], AdvLoss:[4.2880]
--------------------------------------------------------------------------------------------------------------------------------------------------------------------------------------------------------
Epoch:[57/100], CauAdvLoss:[1.6511/4.2866], valid:[76.10], test:[75.17]
--------------------------------------------------------------------------------------------------------------------------------------------------------------------------------------------------------
Train Iter:[0  /563], CauLoss:[1.6547], AdvLoss:[5.5310]
Train Iter:[140/563], CauLoss:[1.6728], AdvLoss:[4.0733]
Train Iter:[280/563], CauLoss:[1.6542], AdvLoss:[4.1842]
Train Iter:[420/563], CauLoss:[1.6516], AdvLoss:[4.3739]
Train Iter:[560/563], CauLoss:[1.6528], AdvLoss:[4.5421]
--------------------------------------------------------------------------------------------------------------------------------------------------------------------------------------------------------
Epoch:[58/100], CauAdvLoss:[1.6520/4.5395], valid:[89.50], test:[72.00]
--------------------------------------------------------------------------------------------------------------------------------------------------------------------------------------------------------
Train Iter:[0  /563], CauLoss:[1.3451], AdvLoss:[5.3581]
Train Iter:[140/563], CauLoss:[1.6822], AdvLoss:[4.6667]
Train Iter:[280/563], CauLoss:[1.6600], AdvLoss:[4.6980]
Train Iter:[420/563], CauLoss:[1.6569], AdvLoss:[4.6492]
Train Iter:[560/563], CauLoss:[1.6518], AdvLoss:[4.5932]
--------------------------------------------------------------------------------------------------------------------------------------------------------------------------------------------------------
Epoch:[59/100], CauAdvLoss:[1.6537/4.5935], valid:[90.80], test:[72.83]
--------------------------------------------------------------------------------------------------------------------------------------------------------------------------------------------------------
Train Iter:[0  /563], CauLoss:[2.0960], AdvLoss:[5.6442]
Train Iter:[140/563], CauLoss:[1.6503], AdvLoss:[4.6063]
Train Iter:[280/563], CauLoss:[1.6418], AdvLoss:[4.9631]
Train Iter:[420/563], CauLoss:[1.6397], AdvLoss:[4.9412]
Train Iter:[560/563], CauLoss:[1.6458], AdvLoss:[4.9351]
--------------------------------------------------------------------------------------------------------------------------------------------------------------------------------------------------------
Epoch:[60/100], CauAdvLoss:[1.6467/4.9317], valid:[62.90], test:[76.33]
--------------------------------------------------------------------------------------------------------------------------------------------------------------------------------------------------------
Train Iter:[0  /563], CauLoss:[1.7264], AdvLoss:[5.2138]
Train Iter:[140/563], CauLoss:[1.6611], AdvLoss:[4.5689]
Train Iter:[280/563], CauLoss:[1.6546], AdvLoss:[4.6248]
Train Iter:[420/563], CauLoss:[1.6403], AdvLoss:[4.7422]
Train Iter:[560/563], CauLoss:[1.6452], AdvLoss:[4.7799]
--------------------------------------------------------------------------------------------------------------------------------------------------------------------------------------------------------
Epoch:[61/100], CauAdvLoss:[1.6445/4.7834], valid:[68.50], test:[74.47]
--------------------------------------------------------------------------------------------------------------------------------------------------------------------------------------------------------
Train Iter:[0  /563], CauLoss:[1.5074], AdvLoss:[5.3573]
Train Iter:[140/563], CauLoss:[1.6533], AdvLoss:[4.7650]
Train Iter:[280/563], CauLoss:[1.6535], AdvLoss:[4.4648]
Train Iter:[420/563], CauLoss:[1.6505], AdvLoss:[4.4423]
Train Iter:[560/563], CauLoss:[1.6511], AdvLoss:[4.4353]
--------------------------------------------------------------------------------------------------------------------------------------------------------------------------------------------------------
Epoch:[62/100], CauAdvLoss:[1.6511/4.4380], valid:[60.10], test:[76.07]
--------------------------------------------------------------------------------------------------------------------------------------------------------------------------------------------------------
Train Iter:[0  /563], CauLoss:[2.0156], AdvLoss:[4.4948]
Train Iter:[140/563], CauLoss:[1.6607], AdvLoss:[4.0273]
Train Iter:[280/563], CauLoss:[1.6616], AdvLoss:[4.1683]
Train Iter:[420/563], CauLoss:[1.6462], AdvLoss:[4.1488]
Train Iter:[560/563], CauLoss:[1.6421], AdvLoss:[4.3396]
--------------------------------------------------------------------------------------------------------------------------------------------------------------------------------------------------------
Epoch:[63/100], CauAdvLoss:[1.6425/4.3405], valid:[65.03], test:[74.00]
--------------------------------------------------------------------------------------------------------------------------------------------------------------------------------------------------------
Train Iter:[0  /563], CauLoss:[2.1045], AdvLoss:[5.7499]
Train Iter:[140/563], CauLoss:[1.6369], AdvLoss:[5.0145]
Train Iter:[280/563], CauLoss:[1.6516], AdvLoss:[4.5852]
Train Iter:[420/563], CauLoss:[1.6409], AdvLoss:[4.2907]
Train Iter:[560/563], CauLoss:[1.6454], AdvLoss:[4.2818]
--------------------------------------------------------------------------------------------------------------------------------------------------------------------------------------------------------
Epoch:[64/100], CauAdvLoss:[1.6466/4.2836], valid:[76.83], test:[71.23]
--------------------------------------------------------------------------------------------------------------------------------------------------------------------------------------------------------
Train Iter:[0  /563], CauLoss:[1.8041], AdvLoss:[4.2480]
Train Iter:[140/563], CauLoss:[1.6463], AdvLoss:[4.0447]
Train Iter:[280/563], CauLoss:[1.6408], AdvLoss:[4.1332]
Train Iter:[420/563], CauLoss:[1.6491], AdvLoss:[4.3217]
Train Iter:[560/563], CauLoss:[1.6513], AdvLoss:[4.3317]
--------------------------------------------------------------------------------------------------------------------------------------------------------------------------------------------------------
Epoch:[65/100], CauAdvLoss:[1.6520/4.3326], valid:[75.23], test:[76.10]
--------------------------------------------------------------------------------------------------------------------------------------------------------------------------------------------------------
Train Iter:[0  /563], CauLoss:[2.1573], AdvLoss:[3.9005]
Train Iter:[140/563], CauLoss:[1.6201], AdvLoss:[4.4592]
Train Iter:[280/563], CauLoss:[1.6480], AdvLoss:[4.1748]
Train Iter:[420/563], CauLoss:[1.6453], AdvLoss:[4.1669]
Train Iter:[560/563], CauLoss:[1.6422], AdvLoss:[4.2247]
--------------------------------------------------------------------------------------------------------------------------------------------------------------------------------------------------------
Epoch:[66/100], CauAdvLoss:[1.6421/4.2238], valid:[92.47], test:[75.13]
--------------------------------------------------------------------------------------------------------------------------------------------------------------------------------------------------------
Train Iter:[0  /563], CauLoss:[1.2485], AdvLoss:[2.2792]
Train Iter:[140/563], CauLoss:[1.6349], AdvLoss:[3.9588]
Train Iter:[280/563], CauLoss:[1.6434], AdvLoss:[3.9613]
Train Iter:[420/563], CauLoss:[1.6341], AdvLoss:[3.9656]
Train Iter:[560/563], CauLoss:[1.6430], AdvLoss:[4.1008]
--------------------------------------------------------------------------------------------------------------------------------------------------------------------------------------------------------
Epoch:[67/100], CauAdvLoss:[1.6420/4.0997], valid:[91.97], test:[72.67]
--------------------------------------------------------------------------------------------------------------------------------------------------------------------------------------------------------
Train Iter:[0  /563], CauLoss:[1.4993], AdvLoss:[5.0546]
Train Iter:[140/563], CauLoss:[1.6521], AdvLoss:[4.3711]
Train Iter:[280/563], CauLoss:[1.6367], AdvLoss:[4.5007]
Train Iter:[420/563], CauLoss:[1.6319], AdvLoss:[4.4616]
Train Iter:[560/563], CauLoss:[1.6390], AdvLoss:[4.4657]
--------------------------------------------------------------------------------------------------------------------------------------------------------------------------------------------------------
Epoch:[68/100], CauAdvLoss:[1.6387/4.4698], valid:[70.53], test:[74.03]
--------------------------------------------------------------------------------------------------------------------------------------------------------------------------------------------------------
Train Iter:[0  /563], CauLoss:[1.4280], AdvLoss:[5.6875]
Train Iter:[140/563], CauLoss:[1.6339], AdvLoss:[4.2741]
Train Iter:[280/563], CauLoss:[1.6484], AdvLoss:[4.4149]
Train Iter:[420/563], CauLoss:[1.6487], AdvLoss:[4.3941]
Train Iter:[560/563], CauLoss:[1.6410], AdvLoss:[4.4093]
--------------------------------------------------------------------------------------------------------------------------------------------------------------------------------------------------------
Epoch:[69/100], CauAdvLoss:[1.6423/4.4102], valid:[57.43], test:[74.20]
--------------------------------------------------------------------------------------------------------------------------------------------------------------------------------------------------------
Train Iter:[0  /563], CauLoss:[1.1996], AdvLoss:[6.4069]
Train Iter:[140/563], CauLoss:[1.6357], AdvLoss:[4.5591]
Train Iter:[280/563], CauLoss:[1.6199], AdvLoss:[4.4611]
Train Iter:[420/563], CauLoss:[1.6273], AdvLoss:[4.3643]
Train Iter:[560/563], CauLoss:[1.6392], AdvLoss:[4.3261]
--------------------------------------------------------------------------------------------------------------------------------------------------------------------------------------------------------
Epoch:[70/100], CauAdvLoss:[1.6386/4.3211], valid:[71.00], test:[73.27]
--------------------------------------------------------------------------------------------------------------------------------------------------------------------------------------------------------
Train Iter:[0  /563], CauLoss:[1.1933], AdvLoss:[3.0963]
Train Iter:[140/563], CauLoss:[1.6676], AdvLoss:[4.3258]
Train Iter:[280/563], CauLoss:[1.6509], AdvLoss:[4.4627]
Train Iter:[420/563], CauLoss:[1.6396], AdvLoss:[4.6588]
Train Iter:[560/563], CauLoss:[1.6361], AdvLoss:[4.6836]
--------------------------------------------------------------------------------------------------------------------------------------------------------------------------------------------------------
Epoch:[71/100], CauAdvLoss:[1.6350/4.6834], valid:[63.20], test:[73.70]
--------------------------------------------------------------------------------------------------------------------------------------------------------------------------------------------------------
Train Iter:[0  /563], CauLoss:[1.3051], AdvLoss:[3.5469]
Train Iter:[140/563], CauLoss:[1.6371], AdvLoss:[4.9562]
Train Iter:[280/563], CauLoss:[1.6368], AdvLoss:[5.0348]
Train Iter:[420/563], CauLoss:[1.6312], AdvLoss:[5.0971]
Train Iter:[560/563], CauLoss:[1.6376], AdvLoss:[4.8313]
--------------------------------------------------------------------------------------------------------------------------------------------------------------------------------------------------------
Epoch:[72/100], CauAdvLoss:[1.6383/4.8258], valid:[71.30], test:[72.60]
--------------------------------------------------------------------------------------------------------------------------------------------------------------------------------------------------------
Train Iter:[0  /563], CauLoss:[1.6100], AdvLoss:[2.9984]
Train Iter:[140/563], CauLoss:[1.6768], AdvLoss:[3.9405]
Train Iter:[280/563], CauLoss:[1.6441], AdvLoss:[4.2580]
Train Iter:[420/563], CauLoss:[1.6341], AdvLoss:[4.3376]
Train Iter:[560/563], CauLoss:[1.6355], AdvLoss:[4.4809]
--------------------------------------------------------------------------------------------------------------------------------------------------------------------------------------------------------
Epoch:[73/100], CauAdvLoss:[1.6339/4.4833], valid:[75.07], test:[71.30]
--------------------------------------------------------------------------------------------------------------------------------------------------------------------------------------------------------
Train Iter:[0  /563], CauLoss:[1.5867], AdvLoss:[5.0049]
Train Iter:[140/563], CauLoss:[1.6257], AdvLoss:[4.3481]
Train Iter:[280/563], CauLoss:[1.6271], AdvLoss:[4.6092]
Train Iter:[420/563], CauLoss:[1.6443], AdvLoss:[4.7041]
Train Iter:[560/563], CauLoss:[1.6369], AdvLoss:[4.6987]
--------------------------------------------------------------------------------------------------------------------------------------------------------------------------------------------------------
Epoch:[74/100], CauAdvLoss:[1.6372/4.7044], valid:[68.57], test:[73.03]
--------------------------------------------------------------------------------------------------------------------------------------------------------------------------------------------------------
Train Iter:[0  /563], CauLoss:[1.6691], AdvLoss:[5.8213]
Train Iter:[140/563], CauLoss:[1.6380], AdvLoss:[5.0637]
Train Iter:[280/563], CauLoss:[1.6365], AdvLoss:[4.9719]
Train Iter:[420/563], CauLoss:[1.6370], AdvLoss:[4.9375]
Train Iter:[560/563], CauLoss:[1.6349], AdvLoss:[4.8858]
--------------------------------------------------------------------------------------------------------------------------------------------------------------------------------------------------------
Epoch:[75/100], CauAdvLoss:[1.6355/4.8847], valid:[67.70], test:[72.67]
--------------------------------------------------------------------------------------------------------------------------------------------------------------------------------------------------------
Train Iter:[0  /563], CauLoss:[1.6665], AdvLoss:[3.7803]
Train Iter:[140/563], CauLoss:[1.5927], AdvLoss:[4.3769]
Train Iter:[280/563], CauLoss:[1.6209], AdvLoss:[4.5389]
Train Iter:[420/563], CauLoss:[1.6271], AdvLoss:[4.4902]
Train Iter:[560/563], CauLoss:[1.6340], AdvLoss:[4.3999]
--------------------------------------------------------------------------------------------------------------------------------------------------------------------------------------------------------
Epoch:[76/100], CauAdvLoss:[1.6335/4.3949], valid:[92.33], test:[70.20]
--------------------------------------------------------------------------------------------------------------------------------------------------------------------------------------------------------
Train Iter:[0  /563], CauLoss:[1.3722], AdvLoss:[4.5523]
Train Iter:[140/563], CauLoss:[1.6427], AdvLoss:[4.3174]
Train Iter:[280/563], CauLoss:[1.6455], AdvLoss:[4.3405]
Train Iter:[420/563], CauLoss:[1.6404], AdvLoss:[4.4227]
Train Iter:[560/563], CauLoss:[1.6331], AdvLoss:[4.5116]
--------------------------------------------------------------------------------------------------------------------------------------------------------------------------------------------------------
Epoch:[77/100], CauAdvLoss:[1.6330/4.5156], valid:[59.60], test:[74.13]
--------------------------------------------------------------------------------------------------------------------------------------------------------------------------------------------------------
Train Iter:[0  /563], CauLoss:[1.4161], AdvLoss:[4.9672]
Train Iter:[140/563], CauLoss:[1.6370], AdvLoss:[4.8634]
Train Iter:[280/563], CauLoss:[1.6267], AdvLoss:[4.8400]
Train Iter:[420/563], CauLoss:[1.6288], AdvLoss:[4.9224]
Train Iter:[560/563], CauLoss:[1.6360], AdvLoss:[4.8232]
--------------------------------------------------------------------------------------------------------------------------------------------------------------------------------------------------------
Epoch:[78/100], CauAdvLoss:[1.6361/4.8236], valid:[59.63], test:[73.33]
--------------------------------------------------------------------------------------------------------------------------------------------------------------------------------------------------------
Train Iter:[0  /563], CauLoss:[2.7984], AdvLoss:[6.2164]
Train Iter:[140/563], CauLoss:[1.6495], AdvLoss:[4.6094]
Train Iter:[280/563], CauLoss:[1.6296], AdvLoss:[4.6598]
Train Iter:[420/563], CauLoss:[1.6217], AdvLoss:[4.6060]
Train Iter:[560/563], CauLoss:[1.6293], AdvLoss:[4.6072]
--------------------------------------------------------------------------------------------------------------------------------------------------------------------------------------------------------
Epoch:[79/100], CauAdvLoss:[1.6291/4.6066], valid:[59.87], test:[73.00]
--------------------------------------------------------------------------------------------------------------------------------------------------------------------------------------------------------
Train Iter:[0  /563], CauLoss:[1.6244], AdvLoss:[4.5420]
Train Iter:[140/563], CauLoss:[1.6282], AdvLoss:[4.6773]
Train Iter:[280/563], CauLoss:[1.6269], AdvLoss:[4.5283]
Train Iter:[420/563], CauLoss:[1.6320], AdvLoss:[4.5739]
Train Iter:[560/563], CauLoss:[1.6313], AdvLoss:[4.6707]
--------------------------------------------------------------------------------------------------------------------------------------------------------------------------------------------------------
Epoch:[80/100], CauAdvLoss:[1.6307/4.6692], valid:[51.87], test:[71.93]
--------------------------------------------------------------------------------------------------------------------------------------------------------------------------------------------------------
Train Iter:[0  /563], CauLoss:[1.6528], AdvLoss:[4.0519]
Train Iter:[140/563], CauLoss:[1.5953], AdvLoss:[4.6812]
Train Iter:[280/563], CauLoss:[1.6155], AdvLoss:[4.6524]
Train Iter:[420/563], CauLoss:[1.6214], AdvLoss:[4.6522]
Train Iter:[560/563], CauLoss:[1.6354], AdvLoss:[4.6076]
--------------------------------------------------------------------------------------------------------------------------------------------------------------------------------------------------------
Epoch:[81/100], CauAdvLoss:[1.6373/4.6093], valid:[64.83], test:[75.13]
--------------------------------------------------------------------------------------------------------------------------------------------------------------------------------------------------------
Train Iter:[0  /563], CauLoss:[1.3764], AdvLoss:[4.3459]
Train Iter:[140/563], CauLoss:[1.6586], AdvLoss:[4.7680]
Train Iter:[280/563], CauLoss:[1.6313], AdvLoss:[4.6014]
Train Iter:[420/563], CauLoss:[1.6515], AdvLoss:[4.5952]
Train Iter:[560/563], CauLoss:[1.6336], AdvLoss:[4.6102]
--------------------------------------------------------------------------------------------------------------------------------------------------------------------------------------------------------
Epoch:[82/100], CauAdvLoss:[1.6339/4.6112], valid:[71.07], test:[72.93]
--------------------------------------------------------------------------------------------------------------------------------------------------------------------------------------------------------
Train Iter:[0  /563], CauLoss:[1.4260], AdvLoss:[5.1550]
Train Iter:[140/563], CauLoss:[1.6442], AdvLoss:[4.9699]
Train Iter:[280/563], CauLoss:[1.6383], AdvLoss:[4.8315]
Train Iter:[420/563], CauLoss:[1.6167], AdvLoss:[4.9268]
Train Iter:[560/563], CauLoss:[1.6284], AdvLoss:[4.9106]
--------------------------------------------------------------------------------------------------------------------------------------------------------------------------------------------------------
Epoch:[83/100], CauAdvLoss:[1.6306/4.9085], valid:[70.83], test:[73.50]
--------------------------------------------------------------------------------------------------------------------------------------------------------------------------------------------------------
Train Iter:[0  /563], CauLoss:[1.3026], AdvLoss:[3.8472]
Train Iter:[140/563], CauLoss:[1.6046], AdvLoss:[4.9149]
Train Iter:[280/563], CauLoss:[1.6302], AdvLoss:[4.8643]
Train Iter:[420/563], CauLoss:[1.6330], AdvLoss:[4.8256]
Train Iter:[560/563], CauLoss:[1.6347], AdvLoss:[4.7983]
--------------------------------------------------------------------------------------------------------------------------------------------------------------------------------------------------------
Epoch:[84/100], CauAdvLoss:[1.6334/4.7980], valid:[70.83], test:[74.37]
--------------------------------------------------------------------------------------------------------------------------------------------------------------------------------------------------------
Train Iter:[0  /563], CauLoss:[2.0397], AdvLoss:[6.4997]
Train Iter:[140/563], CauLoss:[1.5906], AdvLoss:[4.6789]
Train Iter:[280/563], CauLoss:[1.6157], AdvLoss:[4.7597]
Train Iter:[420/563], CauLoss:[1.6182], AdvLoss:[4.6705]
Train Iter:[560/563], CauLoss:[1.6327], AdvLoss:[4.6547]
--------------------------------------------------------------------------------------------------------------------------------------------------------------------------------------------------------
Epoch:[85/100], CauAdvLoss:[1.6314/4.6575], valid:[67.97], test:[75.17]
--------------------------------------------------------------------------------------------------------------------------------------------------------------------------------------------------------
Train Iter:[0  /563], CauLoss:[1.1360], AdvLoss:[4.6479]
Train Iter:[140/563], CauLoss:[1.5980], AdvLoss:[4.4406]
Train Iter:[280/563], CauLoss:[1.6202], AdvLoss:[4.4755]
Train Iter:[420/563], CauLoss:[1.6360], AdvLoss:[4.5380]
Train Iter:[560/563], CauLoss:[1.6253], AdvLoss:[4.5714]
--------------------------------------------------------------------------------------------------------------------------------------------------------------------------------------------------------
Epoch:[86/100], CauAdvLoss:[1.6256/4.5732], valid:[70.83], test:[74.80]
--------------------------------------------------------------------------------------------------------------------------------------------------------------------------------------------------------
Train Iter:[0  /563], CauLoss:[1.3974], AdvLoss:[5.0959]
Train Iter:[140/563], CauLoss:[1.6394], AdvLoss:[4.5341]
Train Iter:[280/563], CauLoss:[1.6274], AdvLoss:[4.6470]
Train Iter:[420/563], CauLoss:[1.6356], AdvLoss:[4.6134]
Train Iter:[560/563], CauLoss:[1.6328], AdvLoss:[4.5921]
--------------------------------------------------------------------------------------------------------------------------------------------------------------------------------------------------------
Epoch:[87/100], CauAdvLoss:[1.6343/4.5921], valid:[83.37], test:[73.10]
--------------------------------------------------------------------------------------------------------------------------------------------------------------------------------------------------------
Train Iter:[0  /563], CauLoss:[2.0546], AdvLoss:[5.0917]
Train Iter:[140/563], CauLoss:[1.6129], AdvLoss:[4.6586]
Train Iter:[280/563], CauLoss:[1.6266], AdvLoss:[4.5783]
Train Iter:[420/563], CauLoss:[1.6242], AdvLoss:[4.5761]
Train Iter:[560/563], CauLoss:[1.6242], AdvLoss:[4.5343]
--------------------------------------------------------------------------------------------------------------------------------------------------------------------------------------------------------
Epoch:[88/100], CauAdvLoss:[1.6245/4.5376], valid:[85.00], test:[75.67]
--------------------------------------------------------------------------------------------------------------------------------------------------------------------------------------------------------
Train Iter:[0  /563], CauLoss:[1.2054], AdvLoss:[3.5118]
Train Iter:[140/563], CauLoss:[1.6336], AdvLoss:[4.6886]
Train Iter:[280/563], CauLoss:[1.6234], AdvLoss:[4.6315]
Train Iter:[420/563], CauLoss:[1.6330], AdvLoss:[4.5585]
Train Iter:[560/563], CauLoss:[1.6265], AdvLoss:[4.6635]
--------------------------------------------------------------------------------------------------------------------------------------------------------------------------------------------------------
Epoch:[89/100], CauAdvLoss:[1.6269/4.6660], valid:[70.40], test:[73.87]
--------------------------------------------------------------------------------------------------------------------------------------------------------------------------------------------------------
Train Iter:[0  /563], CauLoss:[1.5080], AdvLoss:[3.9009]
Train Iter:[140/563], CauLoss:[1.6101], AdvLoss:[5.0915]
Train Iter:[280/563], CauLoss:[1.6102], AdvLoss:[4.9486]
Train Iter:[420/563], CauLoss:[1.6183], AdvLoss:[4.9792]
Train Iter:[560/563], CauLoss:[1.6278], AdvLoss:[4.9391]
--------------------------------------------------------------------------------------------------------------------------------------------------------------------------------------------------------
Epoch:[90/100], CauAdvLoss:[1.6285/4.9372], valid:[76.07], test:[73.17]
--------------------------------------------------------------------------------------------------------------------------------------------------------------------------------------------------------
Train Iter:[0  /563], CauLoss:[1.4440], AdvLoss:[5.2263]
Train Iter:[140/563], CauLoss:[1.6107], AdvLoss:[4.7393]
Train Iter:[280/563], CauLoss:[1.6323], AdvLoss:[4.7127]
Train Iter:[420/563], CauLoss:[1.6351], AdvLoss:[4.7536]
Train Iter:[560/563], CauLoss:[1.6321], AdvLoss:[4.7405]
--------------------------------------------------------------------------------------------------------------------------------------------------------------------------------------------------------
Epoch:[91/100], CauAdvLoss:[1.6318/4.7417], valid:[57.67], test:[74.07]
--------------------------------------------------------------------------------------------------------------------------------------------------------------------------------------------------------
Train Iter:[0  /563], CauLoss:[1.6063], AdvLoss:[4.3817]
Train Iter:[140/563], CauLoss:[1.6108], AdvLoss:[4.8020]
Train Iter:[280/563], CauLoss:[1.6090], AdvLoss:[4.7941]
Train Iter:[420/563], CauLoss:[1.6210], AdvLoss:[4.7537]
Train Iter:[560/563], CauLoss:[1.6254], AdvLoss:[4.7359]
--------------------------------------------------------------------------------------------------------------------------------------------------------------------------------------------------------
Epoch:[92/100], CauAdvLoss:[1.6258/4.7345], valid:[57.67], test:[73.07]
--------------------------------------------------------------------------------------------------------------------------------------------------------------------------------------------------------
Train Iter:[0  /563], CauLoss:[1.9421], AdvLoss:[6.0755]
Train Iter:[140/563], CauLoss:[1.6274], AdvLoss:[4.6488]
Train Iter:[280/563], CauLoss:[1.6286], AdvLoss:[4.7682]
Train Iter:[420/563], CauLoss:[1.6375], AdvLoss:[4.7588]
Train Iter:[560/563], CauLoss:[1.6279], AdvLoss:[4.6988]
--------------------------------------------------------------------------------------------------------------------------------------------------------------------------------------------------------
Epoch:[93/100], CauAdvLoss:[1.6282/4.6970], valid:[60.70], test:[74.93]
--------------------------------------------------------------------------------------------------------------------------------------------------------------------------------------------------------
Train Iter:[0  /563], CauLoss:[1.7291], AdvLoss:[5.0243]
Train Iter:[140/563], CauLoss:[1.6221], AdvLoss:[4.7508]
Train Iter:[280/563], CauLoss:[1.6066], AdvLoss:[4.6955]
Train Iter:[420/563], CauLoss:[1.6147], AdvLoss:[4.6911]
Train Iter:[560/563], CauLoss:[1.6258], AdvLoss:[4.6356]
--------------------------------------------------------------------------------------------------------------------------------------------------------------------------------------------------------
Epoch:[94/100], CauAdvLoss:[1.6258/4.6414], valid:[71.53], test:[75.30]
--------------------------------------------------------------------------------------------------------------------------------------------------------------------------------------------------------
Train Iter:[0  /563], CauLoss:[1.6611], AdvLoss:[4.8761]
Train Iter:[140/563], CauLoss:[1.6586], AdvLoss:[4.6767]
Train Iter:[280/563], CauLoss:[1.6473], AdvLoss:[4.5675]
Train Iter:[420/563], CauLoss:[1.6387], AdvLoss:[4.5748]
Train Iter:[560/563], CauLoss:[1.6291], AdvLoss:[4.6173]
--------------------------------------------------------------------------------------------------------------------------------------------------------------------------------------------------------
Epoch:[95/100], CauAdvLoss:[1.6287/4.6166], valid:[60.47], test:[73.80]
--------------------------------------------------------------------------------------------------------------------------------------------------------------------------------------------------------
Train Iter:[0  /563], CauLoss:[1.4406], AdvLoss:[5.8924]
Train Iter:[140/563], CauLoss:[1.6184], AdvLoss:[4.7329]
Train Iter:[280/563], CauLoss:[1.6031], AdvLoss:[4.6941]
Train Iter:[420/563], CauLoss:[1.6092], AdvLoss:[4.6884]
Train Iter:[560/563], CauLoss:[1.6272], AdvLoss:[4.6828]
--------------------------------------------------------------------------------------------------------------------------------------------------------------------------------------------------------
Epoch:[96/100], CauAdvLoss:[1.6272/4.6813], valid:[63.20], test:[74.87]
--------------------------------------------------------------------------------------------------------------------------------------------------------------------------------------------------------
Train Iter:[0  /563], CauLoss:[1.7156], AdvLoss:[3.7531]
Train Iter:[140/563], CauLoss:[1.6337], AdvLoss:[4.5090]
Train Iter:[280/563], CauLoss:[1.6308], AdvLoss:[4.6070]
Train Iter:[420/563], CauLoss:[1.6268], AdvLoss:[4.6214]
Train Iter:[560/563], CauLoss:[1.6267], AdvLoss:[4.6554]
--------------------------------------------------------------------------------------------------------------------------------------------------------------------------------------------------------
Epoch:[97/100], CauAdvLoss:[1.6254/4.6540], valid:[65.63], test:[73.30]
--------------------------------------------------------------------------------------------------------------------------------------------------------------------------------------------------------
Train Iter:[0  /563], CauLoss:[1.5288], AdvLoss:[3.5119]
Train Iter:[140/563], CauLoss:[1.6499], AdvLoss:[4.7184]
Train Iter:[280/563], CauLoss:[1.6572], AdvLoss:[4.6022]
Train Iter:[420/563], CauLoss:[1.6320], AdvLoss:[4.6041]
Train Iter:[560/563], CauLoss:[1.6280], AdvLoss:[4.6446]
--------------------------------------------------------------------------------------------------------------------------------------------------------------------------------------------------------
Epoch:[98/100], CauAdvLoss:[1.6286/4.6458], valid:[66.33], test:[74.83]
--------------------------------------------------------------------------------------------------------------------------------------------------------------------------------------------------------
Train Iter:[0  /563], CauLoss:[1.7083], AdvLoss:[5.2230]
Train Iter:[140/563], CauLoss:[1.6242], AdvLoss:[4.7548]
Train Iter:[280/563], CauLoss:[1.6255], AdvLoss:[4.7748]
Train Iter:[420/563], CauLoss:[1.6276], AdvLoss:[4.7003]
Train Iter:[560/563], CauLoss:[1.6234], AdvLoss:[4.6546]
--------------------------------------------------------------------------------------------------------------------------------------------------------------------------------------------------------
Epoch:[99/100], CauAdvLoss:[1.6233/4.6503], valid:[65.63], test:[73.33]
--------------------------------------------------------------------------------------------------------------------------------------------------------------------------------------------------------
Train Iter:[0  /563], CauLoss:[1.2142], AdvLoss:[5.5824]
Train Iter:[140/563], CauLoss:[1.6282], AdvLoss:[4.7167]
Train Iter:[280/563], CauLoss:[1.6234], AdvLoss:[4.7087]
Train Iter:[420/563], CauLoss:[1.6315], AdvLoss:[4.6566]
Train Iter:[560/563], CauLoss:[1.6304], AdvLoss:[4.6604]
--------------------------------------------------------------------------------------------------------------------------------------------------------------------------------------------------------
Epoch:[100/100], CauAdvLoss:[1.6301/4.6612], valid:[65.63], test:[73.97]
--------------------------------------------------------------------------------------------------------------------------------------------------------------------------------------------------------
Update test:[70.20] at epoch:[76] | Total time:00:28:19
finall: Test ACC CAU: [72.84±1.81]
