/opt/conda/envs/aia310/lib/python3.10/site-packages/outdated/__init__.py:36: UserWarning: pkg_resources is deprecated as an API. See https://setuptools.pypa.io/en/latest/pkg_resources.html. The pkg_resources package is slated for removal as early as 2025-11-30. Refrain from using this package or pin to Setuptools<81.
  from pkg_resources import parse_version
data_dir.................................................................dataset
ckpt............................................................................
seed.........................................................................666
test_epoch....................................................................70
cau_gamma....................................................................0.5
adv_gamma....................................................................1.0
adv_gamma_edge...............................................................0.8
adv_dis......................................................................0.2
adv_reg......................................................................0.5
cau_reg......................................................................1.0
causaler_time..................................................................1
attacker_time..................................................................1
epochs.......................................................................100
the............................................................................0
lr_decay......................................................................30
lr_gamma.....................................................................0.1
lr_scheduler.................................................................cos
milestones..........................................................[40, 60, 80]
causaler_lr................................................................0.001
attacker_lr................................................................0.005
l2reg......................................................................5e-06
device.........................................................................0
domain......................................................................size
batch_size....................................................................32
dataset....................................................................motif
trails........................................................................10

/workspace/AIA/Motif/GOOD/data/good_datasets/good_motif.py:428: UserWarning: It is not recommended to directly access the internal storage format `data` of an 'InMemoryDataset'. The data of the dataset is already cached, so any modifications to `data` will not be reflected when accessing its elements. Clearing the cache now by removing all elements in `dataset._data_list`. If you are absolutely certain what you are doing, access the internal storage via `InMemoryDataset._data` instead to suppress this warning. Alternatively, you can access stacked individual attributes of every graph via `dataset.{attr_name}`.
  meta_info.num_envs = torch.unique(train_dataset.data.env_id).shape[0]
/workspace/AIA/Motif/GOOD/data/good_datasets/good_motif.py:436: UserWarning: It is not recommended to directly access the internal storage format `data` of an 'InMemoryDataset'. If you are absolutely certain what you are doing, access the internal storage via `InMemoryDataset._data` instead to suppress this warning. Alternatively, you can access stacked individual attributes of every graph via `dataset.{attr_name}`.
  meta_info.num_classes = torch.unique(train_dataset.data.y).shape[0]
Train Iter:[0  /563], CauLoss:[3.4143], AdvLoss:[0.5700]
Train Iter:[140/563], CauLoss:[2.8220], AdvLoss:[-0.0346]
Train Iter:[280/563], CauLoss:[2.6016], AdvLoss:[0.2815]
Train Iter:[420/563], CauLoss:[2.4504], AdvLoss:[0.4747]
Train Iter:[560/563], CauLoss:[2.3752], AdvLoss:[0.5556]
--------------------------------------------------------------------------------------------------------------------------------------------------------------------------------------------------------
Epoch:[1/100], CauAdvLoss:[2.3758/0.5559], valid:[57.13], test:[49.73]
--------------------------------------------------------------------------------------------------------------------------------------------------------------------------------------------------------
Train Iter:[0  /563], CauLoss:[1.5948], AdvLoss:[1.0290]
Train Iter:[140/563], CauLoss:[2.1061], AdvLoss:[0.8915]
Train Iter:[280/563], CauLoss:[2.0754], AdvLoss:[0.8665]
Train Iter:[420/563], CauLoss:[2.0619], AdvLoss:[0.8655]
Train Iter:[560/563], CauLoss:[2.0603], AdvLoss:[0.8685]
--------------------------------------------------------------------------------------------------------------------------------------------------------------------------------------------------------
Epoch:[2/100], CauAdvLoss:[2.0612/0.8685], valid:[61.33], test:[41.07]
--------------------------------------------------------------------------------------------------------------------------------------------------------------------------------------------------------
Train Iter:[0  /563], CauLoss:[1.6203], AdvLoss:[1.1478]
Train Iter:[140/563], CauLoss:[2.0474], AdvLoss:[0.8558]
Train Iter:[280/563], CauLoss:[2.0353], AdvLoss:[0.8382]
Train Iter:[420/563], CauLoss:[2.0322], AdvLoss:[0.8780]
Train Iter:[560/563], CauLoss:[2.0226], AdvLoss:[0.8486]
--------------------------------------------------------------------------------------------------------------------------------------------------------------------------------------------------------
Epoch:[3/100], CauAdvLoss:[2.0228/0.8479], valid:[50.90], test:[44.40]
--------------------------------------------------------------------------------------------------------------------------------------------------------------------------------------------------------
Train Iter:[0  /563], CauLoss:[1.8739], AdvLoss:[0.8119]
Train Iter:[140/563], CauLoss:[1.9791], AdvLoss:[0.9530]
Train Iter:[280/563], CauLoss:[1.9736], AdvLoss:[0.9853]
Train Iter:[420/563], CauLoss:[1.9887], AdvLoss:[0.9577]
Train Iter:[560/563], CauLoss:[1.9901], AdvLoss:[0.9623]
--------------------------------------------------------------------------------------------------------------------------------------------------------------------------------------------------------
Epoch:[4/100], CauAdvLoss:[1.9900/0.9619], valid:[68.27], test:[37.23]
--------------------------------------------------------------------------------------------------------------------------------------------------------------------------------------------------------
Train Iter:[0  /563], CauLoss:[2.0229], AdvLoss:[0.8385]
Train Iter:[140/563], CauLoss:[1.9589], AdvLoss:[0.8886]
Train Iter:[280/563], CauLoss:[1.9774], AdvLoss:[0.8475]
Train Iter:[420/563], CauLoss:[1.9525], AdvLoss:[0.8286]
Train Iter:[560/563], CauLoss:[1.9509], AdvLoss:[0.8188]
--------------------------------------------------------------------------------------------------------------------------------------------------------------------------------------------------------
Epoch:[5/100], CauAdvLoss:[1.9496/0.8177], valid:[57.07], test:[48.63]
--------------------------------------------------------------------------------------------------------------------------------------------------------------------------------------------------------
Train Iter:[0  /563], CauLoss:[1.7774], AdvLoss:[0.7483]
Train Iter:[140/563], CauLoss:[1.9704], AdvLoss:[0.8118]
Train Iter:[280/563], CauLoss:[1.9389], AdvLoss:[0.8265]
Train Iter:[420/563], CauLoss:[1.9355], AdvLoss:[0.8115]
Train Iter:[560/563], CauLoss:[1.9397], AdvLoss:[0.9041]
--------------------------------------------------------------------------------------------------------------------------------------------------------------------------------------------------------
Epoch:[6/100], CauAdvLoss:[1.9398/0.9047], valid:[74.60], test:[51.13]
--------------------------------------------------------------------------------------------------------------------------------------------------------------------------------------------------------
Train Iter:[0  /563], CauLoss:[2.0590], AdvLoss:[1.8160]
Train Iter:[140/563], CauLoss:[1.9101], AdvLoss:[1.5787]
Train Iter:[280/563], CauLoss:[1.9156], AdvLoss:[1.5603]
Train Iter:[420/563], CauLoss:[1.9269], AdvLoss:[1.4815]
Train Iter:[560/563], CauLoss:[1.9256], AdvLoss:[1.4422]
--------------------------------------------------------------------------------------------------------------------------------------------------------------------------------------------------------
Epoch:[7/100], CauAdvLoss:[1.9249/1.4414], valid:[70.00], test:[37.50]
--------------------------------------------------------------------------------------------------------------------------------------------------------------------------------------------------------
Train Iter:[0  /563], CauLoss:[2.1397], AdvLoss:[0.9278]
Train Iter:[140/563], CauLoss:[1.9138], AdvLoss:[1.4311]
Train Iter:[280/563], CauLoss:[1.9153], AdvLoss:[1.4356]
Train Iter:[420/563], CauLoss:[1.9069], AdvLoss:[1.3782]
Train Iter:[560/563], CauLoss:[1.9246], AdvLoss:[1.3985]
--------------------------------------------------------------------------------------------------------------------------------------------------------------------------------------------------------
Epoch:[8/100], CauAdvLoss:[1.9244/1.3958], valid:[59.50], test:[49.13]
--------------------------------------------------------------------------------------------------------------------------------------------------------------------------------------------------------
Train Iter:[0  /563], CauLoss:[1.3279], AdvLoss:[0.6766]
Train Iter:[140/563], CauLoss:[1.9108], AdvLoss:[1.6569]
Train Iter:[280/563], CauLoss:[1.9099], AdvLoss:[1.6242]
Train Iter:[420/563], CauLoss:[1.9210], AdvLoss:[1.5701]
Train Iter:[560/563], CauLoss:[1.8975], AdvLoss:[1.5693]
--------------------------------------------------------------------------------------------------------------------------------------------------------------------------------------------------------
Epoch:[9/100], CauAdvLoss:[1.8961/1.5692], valid:[67.30], test:[42.17]
--------------------------------------------------------------------------------------------------------------------------------------------------------------------------------------------------------
Train Iter:[0  /563], CauLoss:[2.0060], AdvLoss:[0.6236]
Train Iter:[140/563], CauLoss:[1.8502], AdvLoss:[1.3780]
Train Iter:[280/563], CauLoss:[1.8707], AdvLoss:[1.4476]
Train Iter:[420/563], CauLoss:[1.8737], AdvLoss:[1.4906]
Train Iter:[560/563], CauLoss:[1.8807], AdvLoss:[1.4211]
--------------------------------------------------------------------------------------------------------------------------------------------------------------------------------------------------------
Epoch:[10/100], CauAdvLoss:[1.8810/1.4188], valid:[58.40], test:[45.40]
--------------------------------------------------------------------------------------------------------------------------------------------------------------------------------------------------------
Train Iter:[0  /563], CauLoss:[2.1162], AdvLoss:[1.2558]
Train Iter:[140/563], CauLoss:[1.9009], AdvLoss:[1.4254]
Train Iter:[280/563], CauLoss:[1.8957], AdvLoss:[1.5099]
Train Iter:[420/563], CauLoss:[1.8829], AdvLoss:[1.5381]
Train Iter:[560/563], CauLoss:[1.8809], AdvLoss:[1.5509]
--------------------------------------------------------------------------------------------------------------------------------------------------------------------------------------------------------
Epoch:[11/100], CauAdvLoss:[1.8805/1.5506], valid:[70.37], test:[45.33]
--------------------------------------------------------------------------------------------------------------------------------------------------------------------------------------------------------
Train Iter:[0  /563], CauLoss:[1.9474], AdvLoss:[1.4456]
Train Iter:[140/563], CauLoss:[1.8644], AdvLoss:[1.4614]
Train Iter:[280/563], CauLoss:[1.8765], AdvLoss:[1.3870]
Train Iter:[420/563], CauLoss:[1.8720], AdvLoss:[1.3912]
Train Iter:[560/563], CauLoss:[1.8709], AdvLoss:[1.4994]
--------------------------------------------------------------------------------------------------------------------------------------------------------------------------------------------------------
Epoch:[12/100], CauAdvLoss:[1.8701/1.5000], valid:[77.13], test:[49.03]
--------------------------------------------------------------------------------------------------------------------------------------------------------------------------------------------------------
Train Iter:[0  /563], CauLoss:[2.1263], AdvLoss:[1.3265]
Train Iter:[140/563], CauLoss:[1.7991], AdvLoss:[1.8241]
Train Iter:[280/563], CauLoss:[1.8335], AdvLoss:[1.8615]
Train Iter:[420/563], CauLoss:[1.8527], AdvLoss:[1.7942]
Train Iter:[560/563], CauLoss:[1.8519], AdvLoss:[1.8590]
--------------------------------------------------------------------------------------------------------------------------------------------------------------------------------------------------------
Epoch:[13/100], CauAdvLoss:[1.8526/1.8591], valid:[72.80], test:[46.13]
--------------------------------------------------------------------------------------------------------------------------------------------------------------------------------------------------------
Train Iter:[0  /563], CauLoss:[2.5547], AdvLoss:[2.8107]
Train Iter:[140/563], CauLoss:[1.8861], AdvLoss:[1.8016]
Train Iter:[280/563], CauLoss:[1.8750], AdvLoss:[1.8558]
Train Iter:[420/563], CauLoss:[1.8559], AdvLoss:[1.8861]
Train Iter:[560/563], CauLoss:[1.8495], AdvLoss:[1.9613]
--------------------------------------------------------------------------------------------------------------------------------------------------------------------------------------------------------
Epoch:[14/100], CauAdvLoss:[1.8496/1.9646], valid:[74.97], test:[52.17]
--------------------------------------------------------------------------------------------------------------------------------------------------------------------------------------------------------
Train Iter:[0  /563], CauLoss:[2.3548], AdvLoss:[3.1172]
Train Iter:[140/563], CauLoss:[1.8180], AdvLoss:[1.8329]
Train Iter:[280/563], CauLoss:[1.8517], AdvLoss:[1.8373]
Train Iter:[420/563], CauLoss:[1.8558], AdvLoss:[1.9183]
Train Iter:[560/563], CauLoss:[1.8505], AdvLoss:[1.9775]
--------------------------------------------------------------------------------------------------------------------------------------------------------------------------------------------------------
Epoch:[15/100], CauAdvLoss:[1.8496/1.9748], valid:[73.20], test:[47.87]
--------------------------------------------------------------------------------------------------------------------------------------------------------------------------------------------------------
Train Iter:[0  /563], CauLoss:[2.3087], AdvLoss:[1.9737]
Train Iter:[140/563], CauLoss:[1.8411], AdvLoss:[1.8007]
Train Iter:[280/563], CauLoss:[1.8346], AdvLoss:[1.9711]
Train Iter:[420/563], CauLoss:[1.8396], AdvLoss:[2.0094]
Train Iter:[560/563], CauLoss:[1.8410], AdvLoss:[2.0158]
--------------------------------------------------------------------------------------------------------------------------------------------------------------------------------------------------------
Epoch:[16/100], CauAdvLoss:[1.8410/2.0171], valid:[81.83], test:[38.60]
--------------------------------------------------------------------------------------------------------------------------------------------------------------------------------------------------------
Train Iter:[0  /563], CauLoss:[1.6598], AdvLoss:[2.5580]
Train Iter:[140/563], CauLoss:[1.8622], AdvLoss:[1.9264]
Train Iter:[280/563], CauLoss:[1.8428], AdvLoss:[1.9577]
Train Iter:[420/563], CauLoss:[1.8358], AdvLoss:[2.0787]
Train Iter:[560/563], CauLoss:[1.8321], AdvLoss:[2.0962]
--------------------------------------------------------------------------------------------------------------------------------------------------------------------------------------------------------
Epoch:[17/100], CauAdvLoss:[1.8333/2.0973], valid:[72.87], test:[46.50]
--------------------------------------------------------------------------------------------------------------------------------------------------------------------------------------------------------
Train Iter:[0  /563], CauLoss:[1.6745], AdvLoss:[1.3203]
Train Iter:[140/563], CauLoss:[1.8309], AdvLoss:[2.0836]
Train Iter:[280/563], CauLoss:[1.8311], AdvLoss:[2.0987]
Train Iter:[420/563], CauLoss:[1.8447], AdvLoss:[2.0684]
Train Iter:[560/563], CauLoss:[1.8466], AdvLoss:[2.0339]
--------------------------------------------------------------------------------------------------------------------------------------------------------------------------------------------------------
Epoch:[18/100], CauAdvLoss:[1.8467/2.0317], valid:[81.07], test:[52.57]
--------------------------------------------------------------------------------------------------------------------------------------------------------------------------------------------------------
Train Iter:[0  /563], CauLoss:[1.3984], AdvLoss:[2.8020]
Train Iter:[140/563], CauLoss:[1.8231], AdvLoss:[1.9758]
Train Iter:[280/563], CauLoss:[1.8162], AdvLoss:[2.1022]
Train Iter:[420/563], CauLoss:[1.8274], AdvLoss:[2.0163]
Train Iter:[560/563], CauLoss:[1.8223], AdvLoss:[1.9412]
--------------------------------------------------------------------------------------------------------------------------------------------------------------------------------------------------------
Epoch:[19/100], CauAdvLoss:[1.8216/1.9384], valid:[75.23], test:[69.47]
--------------------------------------------------------------------------------------------------------------------------------------------------------------------------------------------------------
Train Iter:[0  /563], CauLoss:[1.7924], AdvLoss:[0.6830]
Train Iter:[140/563], CauLoss:[1.8073], AdvLoss:[1.8240]
Train Iter:[280/563], CauLoss:[1.7886], AdvLoss:[1.8416]
Train Iter:[420/563], CauLoss:[1.8061], AdvLoss:[1.8342]
Train Iter:[560/563], CauLoss:[1.8048], AdvLoss:[1.8568]
--------------------------------------------------------------------------------------------------------------------------------------------------------------------------------------------------------
Epoch:[20/100], CauAdvLoss:[1.8035/1.8567], valid:[71.80], test:[36.80]
--------------------------------------------------------------------------------------------------------------------------------------------------------------------------------------------------------
Train Iter:[0  /563], CauLoss:[2.0392], AdvLoss:[1.2866]
Train Iter:[140/563], CauLoss:[1.8310], AdvLoss:[1.9401]
Train Iter:[280/563], CauLoss:[1.8294], AdvLoss:[1.8251]
Train Iter:[420/563], CauLoss:[1.8179], AdvLoss:[1.8576]
Train Iter:[560/563], CauLoss:[1.8094], AdvLoss:[1.8938]
--------------------------------------------------------------------------------------------------------------------------------------------------------------------------------------------------------
Epoch:[21/100], CauAdvLoss:[1.8119/1.8945], valid:[69.87], test:[43.47]
--------------------------------------------------------------------------------------------------------------------------------------------------------------------------------------------------------
Train Iter:[0  /563], CauLoss:[2.5247], AdvLoss:[1.7008]
Train Iter:[140/563], CauLoss:[1.8131], AdvLoss:[1.9631]
Train Iter:[280/563], CauLoss:[1.7936], AdvLoss:[1.8184]
Train Iter:[420/563], CauLoss:[1.8028], AdvLoss:[1.8947]
Train Iter:[560/563], CauLoss:[1.7980], AdvLoss:[1.8720]
--------------------------------------------------------------------------------------------------------------------------------------------------------------------------------------------------------
Epoch:[22/100], CauAdvLoss:[1.7965/1.8736], valid:[78.83], test:[56.00]
--------------------------------------------------------------------------------------------------------------------------------------------------------------------------------------------------------
Train Iter:[0  /563], CauLoss:[2.7597], AdvLoss:[2.5049]
Train Iter:[140/563], CauLoss:[1.8083], AdvLoss:[1.8867]
Train Iter:[280/563], CauLoss:[1.7903], AdvLoss:[1.9977]
Train Iter:[420/563], CauLoss:[1.7731], AdvLoss:[2.0249]
Train Iter:[560/563], CauLoss:[1.7884], AdvLoss:[2.0547]
--------------------------------------------------------------------------------------------------------------------------------------------------------------------------------------------------------
Epoch:[23/100], CauAdvLoss:[1.7878/2.0525], valid:[64.77], test:[50.43]
--------------------------------------------------------------------------------------------------------------------------------------------------------------------------------------------------------
Train Iter:[0  /563], CauLoss:[1.5517], AdvLoss:[1.3179]
Train Iter:[140/563], CauLoss:[1.8249], AdvLoss:[2.3328]
Train Iter:[280/563], CauLoss:[1.8082], AdvLoss:[2.2429]
Train Iter:[420/563], CauLoss:[1.7941], AdvLoss:[2.1010]
Train Iter:[560/563], CauLoss:[1.7953], AdvLoss:[2.0984]
--------------------------------------------------------------------------------------------------------------------------------------------------------------------------------------------------------
Epoch:[24/100], CauAdvLoss:[1.7953/2.0970], valid:[68.00], test:[51.70]
--------------------------------------------------------------------------------------------------------------------------------------------------------------------------------------------------------
Train Iter:[0  /563], CauLoss:[1.5962], AdvLoss:[1.8775]
Train Iter:[140/563], CauLoss:[1.7798], AdvLoss:[2.1130]
Train Iter:[280/563], CauLoss:[1.7816], AdvLoss:[2.2229]
Train Iter:[420/563], CauLoss:[1.7747], AdvLoss:[2.2642]
Train Iter:[560/563], CauLoss:[1.7772], AdvLoss:[2.2286]
--------------------------------------------------------------------------------------------------------------------------------------------------------------------------------------------------------
Epoch:[25/100], CauAdvLoss:[1.7774/2.2270], valid:[48.60], test:[41.63]
--------------------------------------------------------------------------------------------------------------------------------------------------------------------------------------------------------
Train Iter:[0  /563], CauLoss:[2.2047], AdvLoss:[2.4294]
Train Iter:[140/563], CauLoss:[1.7551], AdvLoss:[1.9506]
Train Iter:[280/563], CauLoss:[1.7692], AdvLoss:[1.9361]
Train Iter:[420/563], CauLoss:[1.7653], AdvLoss:[1.9620]
Train Iter:[560/563], CauLoss:[1.7821], AdvLoss:[2.1055]
--------------------------------------------------------------------------------------------------------------------------------------------------------------------------------------------------------
Epoch:[26/100], CauAdvLoss:[1.7829/2.1082], valid:[63.97], test:[53.93]
--------------------------------------------------------------------------------------------------------------------------------------------------------------------------------------------------------
Train Iter:[0  /563], CauLoss:[2.1226], AdvLoss:[3.3437]
Train Iter:[140/563], CauLoss:[1.8281], AdvLoss:[2.8518]
Train Iter:[280/563], CauLoss:[1.8260], AdvLoss:[2.9705]
Train Iter:[420/563], CauLoss:[1.8029], AdvLoss:[3.1977]
Train Iter:[560/563], CauLoss:[1.7910], AdvLoss:[3.1556]
--------------------------------------------------------------------------------------------------------------------------------------------------------------------------------------------------------
Epoch:[27/100], CauAdvLoss:[1.7916/3.1533], valid:[74.63], test:[55.00]
--------------------------------------------------------------------------------------------------------------------------------------------------------------------------------------------------------
Train Iter:[0  /563], CauLoss:[2.1766], AdvLoss:[2.1175]
Train Iter:[140/563], CauLoss:[1.7764], AdvLoss:[3.1591]
Train Iter:[280/563], CauLoss:[1.7708], AdvLoss:[3.2116]
Train Iter:[420/563], CauLoss:[1.7853], AdvLoss:[3.1990]
Train Iter:[560/563], CauLoss:[1.7790], AdvLoss:[3.2581]
--------------------------------------------------------------------------------------------------------------------------------------------------------------------------------------------------------
Epoch:[28/100], CauAdvLoss:[1.7802/3.2543], valid:[65.50], test:[51.27]
--------------------------------------------------------------------------------------------------------------------------------------------------------------------------------------------------------
Train Iter:[0  /563], CauLoss:[2.4390], AdvLoss:[3.1031]
Train Iter:[140/563], CauLoss:[1.7451], AdvLoss:[3.3622]
Train Iter:[280/563], CauLoss:[1.7578], AdvLoss:[3.2467]
Train Iter:[420/563], CauLoss:[1.7706], AdvLoss:[3.2199]
Train Iter:[560/563], CauLoss:[1.7829], AdvLoss:[3.2830]
--------------------------------------------------------------------------------------------------------------------------------------------------------------------------------------------------------
Epoch:[29/100], CauAdvLoss:[1.7831/3.2850], valid:[63.27], test:[51.30]
--------------------------------------------------------------------------------------------------------------------------------------------------------------------------------------------------------
Train Iter:[0  /563], CauLoss:[1.9758], AdvLoss:[3.0240]
Train Iter:[140/563], CauLoss:[1.7662], AdvLoss:[3.1850]
Train Iter:[280/563], CauLoss:[1.7682], AdvLoss:[3.3644]
Train Iter:[420/563], CauLoss:[1.7665], AdvLoss:[3.5210]
Train Iter:[560/563], CauLoss:[1.7743], AdvLoss:[3.5189]
--------------------------------------------------------------------------------------------------------------------------------------------------------------------------------------------------------
Epoch:[30/100], CauAdvLoss:[1.7732/3.5151], valid:[75.83], test:[41.47]
--------------------------------------------------------------------------------------------------------------------------------------------------------------------------------------------------------
Train Iter:[0  /563], CauLoss:[1.9396], AdvLoss:[2.8543]
Train Iter:[140/563], CauLoss:[1.7874], AdvLoss:[3.8591]
Train Iter:[280/563], CauLoss:[1.7625], AdvLoss:[3.6158]
Train Iter:[420/563], CauLoss:[1.7768], AdvLoss:[3.6490]
Train Iter:[560/563], CauLoss:[1.7695], AdvLoss:[3.5230]
--------------------------------------------------------------------------------------------------------------------------------------------------------------------------------------------------------
Epoch:[31/100], CauAdvLoss:[1.7686/3.5190], valid:[73.87], test:[60.17]
--------------------------------------------------------------------------------------------------------------------------------------------------------------------------------------------------------
Train Iter:[0  /563], CauLoss:[1.5931], AdvLoss:[2.3890]
Train Iter:[140/563], CauLoss:[1.7272], AdvLoss:[3.3799]
Train Iter:[280/563], CauLoss:[1.7268], AdvLoss:[3.6524]
Train Iter:[420/563], CauLoss:[1.7640], AdvLoss:[3.4964]
Train Iter:[560/563], CauLoss:[1.7682], AdvLoss:[3.5112]
--------------------------------------------------------------------------------------------------------------------------------------------------------------------------------------------------------
Epoch:[32/100], CauAdvLoss:[1.7674/3.5109], valid:[78.03], test:[59.77]
--------------------------------------------------------------------------------------------------------------------------------------------------------------------------------------------------------
Train Iter:[0  /563], CauLoss:[1.7018], AdvLoss:[3.7767]
Train Iter:[140/563], CauLoss:[1.8243], AdvLoss:[3.1741]
Train Iter:[280/563], CauLoss:[1.7848], AdvLoss:[3.3717]
Train Iter:[420/563], CauLoss:[1.7645], AdvLoss:[3.4654]
Train Iter:[560/563], CauLoss:[1.7688], AdvLoss:[3.3682]
--------------------------------------------------------------------------------------------------------------------------------------------------------------------------------------------------------
Epoch:[33/100], CauAdvLoss:[1.7700/3.3643], valid:[80.03], test:[49.43]
--------------------------------------------------------------------------------------------------------------------------------------------------------------------------------------------------------
Train Iter:[0  /563], CauLoss:[1.7217], AdvLoss:[3.4392]
Train Iter:[140/563], CauLoss:[1.7457], AdvLoss:[3.6640]
Train Iter:[280/563], CauLoss:[1.7559], AdvLoss:[3.3192]
Train Iter:[420/563], CauLoss:[1.7587], AdvLoss:[3.3500]
Train Iter:[560/563], CauLoss:[1.7641], AdvLoss:[3.3766]
--------------------------------------------------------------------------------------------------------------------------------------------------------------------------------------------------------
Epoch:[34/100], CauAdvLoss:[1.7648/3.3735], valid:[79.73], test:[49.70]
--------------------------------------------------------------------------------------------------------------------------------------------------------------------------------------------------------
Train Iter:[0  /563], CauLoss:[1.4570], AdvLoss:[2.8725]
Train Iter:[140/563], CauLoss:[1.7526], AdvLoss:[3.1489]
Train Iter:[280/563], CauLoss:[1.7412], AdvLoss:[3.4935]
Train Iter:[420/563], CauLoss:[1.7451], AdvLoss:[3.4852]
Train Iter:[560/563], CauLoss:[1.7572], AdvLoss:[3.4202]
--------------------------------------------------------------------------------------------------------------------------------------------------------------------------------------------------------
Epoch:[35/100], CauAdvLoss:[1.7575/3.4184], valid:[62.93], test:[57.40]
--------------------------------------------------------------------------------------------------------------------------------------------------------------------------------------------------------
Train Iter:[0  /563], CauLoss:[2.1310], AdvLoss:[2.7001]
Train Iter:[140/563], CauLoss:[1.7525], AdvLoss:[3.3874]
Train Iter:[280/563], CauLoss:[1.7494], AdvLoss:[3.4226]
Train Iter:[420/563], CauLoss:[1.7570], AdvLoss:[3.4940]
Train Iter:[560/563], CauLoss:[1.7584], AdvLoss:[3.4649]
--------------------------------------------------------------------------------------------------------------------------------------------------------------------------------------------------------
Epoch:[36/100], CauAdvLoss:[1.7584/3.4638], valid:[80.33], test:[58.57]
--------------------------------------------------------------------------------------------------------------------------------------------------------------------------------------------------------
Train Iter:[0  /563], CauLoss:[2.0936], AdvLoss:[7.3524]
Train Iter:[140/563], CauLoss:[1.7610], AdvLoss:[3.7835]
Train Iter:[280/563], CauLoss:[1.7594], AdvLoss:[3.5607]
Train Iter:[420/563], CauLoss:[1.7592], AdvLoss:[3.5353]
Train Iter:[560/563], CauLoss:[1.7540], AdvLoss:[3.4905]
--------------------------------------------------------------------------------------------------------------------------------------------------------------------------------------------------------
Epoch:[37/100], CauAdvLoss:[1.7542/3.4901], valid:[67.37], test:[56.73]
--------------------------------------------------------------------------------------------------------------------------------------------------------------------------------------------------------
Train Iter:[0  /563], CauLoss:[1.8985], AdvLoss:[2.5308]
Train Iter:[140/563], CauLoss:[1.7583], AdvLoss:[3.5568]
Train Iter:[280/563], CauLoss:[1.7421], AdvLoss:[3.6023]
Train Iter:[420/563], CauLoss:[1.7597], AdvLoss:[3.5241]
Train Iter:[560/563], CauLoss:[1.7544], AdvLoss:[3.6436]
--------------------------------------------------------------------------------------------------------------------------------------------------------------------------------------------------------
Epoch:[38/100], CauAdvLoss:[1.7543/3.6405], valid:[62.07], test:[59.17]
--------------------------------------------------------------------------------------------------------------------------------------------------------------------------------------------------------
Train Iter:[0  /563], CauLoss:[1.7200], AdvLoss:[3.8783]
Train Iter:[140/563], CauLoss:[1.7200], AdvLoss:[3.1443]
Train Iter:[280/563], CauLoss:[1.7346], AdvLoss:[3.3368]
Train Iter:[420/563], CauLoss:[1.7379], AdvLoss:[3.7894]
Train Iter:[560/563], CauLoss:[1.7476], AdvLoss:[3.9196]
--------------------------------------------------------------------------------------------------------------------------------------------------------------------------------------------------------
Epoch:[39/100], CauAdvLoss:[1.7494/3.9194], valid:[72.17], test:[54.27]
--------------------------------------------------------------------------------------------------------------------------------------------------------------------------------------------------------
Train Iter:[0  /563], CauLoss:[1.5738], AdvLoss:[3.7082]
Train Iter:[140/563], CauLoss:[1.7641], AdvLoss:[3.6286]
Train Iter:[280/563], CauLoss:[1.7652], AdvLoss:[3.7263]
Train Iter:[420/563], CauLoss:[1.7531], AdvLoss:[3.8250]
Train Iter:[560/563], CauLoss:[1.7508], AdvLoss:[3.8513]
--------------------------------------------------------------------------------------------------------------------------------------------------------------------------------------------------------
Epoch:[40/100], CauAdvLoss:[1.7508/3.8532], valid:[64.80], test:[48.53]
--------------------------------------------------------------------------------------------------------------------------------------------------------------------------------------------------------
Train Iter:[0  /563], CauLoss:[1.2198], AdvLoss:[2.2509]
Train Iter:[140/563], CauLoss:[1.7498], AdvLoss:[3.4688]
Train Iter:[280/563], CauLoss:[1.7488], AdvLoss:[3.7756]
Train Iter:[420/563], CauLoss:[1.7489], AdvLoss:[3.8094]
Train Iter:[560/563], CauLoss:[1.7481], AdvLoss:[3.7913]
--------------------------------------------------------------------------------------------------------------------------------------------------------------------------------------------------------
Epoch:[41/100], CauAdvLoss:[1.7483/3.7919], valid:[68.23], test:[53.70]
--------------------------------------------------------------------------------------------------------------------------------------------------------------------------------------------------------
Train Iter:[0  /563], CauLoss:[2.0360], AdvLoss:[3.7071]
Train Iter:[140/563], CauLoss:[1.7279], AdvLoss:[3.7367]
Train Iter:[280/563], CauLoss:[1.7490], AdvLoss:[3.6415]
Train Iter:[420/563], CauLoss:[1.7365], AdvLoss:[3.6689]
Train Iter:[560/563], CauLoss:[1.7409], AdvLoss:[3.7383]
--------------------------------------------------------------------------------------------------------------------------------------------------------------------------------------------------------
Epoch:[42/100], CauAdvLoss:[1.7423/3.7394], valid:[58.87], test:[46.07]
--------------------------------------------------------------------------------------------------------------------------------------------------------------------------------------------------------
Train Iter:[0  /563], CauLoss:[1.4882], AdvLoss:[3.2878]
Train Iter:[140/563], CauLoss:[1.7317], AdvLoss:[3.8537]
Train Iter:[280/563], CauLoss:[1.7484], AdvLoss:[3.8412]
Train Iter:[420/563], CauLoss:[1.7405], AdvLoss:[3.9126]
Train Iter:[560/563], CauLoss:[1.7393], AdvLoss:[4.0211]
--------------------------------------------------------------------------------------------------------------------------------------------------------------------------------------------------------
Epoch:[43/100], CauAdvLoss:[1.7394/4.0204], valid:[75.70], test:[67.80]
--------------------------------------------------------------------------------------------------------------------------------------------------------------------------------------------------------
Train Iter:[0  /563], CauLoss:[2.2432], AdvLoss:[3.3808]
Train Iter:[140/563], CauLoss:[1.7291], AdvLoss:[4.3029]
Train Iter:[280/563], CauLoss:[1.7138], AdvLoss:[4.2752]
Train Iter:[420/563], CauLoss:[1.7325], AdvLoss:[3.9897]
Train Iter:[560/563], CauLoss:[1.7413], AdvLoss:[4.0198]
--------------------------------------------------------------------------------------------------------------------------------------------------------------------------------------------------------
Epoch:[44/100], CauAdvLoss:[1.7424/4.0181], valid:[64.97], test:[46.20]
--------------------------------------------------------------------------------------------------------------------------------------------------------------------------------------------------------
Train Iter:[0  /563], CauLoss:[2.6498], AdvLoss:[1.7461]
Train Iter:[140/563], CauLoss:[1.7194], AdvLoss:[4.1951]
Train Iter:[280/563], CauLoss:[1.7238], AdvLoss:[4.2201]
Train Iter:[420/563], CauLoss:[1.7393], AdvLoss:[4.2480]
Train Iter:[560/563], CauLoss:[1.7448], AdvLoss:[4.1420]
--------------------------------------------------------------------------------------------------------------------------------------------------------------------------------------------------------
Epoch:[45/100], CauAdvLoss:[1.7451/4.1357], valid:[65.03], test:[35.87]
--------------------------------------------------------------------------------------------------------------------------------------------------------------------------------------------------------
Train Iter:[0  /563], CauLoss:[1.5116], AdvLoss:[3.9647]
Train Iter:[140/563], CauLoss:[1.7615], AdvLoss:[3.7504]
Train Iter:[280/563], CauLoss:[1.7364], AdvLoss:[3.9312]
Train Iter:[420/563], CauLoss:[1.7330], AdvLoss:[3.9819]
Train Iter:[560/563], CauLoss:[1.7369], AdvLoss:[3.9590]
--------------------------------------------------------------------------------------------------------------------------------------------------------------------------------------------------------
Epoch:[46/100], CauAdvLoss:[1.7373/3.9545], valid:[75.63], test:[52.23]
--------------------------------------------------------------------------------------------------------------------------------------------------------------------------------------------------------
Train Iter:[0  /563], CauLoss:[1.3297], AdvLoss:[3.0474]
Train Iter:[140/563], CauLoss:[1.6986], AdvLoss:[4.1206]
Train Iter:[280/563], CauLoss:[1.7123], AdvLoss:[4.0930]
Train Iter:[420/563], CauLoss:[1.7183], AdvLoss:[4.1515]
Train Iter:[560/563], CauLoss:[1.7338], AdvLoss:[4.1725]
--------------------------------------------------------------------------------------------------------------------------------------------------------------------------------------------------------
Epoch:[47/100], CauAdvLoss:[1.7340/4.1696], valid:[78.03], test:[51.17]
--------------------------------------------------------------------------------------------------------------------------------------------------------------------------------------------------------
Train Iter:[0  /563], CauLoss:[1.5111], AdvLoss:[1.9047]
Train Iter:[140/563], CauLoss:[1.7464], AdvLoss:[4.4318]
Train Iter:[280/563], CauLoss:[1.7416], AdvLoss:[4.3728]
Train Iter:[420/563], CauLoss:[1.7415], AdvLoss:[4.3355]
Train Iter:[560/563], CauLoss:[1.7310], AdvLoss:[4.3328]
--------------------------------------------------------------------------------------------------------------------------------------------------------------------------------------------------------
Epoch:[48/100], CauAdvLoss:[1.7318/4.3377], valid:[79.93], test:[57.87]
--------------------------------------------------------------------------------------------------------------------------------------------------------------------------------------------------------
Train Iter:[0  /563], CauLoss:[1.6921], AdvLoss:[3.0832]
Train Iter:[140/563], CauLoss:[1.7171], AdvLoss:[4.0226]
Train Iter:[280/563], CauLoss:[1.7232], AdvLoss:[4.2011]
Train Iter:[420/563], CauLoss:[1.7320], AdvLoss:[4.0907]
Train Iter:[560/563], CauLoss:[1.7442], AdvLoss:[3.9826]
--------------------------------------------------------------------------------------------------------------------------------------------------------------------------------------------------------
Epoch:[49/100], CauAdvLoss:[1.7445/3.9823], valid:[67.47], test:[56.43]
--------------------------------------------------------------------------------------------------------------------------------------------------------------------------------------------------------
Train Iter:[0  /563], CauLoss:[2.0461], AdvLoss:[4.7983]
Train Iter:[140/563], CauLoss:[1.7665], AdvLoss:[3.8397]
Train Iter:[280/563], CauLoss:[1.7457], AdvLoss:[4.1569]
Train Iter:[420/563], CauLoss:[1.7459], AdvLoss:[4.3192]
Train Iter:[560/563], CauLoss:[1.7330], AdvLoss:[4.3297]
--------------------------------------------------------------------------------------------------------------------------------------------------------------------------------------------------------
Epoch:[50/100], CauAdvLoss:[1.7348/4.3345], valid:[77.30], test:[53.70]
--------------------------------------------------------------------------------------------------------------------------------------------------------------------------------------------------------
Train Iter:[0  /563], CauLoss:[1.7479], AdvLoss:[4.8772]
Train Iter:[140/563], CauLoss:[1.7537], AdvLoss:[4.6149]
Train Iter:[280/563], CauLoss:[1.7442], AdvLoss:[4.4787]
Train Iter:[420/563], CauLoss:[1.7324], AdvLoss:[4.2898]
Train Iter:[560/563], CauLoss:[1.7309], AdvLoss:[4.2134]
--------------------------------------------------------------------------------------------------------------------------------------------------------------------------------------------------------
Epoch:[51/100], CauAdvLoss:[1.7308/4.2164], valid:[81.23], test:[56.60]
--------------------------------------------------------------------------------------------------------------------------------------------------------------------------------------------------------
Train Iter:[0  /563], CauLoss:[2.2688], AdvLoss:[4.2514]
Train Iter:[140/563], CauLoss:[1.7128], AdvLoss:[3.9750]
Train Iter:[280/563], CauLoss:[1.7147], AdvLoss:[4.2439]
Train Iter:[420/563], CauLoss:[1.7271], AdvLoss:[4.0498]
Train Iter:[560/563], CauLoss:[1.7246], AdvLoss:[4.1574]
--------------------------------------------------------------------------------------------------------------------------------------------------------------------------------------------------------
Epoch:[52/100], CauAdvLoss:[1.7245/4.1556], valid:[75.63], test:[51.70]
--------------------------------------------------------------------------------------------------------------------------------------------------------------------------------------------------------
Train Iter:[0  /563], CauLoss:[1.7279], AdvLoss:[3.8274]
Train Iter:[140/563], CauLoss:[1.7191], AdvLoss:[3.4838]
Train Iter:[280/563], CauLoss:[1.7442], AdvLoss:[3.6274]
Train Iter:[420/563], CauLoss:[1.7343], AdvLoss:[3.6493]
Train Iter:[560/563], CauLoss:[1.7279], AdvLoss:[3.8788]
--------------------------------------------------------------------------------------------------------------------------------------------------------------------------------------------------------
Epoch:[53/100], CauAdvLoss:[1.7280/3.8800], valid:[65.83], test:[47.00]
--------------------------------------------------------------------------------------------------------------------------------------------------------------------------------------------------------
Train Iter:[0  /563], CauLoss:[1.9555], AdvLoss:[4.5852]
Train Iter:[140/563], CauLoss:[1.6866], AdvLoss:[4.0860]
Train Iter:[280/563], CauLoss:[1.7264], AdvLoss:[4.1987]
Train Iter:[420/563], CauLoss:[1.7336], AdvLoss:[4.0987]
Train Iter:[560/563], CauLoss:[1.7249], AdvLoss:[4.1915]
--------------------------------------------------------------------------------------------------------------------------------------------------------------------------------------------------------
Epoch:[54/100], CauAdvLoss:[1.7235/4.1948], valid:[68.77], test:[58.93]
--------------------------------------------------------------------------------------------------------------------------------------------------------------------------------------------------------
Train Iter:[0  /563], CauLoss:[1.4176], AdvLoss:[5.4851]
Train Iter:[140/563], CauLoss:[1.7371], AdvLoss:[4.5664]
Train Iter:[280/563], CauLoss:[1.7250], AdvLoss:[4.4025]
Train Iter:[420/563], CauLoss:[1.7280], AdvLoss:[4.3584]
Train Iter:[560/563], CauLoss:[1.7264], AdvLoss:[4.4193]
--------------------------------------------------------------------------------------------------------------------------------------------------------------------------------------------------------
Epoch:[55/100], CauAdvLoss:[1.7255/4.4171], valid:[77.93], test:[41.87]
--------------------------------------------------------------------------------------------------------------------------------------------------------------------------------------------------------
Train Iter:[0  /563], CauLoss:[1.5338], AdvLoss:[4.0317]
Train Iter:[140/563], CauLoss:[1.7303], AdvLoss:[4.6770]
Train Iter:[280/563], CauLoss:[1.7433], AdvLoss:[4.6179]
Train Iter:[420/563], CauLoss:[1.7206], AdvLoss:[4.5597]
Train Iter:[560/563], CauLoss:[1.7223], AdvLoss:[4.5173]
--------------------------------------------------------------------------------------------------------------------------------------------------------------------------------------------------------
Epoch:[56/100], CauAdvLoss:[1.7228/4.5135], valid:[67.40], test:[52.87]
--------------------------------------------------------------------------------------------------------------------------------------------------------------------------------------------------------
Train Iter:[0  /563], CauLoss:[2.1581], AdvLoss:[2.8713]
Train Iter:[140/563], CauLoss:[1.7788], AdvLoss:[4.2972]
Train Iter:[280/563], CauLoss:[1.7508], AdvLoss:[4.2364]
Train Iter:[420/563], CauLoss:[1.7320], AdvLoss:[4.1631]
Train Iter:[560/563], CauLoss:[1.7240], AdvLoss:[4.2515]
--------------------------------------------------------------------------------------------------------------------------------------------------------------------------------------------------------
Epoch:[57/100], CauAdvLoss:[1.7238/4.2528], valid:[80.27], test:[37.10]
--------------------------------------------------------------------------------------------------------------------------------------------------------------------------------------------------------
Train Iter:[0  /563], CauLoss:[1.5420], AdvLoss:[6.4504]
Train Iter:[140/563], CauLoss:[1.7147], AdvLoss:[4.6586]
Train Iter:[280/563], CauLoss:[1.7193], AdvLoss:[4.5848]
Train Iter:[420/563], CauLoss:[1.7269], AdvLoss:[4.3757]
Train Iter:[560/563], CauLoss:[1.7181], AdvLoss:[4.4426]
--------------------------------------------------------------------------------------------------------------------------------------------------------------------------------------------------------
Epoch:[58/100], CauAdvLoss:[1.7171/4.4472], valid:[78.30], test:[53.97]
--------------------------------------------------------------------------------------------------------------------------------------------------------------------------------------------------------
Train Iter:[0  /563], CauLoss:[1.3920], AdvLoss:[4.7739]
Train Iter:[140/563], CauLoss:[1.6910], AdvLoss:[4.9514]
Train Iter:[280/563], CauLoss:[1.7020], AdvLoss:[4.7440]
Train Iter:[420/563], CauLoss:[1.7137], AdvLoss:[4.4562]
Train Iter:[560/563], CauLoss:[1.7190], AdvLoss:[4.4647]
--------------------------------------------------------------------------------------------------------------------------------------------------------------------------------------------------------
Epoch:[59/100], CauAdvLoss:[1.7192/4.4565], valid:[79.07], test:[60.53]
--------------------------------------------------------------------------------------------------------------------------------------------------------------------------------------------------------
Train Iter:[0  /563], CauLoss:[1.2728], AdvLoss:[3.8687]
Train Iter:[140/563], CauLoss:[1.7149], AdvLoss:[4.5178]
Train Iter:[280/563], CauLoss:[1.7216], AdvLoss:[4.5975]
Train Iter:[420/563], CauLoss:[1.7041], AdvLoss:[4.5883]
Train Iter:[560/563], CauLoss:[1.7178], AdvLoss:[4.5276]
--------------------------------------------------------------------------------------------------------------------------------------------------------------------------------------------------------
Epoch:[60/100], CauAdvLoss:[1.7170/4.5248], valid:[81.50], test:[63.67]
--------------------------------------------------------------------------------------------------------------------------------------------------------------------------------------------------------
Train Iter:[0  /563], CauLoss:[1.3850], AdvLoss:[3.7802]
Train Iter:[140/563], CauLoss:[1.6763], AdvLoss:[4.2781]
Train Iter:[280/563], CauLoss:[1.6893], AdvLoss:[4.2581]
Train Iter:[420/563], CauLoss:[1.6931], AdvLoss:[4.4280]
Train Iter:[560/563], CauLoss:[1.7167], AdvLoss:[4.4578]
--------------------------------------------------------------------------------------------------------------------------------------------------------------------------------------------------------
Epoch:[61/100], CauAdvLoss:[1.7167/4.4553], valid:[78.17], test:[54.73]
--------------------------------------------------------------------------------------------------------------------------------------------------------------------------------------------------------
Train Iter:[0  /563], CauLoss:[1.8260], AdvLoss:[3.9572]
Train Iter:[140/563], CauLoss:[1.7290], AdvLoss:[4.4151]
Train Iter:[280/563], CauLoss:[1.7114], AdvLoss:[4.4209]
Train Iter:[420/563], CauLoss:[1.6954], AdvLoss:[4.4518]
Train Iter:[560/563], CauLoss:[1.7095], AdvLoss:[4.5993]
--------------------------------------------------------------------------------------------------------------------------------------------------------------------------------------------------------
Epoch:[62/100], CauAdvLoss:[1.7106/4.5981], valid:[77.80], test:[56.17]
--------------------------------------------------------------------------------------------------------------------------------------------------------------------------------------------------------
Train Iter:[0  /563], CauLoss:[1.2781], AdvLoss:[4.3216]
Train Iter:[140/563], CauLoss:[1.7165], AdvLoss:[4.9046]
Train Iter:[280/563], CauLoss:[1.7045], AdvLoss:[4.8905]
Train Iter:[420/563], CauLoss:[1.7187], AdvLoss:[4.7453]
Train Iter:[560/563], CauLoss:[1.7136], AdvLoss:[4.6486]
--------------------------------------------------------------------------------------------------------------------------------------------------------------------------------------------------------
Epoch:[63/100], CauAdvLoss:[1.7140/4.6492], valid:[84.97], test:[68.53]
--------------------------------------------------------------------------------------------------------------------------------------------------------------------------------------------------------
Train Iter:[0  /563], CauLoss:[1.5796], AdvLoss:[6.0538]
Train Iter:[140/563], CauLoss:[1.6995], AdvLoss:[4.5148]
Train Iter:[280/563], CauLoss:[1.7353], AdvLoss:[4.4291]
Train Iter:[420/563], CauLoss:[1.7188], AdvLoss:[4.5301]
Train Iter:[560/563], CauLoss:[1.7138], AdvLoss:[4.6062]
--------------------------------------------------------------------------------------------------------------------------------------------------------------------------------------------------------
Epoch:[64/100], CauAdvLoss:[1.7134/4.6132], valid:[80.90], test:[58.70]
--------------------------------------------------------------------------------------------------------------------------------------------------------------------------------------------------------
Train Iter:[0  /563], CauLoss:[1.3714], AdvLoss:[4.6089]
Train Iter:[140/563], CauLoss:[1.6794], AdvLoss:[5.0909]
Train Iter:[280/563], CauLoss:[1.6740], AdvLoss:[5.0057]
Train Iter:[420/563], CauLoss:[1.6877], AdvLoss:[4.8196]
Train Iter:[560/563], CauLoss:[1.7086], AdvLoss:[4.6833]
--------------------------------------------------------------------------------------------------------------------------------------------------------------------------------------------------------
Epoch:[65/100], CauAdvLoss:[1.7076/4.6842], valid:[68.60], test:[49.67]
--------------------------------------------------------------------------------------------------------------------------------------------------------------------------------------------------------
Train Iter:[0  /563], CauLoss:[2.0083], AdvLoss:[4.2818]
Train Iter:[140/563], CauLoss:[1.6902], AdvLoss:[4.5110]
Train Iter:[280/563], CauLoss:[1.7088], AdvLoss:[4.5118]
Train Iter:[420/563], CauLoss:[1.7237], AdvLoss:[4.4950]
Train Iter:[560/563], CauLoss:[1.7078], AdvLoss:[4.5376]
--------------------------------------------------------------------------------------------------------------------------------------------------------------------------------------------------------
Epoch:[66/100], CauAdvLoss:[1.7100/4.5328], valid:[68.17], test:[46.17]
--------------------------------------------------------------------------------------------------------------------------------------------------------------------------------------------------------
Train Iter:[0  /563], CauLoss:[2.2566], AdvLoss:[6.0197]
Train Iter:[140/563], CauLoss:[1.7227], AdvLoss:[5.1087]
Train Iter:[280/563], CauLoss:[1.7284], AdvLoss:[4.9197]
Train Iter:[420/563], CauLoss:[1.7131], AdvLoss:[4.8602]
Train Iter:[560/563], CauLoss:[1.7030], AdvLoss:[4.8083]
--------------------------------------------------------------------------------------------------------------------------------------------------------------------------------------------------------
Epoch:[67/100], CauAdvLoss:[1.7031/4.8053], valid:[73.30], test:[56.07]
--------------------------------------------------------------------------------------------------------------------------------------------------------------------------------------------------------
Train Iter:[0  /563], CauLoss:[1.5871], AdvLoss:[3.1986]
Train Iter:[140/563], CauLoss:[1.7048], AdvLoss:[4.4629]
Train Iter:[280/563], CauLoss:[1.7251], AdvLoss:[4.5453]
Train Iter:[420/563], CauLoss:[1.7024], AdvLoss:[4.6119]
Train Iter:[560/563], CauLoss:[1.7034], AdvLoss:[4.7573]
--------------------------------------------------------------------------------------------------------------------------------------------------------------------------------------------------------
Epoch:[68/100], CauAdvLoss:[1.7020/4.7552], valid:[74.77], test:[51.90]
--------------------------------------------------------------------------------------------------------------------------------------------------------------------------------------------------------
Train Iter:[0  /563], CauLoss:[2.0822], AdvLoss:[7.7533]
Train Iter:[140/563], CauLoss:[1.7178], AdvLoss:[5.1546]
Train Iter:[280/563], CauLoss:[1.7102], AdvLoss:[4.9211]
Train Iter:[420/563], CauLoss:[1.6999], AdvLoss:[4.9368]
Train Iter:[560/563], CauLoss:[1.7038], AdvLoss:[4.9977]
--------------------------------------------------------------------------------------------------------------------------------------------------------------------------------------------------------
Epoch:[69/100], CauAdvLoss:[1.7055/4.9971], valid:[85.80], test:[63.27]
--------------------------------------------------------------------------------------------------------------------------------------------------------------------------------------------------------
Train Iter:[0  /563], CauLoss:[1.5203], AdvLoss:[6.3059]
Train Iter:[140/563], CauLoss:[1.7184], AdvLoss:[5.1294]
Train Iter:[280/563], CauLoss:[1.7240], AdvLoss:[5.1549]
Train Iter:[420/563], CauLoss:[1.7191], AdvLoss:[4.9543]
Train Iter:[560/563], CauLoss:[1.7045], AdvLoss:[5.0048]
--------------------------------------------------------------------------------------------------------------------------------------------------------------------------------------------------------
Epoch:[70/100], CauAdvLoss:[1.7052/5.0019], valid:[71.47], test:[55.73]
--------------------------------------------------------------------------------------------------------------------------------------------------------------------------------------------------------
Train Iter:[0  /563], CauLoss:[1.3881], AdvLoss:[4.0089]
Train Iter:[140/563], CauLoss:[1.6934], AdvLoss:[4.7952]
Train Iter:[280/563], CauLoss:[1.7168], AdvLoss:[5.0190]
Train Iter:[420/563], CauLoss:[1.7076], AdvLoss:[5.0603]
Train Iter:[560/563], CauLoss:[1.7053], AdvLoss:[5.0960]
--------------------------------------------------------------------------------------------------------------------------------------------------------------------------------------------------------
Epoch:[71/100], CauAdvLoss:[1.7039/5.0933], valid:[77.93], test:[55.97]
--------------------------------------------------------------------------------------------------------------------------------------------------------------------------------------------------------
Train Iter:[0  /563], CauLoss:[1.7335], AdvLoss:[4.9345]
Train Iter:[140/563], CauLoss:[1.6584], AdvLoss:[5.1040]
Train Iter:[280/563], CauLoss:[1.7064], AdvLoss:[5.0038]
Train Iter:[420/563], CauLoss:[1.6983], AdvLoss:[4.9135]
Train Iter:[560/563], CauLoss:[1.7002], AdvLoss:[4.9606]
--------------------------------------------------------------------------------------------------------------------------------------------------------------------------------------------------------
Epoch:[72/100], CauAdvLoss:[1.6999/4.9574], valid:[79.20], test:[56.73]
--------------------------------------------------------------------------------------------------------------------------------------------------------------------------------------------------------
Train Iter:[0  /563], CauLoss:[1.9574], AdvLoss:[6.1145]
Train Iter:[140/563], CauLoss:[1.7190], AdvLoss:[5.1669]
Train Iter:[280/563], CauLoss:[1.6966], AdvLoss:[5.0484]
Train Iter:[420/563], CauLoss:[1.6886], AdvLoss:[5.1380]
Train Iter:[560/563], CauLoss:[1.6972], AdvLoss:[5.0847]
--------------------------------------------------------------------------------------------------------------------------------------------------------------------------------------------------------
Epoch:[73/100], CauAdvLoss:[1.6993/5.0793], valid:[82.33], test:[58.30]
--------------------------------------------------------------------------------------------------------------------------------------------------------------------------------------------------------
Train Iter:[0  /563], CauLoss:[1.6487], AdvLoss:[4.8223]
Train Iter:[140/563], CauLoss:[1.6890], AdvLoss:[5.0354]
Train Iter:[280/563], CauLoss:[1.7025], AdvLoss:[5.0969]
Train Iter:[420/563], CauLoss:[1.6948], AdvLoss:[5.0976]
Train Iter:[560/563], CauLoss:[1.6948], AdvLoss:[5.1496]
--------------------------------------------------------------------------------------------------------------------------------------------------------------------------------------------------------
Epoch:[74/100], CauAdvLoss:[1.6940/5.1484], valid:[72.80], test:[51.80]
--------------------------------------------------------------------------------------------------------------------------------------------------------------------------------------------------------
Train Iter:[0  /563], CauLoss:[1.7150], AdvLoss:[5.9772]
Train Iter:[140/563], CauLoss:[1.6799], AdvLoss:[5.2341]
Train Iter:[280/563], CauLoss:[1.6788], AdvLoss:[5.1354]
Train Iter:[420/563], CauLoss:[1.7006], AdvLoss:[5.0608]
Train Iter:[560/563], CauLoss:[1.6976], AdvLoss:[5.1663]
--------------------------------------------------------------------------------------------------------------------------------------------------------------------------------------------------------
Epoch:[75/100], CauAdvLoss:[1.6974/5.1632], valid:[78.07], test:[45.10]
--------------------------------------------------------------------------------------------------------------------------------------------------------------------------------------------------------
Train Iter:[0  /563], CauLoss:[1.2851], AdvLoss:[5.1944]
Train Iter:[140/563], CauLoss:[1.7091], AdvLoss:[5.4493]
Train Iter:[280/563], CauLoss:[1.6619], AdvLoss:[5.4346]
Train Iter:[420/563], CauLoss:[1.6913], AdvLoss:[5.4385]
Train Iter:[560/563], CauLoss:[1.6985], AdvLoss:[5.3701]
--------------------------------------------------------------------------------------------------------------------------------------------------------------------------------------------------------
Epoch:[76/100], CauAdvLoss:[1.6995/5.3686], valid:[81.03], test:[49.57]
--------------------------------------------------------------------------------------------------------------------------------------------------------------------------------------------------------
Train Iter:[0  /563], CauLoss:[2.2948], AdvLoss:[5.6263]
Train Iter:[140/563], CauLoss:[1.7187], AdvLoss:[5.3392]
Train Iter:[280/563], CauLoss:[1.6798], AdvLoss:[5.4899]
Train Iter:[420/563], CauLoss:[1.6875], AdvLoss:[5.4405]
Train Iter:[560/563], CauLoss:[1.6932], AdvLoss:[5.5331]
--------------------------------------------------------------------------------------------------------------------------------------------------------------------------------------------------------
Epoch:[77/100], CauAdvLoss:[1.6945/5.5296], valid:[77.20], test:[50.30]
--------------------------------------------------------------------------------------------------------------------------------------------------------------------------------------------------------
Train Iter:[0  /563], CauLoss:[2.1461], AdvLoss:[4.1502]
Train Iter:[140/563], CauLoss:[1.7005], AdvLoss:[5.0258]
Train Iter:[280/563], CauLoss:[1.7099], AdvLoss:[4.9684]
Train Iter:[420/563], CauLoss:[1.7067], AdvLoss:[5.0268]
Train Iter:[560/563], CauLoss:[1.6909], AdvLoss:[5.1064]
--------------------------------------------------------------------------------------------------------------------------------------------------------------------------------------------------------
Epoch:[78/100], CauAdvLoss:[1.6903/5.1122], valid:[82.17], test:[51.67]
--------------------------------------------------------------------------------------------------------------------------------------------------------------------------------------------------------
Train Iter:[0  /563], CauLoss:[1.9227], AdvLoss:[5.7468]
Train Iter:[140/563], CauLoss:[1.7565], AdvLoss:[5.2947]
Train Iter:[280/563], CauLoss:[1.7122], AdvLoss:[5.4166]
Train Iter:[420/563], CauLoss:[1.7042], AdvLoss:[5.3473]
Train Iter:[560/563], CauLoss:[1.7004], AdvLoss:[5.2924]
--------------------------------------------------------------------------------------------------------------------------------------------------------------------------------------------------------
Epoch:[79/100], CauAdvLoss:[1.7001/5.2955], valid:[82.27], test:[51.77]
--------------------------------------------------------------------------------------------------------------------------------------------------------------------------------------------------------
Train Iter:[0  /563], CauLoss:[1.5472], AdvLoss:[5.8691]
Train Iter:[140/563], CauLoss:[1.6875], AdvLoss:[5.2498]
Train Iter:[280/563], CauLoss:[1.6883], AdvLoss:[5.2731]
Train Iter:[420/563], CauLoss:[1.6959], AdvLoss:[5.3881]
Train Iter:[560/563], CauLoss:[1.6928], AdvLoss:[5.3884]
--------------------------------------------------------------------------------------------------------------------------------------------------------------------------------------------------------
Epoch:[80/100], CauAdvLoss:[1.6921/5.3934], valid:[84.50], test:[63.13]
--------------------------------------------------------------------------------------------------------------------------------------------------------------------------------------------------------
Train Iter:[0  /563], CauLoss:[1.3876], AdvLoss:[5.9144]
Train Iter:[140/563], CauLoss:[1.7114], AdvLoss:[5.3202]
Train Iter:[280/563], CauLoss:[1.7001], AdvLoss:[5.1991]
Train Iter:[420/563], CauLoss:[1.7025], AdvLoss:[5.2992]
Train Iter:[560/563], CauLoss:[1.6945], AdvLoss:[5.3144]
--------------------------------------------------------------------------------------------------------------------------------------------------------------------------------------------------------
Epoch:[81/100], CauAdvLoss:[1.6952/5.3087], valid:[71.97], test:[53.13]
--------------------------------------------------------------------------------------------------------------------------------------------------------------------------------------------------------
Train Iter:[0  /563], CauLoss:[2.0292], AdvLoss:[3.8451]
Train Iter:[140/563], CauLoss:[1.6698], AdvLoss:[5.5550]
Train Iter:[280/563], CauLoss:[1.6915], AdvLoss:[5.4293]
Train Iter:[420/563], CauLoss:[1.6952], AdvLoss:[5.2715]
Train Iter:[560/563], CauLoss:[1.6855], AdvLoss:[5.3372]
--------------------------------------------------------------------------------------------------------------------------------------------------------------------------------------------------------
Epoch:[82/100], CauAdvLoss:[1.6852/5.3409], valid:[83.70], test:[58.23]
--------------------------------------------------------------------------------------------------------------------------------------------------------------------------------------------------------
Train Iter:[0  /563], CauLoss:[1.3387], AdvLoss:[6.3090]
Train Iter:[140/563], CauLoss:[1.6883], AdvLoss:[5.3730]
Train Iter:[280/563], CauLoss:[1.6862], AdvLoss:[5.2624]
Train Iter:[420/563], CauLoss:[1.6718], AdvLoss:[5.2797]
Train Iter:[560/563], CauLoss:[1.6868], AdvLoss:[5.2320]
--------------------------------------------------------------------------------------------------------------------------------------------------------------------------------------------------------
Epoch:[83/100], CauAdvLoss:[1.6877/5.2349], valid:[80.90], test:[51.00]
--------------------------------------------------------------------------------------------------------------------------------------------------------------------------------------------------------
Train Iter:[0  /563], CauLoss:[1.6085], AdvLoss:[2.3878]
Train Iter:[140/563], CauLoss:[1.6586], AdvLoss:[5.1634]
Train Iter:[280/563], CauLoss:[1.6557], AdvLoss:[5.3153]
Train Iter:[420/563], CauLoss:[1.6788], AdvLoss:[5.2347]
Train Iter:[560/563], CauLoss:[1.6886], AdvLoss:[5.1767]
--------------------------------------------------------------------------------------------------------------------------------------------------------------------------------------------------------
Epoch:[84/100], CauAdvLoss:[1.6890/5.1728], valid:[82.00], test:[57.70]
--------------------------------------------------------------------------------------------------------------------------------------------------------------------------------------------------------
Train Iter:[0  /563], CauLoss:[1.7814], AdvLoss:[7.1040]
Train Iter:[140/563], CauLoss:[1.6739], AdvLoss:[5.1014]
Train Iter:[280/563], CauLoss:[1.6905], AdvLoss:[5.2368]
Train Iter:[420/563], CauLoss:[1.6899], AdvLoss:[5.2566]
Train Iter:[560/563], CauLoss:[1.6905], AdvLoss:[5.3053]
--------------------------------------------------------------------------------------------------------------------------------------------------------------------------------------------------------
Epoch:[85/100], CauAdvLoss:[1.6902/5.3026], valid:[75.87], test:[52.17]
--------------------------------------------------------------------------------------------------------------------------------------------------------------------------------------------------------
Train Iter:[0  /563], CauLoss:[1.2019], AdvLoss:[5.3477]
Train Iter:[140/563], CauLoss:[1.7103], AdvLoss:[4.9933]
Train Iter:[280/563], CauLoss:[1.6958], AdvLoss:[5.0488]
Train Iter:[420/563], CauLoss:[1.6960], AdvLoss:[5.1454]
Train Iter:[560/563], CauLoss:[1.6886], AdvLoss:[5.1216]
--------------------------------------------------------------------------------------------------------------------------------------------------------------------------------------------------------
Epoch:[86/100], CauAdvLoss:[1.6893/5.1218], valid:[74.00], test:[52.97]
--------------------------------------------------------------------------------------------------------------------------------------------------------------------------------------------------------
Train Iter:[0  /563], CauLoss:[1.9204], AdvLoss:[6.6827]
Train Iter:[140/563], CauLoss:[1.6729], AdvLoss:[5.2397]
Train Iter:[280/563], CauLoss:[1.7024], AdvLoss:[5.2312]
Train Iter:[420/563], CauLoss:[1.6923], AdvLoss:[5.2674]
Train Iter:[560/563], CauLoss:[1.6867], AdvLoss:[5.2673]
--------------------------------------------------------------------------------------------------------------------------------------------------------------------------------------------------------
Epoch:[87/100], CauAdvLoss:[1.6878/5.2720], valid:[78.13], test:[51.13]
--------------------------------------------------------------------------------------------------------------------------------------------------------------------------------------------------------
Train Iter:[0  /563], CauLoss:[1.7296], AdvLoss:[6.3982]
Train Iter:[140/563], CauLoss:[1.7089], AdvLoss:[5.4610]
Train Iter:[280/563], CauLoss:[1.7148], AdvLoss:[5.4231]
Train Iter:[420/563], CauLoss:[1.6930], AdvLoss:[5.3355]
Train Iter:[560/563], CauLoss:[1.6934], AdvLoss:[5.3100]
--------------------------------------------------------------------------------------------------------------------------------------------------------------------------------------------------------
Epoch:[88/100], CauAdvLoss:[1.6933/5.3150], valid:[82.60], test:[51.03]
--------------------------------------------------------------------------------------------------------------------------------------------------------------------------------------------------------
Train Iter:[0  /563], CauLoss:[1.7958], AdvLoss:[7.7428]
Train Iter:[140/563], CauLoss:[1.6847], AdvLoss:[5.2040]
Train Iter:[280/563], CauLoss:[1.6945], AdvLoss:[5.0968]
Train Iter:[420/563], CauLoss:[1.6880], AdvLoss:[5.2147]
Train Iter:[560/563], CauLoss:[1.6863], AdvLoss:[5.2576]
--------------------------------------------------------------------------------------------------------------------------------------------------------------------------------------------------------
Epoch:[89/100], CauAdvLoss:[1.6870/5.2605], valid:[83.63], test:[53.80]
--------------------------------------------------------------------------------------------------------------------------------------------------------------------------------------------------------
Train Iter:[0  /563], CauLoss:[1.1960], AdvLoss:[4.8467]
Train Iter:[140/563], CauLoss:[1.6811], AdvLoss:[5.1346]
Train Iter:[280/563], CauLoss:[1.7018], AdvLoss:[5.2440]
Train Iter:[420/563], CauLoss:[1.6947], AdvLoss:[5.2228]
Train Iter:[560/563], CauLoss:[1.6947], AdvLoss:[5.2063]
--------------------------------------------------------------------------------------------------------------------------------------------------------------------------------------------------------
Epoch:[90/100], CauAdvLoss:[1.6951/5.2069], valid:[81.50], test:[49.47]
--------------------------------------------------------------------------------------------------------------------------------------------------------------------------------------------------------
Train Iter:[0  /563], CauLoss:[1.6401], AdvLoss:[3.5261]
Train Iter:[140/563], CauLoss:[1.6374], AdvLoss:[5.1313]
Train Iter:[280/563], CauLoss:[1.6870], AdvLoss:[5.1612]
Train Iter:[420/563], CauLoss:[1.6762], AdvLoss:[5.1811]
Train Iter:[560/563], CauLoss:[1.6850], AdvLoss:[5.1534]
--------------------------------------------------------------------------------------------------------------------------------------------------------------------------------------------------------
Epoch:[91/100], CauAdvLoss:[1.6834/5.1497], valid:[80.53], test:[48.60]
--------------------------------------------------------------------------------------------------------------------------------------------------------------------------------------------------------
Train Iter:[0  /563], CauLoss:[1.4515], AdvLoss:[5.1719]
Train Iter:[140/563], CauLoss:[1.7210], AdvLoss:[5.2343]
Train Iter:[280/563], CauLoss:[1.7035], AdvLoss:[5.1959]
Train Iter:[420/563], CauLoss:[1.6983], AdvLoss:[5.1394]
Train Iter:[560/563], CauLoss:[1.6870], AdvLoss:[5.1737]
--------------------------------------------------------------------------------------------------------------------------------------------------------------------------------------------------------
Epoch:[92/100], CauAdvLoss:[1.6870/5.1724], valid:[71.33], test:[47.53]
--------------------------------------------------------------------------------------------------------------------------------------------------------------------------------------------------------
Train Iter:[0  /563], CauLoss:[1.6373], AdvLoss:[6.4275]
Train Iter:[140/563], CauLoss:[1.7112], AdvLoss:[5.2699]
Train Iter:[280/563], CauLoss:[1.6958], AdvLoss:[5.2245]
Train Iter:[420/563], CauLoss:[1.6960], AdvLoss:[5.2068]
Train Iter:[560/563], CauLoss:[1.6888], AdvLoss:[5.2350]
--------------------------------------------------------------------------------------------------------------------------------------------------------------------------------------------------------
Epoch:[93/100], CauAdvLoss:[1.6884/5.2298], valid:[78.90], test:[47.77]
--------------------------------------------------------------------------------------------------------------------------------------------------------------------------------------------------------
Train Iter:[0  /563], CauLoss:[1.4003], AdvLoss:[3.3369]
Train Iter:[140/563], CauLoss:[1.6808], AdvLoss:[5.2245]
Train Iter:[280/563], CauLoss:[1.6613], AdvLoss:[5.2664]
Train Iter:[420/563], CauLoss:[1.6934], AdvLoss:[5.3379]
Train Iter:[560/563], CauLoss:[1.6880], AdvLoss:[5.3120]
--------------------------------------------------------------------------------------------------------------------------------------------------------------------------------------------------------
Epoch:[94/100], CauAdvLoss:[1.6885/5.3116], valid:[78.43], test:[47.77]
--------------------------------------------------------------------------------------------------------------------------------------------------------------------------------------------------------
Train Iter:[0  /563], CauLoss:[1.1414], AdvLoss:[4.6866]
Train Iter:[140/563], CauLoss:[1.6475], AdvLoss:[5.4657]
Train Iter:[280/563], CauLoss:[1.6740], AdvLoss:[5.3091]
Train Iter:[420/563], CauLoss:[1.6823], AdvLoss:[5.3523]
Train Iter:[560/563], CauLoss:[1.6846], AdvLoss:[5.3088]
--------------------------------------------------------------------------------------------------------------------------------------------------------------------------------------------------------
Epoch:[95/100], CauAdvLoss:[1.6838/5.3081], valid:[82.20], test:[54.17]
--------------------------------------------------------------------------------------------------------------------------------------------------------------------------------------------------------
Train Iter:[0  /563], CauLoss:[1.8699], AdvLoss:[4.4319]
Train Iter:[140/563], CauLoss:[1.6809], AdvLoss:[5.5303]
Train Iter:[280/563], CauLoss:[1.6906], AdvLoss:[5.4865]
Train Iter:[420/563], CauLoss:[1.6812], AdvLoss:[5.3693]
Train Iter:[560/563], CauLoss:[1.6838], AdvLoss:[5.3364]
--------------------------------------------------------------------------------------------------------------------------------------------------------------------------------------------------------
Epoch:[96/100], CauAdvLoss:[1.6852/5.3301], valid:[78.20], test:[46.67]
--------------------------------------------------------------------------------------------------------------------------------------------------------------------------------------------------------
Train Iter:[0  /563], CauLoss:[1.5476], AdvLoss:[5.5727]
Train Iter:[140/563], CauLoss:[1.6789], AdvLoss:[5.0783]
Train Iter:[280/563], CauLoss:[1.6825], AdvLoss:[5.2673]
Train Iter:[420/563], CauLoss:[1.6918], AdvLoss:[5.2690]
Train Iter:[560/563], CauLoss:[1.6880], AdvLoss:[5.2973]
--------------------------------------------------------------------------------------------------------------------------------------------------------------------------------------------------------
Epoch:[97/100], CauAdvLoss:[1.6868/5.3007], valid:[80.93], test:[48.90]
--------------------------------------------------------------------------------------------------------------------------------------------------------------------------------------------------------
Train Iter:[0  /563], CauLoss:[2.1899], AdvLoss:[5.1313]
Train Iter:[140/563], CauLoss:[1.6757], AdvLoss:[5.3051]
Train Iter:[280/563], CauLoss:[1.6879], AdvLoss:[5.2829]
Train Iter:[420/563], CauLoss:[1.6816], AdvLoss:[5.2501]
Train Iter:[560/563], CauLoss:[1.6832], AdvLoss:[5.2848]
--------------------------------------------------------------------------------------------------------------------------------------------------------------------------------------------------------
Epoch:[98/100], CauAdvLoss:[1.6840/5.2839], valid:[81.70], test:[54.20]
--------------------------------------------------------------------------------------------------------------------------------------------------------------------------------------------------------
Train Iter:[0  /563], CauLoss:[2.1484], AdvLoss:[4.4961]
Train Iter:[140/563], CauLoss:[1.7064], AdvLoss:[5.2332]
Train Iter:[280/563], CauLoss:[1.7005], AdvLoss:[5.2301]
Train Iter:[420/563], CauLoss:[1.6978], AdvLoss:[5.3092]
Train Iter:[560/563], CauLoss:[1.6867], AdvLoss:[5.3085]
--------------------------------------------------------------------------------------------------------------------------------------------------------------------------------------------------------
Epoch:[99/100], CauAdvLoss:[1.6872/5.3034], valid:[67.70], test:[50.57]
--------------------------------------------------------------------------------------------------------------------------------------------------------------------------------------------------------
Train Iter:[0  /563], CauLoss:[1.8225], AdvLoss:[4.9537]
Train Iter:[140/563], CauLoss:[1.6596], AdvLoss:[5.3842]
Train Iter:[280/563], CauLoss:[1.6856], AdvLoss:[5.3763]
Train Iter:[420/563], CauLoss:[1.6803], AdvLoss:[5.3089]
Train Iter:[560/563], CauLoss:[1.6844], AdvLoss:[5.2924]
--------------------------------------------------------------------------------------------------------------------------------------------------------------------------------------------------------
Epoch:[100/100], CauAdvLoss:[1.6836/5.2925], valid:[74.83], test:[51.20]
--------------------------------------------------------------------------------------------------------------------------------------------------------------------------------------------------------
Update test:[63.13] at epoch:[80] | Total time:00:25:37
Train Iter:[0  /563], CauLoss:[3.3938], AdvLoss:[0.5789]
Train Iter:[140/563], CauLoss:[2.9635], AdvLoss:[0.4659]
Train Iter:[280/563], CauLoss:[2.7206], AdvLoss:[0.6717]
Train Iter:[420/563], CauLoss:[2.5586], AdvLoss:[0.7354]
Train Iter:[560/563], CauLoss:[2.4570], AdvLoss:[0.7713]
--------------------------------------------------------------------------------------------------------------------------------------------------------------------------------------------------------
Epoch:[1/100], CauAdvLoss:[2.4562/0.7715], valid:[55.20], test:[45.40]
--------------------------------------------------------------------------------------------------------------------------------------------------------------------------------------------------------
Train Iter:[0  /563], CauLoss:[1.9768], AdvLoss:[1.3116]
Train Iter:[140/563], CauLoss:[2.0869], AdvLoss:[0.8742]
Train Iter:[280/563], CauLoss:[2.1039], AdvLoss:[0.7925]
Train Iter:[420/563], CauLoss:[2.1020], AdvLoss:[0.7862]
Train Iter:[560/563], CauLoss:[2.0928], AdvLoss:[0.7740]
--------------------------------------------------------------------------------------------------------------------------------------------------------------------------------------------------------
Epoch:[2/100], CauAdvLoss:[2.0940/0.7739], valid:[57.30], test:[32.93]
--------------------------------------------------------------------------------------------------------------------------------------------------------------------------------------------------------
Train Iter:[0  /563], CauLoss:[2.3656], AdvLoss:[0.6322]
Train Iter:[140/563], CauLoss:[2.0440], AdvLoss:[0.7904]
Train Iter:[280/563], CauLoss:[2.0400], AdvLoss:[0.9732]
Train Iter:[420/563], CauLoss:[2.0202], AdvLoss:[0.9519]
Train Iter:[560/563], CauLoss:[2.0197], AdvLoss:[0.9596]
--------------------------------------------------------------------------------------------------------------------------------------------------------------------------------------------------------
Epoch:[3/100], CauAdvLoss:[2.0194/0.9597], valid:[70.83], test:[60.27]
--------------------------------------------------------------------------------------------------------------------------------------------------------------------------------------------------------
Train Iter:[0  /563], CauLoss:[1.8477], AdvLoss:[0.5906]
Train Iter:[140/563], CauLoss:[1.9657], AdvLoss:[1.0049]
Train Iter:[280/563], CauLoss:[1.9769], AdvLoss:[1.0339]
Train Iter:[420/563], CauLoss:[1.9739], AdvLoss:[1.0022]
Train Iter:[560/563], CauLoss:[1.9726], AdvLoss:[1.0158]
--------------------------------------------------------------------------------------------------------------------------------------------------------------------------------------------------------
Epoch:[4/100], CauAdvLoss:[1.9715/1.0169], valid:[67.57], test:[42.23]
--------------------------------------------------------------------------------------------------------------------------------------------------------------------------------------------------------
Train Iter:[0  /563], CauLoss:[1.9757], AdvLoss:[1.3609]
Train Iter:[140/563], CauLoss:[2.0129], AdvLoss:[1.3584]
Train Iter:[280/563], CauLoss:[1.9958], AdvLoss:[1.1948]
Train Iter:[420/563], CauLoss:[1.9690], AdvLoss:[1.1266]
Train Iter:[560/563], CauLoss:[1.9573], AdvLoss:[1.1516]
--------------------------------------------------------------------------------------------------------------------------------------------------------------------------------------------------------
Epoch:[5/100], CauAdvLoss:[1.9569/1.1513], valid:[67.87], test:[50.33]
--------------------------------------------------------------------------------------------------------------------------------------------------------------------------------------------------------
Train Iter:[0  /563], CauLoss:[1.6670], AdvLoss:[0.6268]
Train Iter:[140/563], CauLoss:[1.9220], AdvLoss:[1.3204]
Train Iter:[280/563], CauLoss:[1.9261], AdvLoss:[1.2590]
Train Iter:[420/563], CauLoss:[1.9362], AdvLoss:[1.2951]
Train Iter:[560/563], CauLoss:[1.9396], AdvLoss:[1.3525]
--------------------------------------------------------------------------------------------------------------------------------------------------------------------------------------------------------
Epoch:[6/100], CauAdvLoss:[1.9395/1.3521], valid:[65.63], test:[41.23]
--------------------------------------------------------------------------------------------------------------------------------------------------------------------------------------------------------
Train Iter:[0  /563], CauLoss:[2.0446], AdvLoss:[1.2092]
Train Iter:[140/563], CauLoss:[1.9372], AdvLoss:[1.5090]
Train Iter:[280/563], CauLoss:[1.9455], AdvLoss:[1.5370]
Train Iter:[420/563], CauLoss:[1.9480], AdvLoss:[1.4762]
Train Iter:[560/563], CauLoss:[1.9467], AdvLoss:[1.4296]
--------------------------------------------------------------------------------------------------------------------------------------------------------------------------------------------------------
Epoch:[7/100], CauAdvLoss:[1.9454/1.4298], valid:[65.57], test:[44.47]
--------------------------------------------------------------------------------------------------------------------------------------------------------------------------------------------------------
Train Iter:[0  /563], CauLoss:[2.5828], AdvLoss:[1.4708]
Train Iter:[140/563], CauLoss:[1.8897], AdvLoss:[1.5361]
Train Iter:[280/563], CauLoss:[1.9190], AdvLoss:[1.4928]
Train Iter:[420/563], CauLoss:[1.9069], AdvLoss:[1.5408]
Train Iter:[560/563], CauLoss:[1.9112], AdvLoss:[1.5184]
--------------------------------------------------------------------------------------------------------------------------------------------------------------------------------------------------------
Epoch:[8/100], CauAdvLoss:[1.9110/1.5173], valid:[65.53], test:[42.13]
--------------------------------------------------------------------------------------------------------------------------------------------------------------------------------------------------------
Train Iter:[0  /563], CauLoss:[2.0086], AdvLoss:[1.0447]
Train Iter:[140/563], CauLoss:[1.9050], AdvLoss:[1.5940]
Train Iter:[280/563], CauLoss:[1.9094], AdvLoss:[1.6231]
Train Iter:[420/563], CauLoss:[1.9132], AdvLoss:[1.5793]
Train Iter:[560/563], CauLoss:[1.9091], AdvLoss:[1.6628]
--------------------------------------------------------------------------------------------------------------------------------------------------------------------------------------------------------
Epoch:[9/100], CauAdvLoss:[1.9081/1.6608], valid:[65.27], test:[40.97]
--------------------------------------------------------------------------------------------------------------------------------------------------------------------------------------------------------
Train Iter:[0  /563], CauLoss:[1.9768], AdvLoss:[1.6137]
Train Iter:[140/563], CauLoss:[1.8952], AdvLoss:[1.7848]
Train Iter:[280/563], CauLoss:[1.8743], AdvLoss:[1.7419]
Train Iter:[420/563], CauLoss:[1.8932], AdvLoss:[1.7172]
Train Iter:[560/563], CauLoss:[1.8860], AdvLoss:[1.7476]
--------------------------------------------------------------------------------------------------------------------------------------------------------------------------------------------------------
Epoch:[10/100], CauAdvLoss:[1.8859/1.7477], valid:[60.10], test:[39.50]
--------------------------------------------------------------------------------------------------------------------------------------------------------------------------------------------------------
Train Iter:[0  /563], CauLoss:[1.4063], AdvLoss:[1.2348]
Train Iter:[140/563], CauLoss:[1.8780], AdvLoss:[1.9896]
Train Iter:[280/563], CauLoss:[1.8827], AdvLoss:[2.0142]
Train Iter:[420/563], CauLoss:[1.8643], AdvLoss:[1.9784]
Train Iter:[560/563], CauLoss:[1.8730], AdvLoss:[1.9439]
--------------------------------------------------------------------------------------------------------------------------------------------------------------------------------------------------------
Epoch:[11/100], CauAdvLoss:[1.8731/1.9431], valid:[58.50], test:[52.07]
--------------------------------------------------------------------------------------------------------------------------------------------------------------------------------------------------------
Train Iter:[0  /563], CauLoss:[1.7769], AdvLoss:[2.6129]
Train Iter:[140/563], CauLoss:[1.8670], AdvLoss:[1.8031]
Train Iter:[280/563], CauLoss:[1.8958], AdvLoss:[1.8715]
Train Iter:[420/563], CauLoss:[1.8812], AdvLoss:[1.8866]
Train Iter:[560/563], CauLoss:[1.8741], AdvLoss:[1.9318]
--------------------------------------------------------------------------------------------------------------------------------------------------------------------------------------------------------
Epoch:[12/100], CauAdvLoss:[1.8748/1.9345], valid:[63.70], test:[49.97]
--------------------------------------------------------------------------------------------------------------------------------------------------------------------------------------------------------
Train Iter:[0  /563], CauLoss:[1.8318], AdvLoss:[2.9419]
Train Iter:[140/563], CauLoss:[1.8153], AdvLoss:[1.9947]
Train Iter:[280/563], CauLoss:[1.8386], AdvLoss:[1.9250]
Train Iter:[420/563], CauLoss:[1.8470], AdvLoss:[1.9480]
Train Iter:[560/563], CauLoss:[1.8467], AdvLoss:[1.9797]
--------------------------------------------------------------------------------------------------------------------------------------------------------------------------------------------------------
Epoch:[13/100], CauAdvLoss:[1.8467/1.9786], valid:[71.27], test:[43.33]
--------------------------------------------------------------------------------------------------------------------------------------------------------------------------------------------------------
Train Iter:[0  /563], CauLoss:[1.5426], AdvLoss:[1.9457]
Train Iter:[140/563], CauLoss:[1.8525], AdvLoss:[2.1116]
Train Iter:[280/563], CauLoss:[1.8283], AdvLoss:[2.1835]
Train Iter:[420/563], CauLoss:[1.8257], AdvLoss:[2.2249]
Train Iter:[560/563], CauLoss:[1.8365], AdvLoss:[2.1254]
--------------------------------------------------------------------------------------------------------------------------------------------------------------------------------------------------------
Epoch:[14/100], CauAdvLoss:[1.8352/2.1246], valid:[64.50], test:[46.10]
--------------------------------------------------------------------------------------------------------------------------------------------------------------------------------------------------------
Train Iter:[0  /563], CauLoss:[1.5925], AdvLoss:[2.0768]
Train Iter:[140/563], CauLoss:[1.8422], AdvLoss:[2.0452]
Train Iter:[280/563], CauLoss:[1.8445], AdvLoss:[2.0007]
Train Iter:[420/563], CauLoss:[1.8514], AdvLoss:[2.0492]
Train Iter:[560/563], CauLoss:[1.8486], AdvLoss:[1.9966]
--------------------------------------------------------------------------------------------------------------------------------------------------------------------------------------------------------
Epoch:[15/100], CauAdvLoss:[1.8479/1.9952], valid:[68.53], test:[43.97]
--------------------------------------------------------------------------------------------------------------------------------------------------------------------------------------------------------
Train Iter:[0  /563], CauLoss:[1.5259], AdvLoss:[1.9137]
Train Iter:[140/563], CauLoss:[1.7985], AdvLoss:[2.2959]
Train Iter:[280/563], CauLoss:[1.8224], AdvLoss:[2.1198]
Train Iter:[420/563], CauLoss:[1.8236], AdvLoss:[2.0582]
Train Iter:[560/563], CauLoss:[1.8166], AdvLoss:[2.0608]
--------------------------------------------------------------------------------------------------------------------------------------------------------------------------------------------------------
Epoch:[16/100], CauAdvLoss:[1.8171/2.0617], valid:[64.80], test:[49.77]
--------------------------------------------------------------------------------------------------------------------------------------------------------------------------------------------------------
Train Iter:[0  /563], CauLoss:[1.7338], AdvLoss:[2.1887]
Train Iter:[140/563], CauLoss:[1.8480], AdvLoss:[1.9467]
Train Iter:[280/563], CauLoss:[1.8358], AdvLoss:[1.9622]
Train Iter:[420/563], CauLoss:[1.8268], AdvLoss:[1.9192]
Train Iter:[560/563], CauLoss:[1.8118], AdvLoss:[1.9460]
--------------------------------------------------------------------------------------------------------------------------------------------------------------------------------------------------------
Epoch:[17/100], CauAdvLoss:[1.8121/1.9456], valid:[69.43], test:[53.17]
--------------------------------------------------------------------------------------------------------------------------------------------------------------------------------------------------------
Train Iter:[0  /563], CauLoss:[1.3676], AdvLoss:[1.1915]
Train Iter:[140/563], CauLoss:[1.8585], AdvLoss:[1.7463]
Train Iter:[280/563], CauLoss:[1.8312], AdvLoss:[1.7828]
Train Iter:[420/563], CauLoss:[1.8212], AdvLoss:[1.7900]
Train Iter:[560/563], CauLoss:[1.8125], AdvLoss:[1.8190]
--------------------------------------------------------------------------------------------------------------------------------------------------------------------------------------------------------
Epoch:[18/100], CauAdvLoss:[1.8129/1.8188], valid:[63.40], test:[46.20]
--------------------------------------------------------------------------------------------------------------------------------------------------------------------------------------------------------
Train Iter:[0  /563], CauLoss:[1.5062], AdvLoss:[1.8016]
Train Iter:[140/563], CauLoss:[1.8331], AdvLoss:[2.0012]
Train Iter:[280/563], CauLoss:[1.8050], AdvLoss:[1.9745]
Train Iter:[420/563], CauLoss:[1.7923], AdvLoss:[1.9757]
Train Iter:[560/563], CauLoss:[1.7925], AdvLoss:[1.9728]
--------------------------------------------------------------------------------------------------------------------------------------------------------------------------------------------------------
Epoch:[19/100], CauAdvLoss:[1.7941/1.9729], valid:[72.83], test:[48.67]
--------------------------------------------------------------------------------------------------------------------------------------------------------------------------------------------------------
Train Iter:[0  /563], CauLoss:[2.0839], AdvLoss:[2.5547]
Train Iter:[140/563], CauLoss:[1.8034], AdvLoss:[2.1507]
Train Iter:[280/563], CauLoss:[1.8058], AdvLoss:[1.9937]
Train Iter:[420/563], CauLoss:[1.7985], AdvLoss:[1.9373]
Train Iter:[560/563], CauLoss:[1.7951], AdvLoss:[1.9097]
--------------------------------------------------------------------------------------------------------------------------------------------------------------------------------------------------------
Epoch:[20/100], CauAdvLoss:[1.7959/1.9092], valid:[54.13], test:[32.93]
--------------------------------------------------------------------------------------------------------------------------------------------------------------------------------------------------------
Train Iter:[0  /563], CauLoss:[1.7723], AdvLoss:[2.3026]
Train Iter:[140/563], CauLoss:[1.7795], AdvLoss:[2.0139]
Train Iter:[280/563], CauLoss:[1.8079], AdvLoss:[1.9594]
Train Iter:[420/563], CauLoss:[1.8056], AdvLoss:[1.9922]
Train Iter:[560/563], CauLoss:[1.7957], AdvLoss:[2.0131]
--------------------------------------------------------------------------------------------------------------------------------------------------------------------------------------------------------
Epoch:[21/100], CauAdvLoss:[1.7971/2.0112], valid:[48.77], test:[38.20]
--------------------------------------------------------------------------------------------------------------------------------------------------------------------------------------------------------
Train Iter:[0  /563], CauLoss:[1.5776], AdvLoss:[2.3181]
Train Iter:[140/563], CauLoss:[1.7895], AdvLoss:[2.0066]
Train Iter:[280/563], CauLoss:[1.7992], AdvLoss:[1.8638]
Train Iter:[420/563], CauLoss:[1.7883], AdvLoss:[1.8806]
Train Iter:[560/563], CauLoss:[1.7977], AdvLoss:[1.9300]
--------------------------------------------------------------------------------------------------------------------------------------------------------------------------------------------------------
Epoch:[22/100], CauAdvLoss:[1.7963/1.9306], valid:[67.17], test:[49.00]
--------------------------------------------------------------------------------------------------------------------------------------------------------------------------------------------------------
Train Iter:[0  /563], CauLoss:[2.0084], AdvLoss:[1.6346]
Train Iter:[140/563], CauLoss:[1.7766], AdvLoss:[2.0346]
Train Iter:[280/563], CauLoss:[1.8031], AdvLoss:[2.0369]
Train Iter:[420/563], CauLoss:[1.7921], AdvLoss:[1.9805]
Train Iter:[560/563], CauLoss:[1.7835], AdvLoss:[1.9179]
--------------------------------------------------------------------------------------------------------------------------------------------------------------------------------------------------------
Epoch:[23/100], CauAdvLoss:[1.7834/1.9176], valid:[60.33], test:[44.70]
--------------------------------------------------------------------------------------------------------------------------------------------------------------------------------------------------------
Train Iter:[0  /563], CauLoss:[2.3183], AdvLoss:[2.0065]
Train Iter:[140/563], CauLoss:[1.7972], AdvLoss:[1.9053]
Train Iter:[280/563], CauLoss:[1.8000], AdvLoss:[2.0034]
Train Iter:[420/563], CauLoss:[1.8009], AdvLoss:[2.0431]
Train Iter:[560/563], CauLoss:[1.7944], AdvLoss:[2.0302]
--------------------------------------------------------------------------------------------------------------------------------------------------------------------------------------------------------
Epoch:[24/100], CauAdvLoss:[1.7932/2.0305], valid:[56.47], test:[33.83]
--------------------------------------------------------------------------------------------------------------------------------------------------------------------------------------------------------
Train Iter:[0  /563], CauLoss:[1.6420], AdvLoss:[1.9523]
Train Iter:[140/563], CauLoss:[1.7393], AdvLoss:[2.1672]
Train Iter:[280/563], CauLoss:[1.7713], AdvLoss:[2.0339]
Train Iter:[420/563], CauLoss:[1.7700], AdvLoss:[2.0042]
Train Iter:[560/563], CauLoss:[1.7789], AdvLoss:[2.0040]
--------------------------------------------------------------------------------------------------------------------------------------------------------------------------------------------------------
Epoch:[25/100], CauAdvLoss:[1.7784/2.0031], valid:[57.60], test:[37.70]
--------------------------------------------------------------------------------------------------------------------------------------------------------------------------------------------------------
Train Iter:[0  /563], CauLoss:[1.9611], AdvLoss:[2.3342]
Train Iter:[140/563], CauLoss:[1.8335], AdvLoss:[1.7205]
Train Iter:[280/563], CauLoss:[1.7869], AdvLoss:[1.8703]
Train Iter:[420/563], CauLoss:[1.7924], AdvLoss:[1.9736]
Train Iter:[560/563], CauLoss:[1.7806], AdvLoss:[1.9937]
--------------------------------------------------------------------------------------------------------------------------------------------------------------------------------------------------------
Epoch:[26/100], CauAdvLoss:[1.7807/1.9928], valid:[70.77], test:[47.47]
--------------------------------------------------------------------------------------------------------------------------------------------------------------------------------------------------------
Train Iter:[0  /563], CauLoss:[2.1251], AdvLoss:[2.1959]
Train Iter:[140/563], CauLoss:[1.7347], AdvLoss:[1.9769]
Train Iter:[280/563], CauLoss:[1.7834], AdvLoss:[1.9121]
Train Iter:[420/563], CauLoss:[1.7852], AdvLoss:[1.8679]
Train Iter:[560/563], CauLoss:[1.7778], AdvLoss:[1.8704]
--------------------------------------------------------------------------------------------------------------------------------------------------------------------------------------------------------
Epoch:[27/100], CauAdvLoss:[1.7770/1.8700], valid:[53.73], test:[46.13]
--------------------------------------------------------------------------------------------------------------------------------------------------------------------------------------------------------
Train Iter:[0  /563], CauLoss:[2.0635], AdvLoss:[1.8861]
Train Iter:[140/563], CauLoss:[1.7365], AdvLoss:[1.8055]
Train Iter:[280/563], CauLoss:[1.7710], AdvLoss:[1.8770]
Train Iter:[420/563], CauLoss:[1.7769], AdvLoss:[1.8798]
Train Iter:[560/563], CauLoss:[1.7725], AdvLoss:[1.8929]
--------------------------------------------------------------------------------------------------------------------------------------------------------------------------------------------------------
Epoch:[28/100], CauAdvLoss:[1.7718/1.8929], valid:[64.27], test:[51.00]
--------------------------------------------------------------------------------------------------------------------------------------------------------------------------------------------------------
Train Iter:[0  /563], CauLoss:[1.5406], AdvLoss:[1.7017]
Train Iter:[140/563], CauLoss:[1.8334], AdvLoss:[1.8711]
Train Iter:[280/563], CauLoss:[1.7905], AdvLoss:[1.8491]
Train Iter:[420/563], CauLoss:[1.7763], AdvLoss:[1.9303]
Train Iter:[560/563], CauLoss:[1.7719], AdvLoss:[1.9275]
--------------------------------------------------------------------------------------------------------------------------------------------------------------------------------------------------------
Epoch:[29/100], CauAdvLoss:[1.7721/1.9263], valid:[72.00], test:[41.47]
--------------------------------------------------------------------------------------------------------------------------------------------------------------------------------------------------------
Train Iter:[0  /563], CauLoss:[1.3801], AdvLoss:[1.5686]
Train Iter:[140/563], CauLoss:[1.8321], AdvLoss:[1.6802]
Train Iter:[280/563], CauLoss:[1.7994], AdvLoss:[1.7154]
Train Iter:[420/563], CauLoss:[1.7879], AdvLoss:[1.6709]
Train Iter:[560/563], CauLoss:[1.7744], AdvLoss:[1.7603]
--------------------------------------------------------------------------------------------------------------------------------------------------------------------------------------------------------
Epoch:[30/100], CauAdvLoss:[1.7754/1.7611], valid:[76.50], test:[58.90]
--------------------------------------------------------------------------------------------------------------------------------------------------------------------------------------------------------
Train Iter:[0  /563], CauLoss:[1.2414], AdvLoss:[1.7065]
Train Iter:[140/563], CauLoss:[1.7363], AdvLoss:[2.0593]
Train Iter:[280/563], CauLoss:[1.7766], AdvLoss:[2.0234]
Train Iter:[420/563], CauLoss:[1.7632], AdvLoss:[2.0096]
Train Iter:[560/563], CauLoss:[1.7730], AdvLoss:[2.0372]
--------------------------------------------------------------------------------------------------------------------------------------------------------------------------------------------------------
Epoch:[31/100], CauAdvLoss:[1.7734/2.0363], valid:[36.60], test:[32.93]
--------------------------------------------------------------------------------------------------------------------------------------------------------------------------------------------------------
Train Iter:[0  /563], CauLoss:[1.3192], AdvLoss:[1.3463]
Train Iter:[140/563], CauLoss:[1.7192], AdvLoss:[1.7642]
Train Iter:[280/563], CauLoss:[1.7340], AdvLoss:[1.7704]
Train Iter:[420/563], CauLoss:[1.7649], AdvLoss:[1.8630]
Train Iter:[560/563], CauLoss:[1.7698], AdvLoss:[1.8315]
--------------------------------------------------------------------------------------------------------------------------------------------------------------------------------------------------------
Epoch:[32/100], CauAdvLoss:[1.7704/1.8298], valid:[59.87], test:[37.40]
--------------------------------------------------------------------------------------------------------------------------------------------------------------------------------------------------------
Train Iter:[0  /563], CauLoss:[1.9187], AdvLoss:[1.5227]
Train Iter:[140/563], CauLoss:[1.7836], AdvLoss:[1.5119]
Train Iter:[280/563], CauLoss:[1.7713], AdvLoss:[1.5823]
Train Iter:[420/563], CauLoss:[1.7656], AdvLoss:[1.6209]
Train Iter:[560/563], CauLoss:[1.7584], AdvLoss:[1.6422]
--------------------------------------------------------------------------------------------------------------------------------------------------------------------------------------------------------
Epoch:[33/100], CauAdvLoss:[1.7578/1.6420], valid:[58.27], test:[37.90]
--------------------------------------------------------------------------------------------------------------------------------------------------------------------------------------------------------
Train Iter:[0  /563], CauLoss:[1.6982], AdvLoss:[1.1190]
Train Iter:[140/563], CauLoss:[1.7660], AdvLoss:[1.7490]
Train Iter:[280/563], CauLoss:[1.7655], AdvLoss:[1.8057]
Train Iter:[420/563], CauLoss:[1.7601], AdvLoss:[1.8282]
Train Iter:[560/563], CauLoss:[1.7624], AdvLoss:[1.8563]
--------------------------------------------------------------------------------------------------------------------------------------------------------------------------------------------------------
Epoch:[34/100], CauAdvLoss:[1.7629/1.8545], valid:[38.07], test:[33.90]
--------------------------------------------------------------------------------------------------------------------------------------------------------------------------------------------------------
Train Iter:[0  /563], CauLoss:[2.0278], AdvLoss:[1.3373]
Train Iter:[140/563], CauLoss:[1.7500], AdvLoss:[2.0575]
Train Iter:[280/563], CauLoss:[1.7815], AdvLoss:[1.9321]
Train Iter:[420/563], CauLoss:[1.7700], AdvLoss:[1.8899]
Train Iter:[560/563], CauLoss:[1.7692], AdvLoss:[1.9125]
--------------------------------------------------------------------------------------------------------------------------------------------------------------------------------------------------------
Epoch:[35/100], CauAdvLoss:[1.7690/1.9143], valid:[78.77], test:[40.10]
--------------------------------------------------------------------------------------------------------------------------------------------------------------------------------------------------------
Train Iter:[0  /563], CauLoss:[1.2258], AdvLoss:[3.4676]
Train Iter:[140/563], CauLoss:[1.7443], AdvLoss:[3.0247]
Train Iter:[280/563], CauLoss:[1.7786], AdvLoss:[2.8527]
Train Iter:[420/563], CauLoss:[1.7784], AdvLoss:[2.8373]
Train Iter:[560/563], CauLoss:[1.7665], AdvLoss:[2.8560]
--------------------------------------------------------------------------------------------------------------------------------------------------------------------------------------------------------
Epoch:[36/100], CauAdvLoss:[1.7674/2.8622], valid:[64.93], test:[41.70]
--------------------------------------------------------------------------------------------------------------------------------------------------------------------------------------------------------
Train Iter:[0  /563], CauLoss:[1.8561], AdvLoss:[3.7172]
Train Iter:[140/563], CauLoss:[1.7453], AdvLoss:[2.6223]
Train Iter:[280/563], CauLoss:[1.7728], AdvLoss:[2.6130]
Train Iter:[420/563], CauLoss:[1.7542], AdvLoss:[2.7622]
Train Iter:[560/563], CauLoss:[1.7587], AdvLoss:[2.6971]
--------------------------------------------------------------------------------------------------------------------------------------------------------------------------------------------------------
Epoch:[37/100], CauAdvLoss:[1.7580/2.6972], valid:[76.83], test:[58.03]
--------------------------------------------------------------------------------------------------------------------------------------------------------------------------------------------------------
Train Iter:[0  /563], CauLoss:[1.2787], AdvLoss:[1.4908]
Train Iter:[140/563], CauLoss:[1.7327], AdvLoss:[2.5916]
Train Iter:[280/563], CauLoss:[1.7456], AdvLoss:[2.5950]
Train Iter:[420/563], CauLoss:[1.7448], AdvLoss:[2.5799]
Train Iter:[560/563], CauLoss:[1.7490], AdvLoss:[2.5710]
--------------------------------------------------------------------------------------------------------------------------------------------------------------------------------------------------------
Epoch:[38/100], CauAdvLoss:[1.7491/2.5732], valid:[79.77], test:[53.60]
--------------------------------------------------------------------------------------------------------------------------------------------------------------------------------------------------------
Train Iter:[0  /563], CauLoss:[1.2899], AdvLoss:[3.4056]
Train Iter:[140/563], CauLoss:[1.7970], AdvLoss:[2.6637]
Train Iter:[280/563], CauLoss:[1.7840], AdvLoss:[2.8594]
Train Iter:[420/563], CauLoss:[1.7541], AdvLoss:[2.8330]
Train Iter:[560/563], CauLoss:[1.7490], AdvLoss:[2.8836]
--------------------------------------------------------------------------------------------------------------------------------------------------------------------------------------------------------
Epoch:[39/100], CauAdvLoss:[1.7507/2.8880], valid:[70.30], test:[49.00]
--------------------------------------------------------------------------------------------------------------------------------------------------------------------------------------------------------
Train Iter:[0  /563], CauLoss:[2.5450], AdvLoss:[2.9913]
Train Iter:[140/563], CauLoss:[1.7413], AdvLoss:[3.2691]
Train Iter:[280/563], CauLoss:[1.7566], AdvLoss:[3.0560]
Train Iter:[420/563], CauLoss:[1.7547], AdvLoss:[2.9663]
Train Iter:[560/563], CauLoss:[1.7510], AdvLoss:[2.8554]
--------------------------------------------------------------------------------------------------------------------------------------------------------------------------------------------------------
Epoch:[40/100], CauAdvLoss:[1.7514/2.8527], valid:[55.37], test:[34.30]
--------------------------------------------------------------------------------------------------------------------------------------------------------------------------------------------------------
Train Iter:[0  /563], CauLoss:[1.6500], AdvLoss:[1.9335]
Train Iter:[140/563], CauLoss:[1.7290], AdvLoss:[2.5667]
Train Iter:[280/563], CauLoss:[1.7392], AdvLoss:[2.7049]
Train Iter:[420/563], CauLoss:[1.7502], AdvLoss:[3.0067]
Train Iter:[560/563], CauLoss:[1.7589], AdvLoss:[3.0776]
--------------------------------------------------------------------------------------------------------------------------------------------------------------------------------------------------------
Epoch:[41/100], CauAdvLoss:[1.7586/3.0753], valid:[60.67], test:[47.67]
--------------------------------------------------------------------------------------------------------------------------------------------------------------------------------------------------------
Train Iter:[0  /563], CauLoss:[1.3935], AdvLoss:[1.6132]
Train Iter:[140/563], CauLoss:[1.7422], AdvLoss:[3.7468]
Train Iter:[280/563], CauLoss:[1.7155], AdvLoss:[3.6532]
Train Iter:[420/563], CauLoss:[1.7341], AdvLoss:[3.4612]
Train Iter:[560/563], CauLoss:[1.7409], AdvLoss:[3.4866]
--------------------------------------------------------------------------------------------------------------------------------------------------------------------------------------------------------
Epoch:[42/100], CauAdvLoss:[1.7389/3.4849], valid:[70.83], test:[43.37]
--------------------------------------------------------------------------------------------------------------------------------------------------------------------------------------------------------
Train Iter:[0  /563], CauLoss:[1.9911], AdvLoss:[2.8870]
Train Iter:[140/563], CauLoss:[1.7975], AdvLoss:[3.3440]
Train Iter:[280/563], CauLoss:[1.7601], AdvLoss:[3.3945]
Train Iter:[420/563], CauLoss:[1.7391], AdvLoss:[3.3833]
Train Iter:[560/563], CauLoss:[1.7421], AdvLoss:[3.3712]
--------------------------------------------------------------------------------------------------------------------------------------------------------------------------------------------------------
Epoch:[43/100], CauAdvLoss:[1.7414/3.3683], valid:[66.27], test:[52.20]
--------------------------------------------------------------------------------------------------------------------------------------------------------------------------------------------------------
Train Iter:[0  /563], CauLoss:[1.3447], AdvLoss:[2.8909]
Train Iter:[140/563], CauLoss:[1.7291], AdvLoss:[3.1723]
Train Iter:[280/563], CauLoss:[1.7389], AdvLoss:[3.2416]
Train Iter:[420/563], CauLoss:[1.7231], AdvLoss:[3.1113]
Train Iter:[560/563], CauLoss:[1.7338], AdvLoss:[3.0140]
--------------------------------------------------------------------------------------------------------------------------------------------------------------------------------------------------------
Epoch:[44/100], CauAdvLoss:[1.7343/3.0112], valid:[64.57], test:[54.53]
--------------------------------------------------------------------------------------------------------------------------------------------------------------------------------------------------------
Train Iter:[0  /563], CauLoss:[2.0522], AdvLoss:[2.6497]
Train Iter:[140/563], CauLoss:[1.7038], AdvLoss:[2.9552]
Train Iter:[280/563], CauLoss:[1.7390], AdvLoss:[3.0733]
Train Iter:[420/563], CauLoss:[1.7265], AdvLoss:[3.0879]
Train Iter:[560/563], CauLoss:[1.7361], AdvLoss:[3.1688]
--------------------------------------------------------------------------------------------------------------------------------------------------------------------------------------------------------
Epoch:[45/100], CauAdvLoss:[1.7383/3.1712], valid:[68.73], test:[38.40]
--------------------------------------------------------------------------------------------------------------------------------------------------------------------------------------------------------
Train Iter:[0  /563], CauLoss:[1.9704], AdvLoss:[3.9101]
Train Iter:[140/563], CauLoss:[1.7537], AdvLoss:[2.7181]
Train Iter:[280/563], CauLoss:[1.7133], AdvLoss:[2.8851]
Train Iter:[420/563], CauLoss:[1.7244], AdvLoss:[3.1778]
Train Iter:[560/563], CauLoss:[1.7377], AdvLoss:[3.1551]
--------------------------------------------------------------------------------------------------------------------------------------------------------------------------------------------------------
Epoch:[46/100], CauAdvLoss:[1.7365/3.1579], valid:[62.17], test:[43.90]
--------------------------------------------------------------------------------------------------------------------------------------------------------------------------------------------------------
Train Iter:[0  /563], CauLoss:[1.4043], AdvLoss:[2.4101]
Train Iter:[140/563], CauLoss:[1.7393], AdvLoss:[2.8492]
Train Iter:[280/563], CauLoss:[1.7233], AdvLoss:[2.8917]
Train Iter:[420/563], CauLoss:[1.7258], AdvLoss:[2.9618]
Train Iter:[560/563], CauLoss:[1.7328], AdvLoss:[2.9863]
--------------------------------------------------------------------------------------------------------------------------------------------------------------------------------------------------------
Epoch:[47/100], CauAdvLoss:[1.7342/2.9884], valid:[64.63], test:[55.73]
--------------------------------------------------------------------------------------------------------------------------------------------------------------------------------------------------------
Train Iter:[0  /563], CauLoss:[1.4976], AdvLoss:[4.0753]
Train Iter:[140/563], CauLoss:[1.7430], AdvLoss:[3.1944]
Train Iter:[280/563], CauLoss:[1.7315], AdvLoss:[3.1124]
Train Iter:[420/563], CauLoss:[1.7370], AdvLoss:[3.1350]
Train Iter:[560/563], CauLoss:[1.7368], AdvLoss:[3.0746]
--------------------------------------------------------------------------------------------------------------------------------------------------------------------------------------------------------
Epoch:[48/100], CauAdvLoss:[1.7362/3.0710], valid:[65.63], test:[38.90]
--------------------------------------------------------------------------------------------------------------------------------------------------------------------------------------------------------
Train Iter:[0  /563], CauLoss:[1.4636], AdvLoss:[4.2159]
Train Iter:[140/563], CauLoss:[1.7367], AdvLoss:[3.5261]
Train Iter:[280/563], CauLoss:[1.7420], AdvLoss:[3.4507]
Train Iter:[420/563], CauLoss:[1.7489], AdvLoss:[3.4536]
Train Iter:[560/563], CauLoss:[1.7372], AdvLoss:[3.4588]
--------------------------------------------------------------------------------------------------------------------------------------------------------------------------------------------------------
Epoch:[49/100], CauAdvLoss:[1.7364/3.4606], valid:[67.03], test:[53.20]
--------------------------------------------------------------------------------------------------------------------------------------------------------------------------------------------------------
Train Iter:[0  /563], CauLoss:[1.6219], AdvLoss:[3.6523]
Train Iter:[140/563], CauLoss:[1.7411], AdvLoss:[3.3152]
Train Iter:[280/563], CauLoss:[1.7496], AdvLoss:[3.3869]
Train Iter:[420/563], CauLoss:[1.7396], AdvLoss:[3.3429]
Train Iter:[560/563], CauLoss:[1.7324], AdvLoss:[3.3721]
--------------------------------------------------------------------------------------------------------------------------------------------------------------------------------------------------------
Epoch:[50/100], CauAdvLoss:[1.7336/3.3759], valid:[67.87], test:[38.70]
--------------------------------------------------------------------------------------------------------------------------------------------------------------------------------------------------------
Train Iter:[0  /563], CauLoss:[2.1755], AdvLoss:[3.0470]
Train Iter:[140/563], CauLoss:[1.7442], AdvLoss:[3.6455]
Train Iter:[280/563], CauLoss:[1.7299], AdvLoss:[3.5869]
Train Iter:[420/563], CauLoss:[1.7154], AdvLoss:[3.4531]
Train Iter:[560/563], CauLoss:[1.7224], AdvLoss:[3.4769]
--------------------------------------------------------------------------------------------------------------------------------------------------------------------------------------------------------
Epoch:[51/100], CauAdvLoss:[1.7240/3.4837], valid:[70.27], test:[41.90]
--------------------------------------------------------------------------------------------------------------------------------------------------------------------------------------------------------
Train Iter:[0  /563], CauLoss:[2.3228], AdvLoss:[2.8895]
Train Iter:[140/563], CauLoss:[1.6839], AdvLoss:[3.4368]
Train Iter:[280/563], CauLoss:[1.7023], AdvLoss:[3.3208]
Train Iter:[420/563], CauLoss:[1.7215], AdvLoss:[3.1290]
Train Iter:[560/563], CauLoss:[1.7272], AdvLoss:[3.1131]
--------------------------------------------------------------------------------------------------------------------------------------------------------------------------------------------------------
Epoch:[52/100], CauAdvLoss:[1.7276/3.1137], valid:[66.77], test:[47.43]
--------------------------------------------------------------------------------------------------------------------------------------------------------------------------------------------------------
Train Iter:[0  /563], CauLoss:[1.4295], AdvLoss:[3.8386]
Train Iter:[140/563], CauLoss:[1.7570], AdvLoss:[3.2682]
Train Iter:[280/563], CauLoss:[1.7543], AdvLoss:[3.4177]
Train Iter:[420/563], CauLoss:[1.7291], AdvLoss:[3.4821]
Train Iter:[560/563], CauLoss:[1.7282], AdvLoss:[3.4548]
--------------------------------------------------------------------------------------------------------------------------------------------------------------------------------------------------------
Epoch:[53/100], CauAdvLoss:[1.7270/3.4530], valid:[64.83], test:[42.27]
--------------------------------------------------------------------------------------------------------------------------------------------------------------------------------------------------------
Train Iter:[0  /563], CauLoss:[1.4693], AdvLoss:[3.2522]
Train Iter:[140/563], CauLoss:[1.6872], AdvLoss:[2.9137]
Train Iter:[280/563], CauLoss:[1.7066], AdvLoss:[3.3285]
Train Iter:[420/563], CauLoss:[1.7117], AdvLoss:[3.4790]
Train Iter:[560/563], CauLoss:[1.7203], AdvLoss:[3.4854]
--------------------------------------------------------------------------------------------------------------------------------------------------------------------------------------------------------
Epoch:[54/100], CauAdvLoss:[1.7201/3.4793], valid:[67.80], test:[49.30]
--------------------------------------------------------------------------------------------------------------------------------------------------------------------------------------------------------
Train Iter:[0  /563], CauLoss:[1.8887], AdvLoss:[4.9585]
Train Iter:[140/563], CauLoss:[1.7380], AdvLoss:[4.0342]
Train Iter:[280/563], CauLoss:[1.7264], AdvLoss:[4.0013]
Train Iter:[420/563], CauLoss:[1.7212], AdvLoss:[3.9443]
Train Iter:[560/563], CauLoss:[1.7141], AdvLoss:[3.7832]
--------------------------------------------------------------------------------------------------------------------------------------------------------------------------------------------------------
Epoch:[55/100], CauAdvLoss:[1.7143/3.7874], valid:[63.33], test:[54.33]
--------------------------------------------------------------------------------------------------------------------------------------------------------------------------------------------------------
Train Iter:[0  /563], CauLoss:[2.0743], AdvLoss:[5.2064]
Train Iter:[140/563], CauLoss:[1.7296], AdvLoss:[3.7774]
Train Iter:[280/563], CauLoss:[1.7229], AdvLoss:[3.2140]
Train Iter:[420/563], CauLoss:[1.7341], AdvLoss:[3.3245]
Train Iter:[560/563], CauLoss:[1.7305], AdvLoss:[3.3858]
--------------------------------------------------------------------------------------------------------------------------------------------------------------------------------------------------------
Epoch:[56/100], CauAdvLoss:[1.7317/3.3833], valid:[65.17], test:[43.40]
--------------------------------------------------------------------------------------------------------------------------------------------------------------------------------------------------------
Train Iter:[0  /563], CauLoss:[1.6355], AdvLoss:[5.7693]
Train Iter:[140/563], CauLoss:[1.7579], AdvLoss:[3.7804]
Train Iter:[280/563], CauLoss:[1.7446], AdvLoss:[3.5962]
Train Iter:[420/563], CauLoss:[1.7219], AdvLoss:[3.5604]
Train Iter:[560/563], CauLoss:[1.7176], AdvLoss:[3.6217]
--------------------------------------------------------------------------------------------------------------------------------------------------------------------------------------------------------
Epoch:[57/100], CauAdvLoss:[1.7191/3.6202], valid:[62.93], test:[53.13]
--------------------------------------------------------------------------------------------------------------------------------------------------------------------------------------------------------
Train Iter:[0  /563], CauLoss:[1.4742], AdvLoss:[3.4963]
Train Iter:[140/563], CauLoss:[1.7439], AdvLoss:[3.2951]
Train Iter:[280/563], CauLoss:[1.7463], AdvLoss:[3.1991]
Train Iter:[420/563], CauLoss:[1.7386], AdvLoss:[3.3772]
Train Iter:[560/563], CauLoss:[1.7238], AdvLoss:[3.5281]
--------------------------------------------------------------------------------------------------------------------------------------------------------------------------------------------------------
Epoch:[58/100], CauAdvLoss:[1.7245/3.5267], valid:[59.77], test:[57.40]
--------------------------------------------------------------------------------------------------------------------------------------------------------------------------------------------------------
Train Iter:[0  /563], CauLoss:[1.6926], AdvLoss:[3.9080]
Train Iter:[140/563], CauLoss:[1.7143], AdvLoss:[3.7066]
Train Iter:[280/563], CauLoss:[1.7412], AdvLoss:[3.5038]
Train Iter:[420/563], CauLoss:[1.7249], AdvLoss:[3.4217]
Train Iter:[560/563], CauLoss:[1.7218], AdvLoss:[3.3279]
--------------------------------------------------------------------------------------------------------------------------------------------------------------------------------------------------------
Epoch:[59/100], CauAdvLoss:[1.7210/3.3270], valid:[72.00], test:[61.77]
--------------------------------------------------------------------------------------------------------------------------------------------------------------------------------------------------------
Train Iter:[0  /563], CauLoss:[1.5821], AdvLoss:[3.0419]
Train Iter:[140/563], CauLoss:[1.7051], AdvLoss:[3.4095]
Train Iter:[280/563], CauLoss:[1.7322], AdvLoss:[3.4803]
Train Iter:[420/563], CauLoss:[1.7154], AdvLoss:[3.4769]
Train Iter:[560/563], CauLoss:[1.7172], AdvLoss:[3.4543]
--------------------------------------------------------------------------------------------------------------------------------------------------------------------------------------------------------
Epoch:[60/100], CauAdvLoss:[1.7155/3.4531], valid:[67.53], test:[48.33]
--------------------------------------------------------------------------------------------------------------------------------------------------------------------------------------------------------
Train Iter:[0  /563], CauLoss:[1.5938], AdvLoss:[3.2886]
Train Iter:[140/563], CauLoss:[1.7328], AdvLoss:[3.5924]
Train Iter:[280/563], CauLoss:[1.7144], AdvLoss:[3.5872]
Train Iter:[420/563], CauLoss:[1.7177], AdvLoss:[3.4328]
Train Iter:[560/563], CauLoss:[1.7178], AdvLoss:[3.4079]
--------------------------------------------------------------------------------------------------------------------------------------------------------------------------------------------------------
Epoch:[61/100], CauAdvLoss:[1.7179/3.4054], valid:[63.67], test:[59.63]
--------------------------------------------------------------------------------------------------------------------------------------------------------------------------------------------------------
Train Iter:[0  /563], CauLoss:[1.9334], AdvLoss:[2.8802]
Train Iter:[140/563], CauLoss:[1.7131], AdvLoss:[3.2114]
Train Iter:[280/563], CauLoss:[1.7248], AdvLoss:[3.3692]
Train Iter:[420/563], CauLoss:[1.7194], AdvLoss:[3.3772]
Train Iter:[560/563], CauLoss:[1.7203], AdvLoss:[3.4614]
--------------------------------------------------------------------------------------------------------------------------------------------------------------------------------------------------------
Epoch:[62/100], CauAdvLoss:[1.7190/3.4580], valid:[69.20], test:[61.17]
--------------------------------------------------------------------------------------------------------------------------------------------------------------------------------------------------------
Train Iter:[0  /563], CauLoss:[1.8446], AdvLoss:[3.4921]
Train Iter:[140/563], CauLoss:[1.7069], AdvLoss:[3.4524]
Train Iter:[280/563], CauLoss:[1.7211], AdvLoss:[3.5516]
Train Iter:[420/563], CauLoss:[1.7066], AdvLoss:[3.7286]
Train Iter:[560/563], CauLoss:[1.7060], AdvLoss:[3.7878]
--------------------------------------------------------------------------------------------------------------------------------------------------------------------------------------------------------
Epoch:[63/100], CauAdvLoss:[1.7074/3.7875], valid:[74.53], test:[40.77]
--------------------------------------------------------------------------------------------------------------------------------------------------------------------------------------------------------
Train Iter:[0  /563], CauLoss:[1.4080], AdvLoss:[5.5767]
Train Iter:[140/563], CauLoss:[1.6901], AdvLoss:[3.9045]
Train Iter:[280/563], CauLoss:[1.7226], AdvLoss:[3.7541]
Train Iter:[420/563], CauLoss:[1.7201], AdvLoss:[3.6316]
Train Iter:[560/563], CauLoss:[1.7103], AdvLoss:[3.5180]
--------------------------------------------------------------------------------------------------------------------------------------------------------------------------------------------------------
Epoch:[64/100], CauAdvLoss:[1.7106/3.5198], valid:[63.33], test:[51.77]
--------------------------------------------------------------------------------------------------------------------------------------------------------------------------------------------------------
Train Iter:[0  /563], CauLoss:[1.8543], AdvLoss:[3.5424]
Train Iter:[140/563], CauLoss:[1.6851], AdvLoss:[4.1309]
Train Iter:[280/563], CauLoss:[1.6962], AdvLoss:[4.0201]
Train Iter:[420/563], CauLoss:[1.7075], AdvLoss:[3.9517]
Train Iter:[560/563], CauLoss:[1.7065], AdvLoss:[3.9436]
--------------------------------------------------------------------------------------------------------------------------------------------------------------------------------------------------------
Epoch:[65/100], CauAdvLoss:[1.7075/3.9366], valid:[62.53], test:[46.23]
--------------------------------------------------------------------------------------------------------------------------------------------------------------------------------------------------------
Train Iter:[0  /563], CauLoss:[1.1971], AdvLoss:[3.8948]
Train Iter:[140/563], CauLoss:[1.6785], AdvLoss:[4.0529]
Train Iter:[280/563], CauLoss:[1.7080], AdvLoss:[3.9491]
Train Iter:[420/563], CauLoss:[1.6998], AdvLoss:[3.9473]
Train Iter:[560/563], CauLoss:[1.7067], AdvLoss:[3.9092]
--------------------------------------------------------------------------------------------------------------------------------------------------------------------------------------------------------
Epoch:[66/100], CauAdvLoss:[1.7069/3.9076], valid:[55.80], test:[34.07]
--------------------------------------------------------------------------------------------------------------------------------------------------------------------------------------------------------
Train Iter:[0  /563], CauLoss:[1.8423], AdvLoss:[1.7932]
Train Iter:[140/563], CauLoss:[1.7097], AdvLoss:[3.9637]
Train Iter:[280/563], CauLoss:[1.6974], AdvLoss:[3.9127]
Train Iter:[420/563], CauLoss:[1.6998], AdvLoss:[4.0351]
Train Iter:[560/563], CauLoss:[1.7047], AdvLoss:[3.9800]
--------------------------------------------------------------------------------------------------------------------------------------------------------------------------------------------------------
Epoch:[67/100], CauAdvLoss:[1.7062/3.9790], valid:[63.73], test:[49.43]
--------------------------------------------------------------------------------------------------------------------------------------------------------------------------------------------------------
Train Iter:[0  /563], CauLoss:[1.4144], AdvLoss:[3.8050]
Train Iter:[140/563], CauLoss:[1.6701], AdvLoss:[3.9927]
Train Iter:[280/563], CauLoss:[1.7039], AdvLoss:[3.9916]
Train Iter:[420/563], CauLoss:[1.7104], AdvLoss:[3.9275]
Train Iter:[560/563], CauLoss:[1.7045], AdvLoss:[3.9345]
--------------------------------------------------------------------------------------------------------------------------------------------------------------------------------------------------------
Epoch:[68/100], CauAdvLoss:[1.7042/3.9334], valid:[61.97], test:[53.97]
--------------------------------------------------------------------------------------------------------------------------------------------------------------------------------------------------------
Train Iter:[0  /563], CauLoss:[1.7649], AdvLoss:[3.0068]
Train Iter:[140/563], CauLoss:[1.7428], AdvLoss:[3.7591]
Train Iter:[280/563], CauLoss:[1.7402], AdvLoss:[3.6778]
Train Iter:[420/563], CauLoss:[1.7193], AdvLoss:[3.7942]
Train Iter:[560/563], CauLoss:[1.7002], AdvLoss:[3.9531]
--------------------------------------------------------------------------------------------------------------------------------------------------------------------------------------------------------
Epoch:[69/100], CauAdvLoss:[1.7002/3.9552], valid:[67.00], test:[51.20]
--------------------------------------------------------------------------------------------------------------------------------------------------------------------------------------------------------
Train Iter:[0  /563], CauLoss:[1.9440], AdvLoss:[3.5554]
Train Iter:[140/563], CauLoss:[1.7137], AdvLoss:[4.2200]
Train Iter:[280/563], CauLoss:[1.7003], AdvLoss:[4.0796]
Train Iter:[420/563], CauLoss:[1.7058], AdvLoss:[3.8613]
Train Iter:[560/563], CauLoss:[1.7016], AdvLoss:[3.9415]
--------------------------------------------------------------------------------------------------------------------------------------------------------------------------------------------------------
Epoch:[70/100], CauAdvLoss:[1.7015/3.9426], valid:[72.27], test:[48.17]
--------------------------------------------------------------------------------------------------------------------------------------------------------------------------------------------------------
Train Iter:[0  /563], CauLoss:[1.9277], AdvLoss:[3.1433]
Train Iter:[140/563], CauLoss:[1.7758], AdvLoss:[3.7986]
Train Iter:[280/563], CauLoss:[1.7530], AdvLoss:[3.9188]
Train Iter:[420/563], CauLoss:[1.7091], AdvLoss:[3.9097]
Train Iter:[560/563], CauLoss:[1.6997], AdvLoss:[3.9121]
--------------------------------------------------------------------------------------------------------------------------------------------------------------------------------------------------------
Epoch:[71/100], CauAdvLoss:[1.7002/3.9085], valid:[68.30], test:[46.47]
--------------------------------------------------------------------------------------------------------------------------------------------------------------------------------------------------------
Train Iter:[0  /563], CauLoss:[1.3660], AdvLoss:[4.5217]
Train Iter:[140/563], CauLoss:[1.7299], AdvLoss:[3.8860]
Train Iter:[280/563], CauLoss:[1.7117], AdvLoss:[3.8067]
Train Iter:[420/563], CauLoss:[1.7053], AdvLoss:[3.9453]
Train Iter:[560/563], CauLoss:[1.6977], AdvLoss:[3.9470]
--------------------------------------------------------------------------------------------------------------------------------------------------------------------------------------------------------
Epoch:[72/100], CauAdvLoss:[1.6969/3.9493], valid:[69.07], test:[54.17]
--------------------------------------------------------------------------------------------------------------------------------------------------------------------------------------------------------
Train Iter:[0  /563], CauLoss:[2.3627], AdvLoss:[4.6120]
Train Iter:[140/563], CauLoss:[1.6940], AdvLoss:[4.2549]
Train Iter:[280/563], CauLoss:[1.7130], AdvLoss:[4.0583]
Train Iter:[420/563], CauLoss:[1.7153], AdvLoss:[4.0321]
Train Iter:[560/563], CauLoss:[1.7049], AdvLoss:[4.0050]
--------------------------------------------------------------------------------------------------------------------------------------------------------------------------------------------------------
Epoch:[73/100], CauAdvLoss:[1.7039/3.9998], valid:[59.43], test:[47.20]
--------------------------------------------------------------------------------------------------------------------------------------------------------------------------------------------------------
Train Iter:[0  /563], CauLoss:[1.9277], AdvLoss:[3.5343]
Train Iter:[140/563], CauLoss:[1.7118], AdvLoss:[3.9375]
Train Iter:[280/563], CauLoss:[1.7212], AdvLoss:[4.0191]
Train Iter:[420/563], CauLoss:[1.7018], AdvLoss:[3.9975]
Train Iter:[560/563], CauLoss:[1.6999], AdvLoss:[4.0294]
--------------------------------------------------------------------------------------------------------------------------------------------------------------------------------------------------------
Epoch:[74/100], CauAdvLoss:[1.7002/4.0286], valid:[65.03], test:[51.63]
--------------------------------------------------------------------------------------------------------------------------------------------------------------------------------------------------------
Train Iter:[0  /563], CauLoss:[1.9856], AdvLoss:[5.0616]
Train Iter:[140/563], CauLoss:[1.6827], AdvLoss:[4.2321]
Train Iter:[280/563], CauLoss:[1.6789], AdvLoss:[3.8624]
Train Iter:[420/563], CauLoss:[1.6937], AdvLoss:[3.8410]
Train Iter:[560/563], CauLoss:[1.6977], AdvLoss:[3.8595]
--------------------------------------------------------------------------------------------------------------------------------------------------------------------------------------------------------
Epoch:[75/100], CauAdvLoss:[1.6997/3.8640], valid:[72.03], test:[49.83]
--------------------------------------------------------------------------------------------------------------------------------------------------------------------------------------------------------
Train Iter:[0  /563], CauLoss:[1.3376], AdvLoss:[2.6459]
Train Iter:[140/563], CauLoss:[1.6823], AdvLoss:[4.1045]
Train Iter:[280/563], CauLoss:[1.6826], AdvLoss:[4.0234]
Train Iter:[420/563], CauLoss:[1.6940], AdvLoss:[3.9340]
Train Iter:[560/563], CauLoss:[1.6924], AdvLoss:[3.9686]
--------------------------------------------------------------------------------------------------------------------------------------------------------------------------------------------------------
Epoch:[76/100], CauAdvLoss:[1.6919/3.9680], valid:[76.27], test:[51.00]
--------------------------------------------------------------------------------------------------------------------------------------------------------------------------------------------------------
Train Iter:[0  /563], CauLoss:[2.0532], AdvLoss:[4.7483]
Train Iter:[140/563], CauLoss:[1.7123], AdvLoss:[4.2750]
Train Iter:[280/563], CauLoss:[1.7124], AdvLoss:[4.0793]
Train Iter:[420/563], CauLoss:[1.7101], AdvLoss:[4.1115]
Train Iter:[560/563], CauLoss:[1.7002], AdvLoss:[4.0998]
--------------------------------------------------------------------------------------------------------------------------------------------------------------------------------------------------------
Epoch:[77/100], CauAdvLoss:[1.7014/4.0939], valid:[68.13], test:[48.67]
--------------------------------------------------------------------------------------------------------------------------------------------------------------------------------------------------------
Train Iter:[0  /563], CauLoss:[1.6885], AdvLoss:[3.1801]
Train Iter:[140/563], CauLoss:[1.7077], AdvLoss:[3.8663]
Train Iter:[280/563], CauLoss:[1.7084], AdvLoss:[3.9868]
Train Iter:[420/563], CauLoss:[1.7029], AdvLoss:[3.8968]
Train Iter:[560/563], CauLoss:[1.6956], AdvLoss:[3.9974]
--------------------------------------------------------------------------------------------------------------------------------------------------------------------------------------------------------
Epoch:[78/100], CauAdvLoss:[1.6963/3.9996], valid:[63.77], test:[49.23]
--------------------------------------------------------------------------------------------------------------------------------------------------------------------------------------------------------
Train Iter:[0  /563], CauLoss:[2.2318], AdvLoss:[2.6906]
Train Iter:[140/563], CauLoss:[1.6965], AdvLoss:[4.2677]
Train Iter:[280/563], CauLoss:[1.6963], AdvLoss:[4.1590]
Train Iter:[420/563], CauLoss:[1.6965], AdvLoss:[4.1019]
Train Iter:[560/563], CauLoss:[1.6893], AdvLoss:[4.0573]
--------------------------------------------------------------------------------------------------------------------------------------------------------------------------------------------------------
Epoch:[79/100], CauAdvLoss:[1.6891/4.0590], valid:[65.57], test:[47.50]
--------------------------------------------------------------------------------------------------------------------------------------------------------------------------------------------------------
Train Iter:[0  /563], CauLoss:[1.6954], AdvLoss:[4.8633]
Train Iter:[140/563], CauLoss:[1.7458], AdvLoss:[4.1991]
Train Iter:[280/563], CauLoss:[1.7245], AdvLoss:[4.3306]
Train Iter:[420/563], CauLoss:[1.7169], AdvLoss:[4.2336]
Train Iter:[560/563], CauLoss:[1.6978], AdvLoss:[4.2154]
--------------------------------------------------------------------------------------------------------------------------------------------------------------------------------------------------------
Epoch:[80/100], CauAdvLoss:[1.6994/4.2178], valid:[71.57], test:[49.97]
--------------------------------------------------------------------------------------------------------------------------------------------------------------------------------------------------------
Train Iter:[0  /563], CauLoss:[2.1685], AdvLoss:[6.2856]
Train Iter:[140/563], CauLoss:[1.6912], AdvLoss:[4.1910]
Train Iter:[280/563], CauLoss:[1.6857], AdvLoss:[4.1632]
Train Iter:[420/563], CauLoss:[1.6953], AdvLoss:[4.0673]
Train Iter:[560/563], CauLoss:[1.6897], AdvLoss:[4.0689]
--------------------------------------------------------------------------------------------------------------------------------------------------------------------------------------------------------
Epoch:[81/100], CauAdvLoss:[1.6907/4.0669], valid:[59.30], test:[45.93]
--------------------------------------------------------------------------------------------------------------------------------------------------------------------------------------------------------
Train Iter:[0  /563], CauLoss:[1.4592], AdvLoss:[4.0552]
Train Iter:[140/563], CauLoss:[1.7161], AdvLoss:[4.0301]
Train Iter:[280/563], CauLoss:[1.7167], AdvLoss:[4.1311]
Train Iter:[420/563], CauLoss:[1.7016], AdvLoss:[4.0754]
Train Iter:[560/563], CauLoss:[1.6932], AdvLoss:[4.1606]
--------------------------------------------------------------------------------------------------------------------------------------------------------------------------------------------------------
Epoch:[82/100], CauAdvLoss:[1.6925/4.1606], valid:[66.30], test:[48.87]
--------------------------------------------------------------------------------------------------------------------------------------------------------------------------------------------------------
Train Iter:[0  /563], CauLoss:[1.4183], AdvLoss:[4.1222]
Train Iter:[140/563], CauLoss:[1.6869], AdvLoss:[4.3064]
Train Iter:[280/563], CauLoss:[1.6995], AdvLoss:[4.2220]
Train Iter:[420/563], CauLoss:[1.6951], AdvLoss:[4.3223]
Train Iter:[560/563], CauLoss:[1.6931], AdvLoss:[4.2611]
--------------------------------------------------------------------------------------------------------------------------------------------------------------------------------------------------------
Epoch:[83/100], CauAdvLoss:[1.6924/4.2666], valid:[66.73], test:[49.93]
--------------------------------------------------------------------------------------------------------------------------------------------------------------------------------------------------------
Train Iter:[0  /563], CauLoss:[1.3328], AdvLoss:[3.7141]
Train Iter:[140/563], CauLoss:[1.6495], AdvLoss:[4.0877]
Train Iter:[280/563], CauLoss:[1.6733], AdvLoss:[4.3324]
Train Iter:[420/563], CauLoss:[1.6854], AdvLoss:[4.2116]
Train Iter:[560/563], CauLoss:[1.6951], AdvLoss:[4.2098]
--------------------------------------------------------------------------------------------------------------------------------------------------------------------------------------------------------
Epoch:[84/100], CauAdvLoss:[1.6957/4.2055], valid:[62.00], test:[46.20]
--------------------------------------------------------------------------------------------------------------------------------------------------------------------------------------------------------
Train Iter:[0  /563], CauLoss:[2.0727], AdvLoss:[4.2081]
Train Iter:[140/563], CauLoss:[1.6726], AdvLoss:[4.1150]
Train Iter:[280/563], CauLoss:[1.6906], AdvLoss:[4.0207]
Train Iter:[420/563], CauLoss:[1.6811], AdvLoss:[3.9590]
Train Iter:[560/563], CauLoss:[1.6902], AdvLoss:[3.9719]
--------------------------------------------------------------------------------------------------------------------------------------------------------------------------------------------------------
Epoch:[85/100], CauAdvLoss:[1.6904/3.9703], valid:[62.53], test:[46.57]
--------------------------------------------------------------------------------------------------------------------------------------------------------------------------------------------------------
Train Iter:[0  /563], CauLoss:[2.1620], AdvLoss:[5.4782]
Train Iter:[140/563], CauLoss:[1.7073], AdvLoss:[3.9772]
Train Iter:[280/563], CauLoss:[1.7020], AdvLoss:[4.0648]
Train Iter:[420/563], CauLoss:[1.6938], AdvLoss:[3.9712]
Train Iter:[560/563], CauLoss:[1.6911], AdvLoss:[4.0231]
--------------------------------------------------------------------------------------------------------------------------------------------------------------------------------------------------------
Epoch:[86/100], CauAdvLoss:[1.6912/4.0210], valid:[69.67], test:[49.50]
--------------------------------------------------------------------------------------------------------------------------------------------------------------------------------------------------------
Train Iter:[0  /563], CauLoss:[2.1864], AdvLoss:[3.8743]
Train Iter:[140/563], CauLoss:[1.7078], AdvLoss:[4.3380]
Train Iter:[280/563], CauLoss:[1.6858], AdvLoss:[4.2141]
Train Iter:[420/563], CauLoss:[1.6974], AdvLoss:[4.1438]
Train Iter:[560/563], CauLoss:[1.6856], AdvLoss:[4.1661]
--------------------------------------------------------------------------------------------------------------------------------------------------------------------------------------------------------
Epoch:[87/100], CauAdvLoss:[1.6860/4.1700], valid:[67.27], test:[49.83]
--------------------------------------------------------------------------------------------------------------------------------------------------------------------------------------------------------
Train Iter:[0  /563], CauLoss:[1.7343], AdvLoss:[4.4911]
Train Iter:[140/563], CauLoss:[1.6941], AdvLoss:[4.1305]
Train Iter:[280/563], CauLoss:[1.7034], AdvLoss:[4.1271]
Train Iter:[420/563], CauLoss:[1.6950], AdvLoss:[4.0834]
Train Iter:[560/563], CauLoss:[1.6835], AdvLoss:[4.0920]
--------------------------------------------------------------------------------------------------------------------------------------------------------------------------------------------------------
Epoch:[88/100], CauAdvLoss:[1.6852/4.0902], valid:[67.33], test:[49.83]
--------------------------------------------------------------------------------------------------------------------------------------------------------------------------------------------------------
Train Iter:[0  /563], CauLoss:[1.9002], AdvLoss:[3.9736]
Train Iter:[140/563], CauLoss:[1.6865], AdvLoss:[4.1109]
Train Iter:[280/563], CauLoss:[1.6780], AdvLoss:[4.0509]
Train Iter:[420/563], CauLoss:[1.6819], AdvLoss:[4.0269]
Train Iter:[560/563], CauLoss:[1.6850], AdvLoss:[4.0521]
--------------------------------------------------------------------------------------------------------------------------------------------------------------------------------------------------------
Epoch:[89/100], CauAdvLoss:[1.6843/4.0500], valid:[62.53], test:[46.03]
--------------------------------------------------------------------------------------------------------------------------------------------------------------------------------------------------------
Train Iter:[0  /563], CauLoss:[1.6518], AdvLoss:[3.9786]
Train Iter:[140/563], CauLoss:[1.6746], AdvLoss:[4.0066]
Train Iter:[280/563], CauLoss:[1.6910], AdvLoss:[3.9834]
Train Iter:[420/563], CauLoss:[1.6801], AdvLoss:[4.0417]
Train Iter:[560/563], CauLoss:[1.6899], AdvLoss:[4.0378]
--------------------------------------------------------------------------------------------------------------------------------------------------------------------------------------------------------
Epoch:[90/100], CauAdvLoss:[1.6891/4.0399], valid:[64.67], test:[46.77]
--------------------------------------------------------------------------------------------------------------------------------------------------------------------------------------------------------
Train Iter:[0  /563], CauLoss:[1.6621], AdvLoss:[4.4866]
Train Iter:[140/563], CauLoss:[1.6963], AdvLoss:[4.0943]
Train Iter:[280/563], CauLoss:[1.6881], AdvLoss:[4.0526]
Train Iter:[420/563], CauLoss:[1.6996], AdvLoss:[4.0926]
Train Iter:[560/563], CauLoss:[1.6856], AdvLoss:[4.1319]
--------------------------------------------------------------------------------------------------------------------------------------------------------------------------------------------------------
Epoch:[91/100], CauAdvLoss:[1.6859/4.1381], valid:[67.73], test:[48.83]
--------------------------------------------------------------------------------------------------------------------------------------------------------------------------------------------------------
Train Iter:[0  /563], CauLoss:[1.3942], AdvLoss:[4.3127]
Train Iter:[140/563], CauLoss:[1.7194], AdvLoss:[4.0895]
Train Iter:[280/563], CauLoss:[1.6944], AdvLoss:[4.1057]
Train Iter:[420/563], CauLoss:[1.6797], AdvLoss:[4.0786]
Train Iter:[560/563], CauLoss:[1.6797], AdvLoss:[4.0495]
--------------------------------------------------------------------------------------------------------------------------------------------------------------------------------------------------------
Epoch:[92/100], CauAdvLoss:[1.6789/4.0524], valid:[67.97], test:[49.67]
--------------------------------------------------------------------------------------------------------------------------------------------------------------------------------------------------------
Train Iter:[0  /563], CauLoss:[1.7029], AdvLoss:[4.3179]
Train Iter:[140/563], CauLoss:[1.6662], AdvLoss:[4.0118]
Train Iter:[280/563], CauLoss:[1.6715], AdvLoss:[3.9924]
Train Iter:[420/563], CauLoss:[1.6644], AdvLoss:[4.0339]
Train Iter:[560/563], CauLoss:[1.6802], AdvLoss:[4.0707]
--------------------------------------------------------------------------------------------------------------------------------------------------------------------------------------------------------
Epoch:[93/100], CauAdvLoss:[1.6824/4.0659], valid:[64.17], test:[43.20]
--------------------------------------------------------------------------------------------------------------------------------------------------------------------------------------------------------
Train Iter:[0  /563], CauLoss:[1.4529], AdvLoss:[3.9840]
Train Iter:[140/563], CauLoss:[1.6891], AdvLoss:[3.9543]
Train Iter:[280/563], CauLoss:[1.6868], AdvLoss:[4.0434]
Train Iter:[420/563], CauLoss:[1.6771], AdvLoss:[4.0447]
Train Iter:[560/563], CauLoss:[1.6825], AdvLoss:[4.0735]
--------------------------------------------------------------------------------------------------------------------------------------------------------------------------------------------------------
Epoch:[94/100], CauAdvLoss:[1.6835/4.0756], valid:[73.93], test:[49.20]
--------------------------------------------------------------------------------------------------------------------------------------------------------------------------------------------------------
Train Iter:[0  /563], CauLoss:[1.8337], AdvLoss:[5.2596]
Train Iter:[140/563], CauLoss:[1.7186], AdvLoss:[4.0837]
Train Iter:[280/563], CauLoss:[1.7324], AdvLoss:[4.0881]
Train Iter:[420/563], CauLoss:[1.6982], AdvLoss:[4.0809]
Train Iter:[560/563], CauLoss:[1.6892], AdvLoss:[4.0902]
--------------------------------------------------------------------------------------------------------------------------------------------------------------------------------------------------------
Epoch:[95/100], CauAdvLoss:[1.6897/4.0868], valid:[67.77], test:[47.47]
--------------------------------------------------------------------------------------------------------------------------------------------------------------------------------------------------------
Train Iter:[0  /563], CauLoss:[1.1653], AdvLoss:[5.1047]
Train Iter:[140/563], CauLoss:[1.6793], AdvLoss:[4.1380]
Train Iter:[280/563], CauLoss:[1.7211], AdvLoss:[4.1125]
Train Iter:[420/563], CauLoss:[1.6987], AdvLoss:[4.1048]
Train Iter:[560/563], CauLoss:[1.6898], AdvLoss:[4.0853]
--------------------------------------------------------------------------------------------------------------------------------------------------------------------------------------------------------
Epoch:[96/100], CauAdvLoss:[1.6899/4.0894], valid:[65.50], test:[50.17]
--------------------------------------------------------------------------------------------------------------------------------------------------------------------------------------------------------
Train Iter:[0  /563], CauLoss:[1.1716], AdvLoss:[5.2946]
Train Iter:[140/563], CauLoss:[1.6352], AdvLoss:[3.9756]
Train Iter:[280/563], CauLoss:[1.6676], AdvLoss:[4.0508]
Train Iter:[420/563], CauLoss:[1.6782], AdvLoss:[4.0995]
Train Iter:[560/563], CauLoss:[1.6881], AdvLoss:[4.1277]
--------------------------------------------------------------------------------------------------------------------------------------------------------------------------------------------------------
Epoch:[97/100], CauAdvLoss:[1.6876/4.1249], valid:[70.87], test:[47.90]
--------------------------------------------------------------------------------------------------------------------------------------------------------------------------------------------------------
Train Iter:[0  /563], CauLoss:[1.6981], AdvLoss:[5.1332]
Train Iter:[140/563], CauLoss:[1.7055], AdvLoss:[4.0692]
Train Iter:[280/563], CauLoss:[1.6815], AdvLoss:[4.1143]
Train Iter:[420/563], CauLoss:[1.6894], AdvLoss:[4.1276]
Train Iter:[560/563], CauLoss:[1.6880], AdvLoss:[4.1070]
--------------------------------------------------------------------------------------------------------------------------------------------------------------------------------------------------------
Epoch:[98/100], CauAdvLoss:[1.6869/4.1057], valid:[63.80], test:[46.93]
--------------------------------------------------------------------------------------------------------------------------------------------------------------------------------------------------------
Train Iter:[0  /563], CauLoss:[1.6813], AdvLoss:[4.9900]
Train Iter:[140/563], CauLoss:[1.7126], AdvLoss:[4.2042]
Train Iter:[280/563], CauLoss:[1.6939], AdvLoss:[4.1031]
Train Iter:[420/563], CauLoss:[1.6873], AdvLoss:[4.1653]
Train Iter:[560/563], CauLoss:[1.6843], AdvLoss:[4.1251]
--------------------------------------------------------------------------------------------------------------------------------------------------------------------------------------------------------
Epoch:[99/100], CauAdvLoss:[1.6854/4.1273], valid:[66.30], test:[49.37]
--------------------------------------------------------------------------------------------------------------------------------------------------------------------------------------------------------
Train Iter:[0  /563], CauLoss:[1.9967], AdvLoss:[5.2106]
Train Iter:[140/563], CauLoss:[1.6717], AdvLoss:[4.1983]
Train Iter:[280/563], CauLoss:[1.6948], AdvLoss:[4.1694]
Train Iter:[420/563], CauLoss:[1.6949], AdvLoss:[4.0989]
Train Iter:[560/563], CauLoss:[1.6907], AdvLoss:[4.1307]
--------------------------------------------------------------------------------------------------------------------------------------------------------------------------------------------------------
Epoch:[100/100], CauAdvLoss:[1.6897/4.1295], valid:[62.60], test:[47.53]
--------------------------------------------------------------------------------------------------------------------------------------------------------------------------------------------------------
Update test:[51.00] at epoch:[76] | Total time:00:29:45
Train Iter:[0  /563], CauLoss:[3.4882], AdvLoss:[0.5082]
Train Iter:[140/563], CauLoss:[2.9625], AdvLoss:[0.4961]
Train Iter:[280/563], CauLoss:[2.6543], AdvLoss:[0.6731]
Train Iter:[420/563], CauLoss:[2.5002], AdvLoss:[0.7141]
Train Iter:[560/563], CauLoss:[2.4214], AdvLoss:[0.7335]
--------------------------------------------------------------------------------------------------------------------------------------------------------------------------------------------------------
Epoch:[1/100], CauAdvLoss:[2.4202/0.7330], valid:[42.27], test:[39.97]
--------------------------------------------------------------------------------------------------------------------------------------------------------------------------------------------------------
Train Iter:[0  /563], CauLoss:[2.2889], AdvLoss:[0.7783]
Train Iter:[140/563], CauLoss:[2.1487], AdvLoss:[0.8339]
Train Iter:[280/563], CauLoss:[2.1323], AdvLoss:[0.7896]
Train Iter:[420/563], CauLoss:[2.1004], AdvLoss:[0.7803]
Train Iter:[560/563], CauLoss:[2.0872], AdvLoss:[0.7703]
--------------------------------------------------------------------------------------------------------------------------------------------------------------------------------------------------------
Epoch:[2/100], CauAdvLoss:[2.0871/0.7704], valid:[54.33], test:[52.93]
--------------------------------------------------------------------------------------------------------------------------------------------------------------------------------------------------------
Train Iter:[0  /563], CauLoss:[2.1037], AdvLoss:[0.5642]
Train Iter:[140/563], CauLoss:[2.0166], AdvLoss:[0.8142]
Train Iter:[280/563], CauLoss:[2.0384], AdvLoss:[0.7815]
Train Iter:[420/563], CauLoss:[2.0309], AdvLoss:[0.7977]
Train Iter:[560/563], CauLoss:[2.0186], AdvLoss:[0.8019]
--------------------------------------------------------------------------------------------------------------------------------------------------------------------------------------------------------
Epoch:[3/100], CauAdvLoss:[2.0180/0.8027], valid:[50.33], test:[33.40]
--------------------------------------------------------------------------------------------------------------------------------------------------------------------------------------------------------
Train Iter:[0  /563], CauLoss:[1.4978], AdvLoss:[0.7255]
Train Iter:[140/563], CauLoss:[1.9724], AdvLoss:[0.7855]
Train Iter:[280/563], CauLoss:[1.9970], AdvLoss:[0.8561]
Train Iter:[420/563], CauLoss:[1.9812], AdvLoss:[0.8672]
Train Iter:[560/563], CauLoss:[1.9797], AdvLoss:[0.8558]
--------------------------------------------------------------------------------------------------------------------------------------------------------------------------------------------------------
Epoch:[4/100], CauAdvLoss:[1.9807/0.8551], valid:[52.40], test:[55.87]
--------------------------------------------------------------------------------------------------------------------------------------------------------------------------------------------------------
Train Iter:[0  /563], CauLoss:[1.5236], AdvLoss:[0.7423]
Train Iter:[140/563], CauLoss:[1.9618], AdvLoss:[0.8654]
Train Iter:[280/563], CauLoss:[1.9533], AdvLoss:[0.8471]
Train Iter:[420/563], CauLoss:[1.9594], AdvLoss:[0.8122]
Train Iter:[560/563], CauLoss:[1.9539], AdvLoss:[0.8356]
--------------------------------------------------------------------------------------------------------------------------------------------------------------------------------------------------------
Epoch:[5/100], CauAdvLoss:[1.9528/0.8373], valid:[60.50], test:[43.47]
--------------------------------------------------------------------------------------------------------------------------------------------------------------------------------------------------------
Train Iter:[0  /563], CauLoss:[2.1002], AdvLoss:[0.7428]
Train Iter:[140/563], CauLoss:[1.9565], AdvLoss:[0.9155]
Train Iter:[280/563], CauLoss:[1.9592], AdvLoss:[0.8990]
Train Iter:[420/563], CauLoss:[1.9416], AdvLoss:[0.8975]
Train Iter:[560/563], CauLoss:[1.9325], AdvLoss:[0.8875]
--------------------------------------------------------------------------------------------------------------------------------------------------------------------------------------------------------
Epoch:[6/100], CauAdvLoss:[1.9318/0.8882], valid:[58.70], test:[43.80]
--------------------------------------------------------------------------------------------------------------------------------------------------------------------------------------------------------
Train Iter:[0  /563], CauLoss:[1.6494], AdvLoss:[1.1962]
Train Iter:[140/563], CauLoss:[1.9387], AdvLoss:[1.0028]
Train Iter:[280/563], CauLoss:[1.9149], AdvLoss:[0.9889]
Train Iter:[420/563], CauLoss:[1.9348], AdvLoss:[0.9514]
Train Iter:[560/563], CauLoss:[1.9208], AdvLoss:[0.9522]
--------------------------------------------------------------------------------------------------------------------------------------------------------------------------------------------------------
Epoch:[7/100], CauAdvLoss:[1.9193/0.9517], valid:[60.07], test:[50.20]
--------------------------------------------------------------------------------------------------------------------------------------------------------------------------------------------------------
Train Iter:[0  /563], CauLoss:[2.1596], AdvLoss:[0.8048]
Train Iter:[140/563], CauLoss:[1.9216], AdvLoss:[0.8637]
Train Iter:[280/563], CauLoss:[1.9331], AdvLoss:[0.9034]
Train Iter:[420/563], CauLoss:[1.9370], AdvLoss:[0.9172]
Train Iter:[560/563], CauLoss:[1.9291], AdvLoss:[0.9145]
--------------------------------------------------------------------------------------------------------------------------------------------------------------------------------------------------------
Epoch:[8/100], CauAdvLoss:[1.9281/0.9164], valid:[66.30], test:[49.40]
--------------------------------------------------------------------------------------------------------------------------------------------------------------------------------------------------------
Train Iter:[0  /563], CauLoss:[2.0565], AdvLoss:[0.5482]
Train Iter:[140/563], CauLoss:[1.9019], AdvLoss:[0.9960]
Train Iter:[280/563], CauLoss:[1.9049], AdvLoss:[1.0268]
Train Iter:[420/563], CauLoss:[1.9096], AdvLoss:[1.0217]
Train Iter:[560/563], CauLoss:[1.9107], AdvLoss:[0.9976]
--------------------------------------------------------------------------------------------------------------------------------------------------------------------------------------------------------
Epoch:[9/100], CauAdvLoss:[1.9101/0.9990], valid:[75.07], test:[52.13]
--------------------------------------------------------------------------------------------------------------------------------------------------------------------------------------------------------
Train Iter:[0  /563], CauLoss:[1.4819], AdvLoss:[1.4242]
Train Iter:[140/563], CauLoss:[1.8755], AdvLoss:[0.9708]
Train Iter:[280/563], CauLoss:[1.8926], AdvLoss:[1.0445]
Train Iter:[420/563], CauLoss:[1.9040], AdvLoss:[1.0086]
Train Iter:[560/563], CauLoss:[1.9105], AdvLoss:[1.0141]
--------------------------------------------------------------------------------------------------------------------------------------------------------------------------------------------------------
Epoch:[10/100], CauAdvLoss:[1.9097/1.0131], valid:[52.70], test:[35.20]
--------------------------------------------------------------------------------------------------------------------------------------------------------------------------------------------------------
Train Iter:[0  /563], CauLoss:[1.5604], AdvLoss:[0.8091]
Train Iter:[140/563], CauLoss:[1.8790], AdvLoss:[1.0420]
Train Iter:[280/563], CauLoss:[1.8863], AdvLoss:[0.9969]
Train Iter:[420/563], CauLoss:[1.8987], AdvLoss:[1.0062]
Train Iter:[560/563], CauLoss:[1.8889], AdvLoss:[1.0494]
--------------------------------------------------------------------------------------------------------------------------------------------------------------------------------------------------------
Epoch:[11/100], CauAdvLoss:[1.8874/1.0497], valid:[56.10], test:[33.40]
--------------------------------------------------------------------------------------------------------------------------------------------------------------------------------------------------------
Train Iter:[0  /563], CauLoss:[1.8459], AdvLoss:[1.3329]
Train Iter:[140/563], CauLoss:[1.9242], AdvLoss:[1.0424]
Train Iter:[280/563], CauLoss:[1.8715], AdvLoss:[1.0250]
Train Iter:[420/563], CauLoss:[1.8856], AdvLoss:[1.0360]
Train Iter:[560/563], CauLoss:[1.8875], AdvLoss:[1.0363]
--------------------------------------------------------------------------------------------------------------------------------------------------------------------------------------------------------
Epoch:[12/100], CauAdvLoss:[1.8862/1.0358], valid:[74.20], test:[62.83]
--------------------------------------------------------------------------------------------------------------------------------------------------------------------------------------------------------
Train Iter:[0  /563], CauLoss:[2.3105], AdvLoss:[0.8317]
Train Iter:[140/563], CauLoss:[1.9111], AdvLoss:[0.9342]
Train Iter:[280/563], CauLoss:[1.9023], AdvLoss:[0.9471]
Train Iter:[420/563], CauLoss:[1.8835], AdvLoss:[0.9938]
Train Iter:[560/563], CauLoss:[1.8785], AdvLoss:[0.9979]
--------------------------------------------------------------------------------------------------------------------------------------------------------------------------------------------------------
Epoch:[13/100], CauAdvLoss:[1.8780/0.9985], valid:[60.27], test:[61.87]
--------------------------------------------------------------------------------------------------------------------------------------------------------------------------------------------------------
Train Iter:[0  /563], CauLoss:[2.1222], AdvLoss:[0.7727]
Train Iter:[140/563], CauLoss:[1.8672], AdvLoss:[0.9700]
Train Iter:[280/563], CauLoss:[1.8638], AdvLoss:[0.9940]
Train Iter:[420/563], CauLoss:[1.8496], AdvLoss:[1.0348]
Train Iter:[560/563], CauLoss:[1.8573], AdvLoss:[1.0302]
--------------------------------------------------------------------------------------------------------------------------------------------------------------------------------------------------------
Epoch:[14/100], CauAdvLoss:[1.8579/1.0297], valid:[59.07], test:[45.30]
--------------------------------------------------------------------------------------------------------------------------------------------------------------------------------------------------------
Train Iter:[0  /563], CauLoss:[1.6379], AdvLoss:[1.0424]
Train Iter:[140/563], CauLoss:[1.8445], AdvLoss:[1.0335]
Train Iter:[280/563], CauLoss:[1.8629], AdvLoss:[1.0096]
Train Iter:[420/563], CauLoss:[1.8561], AdvLoss:[1.0418]
Train Iter:[560/563], CauLoss:[1.8591], AdvLoss:[1.0466]
--------------------------------------------------------------------------------------------------------------------------------------------------------------------------------------------------------
Epoch:[15/100], CauAdvLoss:[1.8589/1.0466], valid:[74.43], test:[53.73]
--------------------------------------------------------------------------------------------------------------------------------------------------------------------------------------------------------
Train Iter:[0  /563], CauLoss:[1.9218], AdvLoss:[0.9556]
Train Iter:[140/563], CauLoss:[1.8774], AdvLoss:[0.9680]
Train Iter:[280/563], CauLoss:[1.8566], AdvLoss:[1.0215]
Train Iter:[420/563], CauLoss:[1.8510], AdvLoss:[0.9894]
Train Iter:[560/563], CauLoss:[1.8523], AdvLoss:[1.0186]
--------------------------------------------------------------------------------------------------------------------------------------------------------------------------------------------------------
Epoch:[16/100], CauAdvLoss:[1.8545/1.0175], valid:[45.93], test:[45.20]
--------------------------------------------------------------------------------------------------------------------------------------------------------------------------------------------------------
Train Iter:[0  /563], CauLoss:[1.6796], AdvLoss:[0.8631]
Train Iter:[140/563], CauLoss:[1.8197], AdvLoss:[1.0138]
Train Iter:[280/563], CauLoss:[1.8457], AdvLoss:[1.0056]
Train Iter:[420/563], CauLoss:[1.8393], AdvLoss:[0.9478]
Train Iter:[560/563], CauLoss:[1.8352], AdvLoss:[0.9637]
--------------------------------------------------------------------------------------------------------------------------------------------------------------------------------------------------------
Epoch:[17/100], CauAdvLoss:[1.8351/0.9639], valid:[50.80], test:[41.47]
--------------------------------------------------------------------------------------------------------------------------------------------------------------------------------------------------------
Train Iter:[0  /563], CauLoss:[1.3204], AdvLoss:[0.7122]
Train Iter:[140/563], CauLoss:[1.8300], AdvLoss:[1.0703]
Train Iter:[280/563], CauLoss:[1.8361], AdvLoss:[1.1901]
Train Iter:[420/563], CauLoss:[1.8473], AdvLoss:[1.1731]
Train Iter:[560/563], CauLoss:[1.8405], AdvLoss:[1.1981]
--------------------------------------------------------------------------------------------------------------------------------------------------------------------------------------------------------
Epoch:[18/100], CauAdvLoss:[1.8400/1.1974], valid:[74.83], test:[39.03]
--------------------------------------------------------------------------------------------------------------------------------------------------------------------------------------------------------
Train Iter:[0  /563], CauLoss:[1.5184], AdvLoss:[1.1678]
Train Iter:[140/563], CauLoss:[1.8409], AdvLoss:[1.7125]
Train Iter:[280/563], CauLoss:[1.8280], AdvLoss:[1.8094]
Train Iter:[420/563], CauLoss:[1.8370], AdvLoss:[1.7566]
Train Iter:[560/563], CauLoss:[1.8407], AdvLoss:[1.7028]
--------------------------------------------------------------------------------------------------------------------------------------------------------------------------------------------------------
Epoch:[19/100], CauAdvLoss:[1.8398/1.7043], valid:[76.13], test:[51.20]
--------------------------------------------------------------------------------------------------------------------------------------------------------------------------------------------------------
Train Iter:[0  /563], CauLoss:[1.5313], AdvLoss:[1.5002]
Train Iter:[140/563], CauLoss:[1.8449], AdvLoss:[1.3555]
Train Iter:[280/563], CauLoss:[1.8811], AdvLoss:[1.3241]
Train Iter:[420/563], CauLoss:[1.8610], AdvLoss:[1.3956]
Train Iter:[560/563], CauLoss:[1.8423], AdvLoss:[1.3699]
--------------------------------------------------------------------------------------------------------------------------------------------------------------------------------------------------------
Epoch:[20/100], CauAdvLoss:[1.8417/1.3696], valid:[76.47], test:[59.90]
--------------------------------------------------------------------------------------------------------------------------------------------------------------------------------------------------------
Train Iter:[0  /563], CauLoss:[2.2050], AdvLoss:[0.9988]
Train Iter:[140/563], CauLoss:[1.8509], AdvLoss:[0.8892]
Train Iter:[280/563], CauLoss:[1.8397], AdvLoss:[1.0841]
Train Iter:[420/563], CauLoss:[1.8433], AdvLoss:[1.3330]
Train Iter:[560/563], CauLoss:[1.8293], AdvLoss:[1.4166]
--------------------------------------------------------------------------------------------------------------------------------------------------------------------------------------------------------
Epoch:[21/100], CauAdvLoss:[1.8287/1.4181], valid:[71.27], test:[42.50]
--------------------------------------------------------------------------------------------------------------------------------------------------------------------------------------------------------
Train Iter:[0  /563], CauLoss:[1.9800], AdvLoss:[1.1871]
Train Iter:[140/563], CauLoss:[1.8193], AdvLoss:[1.3555]
Train Iter:[280/563], CauLoss:[1.8187], AdvLoss:[1.4263]
Train Iter:[420/563], CauLoss:[1.8250], AdvLoss:[1.4769]
Train Iter:[560/563], CauLoss:[1.8189], AdvLoss:[1.6065]
--------------------------------------------------------------------------------------------------------------------------------------------------------------------------------------------------------
Epoch:[22/100], CauAdvLoss:[1.8208/1.6070], valid:[72.23], test:[45.00]
--------------------------------------------------------------------------------------------------------------------------------------------------------------------------------------------------------
Train Iter:[0  /563], CauLoss:[2.1318], AdvLoss:[1.8997]
Train Iter:[140/563], CauLoss:[1.8516], AdvLoss:[1.7464]
Train Iter:[280/563], CauLoss:[1.8157], AdvLoss:[1.8613]
Train Iter:[420/563], CauLoss:[1.8082], AdvLoss:[1.9423]
Train Iter:[560/563], CauLoss:[1.8034], AdvLoss:[1.9601]
--------------------------------------------------------------------------------------------------------------------------------------------------------------------------------------------------------
Epoch:[23/100], CauAdvLoss:[1.8032/1.9602], valid:[77.43], test:[43.37]
--------------------------------------------------------------------------------------------------------------------------------------------------------------------------------------------------------
Train Iter:[0  /563], CauLoss:[1.9065], AdvLoss:[0.9191]
Train Iter:[140/563], CauLoss:[1.7787], AdvLoss:[2.2277]
Train Iter:[280/563], CauLoss:[1.8042], AdvLoss:[2.0275]
Train Iter:[420/563], CauLoss:[1.7917], AdvLoss:[2.0793]
Train Iter:[560/563], CauLoss:[1.8081], AdvLoss:[2.1081]
--------------------------------------------------------------------------------------------------------------------------------------------------------------------------------------------------------
Epoch:[24/100], CauAdvLoss:[1.8079/2.1043], valid:[65.80], test:[53.10]
--------------------------------------------------------------------------------------------------------------------------------------------------------------------------------------------------------
Train Iter:[0  /563], CauLoss:[1.7510], AdvLoss:[1.1686]
Train Iter:[140/563], CauLoss:[1.7814], AdvLoss:[2.1173]
Train Iter:[280/563], CauLoss:[1.7963], AdvLoss:[2.1463]
Train Iter:[420/563], CauLoss:[1.7931], AdvLoss:[2.1750]
Train Iter:[560/563], CauLoss:[1.7965], AdvLoss:[2.2185]
--------------------------------------------------------------------------------------------------------------------------------------------------------------------------------------------------------
Epoch:[25/100], CauAdvLoss:[1.7951/2.2200], valid:[77.00], test:[64.27]
--------------------------------------------------------------------------------------------------------------------------------------------------------------------------------------------------------
Train Iter:[0  /563], CauLoss:[1.9272], AdvLoss:[2.1533]
Train Iter:[140/563], CauLoss:[1.7755], AdvLoss:[2.3788]
Train Iter:[280/563], CauLoss:[1.8078], AdvLoss:[2.5048]
Train Iter:[420/563], CauLoss:[1.7895], AdvLoss:[2.4574]
Train Iter:[560/563], CauLoss:[1.8047], AdvLoss:[2.3273]
--------------------------------------------------------------------------------------------------------------------------------------------------------------------------------------------------------
Epoch:[26/100], CauAdvLoss:[1.8030/2.3241], valid:[75.43], test:[55.63]
--------------------------------------------------------------------------------------------------------------------------------------------------------------------------------------------------------
Train Iter:[0  /563], CauLoss:[1.7013], AdvLoss:[1.8415]
Train Iter:[140/563], CauLoss:[1.7939], AdvLoss:[2.0475]
Train Iter:[280/563], CauLoss:[1.7848], AdvLoss:[2.2254]
Train Iter:[420/563], CauLoss:[1.8038], AdvLoss:[2.2768]
Train Iter:[560/563], CauLoss:[1.7939], AdvLoss:[2.2864]
--------------------------------------------------------------------------------------------------------------------------------------------------------------------------------------------------------
Epoch:[27/100], CauAdvLoss:[1.7954/2.2848], valid:[72.87], test:[47.57]
--------------------------------------------------------------------------------------------------------------------------------------------------------------------------------------------------------
Train Iter:[0  /563], CauLoss:[1.8542], AdvLoss:[1.3545]
Train Iter:[140/563], CauLoss:[1.7679], AdvLoss:[2.0021]
Train Iter:[280/563], CauLoss:[1.8147], AdvLoss:[2.1444]
Train Iter:[420/563], CauLoss:[1.7916], AdvLoss:[2.4491]
Train Iter:[560/563], CauLoss:[1.7884], AdvLoss:[2.5365]
--------------------------------------------------------------------------------------------------------------------------------------------------------------------------------------------------------
Epoch:[28/100], CauAdvLoss:[1.7889/2.5377], valid:[68.00], test:[42.27]
--------------------------------------------------------------------------------------------------------------------------------------------------------------------------------------------------------
Train Iter:[0  /563], CauLoss:[1.7748], AdvLoss:[2.9909]
Train Iter:[140/563], CauLoss:[1.7872], AdvLoss:[2.6477]
Train Iter:[280/563], CauLoss:[1.8005], AdvLoss:[2.6297]
Train Iter:[420/563], CauLoss:[1.7951], AdvLoss:[2.6107]
Train Iter:[560/563], CauLoss:[1.7851], AdvLoss:[2.6119]
--------------------------------------------------------------------------------------------------------------------------------------------------------------------------------------------------------
Epoch:[29/100], CauAdvLoss:[1.7839/2.6116], valid:[66.27], test:[48.13]
--------------------------------------------------------------------------------------------------------------------------------------------------------------------------------------------------------
Train Iter:[0  /563], CauLoss:[1.5238], AdvLoss:[2.4270]
Train Iter:[140/563], CauLoss:[1.7255], AdvLoss:[2.9619]
Train Iter:[280/563], CauLoss:[1.7744], AdvLoss:[2.5174]
Train Iter:[420/563], CauLoss:[1.7865], AdvLoss:[2.4003]
Train Iter:[560/563], CauLoss:[1.7752], AdvLoss:[2.4775]
--------------------------------------------------------------------------------------------------------------------------------------------------------------------------------------------------------
Epoch:[30/100], CauAdvLoss:[1.7775/2.4784], valid:[70.40], test:[42.33]
--------------------------------------------------------------------------------------------------------------------------------------------------------------------------------------------------------
Train Iter:[0  /563], CauLoss:[2.3792], AdvLoss:[2.5543]
Train Iter:[140/563], CauLoss:[1.7674], AdvLoss:[2.5491]
Train Iter:[280/563], CauLoss:[1.7717], AdvLoss:[2.3981]
Train Iter:[420/563], CauLoss:[1.7830], AdvLoss:[2.3501]
Train Iter:[560/563], CauLoss:[1.7760], AdvLoss:[2.3844]
--------------------------------------------------------------------------------------------------------------------------------------------------------------------------------------------------------
Epoch:[31/100], CauAdvLoss:[1.7762/2.3806], valid:[63.90], test:[48.00]
--------------------------------------------------------------------------------------------------------------------------------------------------------------------------------------------------------
Train Iter:[0  /563], CauLoss:[1.7647], AdvLoss:[1.6945]
Train Iter:[140/563], CauLoss:[1.7778], AdvLoss:[2.5120]
Train Iter:[280/563], CauLoss:[1.7763], AdvLoss:[2.6313]
Train Iter:[420/563], CauLoss:[1.7689], AdvLoss:[2.7173]
Train Iter:[560/563], CauLoss:[1.7683], AdvLoss:[2.7276]
--------------------------------------------------------------------------------------------------------------------------------------------------------------------------------------------------------
Epoch:[32/100], CauAdvLoss:[1.7689/2.7257], valid:[64.20], test:[56.10]
--------------------------------------------------------------------------------------------------------------------------------------------------------------------------------------------------------
Train Iter:[0  /563], CauLoss:[1.9623], AdvLoss:[2.4708]
Train Iter:[140/563], CauLoss:[1.7855], AdvLoss:[2.6538]
Train Iter:[280/563], CauLoss:[1.7872], AdvLoss:[2.7329]
Train Iter:[420/563], CauLoss:[1.7897], AdvLoss:[2.6989]
Train Iter:[560/563], CauLoss:[1.7779], AdvLoss:[2.7121]
--------------------------------------------------------------------------------------------------------------------------------------------------------------------------------------------------------
Epoch:[33/100], CauAdvLoss:[1.7792/2.7126], valid:[60.93], test:[47.67]
--------------------------------------------------------------------------------------------------------------------------------------------------------------------------------------------------------
Train Iter:[0  /563], CauLoss:[1.7366], AdvLoss:[2.8506]
Train Iter:[140/563], CauLoss:[1.7418], AdvLoss:[3.3050]
Train Iter:[280/563], CauLoss:[1.7453], AdvLoss:[2.9816]
Train Iter:[420/563], CauLoss:[1.7531], AdvLoss:[2.8322]
Train Iter:[560/563], CauLoss:[1.7673], AdvLoss:[2.9284]
--------------------------------------------------------------------------------------------------------------------------------------------------------------------------------------------------------
Epoch:[34/100], CauAdvLoss:[1.7673/2.9277], valid:[70.53], test:[56.67]
--------------------------------------------------------------------------------------------------------------------------------------------------------------------------------------------------------
Train Iter:[0  /563], CauLoss:[1.5883], AdvLoss:[2.0168]
Train Iter:[140/563], CauLoss:[1.7396], AdvLoss:[2.6750]
Train Iter:[280/563], CauLoss:[1.7746], AdvLoss:[2.6606]
Train Iter:[420/563], CauLoss:[1.7830], AdvLoss:[2.7619]
Train Iter:[560/563], CauLoss:[1.7635], AdvLoss:[2.8755]
--------------------------------------------------------------------------------------------------------------------------------------------------------------------------------------------------------
Epoch:[35/100], CauAdvLoss:[1.7615/2.8800], valid:[70.00], test:[47.97]
--------------------------------------------------------------------------------------------------------------------------------------------------------------------------------------------------------
Train Iter:[0  /563], CauLoss:[1.6517], AdvLoss:[2.6824]
Train Iter:[140/563], CauLoss:[1.7794], AdvLoss:[2.8776]
Train Iter:[280/563], CauLoss:[1.7677], AdvLoss:[2.6351]
Train Iter:[420/563], CauLoss:[1.7522], AdvLoss:[2.7618]
Train Iter:[560/563], CauLoss:[1.7593], AdvLoss:[2.8520]
--------------------------------------------------------------------------------------------------------------------------------------------------------------------------------------------------------
Epoch:[36/100], CauAdvLoss:[1.7599/2.8495], valid:[57.43], test:[51.10]
--------------------------------------------------------------------------------------------------------------------------------------------------------------------------------------------------------
Train Iter:[0  /563], CauLoss:[1.5383], AdvLoss:[3.3862]
Train Iter:[140/563], CauLoss:[1.7374], AdvLoss:[3.0190]
Train Iter:[280/563], CauLoss:[1.7334], AdvLoss:[2.8807]
Train Iter:[420/563], CauLoss:[1.7395], AdvLoss:[2.9477]
Train Iter:[560/563], CauLoss:[1.7584], AdvLoss:[2.9242]
--------------------------------------------------------------------------------------------------------------------------------------------------------------------------------------------------------
Epoch:[37/100], CauAdvLoss:[1.7581/2.9265], valid:[59.57], test:[56.43]
--------------------------------------------------------------------------------------------------------------------------------------------------------------------------------------------------------
Train Iter:[0  /563], CauLoss:[1.8204], AdvLoss:[1.8782]
Train Iter:[140/563], CauLoss:[1.7620], AdvLoss:[2.8619]
Train Iter:[280/563], CauLoss:[1.7643], AdvLoss:[2.8263]
Train Iter:[420/563], CauLoss:[1.7523], AdvLoss:[2.8069]
Train Iter:[560/563], CauLoss:[1.7527], AdvLoss:[2.8086]
--------------------------------------------------------------------------------------------------------------------------------------------------------------------------------------------------------
Epoch:[38/100], CauAdvLoss:[1.7552/2.8078], valid:[57.77], test:[44.30]
--------------------------------------------------------------------------------------------------------------------------------------------------------------------------------------------------------
Train Iter:[0  /563], CauLoss:[2.0201], AdvLoss:[2.3599]
Train Iter:[140/563], CauLoss:[1.7563], AdvLoss:[2.4781]
Train Iter:[280/563], CauLoss:[1.7361], AdvLoss:[2.6979]
Train Iter:[420/563], CauLoss:[1.7506], AdvLoss:[2.8570]
Train Iter:[560/563], CauLoss:[1.7587], AdvLoss:[2.8622]
--------------------------------------------------------------------------------------------------------------------------------------------------------------------------------------------------------
Epoch:[39/100], CauAdvLoss:[1.7598/2.8636], valid:[67.13], test:[53.17]
--------------------------------------------------------------------------------------------------------------------------------------------------------------------------------------------------------
Train Iter:[0  /563], CauLoss:[1.3852], AdvLoss:[3.5140]
Train Iter:[140/563], CauLoss:[1.7609], AdvLoss:[3.0817]
Train Iter:[280/563], CauLoss:[1.7527], AdvLoss:[2.9009]
Train Iter:[420/563], CauLoss:[1.7516], AdvLoss:[2.9053]
Train Iter:[560/563], CauLoss:[1.7553], AdvLoss:[2.8241]
--------------------------------------------------------------------------------------------------------------------------------------------------------------------------------------------------------
Epoch:[40/100], CauAdvLoss:[1.7567/2.8210], valid:[68.43], test:[57.83]
--------------------------------------------------------------------------------------------------------------------------------------------------------------------------------------------------------
Train Iter:[0  /563], CauLoss:[2.0390], AdvLoss:[3.4619]
Train Iter:[140/563], CauLoss:[1.7434], AdvLoss:[2.8096]
Train Iter:[280/563], CauLoss:[1.7376], AdvLoss:[2.8328]
Train Iter:[420/563], CauLoss:[1.7457], AdvLoss:[2.8423]
Train Iter:[560/563], CauLoss:[1.7521], AdvLoss:[2.9029]
--------------------------------------------------------------------------------------------------------------------------------------------------------------------------------------------------------
Epoch:[41/100], CauAdvLoss:[1.7521/2.9016], valid:[56.40], test:[39.97]
--------------------------------------------------------------------------------------------------------------------------------------------------------------------------------------------------------
Train Iter:[0  /563], CauLoss:[1.2946], AdvLoss:[3.8454]
Train Iter:[140/563], CauLoss:[1.7327], AdvLoss:[3.0697]
Train Iter:[280/563], CauLoss:[1.7363], AdvLoss:[3.0483]
Train Iter:[420/563], CauLoss:[1.7539], AdvLoss:[3.0647]
Train Iter:[560/563], CauLoss:[1.7531], AdvLoss:[3.0675]
--------------------------------------------------------------------------------------------------------------------------------------------------------------------------------------------------------
Epoch:[42/100], CauAdvLoss:[1.7526/3.0661], valid:[71.60], test:[54.03]
--------------------------------------------------------------------------------------------------------------------------------------------------------------------------------------------------------
Train Iter:[0  /563], CauLoss:[1.7473], AdvLoss:[2.8318]
Train Iter:[140/563], CauLoss:[1.7509], AdvLoss:[2.9218]
Train Iter:[280/563], CauLoss:[1.7451], AdvLoss:[2.8717]
Train Iter:[420/563], CauLoss:[1.7554], AdvLoss:[2.9753]
Train Iter:[560/563], CauLoss:[1.7470], AdvLoss:[2.9421]
--------------------------------------------------------------------------------------------------------------------------------------------------------------------------------------------------------
Epoch:[43/100], CauAdvLoss:[1.7485/2.9483], valid:[66.50], test:[53.40]
--------------------------------------------------------------------------------------------------------------------------------------------------------------------------------------------------------
Train Iter:[0  /563], CauLoss:[1.7572], AdvLoss:[3.6287]
Train Iter:[140/563], CauLoss:[1.7393], AdvLoss:[2.7236]
Train Iter:[280/563], CauLoss:[1.7285], AdvLoss:[3.0259]
Train Iter:[420/563], CauLoss:[1.7316], AdvLoss:[3.0644]
Train Iter:[560/563], CauLoss:[1.7410], AdvLoss:[2.9987]
--------------------------------------------------------------------------------------------------------------------------------------------------------------------------------------------------------
Epoch:[44/100], CauAdvLoss:[1.7428/2.9950], valid:[59.77], test:[41.90]
--------------------------------------------------------------------------------------------------------------------------------------------------------------------------------------------------------
Train Iter:[0  /563], CauLoss:[1.7414], AdvLoss:[1.5395]
Train Iter:[140/563], CauLoss:[1.7426], AdvLoss:[2.9097]
Train Iter:[280/563], CauLoss:[1.7614], AdvLoss:[2.7718]
Train Iter:[420/563], CauLoss:[1.7635], AdvLoss:[2.7211]
Train Iter:[560/563], CauLoss:[1.7522], AdvLoss:[2.7660]
--------------------------------------------------------------------------------------------------------------------------------------------------------------------------------------------------------
Epoch:[45/100], CauAdvLoss:[1.7518/2.7699], valid:[60.37], test:[57.13]
--------------------------------------------------------------------------------------------------------------------------------------------------------------------------------------------------------
Train Iter:[0  /563], CauLoss:[1.4841], AdvLoss:[2.0547]
Train Iter:[140/563], CauLoss:[1.7390], AdvLoss:[3.1324]
Train Iter:[280/563], CauLoss:[1.7383], AdvLoss:[3.0527]
Train Iter:[420/563], CauLoss:[1.7335], AdvLoss:[3.0492]
Train Iter:[560/563], CauLoss:[1.7387], AdvLoss:[3.0715]
--------------------------------------------------------------------------------------------------------------------------------------------------------------------------------------------------------
Epoch:[46/100], CauAdvLoss:[1.7383/3.0670], valid:[65.63], test:[49.80]
--------------------------------------------------------------------------------------------------------------------------------------------------------------------------------------------------------
Train Iter:[0  /563], CauLoss:[1.8819], AdvLoss:[2.9479]
Train Iter:[140/563], CauLoss:[1.7109], AdvLoss:[2.7848]
Train Iter:[280/563], CauLoss:[1.7301], AdvLoss:[2.9958]
Train Iter:[420/563], CauLoss:[1.7318], AdvLoss:[3.1120]
Train Iter:[560/563], CauLoss:[1.7352], AdvLoss:[3.1956]
--------------------------------------------------------------------------------------------------------------------------------------------------------------------------------------------------------
Epoch:[47/100], CauAdvLoss:[1.7354/3.1940], valid:[60.13], test:[49.90]
--------------------------------------------------------------------------------------------------------------------------------------------------------------------------------------------------------
Train Iter:[0  /563], CauLoss:[1.6896], AdvLoss:[3.5964]
Train Iter:[140/563], CauLoss:[1.7183], AdvLoss:[3.4685]
Train Iter:[280/563], CauLoss:[1.7411], AdvLoss:[3.2328]
Train Iter:[420/563], CauLoss:[1.7334], AdvLoss:[3.1791]
Train Iter:[560/563], CauLoss:[1.7412], AdvLoss:[3.0799]
--------------------------------------------------------------------------------------------------------------------------------------------------------------------------------------------------------
Epoch:[48/100], CauAdvLoss:[1.7410/3.0781], valid:[62.27], test:[58.40]
--------------------------------------------------------------------------------------------------------------------------------------------------------------------------------------------------------
Train Iter:[0  /563], CauLoss:[1.7964], AdvLoss:[2.3909]
Train Iter:[140/563], CauLoss:[1.7240], AdvLoss:[2.9618]
Train Iter:[280/563], CauLoss:[1.7241], AdvLoss:[2.8721]
Train Iter:[420/563], CauLoss:[1.7436], AdvLoss:[2.8538]
Train Iter:[560/563], CauLoss:[1.7343], AdvLoss:[2.9816]
--------------------------------------------------------------------------------------------------------------------------------------------------------------------------------------------------------
Epoch:[49/100], CauAdvLoss:[1.7352/2.9840], valid:[63.47], test:[47.47]
--------------------------------------------------------------------------------------------------------------------------------------------------------------------------------------------------------
Train Iter:[0  /563], CauLoss:[2.2271], AdvLoss:[2.4288]
Train Iter:[140/563], CauLoss:[1.7102], AdvLoss:[3.0101]
Train Iter:[280/563], CauLoss:[1.7358], AdvLoss:[3.1474]
Train Iter:[420/563], CauLoss:[1.7308], AdvLoss:[3.2375]
Train Iter:[560/563], CauLoss:[1.7274], AdvLoss:[3.2485]
--------------------------------------------------------------------------------------------------------------------------------------------------------------------------------------------------------
Epoch:[50/100], CauAdvLoss:[1.7277/3.2473], valid:[66.67], test:[53.20]
--------------------------------------------------------------------------------------------------------------------------------------------------------------------------------------------------------
Train Iter:[0  /563], CauLoss:[1.4404], AdvLoss:[2.4265]
Train Iter:[140/563], CauLoss:[1.6909], AdvLoss:[3.2813]
Train Iter:[280/563], CauLoss:[1.7188], AdvLoss:[3.3180]
Train Iter:[420/563], CauLoss:[1.7434], AdvLoss:[3.2834]
Train Iter:[560/563], CauLoss:[1.7374], AdvLoss:[3.2357]
--------------------------------------------------------------------------------------------------------------------------------------------------------------------------------------------------------
Epoch:[51/100], CauAdvLoss:[1.7369/3.2420], valid:[67.23], test:[60.57]
--------------------------------------------------------------------------------------------------------------------------------------------------------------------------------------------------------
Train Iter:[0  /563], CauLoss:[1.9169], AdvLoss:[4.3326]
Train Iter:[140/563], CauLoss:[1.7358], AdvLoss:[3.3288]
Train Iter:[280/563], CauLoss:[1.7310], AdvLoss:[3.3024]
Train Iter:[420/563], CauLoss:[1.7306], AdvLoss:[3.1687]
Train Iter:[560/563], CauLoss:[1.7354], AdvLoss:[3.1773]
--------------------------------------------------------------------------------------------------------------------------------------------------------------------------------------------------------
Epoch:[52/100], CauAdvLoss:[1.7374/3.1759], valid:[62.43], test:[53.87]
--------------------------------------------------------------------------------------------------------------------------------------------------------------------------------------------------------
Train Iter:[0  /563], CauLoss:[1.8423], AdvLoss:[4.6642]
Train Iter:[140/563], CauLoss:[1.7159], AdvLoss:[3.4195]
Train Iter:[280/563], CauLoss:[1.7126], AdvLoss:[3.4598]
Train Iter:[420/563], CauLoss:[1.7274], AdvLoss:[3.5274]
Train Iter:[560/563], CauLoss:[1.7289], AdvLoss:[3.4166]
--------------------------------------------------------------------------------------------------------------------------------------------------------------------------------------------------------
Epoch:[53/100], CauAdvLoss:[1.7306/3.4152], valid:[62.33], test:[57.17]
--------------------------------------------------------------------------------------------------------------------------------------------------------------------------------------------------------
Train Iter:[0  /563], CauLoss:[1.8678], AdvLoss:[4.5250]
Train Iter:[140/563], CauLoss:[1.7069], AdvLoss:[3.4461]
Train Iter:[280/563], CauLoss:[1.7297], AdvLoss:[3.5158]
Train Iter:[420/563], CauLoss:[1.7233], AdvLoss:[3.5132]
Train Iter:[560/563], CauLoss:[1.7241], AdvLoss:[3.4341]
--------------------------------------------------------------------------------------------------------------------------------------------------------------------------------------------------------
Epoch:[54/100], CauAdvLoss:[1.7245/3.4350], valid:[61.53], test:[50.17]
--------------------------------------------------------------------------------------------------------------------------------------------------------------------------------------------------------
Train Iter:[0  /563], CauLoss:[1.7107], AdvLoss:[4.1699]
Train Iter:[140/563], CauLoss:[1.7112], AdvLoss:[3.3582]
Train Iter:[280/563], CauLoss:[1.7077], AdvLoss:[3.2708]
Train Iter:[420/563], CauLoss:[1.7216], AdvLoss:[3.3192]
Train Iter:[560/563], CauLoss:[1.7256], AdvLoss:[3.3860]
--------------------------------------------------------------------------------------------------------------------------------------------------------------------------------------------------------
Epoch:[55/100], CauAdvLoss:[1.7258/3.3893], valid:[65.80], test:[48.83]
--------------------------------------------------------------------------------------------------------------------------------------------------------------------------------------------------------
Train Iter:[0  /563], CauLoss:[1.7922], AdvLoss:[3.9416]
Train Iter:[140/563], CauLoss:[1.7134], AdvLoss:[3.6591]
Train Iter:[280/563], CauLoss:[1.7057], AdvLoss:[3.4102]
Train Iter:[420/563], CauLoss:[1.7191], AdvLoss:[3.4357]
Train Iter:[560/563], CauLoss:[1.7227], AdvLoss:[3.3469]
--------------------------------------------------------------------------------------------------------------------------------------------------------------------------------------------------------
Epoch:[56/100], CauAdvLoss:[1.7219/3.3511], valid:[65.20], test:[45.67]
--------------------------------------------------------------------------------------------------------------------------------------------------------------------------------------------------------
Train Iter:[0  /563], CauLoss:[1.7840], AdvLoss:[3.9677]
Train Iter:[140/563], CauLoss:[1.6904], AdvLoss:[3.4619]
Train Iter:[280/563], CauLoss:[1.7131], AdvLoss:[3.5840]
Train Iter:[420/563], CauLoss:[1.7258], AdvLoss:[3.5796]
Train Iter:[560/563], CauLoss:[1.7212], AdvLoss:[3.5480]
--------------------------------------------------------------------------------------------------------------------------------------------------------------------------------------------------------
Epoch:[57/100], CauAdvLoss:[1.7254/3.5452], valid:[66.27], test:[55.53]
--------------------------------------------------------------------------------------------------------------------------------------------------------------------------------------------------------
Train Iter:[0  /563], CauLoss:[1.8525], AdvLoss:[1.8302]
Train Iter:[140/563], CauLoss:[1.6804], AdvLoss:[3.4796]
Train Iter:[280/563], CauLoss:[1.7012], AdvLoss:[3.5391]
Train Iter:[420/563], CauLoss:[1.7084], AdvLoss:[3.5516]
Train Iter:[560/563], CauLoss:[1.7169], AdvLoss:[3.6563]
--------------------------------------------------------------------------------------------------------------------------------------------------------------------------------------------------------
Epoch:[58/100], CauAdvLoss:[1.7173/3.6517], valid:[53.53], test:[45.87]
--------------------------------------------------------------------------------------------------------------------------------------------------------------------------------------------------------
Train Iter:[0  /563], CauLoss:[1.7127], AdvLoss:[1.5876]
Train Iter:[140/563], CauLoss:[1.7190], AdvLoss:[3.7756]
Train Iter:[280/563], CauLoss:[1.7143], AdvLoss:[3.8040]
Train Iter:[420/563], CauLoss:[1.7253], AdvLoss:[3.7615]
Train Iter:[560/563], CauLoss:[1.7195], AdvLoss:[3.6709]
--------------------------------------------------------------------------------------------------------------------------------------------------------------------------------------------------------
Epoch:[59/100], CauAdvLoss:[1.7192/3.6774], valid:[60.03], test:[44.33]
--------------------------------------------------------------------------------------------------------------------------------------------------------------------------------------------------------
Train Iter:[0  /563], CauLoss:[1.6683], AdvLoss:[3.2074]
Train Iter:[140/563], CauLoss:[1.6677], AdvLoss:[3.6531]
Train Iter:[280/563], CauLoss:[1.6949], AdvLoss:[3.5736]
Train Iter:[420/563], CauLoss:[1.7060], AdvLoss:[3.6463]
Train Iter:[560/563], CauLoss:[1.7187], AdvLoss:[3.5631]
--------------------------------------------------------------------------------------------------------------------------------------------------------------------------------------------------------
Epoch:[60/100], CauAdvLoss:[1.7173/3.5685], valid:[74.60], test:[53.53]
--------------------------------------------------------------------------------------------------------------------------------------------------------------------------------------------------------
Train Iter:[0  /563], CauLoss:[1.4528], AdvLoss:[2.8578]
Train Iter:[140/563], CauLoss:[1.6987], AdvLoss:[3.6910]
Train Iter:[280/563], CauLoss:[1.7033], AdvLoss:[3.9044]
Train Iter:[420/563], CauLoss:[1.7248], AdvLoss:[3.8442]
Train Iter:[560/563], CauLoss:[1.7145], AdvLoss:[3.7767]
--------------------------------------------------------------------------------------------------------------------------------------------------------------------------------------------------------
Epoch:[61/100], CauAdvLoss:[1.7154/3.7716], valid:[57.80], test:[48.40]
--------------------------------------------------------------------------------------------------------------------------------------------------------------------------------------------------------
Train Iter:[0  /563], CauLoss:[1.2686], AdvLoss:[3.7379]
Train Iter:[140/563], CauLoss:[1.7047], AdvLoss:[3.7411]
Train Iter:[280/563], CauLoss:[1.7154], AdvLoss:[3.6405]
Train Iter:[420/563], CauLoss:[1.7176], AdvLoss:[3.5874]
Train Iter:[560/563], CauLoss:[1.7116], AdvLoss:[3.6740]
--------------------------------------------------------------------------------------------------------------------------------------------------------------------------------------------------------
Epoch:[62/100], CauAdvLoss:[1.7145/3.6774], valid:[74.87], test:[50.63]
--------------------------------------------------------------------------------------------------------------------------------------------------------------------------------------------------------
Train Iter:[0  /563], CauLoss:[1.5114], AdvLoss:[5.5394]
Train Iter:[140/563], CauLoss:[1.6978], AdvLoss:[4.0174]
Train Iter:[280/563], CauLoss:[1.7180], AdvLoss:[3.7699]
Train Iter:[420/563], CauLoss:[1.7190], AdvLoss:[3.7182]
Train Iter:[560/563], CauLoss:[1.7178], AdvLoss:[3.7893]
--------------------------------------------------------------------------------------------------------------------------------------------------------------------------------------------------------
Epoch:[63/100], CauAdvLoss:[1.7171/3.7871], valid:[57.23], test:[52.37]
--------------------------------------------------------------------------------------------------------------------------------------------------------------------------------------------------------
Train Iter:[0  /563], CauLoss:[2.1660], AdvLoss:[4.7161]
Train Iter:[140/563], CauLoss:[1.7558], AdvLoss:[3.9152]
Train Iter:[280/563], CauLoss:[1.7249], AdvLoss:[3.7650]
Train Iter:[420/563], CauLoss:[1.7125], AdvLoss:[3.7394]
Train Iter:[560/563], CauLoss:[1.7148], AdvLoss:[3.7001]
--------------------------------------------------------------------------------------------------------------------------------------------------------------------------------------------------------
Epoch:[64/100], CauAdvLoss:[1.7159/3.6981], valid:[55.93], test:[50.90]
--------------------------------------------------------------------------------------------------------------------------------------------------------------------------------------------------------
Train Iter:[0  /563], CauLoss:[1.7221], AdvLoss:[5.7069]
Train Iter:[140/563], CauLoss:[1.7007], AdvLoss:[3.3599]
Train Iter:[280/563], CauLoss:[1.6945], AdvLoss:[3.6036]
Train Iter:[420/563], CauLoss:[1.7142], AdvLoss:[3.5911]
Train Iter:[560/563], CauLoss:[1.7169], AdvLoss:[3.6384]
--------------------------------------------------------------------------------------------------------------------------------------------------------------------------------------------------------
Epoch:[65/100], CauAdvLoss:[1.7161/3.6305], valid:[53.53], test:[47.00]
--------------------------------------------------------------------------------------------------------------------------------------------------------------------------------------------------------
Train Iter:[0  /563], CauLoss:[1.7660], AdvLoss:[3.0916]
Train Iter:[140/563], CauLoss:[1.7038], AdvLoss:[3.5469]
Train Iter:[280/563], CauLoss:[1.7014], AdvLoss:[3.7111]
Train Iter:[420/563], CauLoss:[1.7094], AdvLoss:[3.7616]
Train Iter:[560/563], CauLoss:[1.7090], AdvLoss:[3.7829]
--------------------------------------------------------------------------------------------------------------------------------------------------------------------------------------------------------
Epoch:[66/100], CauAdvLoss:[1.7095/3.7804], valid:[57.63], test:[48.87]
--------------------------------------------------------------------------------------------------------------------------------------------------------------------------------------------------------
Train Iter:[0  /563], CauLoss:[1.3486], AdvLoss:[3.8263]
Train Iter:[140/563], CauLoss:[1.7084], AdvLoss:[3.6415]
Train Iter:[280/563], CauLoss:[1.7288], AdvLoss:[3.6378]
Train Iter:[420/563], CauLoss:[1.7179], AdvLoss:[3.6443]
Train Iter:[560/563], CauLoss:[1.7087], AdvLoss:[3.6476]
--------------------------------------------------------------------------------------------------------------------------------------------------------------------------------------------------------
Epoch:[67/100], CauAdvLoss:[1.7076/3.6468], valid:[56.50], test:[50.70]
--------------------------------------------------------------------------------------------------------------------------------------------------------------------------------------------------------
Train Iter:[0  /563], CauLoss:[1.8017], AdvLoss:[3.9771]
Train Iter:[140/563], CauLoss:[1.7370], AdvLoss:[3.6497]
Train Iter:[280/563], CauLoss:[1.7198], AdvLoss:[3.7286]
Train Iter:[420/563], CauLoss:[1.7130], AdvLoss:[3.8180]
Train Iter:[560/563], CauLoss:[1.7098], AdvLoss:[3.7918]
--------------------------------------------------------------------------------------------------------------------------------------------------------------------------------------------------------
Epoch:[68/100], CauAdvLoss:[1.7107/3.7950], valid:[59.67], test:[44.40]
--------------------------------------------------------------------------------------------------------------------------------------------------------------------------------------------------------
Train Iter:[0  /563], CauLoss:[1.8117], AdvLoss:[1.4115]
Train Iter:[140/563], CauLoss:[1.7016], AdvLoss:[3.6011]
Train Iter:[280/563], CauLoss:[1.7084], AdvLoss:[3.6692]
Train Iter:[420/563], CauLoss:[1.7293], AdvLoss:[3.6507]
Train Iter:[560/563], CauLoss:[1.7093], AdvLoss:[3.6797]
--------------------------------------------------------------------------------------------------------------------------------------------------------------------------------------------------------
Epoch:[69/100], CauAdvLoss:[1.7081/3.6755], valid:[55.90], test:[48.50]
--------------------------------------------------------------------------------------------------------------------------------------------------------------------------------------------------------
Train Iter:[0  /563], CauLoss:[2.3142], AdvLoss:[3.3025]
Train Iter:[140/563], CauLoss:[1.6833], AdvLoss:[3.8376]
Train Iter:[280/563], CauLoss:[1.6844], AdvLoss:[3.8325]
Train Iter:[420/563], CauLoss:[1.6986], AdvLoss:[3.8880]
Train Iter:[560/563], CauLoss:[1.7079], AdvLoss:[3.8927]
--------------------------------------------------------------------------------------------------------------------------------------------------------------------------------------------------------
Epoch:[70/100], CauAdvLoss:[1.7074/3.8898], valid:[55.40], test:[41.03]
--------------------------------------------------------------------------------------------------------------------------------------------------------------------------------------------------------
Train Iter:[0  /563], CauLoss:[1.2669], AdvLoss:[5.3217]
Train Iter:[140/563], CauLoss:[1.7173], AdvLoss:[3.7099]
Train Iter:[280/563], CauLoss:[1.7120], AdvLoss:[3.7499]
Train Iter:[420/563], CauLoss:[1.7091], AdvLoss:[3.7576]
Train Iter:[560/563], CauLoss:[1.7078], AdvLoss:[3.7539]
--------------------------------------------------------------------------------------------------------------------------------------------------------------------------------------------------------
Epoch:[71/100], CauAdvLoss:[1.7069/3.7539], valid:[58.07], test:[45.37]
--------------------------------------------------------------------------------------------------------------------------------------------------------------------------------------------------------
Train Iter:[0  /563], CauLoss:[1.3828], AdvLoss:[4.5699]
Train Iter:[140/563], CauLoss:[1.7337], AdvLoss:[3.6005]
Train Iter:[280/563], CauLoss:[1.7230], AdvLoss:[3.6203]
Train Iter:[420/563], CauLoss:[1.7010], AdvLoss:[3.7222]
Train Iter:[560/563], CauLoss:[1.7068], AdvLoss:[3.7381]
--------------------------------------------------------------------------------------------------------------------------------------------------------------------------------------------------------
Epoch:[72/100], CauAdvLoss:[1.7081/3.7438], valid:[64.00], test:[50.53]
--------------------------------------------------------------------------------------------------------------------------------------------------------------------------------------------------------
Train Iter:[0  /563], CauLoss:[1.5091], AdvLoss:[5.3187]
Train Iter:[140/563], CauLoss:[1.6632], AdvLoss:[3.7603]
Train Iter:[280/563], CauLoss:[1.6888], AdvLoss:[3.7562]
Train Iter:[420/563], CauLoss:[1.6847], AdvLoss:[3.8565]
Train Iter:[560/563], CauLoss:[1.7017], AdvLoss:[3.8976]
--------------------------------------------------------------------------------------------------------------------------------------------------------------------------------------------------------
Epoch:[73/100], CauAdvLoss:[1.7016/3.8960], valid:[54.70], test:[45.57]
--------------------------------------------------------------------------------------------------------------------------------------------------------------------------------------------------------
Train Iter:[0  /563], CauLoss:[1.9531], AdvLoss:[2.3158]
Train Iter:[140/563], CauLoss:[1.7342], AdvLoss:[3.6835]
Train Iter:[280/563], CauLoss:[1.6986], AdvLoss:[3.7399]
Train Iter:[420/563], CauLoss:[1.6905], AdvLoss:[3.7659]
Train Iter:[560/563], CauLoss:[1.6999], AdvLoss:[3.8118]
--------------------------------------------------------------------------------------------------------------------------------------------------------------------------------------------------------
Epoch:[74/100], CauAdvLoss:[1.6990/3.8122], valid:[53.93], test:[49.53]
--------------------------------------------------------------------------------------------------------------------------------------------------------------------------------------------------------
Train Iter:[0  /563], CauLoss:[1.5149], AdvLoss:[3.9753]
Train Iter:[140/563], CauLoss:[1.7012], AdvLoss:[3.7370]
Train Iter:[280/563], CauLoss:[1.7005], AdvLoss:[3.6957]
Train Iter:[420/563], CauLoss:[1.6932], AdvLoss:[3.7085]
Train Iter:[560/563], CauLoss:[1.6996], AdvLoss:[3.7324]
--------------------------------------------------------------------------------------------------------------------------------------------------------------------------------------------------------
Epoch:[75/100], CauAdvLoss:[1.6984/3.7367], valid:[55.67], test:[44.83]
--------------------------------------------------------------------------------------------------------------------------------------------------------------------------------------------------------
Train Iter:[0  /563], CauLoss:[1.5670], AdvLoss:[5.1371]
Train Iter:[140/563], CauLoss:[1.7240], AdvLoss:[3.8667]
Train Iter:[280/563], CauLoss:[1.7126], AdvLoss:[3.9113]
Train Iter:[420/563], CauLoss:[1.6942], AdvLoss:[4.0091]
Train Iter:[560/563], CauLoss:[1.6987], AdvLoss:[4.0068]
--------------------------------------------------------------------------------------------------------------------------------------------------------------------------------------------------------
Epoch:[76/100], CauAdvLoss:[1.6982/4.0093], valid:[60.83], test:[49.13]
--------------------------------------------------------------------------------------------------------------------------------------------------------------------------------------------------------
Train Iter:[0  /563], CauLoss:[1.7323], AdvLoss:[5.7954]
Train Iter:[140/563], CauLoss:[1.6917], AdvLoss:[3.9223]
Train Iter:[280/563], CauLoss:[1.6915], AdvLoss:[3.9292]
Train Iter:[420/563], CauLoss:[1.6998], AdvLoss:[3.9441]
Train Iter:[560/563], CauLoss:[1.6959], AdvLoss:[3.9269]
--------------------------------------------------------------------------------------------------------------------------------------------------------------------------------------------------------
Epoch:[77/100], CauAdvLoss:[1.6957/3.9320], valid:[62.83], test:[41.70]
--------------------------------------------------------------------------------------------------------------------------------------------------------------------------------------------------------
Train Iter:[0  /563], CauLoss:[1.6417], AdvLoss:[4.4246]
Train Iter:[140/563], CauLoss:[1.7035], AdvLoss:[3.9490]
Train Iter:[280/563], CauLoss:[1.7160], AdvLoss:[3.9233]
Train Iter:[420/563], CauLoss:[1.7002], AdvLoss:[3.9711]
Train Iter:[560/563], CauLoss:[1.6961], AdvLoss:[4.0731]
--------------------------------------------------------------------------------------------------------------------------------------------------------------------------------------------------------
Epoch:[78/100], CauAdvLoss:[1.6953/4.0717], valid:[57.63], test:[48.60]
--------------------------------------------------------------------------------------------------------------------------------------------------------------------------------------------------------
Train Iter:[0  /563], CauLoss:[1.3701], AdvLoss:[4.2741]
Train Iter:[140/563], CauLoss:[1.6892], AdvLoss:[4.1284]
Train Iter:[280/563], CauLoss:[1.6908], AdvLoss:[4.1296]
Train Iter:[420/563], CauLoss:[1.6999], AdvLoss:[4.1894]
Train Iter:[560/563], CauLoss:[1.6958], AdvLoss:[4.1862]
--------------------------------------------------------------------------------------------------------------------------------------------------------------------------------------------------------
Epoch:[79/100], CauAdvLoss:[1.6960/4.1870], valid:[55.90], test:[42.40]
--------------------------------------------------------------------------------------------------------------------------------------------------------------------------------------------------------
Train Iter:[0  /563], CauLoss:[1.4081], AdvLoss:[4.2168]
Train Iter:[140/563], CauLoss:[1.6959], AdvLoss:[4.2835]
Train Iter:[280/563], CauLoss:[1.7058], AdvLoss:[4.2297]
Train Iter:[420/563], CauLoss:[1.7000], AdvLoss:[4.2348]
Train Iter:[560/563], CauLoss:[1.6961], AdvLoss:[4.1833]
--------------------------------------------------------------------------------------------------------------------------------------------------------------------------------------------------------
Epoch:[80/100], CauAdvLoss:[1.6971/4.1862], valid:[61.17], test:[51.03]
--------------------------------------------------------------------------------------------------------------------------------------------------------------------------------------------------------
Train Iter:[0  /563], CauLoss:[1.7192], AdvLoss:[3.5835]
Train Iter:[140/563], CauLoss:[1.6591], AdvLoss:[4.0995]
Train Iter:[280/563], CauLoss:[1.6855], AdvLoss:[4.1207]
Train Iter:[420/563], CauLoss:[1.6981], AdvLoss:[4.1215]
Train Iter:[560/563], CauLoss:[1.6937], AdvLoss:[4.1256]
--------------------------------------------------------------------------------------------------------------------------------------------------------------------------------------------------------
Epoch:[81/100], CauAdvLoss:[1.6949/4.1242], valid:[58.43], test:[50.40]
--------------------------------------------------------------------------------------------------------------------------------------------------------------------------------------------------------
Train Iter:[0  /563], CauLoss:[2.2770], AdvLoss:[4.2934]
Train Iter:[140/563], CauLoss:[1.6638], AdvLoss:[4.3456]
Train Iter:[280/563], CauLoss:[1.6792], AdvLoss:[4.4044]
Train Iter:[420/563], CauLoss:[1.6842], AdvLoss:[4.4194]
Train Iter:[560/563], CauLoss:[1.6947], AdvLoss:[4.4054]
--------------------------------------------------------------------------------------------------------------------------------------------------------------------------------------------------------
Epoch:[82/100], CauAdvLoss:[1.6938/4.4095], valid:[62.60], test:[50.93]
--------------------------------------------------------------------------------------------------------------------------------------------------------------------------------------------------------
Train Iter:[0  /563], CauLoss:[1.6860], AdvLoss:[1.7923]
Train Iter:[140/563], CauLoss:[1.7109], AdvLoss:[4.3306]
Train Iter:[280/563], CauLoss:[1.6934], AdvLoss:[4.3583]
Train Iter:[420/563], CauLoss:[1.6846], AdvLoss:[4.3360]
Train Iter:[560/563], CauLoss:[1.6961], AdvLoss:[4.3433]
--------------------------------------------------------------------------------------------------------------------------------------------------------------------------------------------------------
Epoch:[83/100], CauAdvLoss:[1.6973/4.3372], valid:[61.17], test:[44.07]
--------------------------------------------------------------------------------------------------------------------------------------------------------------------------------------------------------
Train Iter:[0  /563], CauLoss:[1.6613], AdvLoss:[4.2175]
Train Iter:[140/563], CauLoss:[1.6789], AdvLoss:[4.1833]
Train Iter:[280/563], CauLoss:[1.6753], AdvLoss:[4.3444]
Train Iter:[420/563], CauLoss:[1.6919], AdvLoss:[4.3141]
Train Iter:[560/563], CauLoss:[1.6919], AdvLoss:[4.3617]
--------------------------------------------------------------------------------------------------------------------------------------------------------------------------------------------------------
Epoch:[84/100], CauAdvLoss:[1.6914/4.3560], valid:[55.37], test:[48.43]
--------------------------------------------------------------------------------------------------------------------------------------------------------------------------------------------------------
Train Iter:[0  /563], CauLoss:[1.6709], AdvLoss:[6.8156]
Train Iter:[140/563], CauLoss:[1.7005], AdvLoss:[4.3431]
Train Iter:[280/563], CauLoss:[1.6897], AdvLoss:[4.3556]
Train Iter:[420/563], CauLoss:[1.6961], AdvLoss:[4.3107]
Train Iter:[560/563], CauLoss:[1.6893], AdvLoss:[4.2756]
--------------------------------------------------------------------------------------------------------------------------------------------------------------------------------------------------------
Epoch:[85/100], CauAdvLoss:[1.6902/4.2792], valid:[56.97], test:[49.50]
--------------------------------------------------------------------------------------------------------------------------------------------------------------------------------------------------------
Train Iter:[0  /563], CauLoss:[1.8116], AdvLoss:[3.5898]
Train Iter:[140/563], CauLoss:[1.7056], AdvLoss:[4.3523]
Train Iter:[280/563], CauLoss:[1.6873], AdvLoss:[4.3182]
Train Iter:[420/563], CauLoss:[1.6900], AdvLoss:[4.2807]
Train Iter:[560/563], CauLoss:[1.6898], AdvLoss:[4.3420]
--------------------------------------------------------------------------------------------------------------------------------------------------------------------------------------------------------
Epoch:[86/100], CauAdvLoss:[1.6903/4.3439], valid:[57.77], test:[45.83]
--------------------------------------------------------------------------------------------------------------------------------------------------------------------------------------------------------
Train Iter:[0  /563], CauLoss:[1.4486], AdvLoss:[2.9280]
Train Iter:[140/563], CauLoss:[1.7001], AdvLoss:[4.2991]
Train Iter:[280/563], CauLoss:[1.6974], AdvLoss:[4.2346]
Train Iter:[420/563], CauLoss:[1.6873], AdvLoss:[4.2893]
Train Iter:[560/563], CauLoss:[1.6911], AdvLoss:[4.3002]
--------------------------------------------------------------------------------------------------------------------------------------------------------------------------------------------------------
Epoch:[87/100], CauAdvLoss:[1.6898/4.3065], valid:[62.27], test:[40.90]
--------------------------------------------------------------------------------------------------------------------------------------------------------------------------------------------------------
Train Iter:[0  /563], CauLoss:[1.4752], AdvLoss:[3.3400]
Train Iter:[140/563], CauLoss:[1.6674], AdvLoss:[4.2373]
Train Iter:[280/563], CauLoss:[1.6838], AdvLoss:[4.3395]
Train Iter:[420/563], CauLoss:[1.6841], AdvLoss:[4.3171]
Train Iter:[560/563], CauLoss:[1.6874], AdvLoss:[4.3426]
--------------------------------------------------------------------------------------------------------------------------------------------------------------------------------------------------------
Epoch:[88/100], CauAdvLoss:[1.6862/4.3398], valid:[55.30], test:[49.40]
--------------------------------------------------------------------------------------------------------------------------------------------------------------------------------------------------------
Train Iter:[0  /563], CauLoss:[1.3542], AdvLoss:[4.2462]
Train Iter:[140/563], CauLoss:[1.6671], AdvLoss:[4.2040]
Train Iter:[280/563], CauLoss:[1.6841], AdvLoss:[4.3083]
Train Iter:[420/563], CauLoss:[1.6770], AdvLoss:[4.4135]
Train Iter:[560/563], CauLoss:[1.6880], AdvLoss:[4.4114]
--------------------------------------------------------------------------------------------------------------------------------------------------------------------------------------------------------
Epoch:[89/100], CauAdvLoss:[1.6871/4.4091], valid:[57.03], test:[49.90]
--------------------------------------------------------------------------------------------------------------------------------------------------------------------------------------------------------
Train Iter:[0  /563], CauLoss:[1.7826], AdvLoss:[3.6832]
Train Iter:[140/563], CauLoss:[1.6725], AdvLoss:[4.3449]
Train Iter:[280/563], CauLoss:[1.6791], AdvLoss:[4.3131]
Train Iter:[420/563], CauLoss:[1.6956], AdvLoss:[4.3293]
Train Iter:[560/563], CauLoss:[1.6912], AdvLoss:[4.3269]
--------------------------------------------------------------------------------------------------------------------------------------------------------------------------------------------------------
Epoch:[90/100], CauAdvLoss:[1.6907/4.3262], valid:[57.07], test:[46.30]
--------------------------------------------------------------------------------------------------------------------------------------------------------------------------------------------------------
Train Iter:[0  /563], CauLoss:[1.4537], AdvLoss:[3.4999]
Train Iter:[140/563], CauLoss:[1.6934], AdvLoss:[4.2946]
Train Iter:[280/563], CauLoss:[1.6805], AdvLoss:[4.3789]
Train Iter:[420/563], CauLoss:[1.6907], AdvLoss:[4.3749]
Train Iter:[560/563], CauLoss:[1.6901], AdvLoss:[4.4500]
--------------------------------------------------------------------------------------------------------------------------------------------------------------------------------------------------------
Epoch:[91/100], CauAdvLoss:[1.6902/4.4536], valid:[59.43], test:[43.70]
--------------------------------------------------------------------------------------------------------------------------------------------------------------------------------------------------------
Train Iter:[0  /563], CauLoss:[1.7514], AdvLoss:[4.2279]
Train Iter:[140/563], CauLoss:[1.6660], AdvLoss:[4.4620]
Train Iter:[280/563], CauLoss:[1.6855], AdvLoss:[4.4962]
Train Iter:[420/563], CauLoss:[1.6836], AdvLoss:[4.4842]
Train Iter:[560/563], CauLoss:[1.6883], AdvLoss:[4.4732]
--------------------------------------------------------------------------------------------------------------------------------------------------------------------------------------------------------
Epoch:[92/100], CauAdvLoss:[1.6874/4.4688], valid:[55.63], test:[47.93]
--------------------------------------------------------------------------------------------------------------------------------------------------------------------------------------------------------
Train Iter:[0  /563], CauLoss:[1.4991], AdvLoss:[4.4058]
Train Iter:[140/563], CauLoss:[1.6775], AdvLoss:[4.5900]
Train Iter:[280/563], CauLoss:[1.6453], AdvLoss:[4.4809]
Train Iter:[420/563], CauLoss:[1.6808], AdvLoss:[4.4783]
Train Iter:[560/563], CauLoss:[1.6898], AdvLoss:[4.4513]
--------------------------------------------------------------------------------------------------------------------------------------------------------------------------------------------------------
Epoch:[93/100], CauAdvLoss:[1.6900/4.4561], valid:[60.93], test:[39.20]
--------------------------------------------------------------------------------------------------------------------------------------------------------------------------------------------------------
Train Iter:[0  /563], CauLoss:[1.7737], AdvLoss:[3.8948]
Train Iter:[140/563], CauLoss:[1.6875], AdvLoss:[4.2141]
Train Iter:[280/563], CauLoss:[1.6907], AdvLoss:[4.4032]
Train Iter:[420/563], CauLoss:[1.6981], AdvLoss:[4.4921]
Train Iter:[560/563], CauLoss:[1.6865], AdvLoss:[4.4815]
--------------------------------------------------------------------------------------------------------------------------------------------------------------------------------------------------------
Epoch:[94/100], CauAdvLoss:[1.6858/4.4776], valid:[56.97], test:[44.80]
--------------------------------------------------------------------------------------------------------------------------------------------------------------------------------------------------------
Train Iter:[0  /563], CauLoss:[2.1287], AdvLoss:[3.5368]
Train Iter:[140/563], CauLoss:[1.7081], AdvLoss:[4.2997]
Train Iter:[280/563], CauLoss:[1.6730], AdvLoss:[4.3260]
Train Iter:[420/563], CauLoss:[1.6771], AdvLoss:[4.3895]
Train Iter:[560/563], CauLoss:[1.6873], AdvLoss:[4.4428]
--------------------------------------------------------------------------------------------------------------------------------------------------------------------------------------------------------
Epoch:[95/100], CauAdvLoss:[1.6881/4.4426], valid:[59.33], test:[42.53]
--------------------------------------------------------------------------------------------------------------------------------------------------------------------------------------------------------
Train Iter:[0  /563], CauLoss:[1.7015], AdvLoss:[2.4970]
Train Iter:[140/563], CauLoss:[1.6456], AdvLoss:[4.4709]
Train Iter:[280/563], CauLoss:[1.6677], AdvLoss:[4.4763]
Train Iter:[420/563], CauLoss:[1.6792], AdvLoss:[4.5003]
Train Iter:[560/563], CauLoss:[1.6826], AdvLoss:[4.4401]
--------------------------------------------------------------------------------------------------------------------------------------------------------------------------------------------------------
Epoch:[96/100], CauAdvLoss:[1.6822/4.4435], valid:[62.97], test:[44.10]
--------------------------------------------------------------------------------------------------------------------------------------------------------------------------------------------------------
Train Iter:[0  /563], CauLoss:[1.4930], AdvLoss:[6.7180]
Train Iter:[140/563], CauLoss:[1.6694], AdvLoss:[4.5255]
Train Iter:[280/563], CauLoss:[1.6906], AdvLoss:[4.5617]
Train Iter:[420/563], CauLoss:[1.6929], AdvLoss:[4.4845]
Train Iter:[560/563], CauLoss:[1.6908], AdvLoss:[4.4853]
--------------------------------------------------------------------------------------------------------------------------------------------------------------------------------------------------------
Epoch:[97/100], CauAdvLoss:[1.6903/4.4804], valid:[55.63], test:[48.80]
--------------------------------------------------------------------------------------------------------------------------------------------------------------------------------------------------------
Train Iter:[0  /563], CauLoss:[2.1454], AdvLoss:[5.7633]
Train Iter:[140/563], CauLoss:[1.6846], AdvLoss:[4.6898]
Train Iter:[280/563], CauLoss:[1.6931], AdvLoss:[4.4659]
Train Iter:[420/563], CauLoss:[1.6848], AdvLoss:[4.5247]
Train Iter:[560/563], CauLoss:[1.6874], AdvLoss:[4.4634]
--------------------------------------------------------------------------------------------------------------------------------------------------------------------------------------------------------
Epoch:[98/100], CauAdvLoss:[1.6885/4.4583], valid:[57.77], test:[51.40]
--------------------------------------------------------------------------------------------------------------------------------------------------------------------------------------------------------
Train Iter:[0  /563], CauLoss:[1.6152], AdvLoss:[2.7407]
Train Iter:[140/563], CauLoss:[1.6541], AdvLoss:[4.5927]
Train Iter:[280/563], CauLoss:[1.6975], AdvLoss:[4.5314]
Train Iter:[420/563], CauLoss:[1.7032], AdvLoss:[4.5000]
Train Iter:[560/563], CauLoss:[1.6902], AdvLoss:[4.4675]
--------------------------------------------------------------------------------------------------------------------------------------------------------------------------------------------------------
Epoch:[99/100], CauAdvLoss:[1.6907/4.4688], valid:[58.13], test:[49.73]
--------------------------------------------------------------------------------------------------------------------------------------------------------------------------------------------------------
Train Iter:[0  /563], CauLoss:[2.1573], AdvLoss:[4.0778]
Train Iter:[140/563], CauLoss:[1.7110], AdvLoss:[4.5009]
Train Iter:[280/563], CauLoss:[1.6796], AdvLoss:[4.4903]
Train Iter:[420/563], CauLoss:[1.6788], AdvLoss:[4.5171]
Train Iter:[560/563], CauLoss:[1.6882], AdvLoss:[4.4852]
--------------------------------------------------------------------------------------------------------------------------------------------------------------------------------------------------------
Epoch:[100/100], CauAdvLoss:[1.6888/4.4772], valid:[55.83], test:[48.03]
--------------------------------------------------------------------------------------------------------------------------------------------------------------------------------------------------------
Update test:[50.53] at epoch:[72] | Total time:00:29:49
Train Iter:[0  /563], CauLoss:[3.3713], AdvLoss:[0.5445]
Train Iter:[140/563], CauLoss:[2.9399], AdvLoss:[0.6388]
Train Iter:[280/563], CauLoss:[2.6597], AdvLoss:[0.7213]
Train Iter:[420/563], CauLoss:[2.5228], AdvLoss:[0.7031]
Train Iter:[560/563], CauLoss:[2.4394], AdvLoss:[0.6746]
--------------------------------------------------------------------------------------------------------------------------------------------------------------------------------------------------------
Epoch:[1/100], CauAdvLoss:[2.4402/0.6737], valid:[49.00], test:[36.23]
--------------------------------------------------------------------------------------------------------------------------------------------------------------------------------------------------------
Train Iter:[0  /563], CauLoss:[2.1896], AdvLoss:[0.5763]
Train Iter:[140/563], CauLoss:[2.1112], AdvLoss:[0.7461]
Train Iter:[280/563], CauLoss:[2.1085], AdvLoss:[0.8617]
Train Iter:[420/563], CauLoss:[2.1055], AdvLoss:[0.8921]
Train Iter:[560/563], CauLoss:[2.0866], AdvLoss:[0.9517]
--------------------------------------------------------------------------------------------------------------------------------------------------------------------------------------------------------
Epoch:[2/100], CauAdvLoss:[2.0857/0.9517], valid:[58.03], test:[41.17]
--------------------------------------------------------------------------------------------------------------------------------------------------------------------------------------------------------
Train Iter:[0  /563], CauLoss:[1.6258], AdvLoss:[0.7771]
Train Iter:[140/563], CauLoss:[1.9820], AdvLoss:[1.1579]
Train Iter:[280/563], CauLoss:[2.0010], AdvLoss:[1.1317]
Train Iter:[420/563], CauLoss:[2.0034], AdvLoss:[1.1298]
Train Iter:[560/563], CauLoss:[2.0019], AdvLoss:[1.1188]
--------------------------------------------------------------------------------------------------------------------------------------------------------------------------------------------------------
Epoch:[3/100], CauAdvLoss:[2.0037/1.1189], valid:[48.83], test:[38.47]
--------------------------------------------------------------------------------------------------------------------------------------------------------------------------------------------------------
Train Iter:[0  /563], CauLoss:[1.9576], AdvLoss:[0.6915]
Train Iter:[140/563], CauLoss:[2.0280], AdvLoss:[1.0802]
Train Iter:[280/563], CauLoss:[2.0066], AdvLoss:[1.0179]
Train Iter:[420/563], CauLoss:[1.9921], AdvLoss:[1.0645]
Train Iter:[560/563], CauLoss:[1.9805], AdvLoss:[1.1283]
--------------------------------------------------------------------------------------------------------------------------------------------------------------------------------------------------------
Epoch:[4/100], CauAdvLoss:[1.9800/1.1280], valid:[58.13], test:[49.23]
--------------------------------------------------------------------------------------------------------------------------------------------------------------------------------------------------------
Train Iter:[0  /563], CauLoss:[1.5556], AdvLoss:[0.8077]
Train Iter:[140/563], CauLoss:[1.9973], AdvLoss:[1.1922]
Train Iter:[280/563], CauLoss:[1.9661], AdvLoss:[1.3333]
Train Iter:[420/563], CauLoss:[1.9753], AdvLoss:[1.3150]
Train Iter:[560/563], CauLoss:[1.9606], AdvLoss:[1.3148]
--------------------------------------------------------------------------------------------------------------------------------------------------------------------------------------------------------
Epoch:[5/100], CauAdvLoss:[1.9597/1.3160], valid:[61.20], test:[40.33]
--------------------------------------------------------------------------------------------------------------------------------------------------------------------------------------------------------
Train Iter:[0  /563], CauLoss:[2.2846], AdvLoss:[1.8454]
Train Iter:[140/563], CauLoss:[1.9253], AdvLoss:[1.2015]
Train Iter:[280/563], CauLoss:[1.9197], AdvLoss:[1.2776]
Train Iter:[420/563], CauLoss:[1.9424], AdvLoss:[1.2711]
Train Iter:[560/563], CauLoss:[1.9438], AdvLoss:[1.3245]
--------------------------------------------------------------------------------------------------------------------------------------------------------------------------------------------------------
Epoch:[6/100], CauAdvLoss:[1.9427/1.3235], valid:[70.53], test:[56.43]
--------------------------------------------------------------------------------------------------------------------------------------------------------------------------------------------------------
Train Iter:[0  /563], CauLoss:[1.8338], AdvLoss:[1.4120]
Train Iter:[140/563], CauLoss:[1.9230], AdvLoss:[1.2968]
Train Iter:[280/563], CauLoss:[1.9511], AdvLoss:[1.2875]
Train Iter:[420/563], CauLoss:[1.9406], AdvLoss:[1.4449]
Train Iter:[560/563], CauLoss:[1.9281], AdvLoss:[1.5027]
--------------------------------------------------------------------------------------------------------------------------------------------------------------------------------------------------------
Epoch:[7/100], CauAdvLoss:[1.9286/1.5027], valid:[70.00], test:[51.53]
--------------------------------------------------------------------------------------------------------------------------------------------------------------------------------------------------------
Train Iter:[0  /563], CauLoss:[2.4678], AdvLoss:[1.3298]
Train Iter:[140/563], CauLoss:[1.9271], AdvLoss:[1.6706]
Train Iter:[280/563], CauLoss:[1.9191], AdvLoss:[1.4767]
Train Iter:[420/563], CauLoss:[1.9263], AdvLoss:[1.4587]
Train Iter:[560/563], CauLoss:[1.9199], AdvLoss:[1.4957]
--------------------------------------------------------------------------------------------------------------------------------------------------------------------------------------------------------
Epoch:[8/100], CauAdvLoss:[1.9193/1.4964], valid:[55.63], test:[33.37]
--------------------------------------------------------------------------------------------------------------------------------------------------------------------------------------------------------
Train Iter:[0  /563], CauLoss:[1.7658], AdvLoss:[2.1413]
Train Iter:[140/563], CauLoss:[1.9293], AdvLoss:[1.3755]
Train Iter:[280/563], CauLoss:[1.9009], AdvLoss:[1.4473]
Train Iter:[420/563], CauLoss:[1.9131], AdvLoss:[1.5476]
Train Iter:[560/563], CauLoss:[1.9144], AdvLoss:[1.5613]
--------------------------------------------------------------------------------------------------------------------------------------------------------------------------------------------------------
Epoch:[9/100], CauAdvLoss:[1.9153/1.5617], valid:[73.33], test:[48.27]
--------------------------------------------------------------------------------------------------------------------------------------------------------------------------------------------------------
Train Iter:[0  /563], CauLoss:[2.2084], AdvLoss:[1.4893]
Train Iter:[140/563], CauLoss:[1.9264], AdvLoss:[1.7415]
Train Iter:[280/563], CauLoss:[1.9022], AdvLoss:[1.7247]
Train Iter:[420/563], CauLoss:[1.9063], AdvLoss:[1.6806]
Train Iter:[560/563], CauLoss:[1.9037], AdvLoss:[1.6872]
--------------------------------------------------------------------------------------------------------------------------------------------------------------------------------------------------------
Epoch:[10/100], CauAdvLoss:[1.9039/1.6884], valid:[58.77], test:[45.83]
--------------------------------------------------------------------------------------------------------------------------------------------------------------------------------------------------------
Train Iter:[0  /563], CauLoss:[1.3664], AdvLoss:[1.4272]
Train Iter:[140/563], CauLoss:[1.8879], AdvLoss:[1.8517]
Train Iter:[280/563], CauLoss:[1.8798], AdvLoss:[1.8136]
Train Iter:[420/563], CauLoss:[1.8948], AdvLoss:[1.7471]
Train Iter:[560/563], CauLoss:[1.8743], AdvLoss:[1.7645]
--------------------------------------------------------------------------------------------------------------------------------------------------------------------------------------------------------
Epoch:[11/100], CauAdvLoss:[1.8757/1.7645], valid:[61.03], test:[33.53]
--------------------------------------------------------------------------------------------------------------------------------------------------------------------------------------------------------
Train Iter:[0  /563], CauLoss:[2.6556], AdvLoss:[2.2463]
Train Iter:[140/563], CauLoss:[1.8536], AdvLoss:[1.7415]
Train Iter:[280/563], CauLoss:[1.8675], AdvLoss:[1.6837]
Train Iter:[420/563], CauLoss:[1.8655], AdvLoss:[1.7266]
Train Iter:[560/563], CauLoss:[1.8626], AdvLoss:[1.7695]
--------------------------------------------------------------------------------------------------------------------------------------------------------------------------------------------------------
Epoch:[12/100], CauAdvLoss:[1.8625/1.7672], valid:[55.43], test:[32.93]
--------------------------------------------------------------------------------------------------------------------------------------------------------------------------------------------------------
Train Iter:[0  /563], CauLoss:[1.2935], AdvLoss:[0.9828]
Train Iter:[140/563], CauLoss:[1.8541], AdvLoss:[1.5859]
Train Iter:[280/563], CauLoss:[1.8775], AdvLoss:[1.6515]
Train Iter:[420/563], CauLoss:[1.8725], AdvLoss:[1.6789]
Train Iter:[560/563], CauLoss:[1.8741], AdvLoss:[1.6700]
--------------------------------------------------------------------------------------------------------------------------------------------------------------------------------------------------------
Epoch:[13/100], CauAdvLoss:[1.8750/1.6697], valid:[54.83], test:[37.30]
--------------------------------------------------------------------------------------------------------------------------------------------------------------------------------------------------------
Train Iter:[0  /563], CauLoss:[1.6132], AdvLoss:[1.5203]
Train Iter:[140/563], CauLoss:[1.8595], AdvLoss:[1.7888]
Train Iter:[280/563], CauLoss:[1.8411], AdvLoss:[1.8371]
Train Iter:[420/563], CauLoss:[1.8535], AdvLoss:[1.8521]
Train Iter:[560/563], CauLoss:[1.8471], AdvLoss:[1.8364]
--------------------------------------------------------------------------------------------------------------------------------------------------------------------------------------------------------
Epoch:[14/100], CauAdvLoss:[1.8462/1.8357], valid:[44.73], test:[32.93]
--------------------------------------------------------------------------------------------------------------------------------------------------------------------------------------------------------
Train Iter:[0  /563], CauLoss:[1.7164], AdvLoss:[2.1742]
Train Iter:[140/563], CauLoss:[1.8953], AdvLoss:[1.9132]
Train Iter:[280/563], CauLoss:[1.8522], AdvLoss:[1.9957]
Train Iter:[420/563], CauLoss:[1.8488], AdvLoss:[1.9873]
Train Iter:[560/563], CauLoss:[1.8509], AdvLoss:[1.9509]
--------------------------------------------------------------------------------------------------------------------------------------------------------------------------------------------------------
Epoch:[15/100], CauAdvLoss:[1.8504/1.9511], valid:[61.10], test:[37.90]
--------------------------------------------------------------------------------------------------------------------------------------------------------------------------------------------------------
Train Iter:[0  /563], CauLoss:[1.4546], AdvLoss:[2.3731]
Train Iter:[140/563], CauLoss:[1.8412], AdvLoss:[1.9005]
Train Iter:[280/563], CauLoss:[1.8391], AdvLoss:[1.9005]
Train Iter:[420/563], CauLoss:[1.8291], AdvLoss:[1.9290]
Train Iter:[560/563], CauLoss:[1.8357], AdvLoss:[1.9165]
--------------------------------------------------------------------------------------------------------------------------------------------------------------------------------------------------------
Epoch:[16/100], CauAdvLoss:[1.8348/1.9162], valid:[53.00], test:[32.93]
--------------------------------------------------------------------------------------------------------------------------------------------------------------------------------------------------------
Train Iter:[0  /563], CauLoss:[1.5108], AdvLoss:[0.9478]
Train Iter:[140/563], CauLoss:[1.8030], AdvLoss:[1.9187]
Train Iter:[280/563], CauLoss:[1.8304], AdvLoss:[1.8617]
Train Iter:[420/563], CauLoss:[1.8152], AdvLoss:[1.8488]
Train Iter:[560/563], CauLoss:[1.8249], AdvLoss:[1.8552]
--------------------------------------------------------------------------------------------------------------------------------------------------------------------------------------------------------
Epoch:[17/100], CauAdvLoss:[1.8245/1.8561], valid:[57.93], test:[42.70]
--------------------------------------------------------------------------------------------------------------------------------------------------------------------------------------------------------
Train Iter:[0  /563], CauLoss:[1.3085], AdvLoss:[2.2944]
Train Iter:[140/563], CauLoss:[1.8447], AdvLoss:[1.7527]
Train Iter:[280/563], CauLoss:[1.8320], AdvLoss:[1.7908]
Train Iter:[420/563], CauLoss:[1.8145], AdvLoss:[1.8643]
Train Iter:[560/563], CauLoss:[1.8215], AdvLoss:[1.8311]
--------------------------------------------------------------------------------------------------------------------------------------------------------------------------------------------------------
Epoch:[18/100], CauAdvLoss:[1.8213/1.8331], valid:[54.03], test:[36.47]
--------------------------------------------------------------------------------------------------------------------------------------------------------------------------------------------------------
Train Iter:[0  /563], CauLoss:[1.7504], AdvLoss:[1.6821]
Train Iter:[140/563], CauLoss:[1.8187], AdvLoss:[1.9401]
Train Iter:[280/563], CauLoss:[1.8147], AdvLoss:[1.9173]
Train Iter:[420/563], CauLoss:[1.8179], AdvLoss:[1.8978]
Train Iter:[560/563], CauLoss:[1.8148], AdvLoss:[1.8852]
--------------------------------------------------------------------------------------------------------------------------------------------------------------------------------------------------------
Epoch:[19/100], CauAdvLoss:[1.8157/1.8844], valid:[60.83], test:[36.87]
--------------------------------------------------------------------------------------------------------------------------------------------------------------------------------------------------------
Train Iter:[0  /563], CauLoss:[1.4839], AdvLoss:[1.3817]
Train Iter:[140/563], CauLoss:[1.8583], AdvLoss:[1.9515]
Train Iter:[280/563], CauLoss:[1.8235], AdvLoss:[1.9753]
Train Iter:[420/563], CauLoss:[1.8244], AdvLoss:[1.9359]
Train Iter:[560/563], CauLoss:[1.8169], AdvLoss:[1.8764]
--------------------------------------------------------------------------------------------------------------------------------------------------------------------------------------------------------
Epoch:[20/100], CauAdvLoss:[1.8165/1.8765], valid:[58.00], test:[38.07]
--------------------------------------------------------------------------------------------------------------------------------------------------------------------------------------------------------
Train Iter:[0  /563], CauLoss:[1.3180], AdvLoss:[2.3175]
Train Iter:[140/563], CauLoss:[1.8028], AdvLoss:[1.7708]
Train Iter:[280/563], CauLoss:[1.8050], AdvLoss:[1.8323]
Train Iter:[420/563], CauLoss:[1.7884], AdvLoss:[1.8293]
Train Iter:[560/563], CauLoss:[1.7948], AdvLoss:[1.8759]
--------------------------------------------------------------------------------------------------------------------------------------------------------------------------------------------------------
Epoch:[21/100], CauAdvLoss:[1.7961/1.8762], valid:[61.97], test:[41.13]
--------------------------------------------------------------------------------------------------------------------------------------------------------------------------------------------------------
Train Iter:[0  /563], CauLoss:[2.3698], AdvLoss:[0.9925]
Train Iter:[140/563], CauLoss:[1.7885], AdvLoss:[1.9298]
Train Iter:[280/563], CauLoss:[1.7844], AdvLoss:[1.9928]
Train Iter:[420/563], CauLoss:[1.7994], AdvLoss:[1.9866]
Train Iter:[560/563], CauLoss:[1.8032], AdvLoss:[1.9880]
--------------------------------------------------------------------------------------------------------------------------------------------------------------------------------------------------------
Epoch:[22/100], CauAdvLoss:[1.8029/1.9882], valid:[67.73], test:[38.20]
--------------------------------------------------------------------------------------------------------------------------------------------------------------------------------------------------------
Train Iter:[0  /563], CauLoss:[2.5772], AdvLoss:[1.9083]
Train Iter:[140/563], CauLoss:[1.8178], AdvLoss:[1.9701]
Train Iter:[280/563], CauLoss:[1.8033], AdvLoss:[1.9357]
Train Iter:[420/563], CauLoss:[1.8063], AdvLoss:[1.9310]
Train Iter:[560/563], CauLoss:[1.7970], AdvLoss:[1.9159]
--------------------------------------------------------------------------------------------------------------------------------------------------------------------------------------------------------
Epoch:[23/100], CauAdvLoss:[1.7964/1.9178], valid:[53.50], test:[36.00]
--------------------------------------------------------------------------------------------------------------------------------------------------------------------------------------------------------
Train Iter:[0  /563], CauLoss:[1.7691], AdvLoss:[1.9619]
Train Iter:[140/563], CauLoss:[1.7840], AdvLoss:[1.8171]
Train Iter:[280/563], CauLoss:[1.7890], AdvLoss:[1.6945]
Train Iter:[420/563], CauLoss:[1.7808], AdvLoss:[1.7057]
Train Iter:[560/563], CauLoss:[1.7927], AdvLoss:[1.7025]
--------------------------------------------------------------------------------------------------------------------------------------------------------------------------------------------------------
Epoch:[24/100], CauAdvLoss:[1.7922/1.7040], valid:[66.03], test:[50.00]
--------------------------------------------------------------------------------------------------------------------------------------------------------------------------------------------------------
Train Iter:[0  /563], CauLoss:[2.0341], AdvLoss:[1.6372]
Train Iter:[140/563], CauLoss:[1.8518], AdvLoss:[1.8531]
Train Iter:[280/563], CauLoss:[1.8016], AdvLoss:[1.8290]
Train Iter:[420/563], CauLoss:[1.7870], AdvLoss:[1.8168]
Train Iter:[560/563], CauLoss:[1.7869], AdvLoss:[1.8100]
--------------------------------------------------------------------------------------------------------------------------------------------------------------------------------------------------------
Epoch:[25/100], CauAdvLoss:[1.7886/1.8092], valid:[71.50], test:[41.20]
--------------------------------------------------------------------------------------------------------------------------------------------------------------------------------------------------------
Train Iter:[0  /563], CauLoss:[1.9130], AdvLoss:[1.1119]
Train Iter:[140/563], CauLoss:[1.8009], AdvLoss:[1.7050]
Train Iter:[280/563], CauLoss:[1.7840], AdvLoss:[1.6875]
Train Iter:[420/563], CauLoss:[1.7808], AdvLoss:[1.7650]
Train Iter:[560/563], CauLoss:[1.7884], AdvLoss:[1.7431]
--------------------------------------------------------------------------------------------------------------------------------------------------------------------------------------------------------
Epoch:[26/100], CauAdvLoss:[1.7881/1.7421], valid:[75.13], test:[33.73]
--------------------------------------------------------------------------------------------------------------------------------------------------------------------------------------------------------
Train Iter:[0  /563], CauLoss:[1.9964], AdvLoss:[1.5821]
Train Iter:[140/563], CauLoss:[1.7937], AdvLoss:[1.8117]
Train Iter:[280/563], CauLoss:[1.7913], AdvLoss:[1.7882]
Train Iter:[420/563], CauLoss:[1.7985], AdvLoss:[1.7776]
Train Iter:[560/563], CauLoss:[1.7901], AdvLoss:[1.8256]
--------------------------------------------------------------------------------------------------------------------------------------------------------------------------------------------------------
Epoch:[27/100], CauAdvLoss:[1.7898/1.8250], valid:[58.00], test:[40.37]
--------------------------------------------------------------------------------------------------------------------------------------------------------------------------------------------------------
Train Iter:[0  /563], CauLoss:[1.4745], AdvLoss:[2.0438]
Train Iter:[140/563], CauLoss:[1.7708], AdvLoss:[1.8026]
Train Iter:[280/563], CauLoss:[1.7614], AdvLoss:[1.8313]
Train Iter:[420/563], CauLoss:[1.7770], AdvLoss:[1.8161]
Train Iter:[560/563], CauLoss:[1.7743], AdvLoss:[1.8181]
--------------------------------------------------------------------------------------------------------------------------------------------------------------------------------------------------------
Epoch:[28/100], CauAdvLoss:[1.7745/1.8192], valid:[69.07], test:[51.90]
--------------------------------------------------------------------------------------------------------------------------------------------------------------------------------------------------------
Train Iter:[0  /563], CauLoss:[1.4049], AdvLoss:[1.6711]
Train Iter:[140/563], CauLoss:[1.7141], AdvLoss:[1.7000]
Train Iter:[280/563], CauLoss:[1.7645], AdvLoss:[1.7424]
Train Iter:[420/563], CauLoss:[1.7773], AdvLoss:[1.7698]
Train Iter:[560/563], CauLoss:[1.7796], AdvLoss:[1.7918]
--------------------------------------------------------------------------------------------------------------------------------------------------------------------------------------------------------
Epoch:[29/100], CauAdvLoss:[1.7820/1.7905], valid:[73.07], test:[38.07]
--------------------------------------------------------------------------------------------------------------------------------------------------------------------------------------------------------
Train Iter:[0  /563], CauLoss:[1.7614], AdvLoss:[1.5398]
Train Iter:[140/563], CauLoss:[1.7694], AdvLoss:[1.7208]
Train Iter:[280/563], CauLoss:[1.7471], AdvLoss:[1.8435]
Train Iter:[420/563], CauLoss:[1.7556], AdvLoss:[1.8807]
Train Iter:[560/563], CauLoss:[1.7718], AdvLoss:[1.8597]
--------------------------------------------------------------------------------------------------------------------------------------------------------------------------------------------------------
Epoch:[30/100], CauAdvLoss:[1.7706/1.8592], valid:[80.90], test:[42.07]
--------------------------------------------------------------------------------------------------------------------------------------------------------------------------------------------------------
Train Iter:[0  /563], CauLoss:[2.1197], AdvLoss:[1.6992]
Train Iter:[140/563], CauLoss:[1.7604], AdvLoss:[1.7269]
Train Iter:[280/563], CauLoss:[1.7624], AdvLoss:[1.7114]
Train Iter:[420/563], CauLoss:[1.7706], AdvLoss:[1.7308]
Train Iter:[560/563], CauLoss:[1.7664], AdvLoss:[1.7725]
--------------------------------------------------------------------------------------------------------------------------------------------------------------------------------------------------------
Epoch:[31/100], CauAdvLoss:[1.7657/1.7750], valid:[62.53], test:[46.00]
--------------------------------------------------------------------------------------------------------------------------------------------------------------------------------------------------------
Train Iter:[0  /563], CauLoss:[2.4305], AdvLoss:[2.5548]
Train Iter:[140/563], CauLoss:[1.7540], AdvLoss:[1.9886]
Train Iter:[280/563], CauLoss:[1.7538], AdvLoss:[1.9034]
Train Iter:[420/563], CauLoss:[1.7651], AdvLoss:[1.8817]
Train Iter:[560/563], CauLoss:[1.7698], AdvLoss:[1.8430]
--------------------------------------------------------------------------------------------------------------------------------------------------------------------------------------------------------
Epoch:[32/100], CauAdvLoss:[1.7700/1.8435], valid:[67.60], test:[38.23]
--------------------------------------------------------------------------------------------------------------------------------------------------------------------------------------------------------
Train Iter:[0  /563], CauLoss:[1.5455], AdvLoss:[1.8602]
Train Iter:[140/563], CauLoss:[1.7794], AdvLoss:[1.8265]
Train Iter:[280/563], CauLoss:[1.7737], AdvLoss:[1.8300]
Train Iter:[420/563], CauLoss:[1.7733], AdvLoss:[1.8003]
Train Iter:[560/563], CauLoss:[1.7717], AdvLoss:[1.8145]
--------------------------------------------------------------------------------------------------------------------------------------------------------------------------------------------------------
Epoch:[33/100], CauAdvLoss:[1.7711/1.8123], valid:[51.37], test:[34.93]
--------------------------------------------------------------------------------------------------------------------------------------------------------------------------------------------------------
Train Iter:[0  /563], CauLoss:[2.5125], AdvLoss:[1.6915]
Train Iter:[140/563], CauLoss:[1.7922], AdvLoss:[1.7660]
Train Iter:[280/563], CauLoss:[1.7927], AdvLoss:[1.8982]
Train Iter:[420/563], CauLoss:[1.7815], AdvLoss:[1.9199]
Train Iter:[560/563], CauLoss:[1.7651], AdvLoss:[1.9027]
--------------------------------------------------------------------------------------------------------------------------------------------------------------------------------------------------------
Epoch:[34/100], CauAdvLoss:[1.7658/1.9040], valid:[66.57], test:[48.63]
--------------------------------------------------------------------------------------------------------------------------------------------------------------------------------------------------------
Train Iter:[0  /563], CauLoss:[1.2303], AdvLoss:[2.5659]
Train Iter:[140/563], CauLoss:[1.7613], AdvLoss:[2.1416]
Train Iter:[280/563], CauLoss:[1.7418], AdvLoss:[2.1143]
Train Iter:[420/563], CauLoss:[1.7600], AdvLoss:[2.0956]
Train Iter:[560/563], CauLoss:[1.7705], AdvLoss:[2.0292]
--------------------------------------------------------------------------------------------------------------------------------------------------------------------------------------------------------
Epoch:[35/100], CauAdvLoss:[1.7706/2.0280], valid:[53.47], test:[43.67]
--------------------------------------------------------------------------------------------------------------------------------------------------------------------------------------------------------
Train Iter:[0  /563], CauLoss:[2.6788], AdvLoss:[1.5733]
Train Iter:[140/563], CauLoss:[1.7546], AdvLoss:[1.9146]
Train Iter:[280/563], CauLoss:[1.7418], AdvLoss:[1.9054]
Train Iter:[420/563], CauLoss:[1.7636], AdvLoss:[1.9415]
Train Iter:[560/563], CauLoss:[1.7602], AdvLoss:[1.9359]
--------------------------------------------------------------------------------------------------------------------------------------------------------------------------------------------------------
Epoch:[36/100], CauAdvLoss:[1.7613/1.9355], valid:[77.33], test:[46.57]
--------------------------------------------------------------------------------------------------------------------------------------------------------------------------------------------------------
Train Iter:[0  /563], CauLoss:[1.6381], AdvLoss:[1.8856]
Train Iter:[140/563], CauLoss:[1.7594], AdvLoss:[1.8677]
Train Iter:[280/563], CauLoss:[1.7577], AdvLoss:[1.8758]
Train Iter:[420/563], CauLoss:[1.7520], AdvLoss:[1.8375]
Train Iter:[560/563], CauLoss:[1.7549], AdvLoss:[1.8240]
--------------------------------------------------------------------------------------------------------------------------------------------------------------------------------------------------------
Epoch:[37/100], CauAdvLoss:[1.7545/1.8230], valid:[74.00], test:[50.70]
--------------------------------------------------------------------------------------------------------------------------------------------------------------------------------------------------------
Train Iter:[0  /563], CauLoss:[1.7060], AdvLoss:[1.9682]
Train Iter:[140/563], CauLoss:[1.7514], AdvLoss:[1.6054]
Train Iter:[280/563], CauLoss:[1.7555], AdvLoss:[1.7784]
Train Iter:[420/563], CauLoss:[1.7632], AdvLoss:[1.7889]
Train Iter:[560/563], CauLoss:[1.7609], AdvLoss:[1.8291]
--------------------------------------------------------------------------------------------------------------------------------------------------------------------------------------------------------
Epoch:[38/100], CauAdvLoss:[1.7607/1.8286], valid:[70.77], test:[47.67]
--------------------------------------------------------------------------------------------------------------------------------------------------------------------------------------------------------
Train Iter:[0  /563], CauLoss:[1.4806], AdvLoss:[1.5062]
Train Iter:[140/563], CauLoss:[1.7856], AdvLoss:[1.9052]
Train Iter:[280/563], CauLoss:[1.7691], AdvLoss:[1.9788]
Train Iter:[420/563], CauLoss:[1.7664], AdvLoss:[1.9004]
Train Iter:[560/563], CauLoss:[1.7628], AdvLoss:[1.8532]
--------------------------------------------------------------------------------------------------------------------------------------------------------------------------------------------------------
Epoch:[39/100], CauAdvLoss:[1.7629/1.8524], valid:[71.77], test:[37.83]
--------------------------------------------------------------------------------------------------------------------------------------------------------------------------------------------------------
Train Iter:[0  /563], CauLoss:[1.8245], AdvLoss:[1.4333]
Train Iter:[140/563], CauLoss:[1.7474], AdvLoss:[1.5814]
Train Iter:[280/563], CauLoss:[1.7482], AdvLoss:[1.5551]
Train Iter:[420/563], CauLoss:[1.7511], AdvLoss:[1.5534]
Train Iter:[560/563], CauLoss:[1.7537], AdvLoss:[1.5667]
--------------------------------------------------------------------------------------------------------------------------------------------------------------------------------------------------------
Epoch:[40/100], CauAdvLoss:[1.7552/1.5662], valid:[59.93], test:[52.67]
--------------------------------------------------------------------------------------------------------------------------------------------------------------------------------------------------------
Train Iter:[0  /563], CauLoss:[1.6459], AdvLoss:[1.8957]
Train Iter:[140/563], CauLoss:[1.7697], AdvLoss:[1.5756]
Train Iter:[280/563], CauLoss:[1.7498], AdvLoss:[1.6767]
Train Iter:[420/563], CauLoss:[1.7546], AdvLoss:[1.6857]
Train Iter:[560/563], CauLoss:[1.7519], AdvLoss:[1.6784]
--------------------------------------------------------------------------------------------------------------------------------------------------------------------------------------------------------
Epoch:[41/100], CauAdvLoss:[1.7540/1.6787], valid:[61.70], test:[39.23]
--------------------------------------------------------------------------------------------------------------------------------------------------------------------------------------------------------
Train Iter:[0  /563], CauLoss:[2.1136], AdvLoss:[1.4999]
Train Iter:[140/563], CauLoss:[1.7475], AdvLoss:[1.7491]
Train Iter:[280/563], CauLoss:[1.7612], AdvLoss:[1.7745]
Train Iter:[420/563], CauLoss:[1.7499], AdvLoss:[1.8566]
Train Iter:[560/563], CauLoss:[1.7529], AdvLoss:[1.8787]
--------------------------------------------------------------------------------------------------------------------------------------------------------------------------------------------------------
Epoch:[42/100], CauAdvLoss:[1.7528/1.8787], valid:[75.77], test:[54.80]
--------------------------------------------------------------------------------------------------------------------------------------------------------------------------------------------------------
Train Iter:[0  /563], CauLoss:[1.5457], AdvLoss:[2.1612]
Train Iter:[140/563], CauLoss:[1.7814], AdvLoss:[2.0431]
Train Iter:[280/563], CauLoss:[1.7870], AdvLoss:[1.9362]
Train Iter:[420/563], CauLoss:[1.7584], AdvLoss:[1.9886]
Train Iter:[560/563], CauLoss:[1.7450], AdvLoss:[1.9161]
--------------------------------------------------------------------------------------------------------------------------------------------------------------------------------------------------------
Epoch:[43/100], CauAdvLoss:[1.7470/1.9163], valid:[68.47], test:[50.77]
--------------------------------------------------------------------------------------------------------------------------------------------------------------------------------------------------------
Train Iter:[0  /563], CauLoss:[1.5859], AdvLoss:[2.5352]
Train Iter:[140/563], CauLoss:[1.7617], AdvLoss:[1.7432]
Train Iter:[280/563], CauLoss:[1.7597], AdvLoss:[1.6970]
Train Iter:[420/563], CauLoss:[1.7660], AdvLoss:[1.6471]
Train Iter:[560/563], CauLoss:[1.7453], AdvLoss:[1.6708]
--------------------------------------------------------------------------------------------------------------------------------------------------------------------------------------------------------
Epoch:[44/100], CauAdvLoss:[1.7441/1.6704], valid:[58.23], test:[49.07]
--------------------------------------------------------------------------------------------------------------------------------------------------------------------------------------------------------
Train Iter:[0  /563], CauLoss:[1.7817], AdvLoss:[2.0504]
Train Iter:[140/563], CauLoss:[1.7373], AdvLoss:[1.6323]
Train Iter:[280/563], CauLoss:[1.7396], AdvLoss:[1.6245]
Train Iter:[420/563], CauLoss:[1.7373], AdvLoss:[1.6209]
Train Iter:[560/563], CauLoss:[1.7432], AdvLoss:[1.5903]
--------------------------------------------------------------------------------------------------------------------------------------------------------------------------------------------------------
Epoch:[45/100], CauAdvLoss:[1.7432/1.5904], valid:[77.73], test:[53.50]
--------------------------------------------------------------------------------------------------------------------------------------------------------------------------------------------------------
Train Iter:[0  /563], CauLoss:[1.6644], AdvLoss:[1.7921]
Train Iter:[140/563], CauLoss:[1.7935], AdvLoss:[1.8593]
Train Iter:[280/563], CauLoss:[1.7550], AdvLoss:[1.8303]
Train Iter:[420/563], CauLoss:[1.7542], AdvLoss:[1.7452]
Train Iter:[560/563], CauLoss:[1.7520], AdvLoss:[1.7008]
--------------------------------------------------------------------------------------------------------------------------------------------------------------------------------------------------------
Epoch:[46/100], CauAdvLoss:[1.7517/1.7008], valid:[55.30], test:[37.63]
--------------------------------------------------------------------------------------------------------------------------------------------------------------------------------------------------------
Train Iter:[0  /563], CauLoss:[2.1962], AdvLoss:[1.2326]
Train Iter:[140/563], CauLoss:[1.7482], AdvLoss:[1.6513]
Train Iter:[280/563], CauLoss:[1.7322], AdvLoss:[1.7008]
Train Iter:[420/563], CauLoss:[1.7453], AdvLoss:[1.7508]
Train Iter:[560/563], CauLoss:[1.7431], AdvLoss:[1.7290]
--------------------------------------------------------------------------------------------------------------------------------------------------------------------------------------------------------
Epoch:[47/100], CauAdvLoss:[1.7435/1.7283], valid:[72.80], test:[47.67]
--------------------------------------------------------------------------------------------------------------------------------------------------------------------------------------------------------
Train Iter:[0  /563], CauLoss:[1.5398], AdvLoss:[1.5905]
Train Iter:[140/563], CauLoss:[1.7248], AdvLoss:[1.7416]
Train Iter:[280/563], CauLoss:[1.7439], AdvLoss:[1.7169]
Train Iter:[420/563], CauLoss:[1.7342], AdvLoss:[1.7249]
Train Iter:[560/563], CauLoss:[1.7433], AdvLoss:[1.7289]
--------------------------------------------------------------------------------------------------------------------------------------------------------------------------------------------------------
Epoch:[48/100], CauAdvLoss:[1.7431/1.7300], valid:[78.30], test:[41.50]
--------------------------------------------------------------------------------------------------------------------------------------------------------------------------------------------------------
Train Iter:[0  /563], CauLoss:[2.1527], AdvLoss:[1.4669]
Train Iter:[140/563], CauLoss:[1.7550], AdvLoss:[1.6135]
Train Iter:[280/563], CauLoss:[1.7344], AdvLoss:[1.6300]
Train Iter:[420/563], CauLoss:[1.7378], AdvLoss:[1.6644]
Train Iter:[560/563], CauLoss:[1.7337], AdvLoss:[1.6901]
--------------------------------------------------------------------------------------------------------------------------------------------------------------------------------------------------------
Epoch:[49/100], CauAdvLoss:[1.7350/1.6912], valid:[66.73], test:[43.83]
--------------------------------------------------------------------------------------------------------------------------------------------------------------------------------------------------------
Train Iter:[0  /563], CauLoss:[1.4389], AdvLoss:[1.5796]
Train Iter:[140/563], CauLoss:[1.7299], AdvLoss:[1.7578]
Train Iter:[280/563], CauLoss:[1.7215], AdvLoss:[1.7525]
Train Iter:[420/563], CauLoss:[1.7360], AdvLoss:[1.7947]
Train Iter:[560/563], CauLoss:[1.7389], AdvLoss:[1.8034]
--------------------------------------------------------------------------------------------------------------------------------------------------------------------------------------------------------
Epoch:[50/100], CauAdvLoss:[1.7402/1.8037], valid:[61.90], test:[42.30]
--------------------------------------------------------------------------------------------------------------------------------------------------------------------------------------------------------
Train Iter:[0  /563], CauLoss:[1.4144], AdvLoss:[1.8713]
Train Iter:[140/563], CauLoss:[1.7118], AdvLoss:[1.8620]
Train Iter:[280/563], CauLoss:[1.7196], AdvLoss:[1.8730]
Train Iter:[420/563], CauLoss:[1.7450], AdvLoss:[1.9280]
Train Iter:[560/563], CauLoss:[1.7281], AdvLoss:[1.8970]
--------------------------------------------------------------------------------------------------------------------------------------------------------------------------------------------------------
Epoch:[51/100], CauAdvLoss:[1.7284/1.8962], valid:[74.73], test:[43.00]
--------------------------------------------------------------------------------------------------------------------------------------------------------------------------------------------------------
Train Iter:[0  /563], CauLoss:[1.8250], AdvLoss:[1.5763]
Train Iter:[140/563], CauLoss:[1.7426], AdvLoss:[1.5974]
Train Iter:[280/563], CauLoss:[1.7267], AdvLoss:[1.6317]
Train Iter:[420/563], CauLoss:[1.7247], AdvLoss:[1.6415]
Train Iter:[560/563], CauLoss:[1.7299], AdvLoss:[1.6878]
--------------------------------------------------------------------------------------------------------------------------------------------------------------------------------------------------------
Epoch:[52/100], CauAdvLoss:[1.7311/1.6883], valid:[80.77], test:[61.90]
--------------------------------------------------------------------------------------------------------------------------------------------------------------------------------------------------------
Train Iter:[0  /563], CauLoss:[1.8490], AdvLoss:[1.7709]
Train Iter:[140/563], CauLoss:[1.7056], AdvLoss:[1.5731]
Train Iter:[280/563], CauLoss:[1.7004], AdvLoss:[1.6477]
Train Iter:[420/563], CauLoss:[1.7330], AdvLoss:[1.6883]
Train Iter:[560/563], CauLoss:[1.7249], AdvLoss:[1.7613]
--------------------------------------------------------------------------------------------------------------------------------------------------------------------------------------------------------
Epoch:[53/100], CauAdvLoss:[1.7252/1.7623], valid:[72.33], test:[50.77]
--------------------------------------------------------------------------------------------------------------------------------------------------------------------------------------------------------
Train Iter:[0  /563], CauLoss:[1.6976], AdvLoss:[2.1130]
Train Iter:[140/563], CauLoss:[1.6962], AdvLoss:[2.0010]
Train Iter:[280/563], CauLoss:[1.7136], AdvLoss:[2.0259]
Train Iter:[420/563], CauLoss:[1.7231], AdvLoss:[1.9725]
Train Iter:[560/563], CauLoss:[1.7315], AdvLoss:[1.9074]
--------------------------------------------------------------------------------------------------------------------------------------------------------------------------------------------------------
Epoch:[54/100], CauAdvLoss:[1.7304/1.9061], valid:[71.27], test:[51.57]
--------------------------------------------------------------------------------------------------------------------------------------------------------------------------------------------------------
Train Iter:[0  /563], CauLoss:[1.4209], AdvLoss:[1.4687]
Train Iter:[140/563], CauLoss:[1.7075], AdvLoss:[1.9325]
Train Iter:[280/563], CauLoss:[1.6994], AdvLoss:[1.8981]
Train Iter:[420/563], CauLoss:[1.7301], AdvLoss:[1.8776]
Train Iter:[560/563], CauLoss:[1.7325], AdvLoss:[1.8727]
--------------------------------------------------------------------------------------------------------------------------------------------------------------------------------------------------------
Epoch:[55/100], CauAdvLoss:[1.7312/1.8722], valid:[70.70], test:[41.90]
--------------------------------------------------------------------------------------------------------------------------------------------------------------------------------------------------------
Train Iter:[0  /563], CauLoss:[1.8441], AdvLoss:[1.9565]
Train Iter:[140/563], CauLoss:[1.6923], AdvLoss:[1.8795]
Train Iter:[280/563], CauLoss:[1.7342], AdvLoss:[1.9348]
Train Iter:[420/563], CauLoss:[1.7208], AdvLoss:[1.8843]
Train Iter:[560/563], CauLoss:[1.7227], AdvLoss:[1.8857]
--------------------------------------------------------------------------------------------------------------------------------------------------------------------------------------------------------
Epoch:[56/100], CauAdvLoss:[1.7236/1.8855], valid:[77.40], test:[36.27]
--------------------------------------------------------------------------------------------------------------------------------------------------------------------------------------------------------
Train Iter:[0  /563], CauLoss:[1.3829], AdvLoss:[1.3973]
Train Iter:[140/563], CauLoss:[1.7362], AdvLoss:[1.9052]
Train Iter:[280/563], CauLoss:[1.7221], AdvLoss:[1.8460]
Train Iter:[420/563], CauLoss:[1.7373], AdvLoss:[1.8207]
Train Iter:[560/563], CauLoss:[1.7265], AdvLoss:[1.8443]
--------------------------------------------------------------------------------------------------------------------------------------------------------------------------------------------------------
Epoch:[57/100], CauAdvLoss:[1.7273/1.8425], valid:[77.63], test:[53.27]
--------------------------------------------------------------------------------------------------------------------------------------------------------------------------------------------------------
Train Iter:[0  /563], CauLoss:[1.6052], AdvLoss:[2.1030]
Train Iter:[140/563], CauLoss:[1.6848], AdvLoss:[1.6407]
Train Iter:[280/563], CauLoss:[1.7210], AdvLoss:[1.6009]
Train Iter:[420/563], CauLoss:[1.7239], AdvLoss:[1.6542]
Train Iter:[560/563], CauLoss:[1.7263], AdvLoss:[1.7106]
--------------------------------------------------------------------------------------------------------------------------------------------------------------------------------------------------------
Epoch:[58/100], CauAdvLoss:[1.7256/1.7103], valid:[80.23], test:[51.27]
--------------------------------------------------------------------------------------------------------------------------------------------------------------------------------------------------------
Train Iter:[0  /563], CauLoss:[2.1098], AdvLoss:[1.5813]
Train Iter:[140/563], CauLoss:[1.7159], AdvLoss:[1.7626]
Train Iter:[280/563], CauLoss:[1.7076], AdvLoss:[1.8555]
Train Iter:[420/563], CauLoss:[1.7133], AdvLoss:[1.8160]
Train Iter:[560/563], CauLoss:[1.7169], AdvLoss:[1.8264]
--------------------------------------------------------------------------------------------------------------------------------------------------------------------------------------------------------
Epoch:[59/100], CauAdvLoss:[1.7192/1.8267], valid:[73.30], test:[55.73]
--------------------------------------------------------------------------------------------------------------------------------------------------------------------------------------------------------
Train Iter:[0  /563], CauLoss:[2.3613], AdvLoss:[1.8063]
Train Iter:[140/563], CauLoss:[1.7032], AdvLoss:[1.6812]
Train Iter:[280/563], CauLoss:[1.6940], AdvLoss:[1.7802]
Train Iter:[420/563], CauLoss:[1.7119], AdvLoss:[1.7856]
Train Iter:[560/563], CauLoss:[1.7222], AdvLoss:[1.8047]
--------------------------------------------------------------------------------------------------------------------------------------------------------------------------------------------------------
Epoch:[60/100], CauAdvLoss:[1.7208/1.8045], valid:[70.33], test:[44.77]
--------------------------------------------------------------------------------------------------------------------------------------------------------------------------------------------------------
Train Iter:[0  /563], CauLoss:[1.8794], AdvLoss:[1.9713]
Train Iter:[140/563], CauLoss:[1.7481], AdvLoss:[2.0124]
Train Iter:[280/563], CauLoss:[1.7347], AdvLoss:[1.9716]
Train Iter:[420/563], CauLoss:[1.7224], AdvLoss:[1.9448]
Train Iter:[560/563], CauLoss:[1.7139], AdvLoss:[1.9454]
--------------------------------------------------------------------------------------------------------------------------------------------------------------------------------------------------------
Epoch:[61/100], CauAdvLoss:[1.7126/1.9443], valid:[74.33], test:[53.23]
--------------------------------------------------------------------------------------------------------------------------------------------------------------------------------------------------------
Train Iter:[0  /563], CauLoss:[1.8512], AdvLoss:[1.3781]
Train Iter:[140/563], CauLoss:[1.7185], AdvLoss:[1.7993]
Train Iter:[280/563], CauLoss:[1.6987], AdvLoss:[1.8878]
Train Iter:[420/563], CauLoss:[1.7050], AdvLoss:[1.9655]
Train Iter:[560/563], CauLoss:[1.7104], AdvLoss:[1.9956]
--------------------------------------------------------------------------------------------------------------------------------------------------------------------------------------------------------
Epoch:[62/100], CauAdvLoss:[1.7104/1.9951], valid:[72.13], test:[42.67]
--------------------------------------------------------------------------------------------------------------------------------------------------------------------------------------------------------
Train Iter:[0  /563], CauLoss:[1.7982], AdvLoss:[1.9434]
Train Iter:[140/563], CauLoss:[1.7044], AdvLoss:[1.8649]
Train Iter:[280/563], CauLoss:[1.7085], AdvLoss:[1.8229]
Train Iter:[420/563], CauLoss:[1.7137], AdvLoss:[1.8384]
Train Iter:[560/563], CauLoss:[1.7194], AdvLoss:[1.8211]
--------------------------------------------------------------------------------------------------------------------------------------------------------------------------------------------------------
Epoch:[63/100], CauAdvLoss:[1.7196/1.8215], valid:[75.80], test:[44.27]
--------------------------------------------------------------------------------------------------------------------------------------------------------------------------------------------------------
Train Iter:[0  /563], CauLoss:[1.6668], AdvLoss:[1.8327]
Train Iter:[140/563], CauLoss:[1.7070], AdvLoss:[1.7859]
Train Iter:[280/563], CauLoss:[1.7148], AdvLoss:[1.8105]
Train Iter:[420/563], CauLoss:[1.7206], AdvLoss:[1.7753]
Train Iter:[560/563], CauLoss:[1.7156], AdvLoss:[1.8092]
--------------------------------------------------------------------------------------------------------------------------------------------------------------------------------------------------------
Epoch:[64/100], CauAdvLoss:[1.7159/1.8086], valid:[79.53], test:[57.57]
--------------------------------------------------------------------------------------------------------------------------------------------------------------------------------------------------------
Train Iter:[0  /563], CauLoss:[1.4394], AdvLoss:[2.2007]
Train Iter:[140/563], CauLoss:[1.7088], AdvLoss:[1.9758]
Train Iter:[280/563], CauLoss:[1.7135], AdvLoss:[1.8610]
Train Iter:[420/563], CauLoss:[1.7194], AdvLoss:[1.8636]
Train Iter:[560/563], CauLoss:[1.7111], AdvLoss:[1.8913]
--------------------------------------------------------------------------------------------------------------------------------------------------------------------------------------------------------
Epoch:[65/100], CauAdvLoss:[1.7108/1.8936], valid:[77.40], test:[42.33]
--------------------------------------------------------------------------------------------------------------------------------------------------------------------------------------------------------
Train Iter:[0  /563], CauLoss:[1.5928], AdvLoss:[2.2915]
Train Iter:[140/563], CauLoss:[1.7003], AdvLoss:[1.8873]
Train Iter:[280/563], CauLoss:[1.7181], AdvLoss:[1.9509]
Train Iter:[420/563], CauLoss:[1.7138], AdvLoss:[1.9266]
Train Iter:[560/563], CauLoss:[1.7109], AdvLoss:[1.9147]
--------------------------------------------------------------------------------------------------------------------------------------------------------------------------------------------------------
Epoch:[66/100], CauAdvLoss:[1.7099/1.9150], valid:[72.53], test:[46.27]
--------------------------------------------------------------------------------------------------------------------------------------------------------------------------------------------------------
Train Iter:[0  /563], CauLoss:[1.5424], AdvLoss:[1.9444]
Train Iter:[140/563], CauLoss:[1.6998], AdvLoss:[1.9789]
Train Iter:[280/563], CauLoss:[1.7059], AdvLoss:[1.8335]
Train Iter:[420/563], CauLoss:[1.6991], AdvLoss:[1.8173]
Train Iter:[560/563], CauLoss:[1.7111], AdvLoss:[1.8175]
--------------------------------------------------------------------------------------------------------------------------------------------------------------------------------------------------------
Epoch:[67/100], CauAdvLoss:[1.7117/1.8168], valid:[75.37], test:[54.97]
--------------------------------------------------------------------------------------------------------------------------------------------------------------------------------------------------------
Train Iter:[0  /563], CauLoss:[2.3533], AdvLoss:[2.0519]
Train Iter:[140/563], CauLoss:[1.7516], AdvLoss:[1.7867]
Train Iter:[280/563], CauLoss:[1.7393], AdvLoss:[1.8623]
Train Iter:[420/563], CauLoss:[1.7161], AdvLoss:[1.8380]
Train Iter:[560/563], CauLoss:[1.7116], AdvLoss:[1.8792]
--------------------------------------------------------------------------------------------------------------------------------------------------------------------------------------------------------
Epoch:[68/100], CauAdvLoss:[1.7107/1.8801], valid:[71.33], test:[51.33]
--------------------------------------------------------------------------------------------------------------------------------------------------------------------------------------------------------
Train Iter:[0  /563], CauLoss:[1.8254], AdvLoss:[2.0801]
Train Iter:[140/563], CauLoss:[1.7388], AdvLoss:[1.8808]
Train Iter:[280/563], CauLoss:[1.7193], AdvLoss:[1.8314]
Train Iter:[420/563], CauLoss:[1.7277], AdvLoss:[1.8127]
Train Iter:[560/563], CauLoss:[1.7102], AdvLoss:[1.8274]
--------------------------------------------------------------------------------------------------------------------------------------------------------------------------------------------------------
Epoch:[69/100], CauAdvLoss:[1.7097/1.8281], valid:[74.10], test:[52.57]
--------------------------------------------------------------------------------------------------------------------------------------------------------------------------------------------------------
Train Iter:[0  /563], CauLoss:[1.5973], AdvLoss:[1.7207]
Train Iter:[140/563], CauLoss:[1.7291], AdvLoss:[1.9452]
Train Iter:[280/563], CauLoss:[1.7262], AdvLoss:[2.0029]
Train Iter:[420/563], CauLoss:[1.7085], AdvLoss:[1.9883]
Train Iter:[560/563], CauLoss:[1.7108], AdvLoss:[1.9222]
--------------------------------------------------------------------------------------------------------------------------------------------------------------------------------------------------------
Epoch:[70/100], CauAdvLoss:[1.7102/1.9213], valid:[75.37], test:[52.60]
--------------------------------------------------------------------------------------------------------------------------------------------------------------------------------------------------------
Train Iter:[0  /563], CauLoss:[1.5982], AdvLoss:[1.6879]
Train Iter:[140/563], CauLoss:[1.6876], AdvLoss:[1.7778]
Train Iter:[280/563], CauLoss:[1.7119], AdvLoss:[1.7233]
Train Iter:[420/563], CauLoss:[1.7038], AdvLoss:[1.7500]
Train Iter:[560/563], CauLoss:[1.7067], AdvLoss:[1.7951]
--------------------------------------------------------------------------------------------------------------------------------------------------------------------------------------------------------
Epoch:[71/100], CauAdvLoss:[1.7056/1.7959], valid:[79.60], test:[43.23]
--------------------------------------------------------------------------------------------------------------------------------------------------------------------------------------------------------
Train Iter:[0  /563], CauLoss:[1.5126], AdvLoss:[1.9237]
Train Iter:[140/563], CauLoss:[1.7182], AdvLoss:[1.8141]
Train Iter:[280/563], CauLoss:[1.7295], AdvLoss:[1.8248]
Train Iter:[420/563], CauLoss:[1.7117], AdvLoss:[1.8680]
Train Iter:[560/563], CauLoss:[1.7042], AdvLoss:[1.8490]
--------------------------------------------------------------------------------------------------------------------------------------------------------------------------------------------------------
Epoch:[72/100], CauAdvLoss:[1.7040/1.8484], valid:[75.17], test:[53.00]
--------------------------------------------------------------------------------------------------------------------------------------------------------------------------------------------------------
Train Iter:[0  /563], CauLoss:[1.3704], AdvLoss:[1.8594]
Train Iter:[140/563], CauLoss:[1.7218], AdvLoss:[1.8073]
Train Iter:[280/563], CauLoss:[1.7104], AdvLoss:[1.8549]
Train Iter:[420/563], CauLoss:[1.7116], AdvLoss:[1.7919]
Train Iter:[560/563], CauLoss:[1.7006], AdvLoss:[1.7722]
--------------------------------------------------------------------------------------------------------------------------------------------------------------------------------------------------------
Epoch:[73/100], CauAdvLoss:[1.7037/1.7713], valid:[81.10], test:[53.80]
--------------------------------------------------------------------------------------------------------------------------------------------------------------------------------------------------------
Train Iter:[0  /563], CauLoss:[2.0136], AdvLoss:[1.9253]
Train Iter:[140/563], CauLoss:[1.7187], AdvLoss:[1.6858]
Train Iter:[280/563], CauLoss:[1.7160], AdvLoss:[1.7480]
Train Iter:[420/563], CauLoss:[1.7115], AdvLoss:[1.7680]
Train Iter:[560/563], CauLoss:[1.6966], AdvLoss:[1.7951]
--------------------------------------------------------------------------------------------------------------------------------------------------------------------------------------------------------
Epoch:[74/100], CauAdvLoss:[1.6974/1.7939], valid:[77.33], test:[54.83]
--------------------------------------------------------------------------------------------------------------------------------------------------------------------------------------------------------
Train Iter:[0  /563], CauLoss:[1.6154], AdvLoss:[1.6236]
Train Iter:[140/563], CauLoss:[1.6859], AdvLoss:[1.5848]
Train Iter:[280/563], CauLoss:[1.6984], AdvLoss:[1.6108]
Train Iter:[420/563], CauLoss:[1.7037], AdvLoss:[1.6435]
Train Iter:[560/563], CauLoss:[1.6984], AdvLoss:[1.7287]
--------------------------------------------------------------------------------------------------------------------------------------------------------------------------------------------------------
Epoch:[75/100], CauAdvLoss:[1.6999/1.7280], valid:[75.63], test:[48.87]
--------------------------------------------------------------------------------------------------------------------------------------------------------------------------------------------------------
Train Iter:[0  /563], CauLoss:[1.5897], AdvLoss:[1.9342]
Train Iter:[140/563], CauLoss:[1.6963], AdvLoss:[1.7680]
Train Iter:[280/563], CauLoss:[1.6957], AdvLoss:[1.7786]
Train Iter:[420/563], CauLoss:[1.6967], AdvLoss:[1.7541]
Train Iter:[560/563], CauLoss:[1.7004], AdvLoss:[1.7367]
--------------------------------------------------------------------------------------------------------------------------------------------------------------------------------------------------------
Epoch:[76/100], CauAdvLoss:[1.6994/1.7360], valid:[76.83], test:[45.50]
--------------------------------------------------------------------------------------------------------------------------------------------------------------------------------------------------------
Train Iter:[0  /563], CauLoss:[1.9415], AdvLoss:[2.0051]
Train Iter:[140/563], CauLoss:[1.7140], AdvLoss:[1.6895]
Train Iter:[280/563], CauLoss:[1.6898], AdvLoss:[1.7612]
Train Iter:[420/563], CauLoss:[1.6890], AdvLoss:[1.7480]
Train Iter:[560/563], CauLoss:[1.6979], AdvLoss:[1.7475]
--------------------------------------------------------------------------------------------------------------------------------------------------------------------------------------------------------
Epoch:[77/100], CauAdvLoss:[1.6983/1.7476], valid:[81.07], test:[55.90]
--------------------------------------------------------------------------------------------------------------------------------------------------------------------------------------------------------
Train Iter:[0  /563], CauLoss:[1.6813], AdvLoss:[1.9630]
Train Iter:[140/563], CauLoss:[1.6914], AdvLoss:[1.7189]
Train Iter:[280/563], CauLoss:[1.6907], AdvLoss:[1.7768]
Train Iter:[420/563], CauLoss:[1.7016], AdvLoss:[1.7997]
Train Iter:[560/563], CauLoss:[1.6929], AdvLoss:[1.8143]
--------------------------------------------------------------------------------------------------------------------------------------------------------------------------------------------------------
Epoch:[78/100], CauAdvLoss:[1.6937/1.8138], valid:[80.60], test:[46.93]
--------------------------------------------------------------------------------------------------------------------------------------------------------------------------------------------------------
Train Iter:[0  /563], CauLoss:[1.9762], AdvLoss:[1.5974]
Train Iter:[140/563], CauLoss:[1.6848], AdvLoss:[1.7944]
Train Iter:[280/563], CauLoss:[1.6923], AdvLoss:[1.7879]
Train Iter:[420/563], CauLoss:[1.7007], AdvLoss:[1.7951]
Train Iter:[560/563], CauLoss:[1.6937], AdvLoss:[1.7997]
--------------------------------------------------------------------------------------------------------------------------------------------------------------------------------------------------------
Epoch:[79/100], CauAdvLoss:[1.6972/1.7999], valid:[74.77], test:[60.13]
--------------------------------------------------------------------------------------------------------------------------------------------------------------------------------------------------------
Train Iter:[0  /563], CauLoss:[1.5967], AdvLoss:[1.4449]
Train Iter:[140/563], CauLoss:[1.6248], AdvLoss:[1.8289]
Train Iter:[280/563], CauLoss:[1.6657], AdvLoss:[1.7615]
Train Iter:[420/563], CauLoss:[1.6903], AdvLoss:[1.7701]
Train Iter:[560/563], CauLoss:[1.7045], AdvLoss:[1.7765]
--------------------------------------------------------------------------------------------------------------------------------------------------------------------------------------------------------
Epoch:[80/100], CauAdvLoss:[1.7032/1.7775], valid:[74.70], test:[39.73]
--------------------------------------------------------------------------------------------------------------------------------------------------------------------------------------------------------
Train Iter:[0  /563], CauLoss:[1.5381], AdvLoss:[2.0800]
Train Iter:[140/563], CauLoss:[1.6938], AdvLoss:[1.7612]
Train Iter:[280/563], CauLoss:[1.6933], AdvLoss:[1.7217]
Train Iter:[420/563], CauLoss:[1.6971], AdvLoss:[1.7351]
Train Iter:[560/563], CauLoss:[1.6952], AdvLoss:[1.7413]
--------------------------------------------------------------------------------------------------------------------------------------------------------------------------------------------------------
Epoch:[81/100], CauAdvLoss:[1.6962/1.7416], valid:[79.63], test:[58.80]
--------------------------------------------------------------------------------------------------------------------------------------------------------------------------------------------------------
Train Iter:[0  /563], CauLoss:[1.6968], AdvLoss:[1.8494]
Train Iter:[140/563], CauLoss:[1.7075], AdvLoss:[1.8551]
Train Iter:[280/563], CauLoss:[1.6884], AdvLoss:[1.8240]
Train Iter:[420/563], CauLoss:[1.6873], AdvLoss:[1.7958]
Train Iter:[560/563], CauLoss:[1.6875], AdvLoss:[1.7731]
--------------------------------------------------------------------------------------------------------------------------------------------------------------------------------------------------------
Epoch:[82/100], CauAdvLoss:[1.6892/1.7725], valid:[77.47], test:[39.83]
--------------------------------------------------------------------------------------------------------------------------------------------------------------------------------------------------------
Train Iter:[0  /563], CauLoss:[1.6554], AdvLoss:[1.5252]
Train Iter:[140/563], CauLoss:[1.7148], AdvLoss:[1.8200]
Train Iter:[280/563], CauLoss:[1.6842], AdvLoss:[1.8246]
Train Iter:[420/563], CauLoss:[1.6911], AdvLoss:[1.8067]
Train Iter:[560/563], CauLoss:[1.6909], AdvLoss:[1.7907]
--------------------------------------------------------------------------------------------------------------------------------------------------------------------------------------------------------
Epoch:[83/100], CauAdvLoss:[1.6903/1.7901], valid:[80.30], test:[40.83]
--------------------------------------------------------------------------------------------------------------------------------------------------------------------------------------------------------
Train Iter:[0  /563], CauLoss:[1.4425], AdvLoss:[1.9588]
Train Iter:[140/563], CauLoss:[1.7114], AdvLoss:[1.7589]
Train Iter:[280/563], CauLoss:[1.6960], AdvLoss:[1.7476]
Train Iter:[420/563], CauLoss:[1.6885], AdvLoss:[1.7735]
Train Iter:[560/563], CauLoss:[1.6931], AdvLoss:[1.8029]
--------------------------------------------------------------------------------------------------------------------------------------------------------------------------------------------------------
Epoch:[84/100], CauAdvLoss:[1.6943/1.8024], valid:[80.50], test:[52.80]
--------------------------------------------------------------------------------------------------------------------------------------------------------------------------------------------------------
Train Iter:[0  /563], CauLoss:[2.0204], AdvLoss:[2.1803]
Train Iter:[140/563], CauLoss:[1.7062], AdvLoss:[1.8612]
Train Iter:[280/563], CauLoss:[1.6887], AdvLoss:[1.8714]
Train Iter:[420/563], CauLoss:[1.6706], AdvLoss:[1.8996]
Train Iter:[560/563], CauLoss:[1.6882], AdvLoss:[1.8793]
--------------------------------------------------------------------------------------------------------------------------------------------------------------------------------------------------------
Epoch:[85/100], CauAdvLoss:[1.6878/1.8803], valid:[75.93], test:[52.37]
--------------------------------------------------------------------------------------------------------------------------------------------------------------------------------------------------------
Train Iter:[0  /563], CauLoss:[2.5148], AdvLoss:[1.4652]
Train Iter:[140/563], CauLoss:[1.6848], AdvLoss:[1.8628]
Train Iter:[280/563], CauLoss:[1.6850], AdvLoss:[1.8522]
Train Iter:[420/563], CauLoss:[1.6866], AdvLoss:[1.8517]
Train Iter:[560/563], CauLoss:[1.6881], AdvLoss:[1.8679]
--------------------------------------------------------------------------------------------------------------------------------------------------------------------------------------------------------
Epoch:[86/100], CauAdvLoss:[1.6877/1.8678], valid:[77.30], test:[44.73]
--------------------------------------------------------------------------------------------------------------------------------------------------------------------------------------------------------
Train Iter:[0  /563], CauLoss:[1.3176], AdvLoss:[2.0679]
Train Iter:[140/563], CauLoss:[1.6777], AdvLoss:[1.8803]
Train Iter:[280/563], CauLoss:[1.6858], AdvLoss:[1.8685]
Train Iter:[420/563], CauLoss:[1.6822], AdvLoss:[1.8244]
Train Iter:[560/563], CauLoss:[1.6916], AdvLoss:[1.8405]
--------------------------------------------------------------------------------------------------------------------------------------------------------------------------------------------------------
Epoch:[87/100], CauAdvLoss:[1.6926/1.8413], valid:[79.80], test:[54.37]
--------------------------------------------------------------------------------------------------------------------------------------------------------------------------------------------------------
Train Iter:[0  /563], CauLoss:[1.5417], AdvLoss:[1.7636]
Train Iter:[140/563], CauLoss:[1.7200], AdvLoss:[1.8260]
Train Iter:[280/563], CauLoss:[1.7098], AdvLoss:[1.8383]
Train Iter:[420/563], CauLoss:[1.6927], AdvLoss:[1.8660]
Train Iter:[560/563], CauLoss:[1.6859], AdvLoss:[1.8925]
--------------------------------------------------------------------------------------------------------------------------------------------------------------------------------------------------------
Epoch:[88/100], CauAdvLoss:[1.6851/1.8926], valid:[73.00], test:[47.80]
--------------------------------------------------------------------------------------------------------------------------------------------------------------------------------------------------------
Train Iter:[0  /563], CauLoss:[1.6551], AdvLoss:[1.6868]
Train Iter:[140/563], CauLoss:[1.6862], AdvLoss:[1.8725]
Train Iter:[280/563], CauLoss:[1.6986], AdvLoss:[1.9026]
Train Iter:[420/563], CauLoss:[1.6861], AdvLoss:[1.9065]
Train Iter:[560/563], CauLoss:[1.6872], AdvLoss:[1.9059]
--------------------------------------------------------------------------------------------------------------------------------------------------------------------------------------------------------
Epoch:[89/100], CauAdvLoss:[1.6861/1.9063], valid:[79.47], test:[45.87]
--------------------------------------------------------------------------------------------------------------------------------------------------------------------------------------------------------
Train Iter:[0  /563], CauLoss:[1.8680], AdvLoss:[1.9738]
Train Iter:[140/563], CauLoss:[1.6691], AdvLoss:[1.9193]
Train Iter:[280/563], CauLoss:[1.6927], AdvLoss:[1.9186]
Train Iter:[420/563], CauLoss:[1.6909], AdvLoss:[1.9284]
Train Iter:[560/563], CauLoss:[1.6911], AdvLoss:[1.9151]
--------------------------------------------------------------------------------------------------------------------------------------------------------------------------------------------------------
Epoch:[90/100], CauAdvLoss:[1.6934/1.9140], valid:[80.57], test:[42.63]
--------------------------------------------------------------------------------------------------------------------------------------------------------------------------------------------------------
Train Iter:[0  /563], CauLoss:[2.6068], AdvLoss:[1.5794]
Train Iter:[140/563], CauLoss:[1.7080], AdvLoss:[1.9417]
Train Iter:[280/563], CauLoss:[1.7003], AdvLoss:[1.9402]
Train Iter:[420/563], CauLoss:[1.6901], AdvLoss:[1.9499]
Train Iter:[560/563], CauLoss:[1.6888], AdvLoss:[1.9582]
--------------------------------------------------------------------------------------------------------------------------------------------------------------------------------------------------------
Epoch:[91/100], CauAdvLoss:[1.6884/1.9572], valid:[76.63], test:[52.17]
--------------------------------------------------------------------------------------------------------------------------------------------------------------------------------------------------------
Train Iter:[0  /563], CauLoss:[1.8621], AdvLoss:[1.6167]
Train Iter:[140/563], CauLoss:[1.6710], AdvLoss:[1.9862]
Train Iter:[280/563], CauLoss:[1.7018], AdvLoss:[1.9549]
Train Iter:[420/563], CauLoss:[1.6929], AdvLoss:[1.9478]
Train Iter:[560/563], CauLoss:[1.6900], AdvLoss:[1.9567]
--------------------------------------------------------------------------------------------------------------------------------------------------------------------------------------------------------
Epoch:[92/100], CauAdvLoss:[1.6896/1.9579], valid:[81.60], test:[53.37]
--------------------------------------------------------------------------------------------------------------------------------------------------------------------------------------------------------
Train Iter:[0  /563], CauLoss:[1.5775], AdvLoss:[2.2230]
Train Iter:[140/563], CauLoss:[1.6353], AdvLoss:[1.9525]
Train Iter:[280/563], CauLoss:[1.6695], AdvLoss:[1.9738]
Train Iter:[420/563], CauLoss:[1.6726], AdvLoss:[1.9670]
Train Iter:[560/563], CauLoss:[1.6865], AdvLoss:[1.9564]
--------------------------------------------------------------------------------------------------------------------------------------------------------------------------------------------------------
Epoch:[93/100], CauAdvLoss:[1.6869/1.9566], valid:[79.57], test:[55.80]
--------------------------------------------------------------------------------------------------------------------------------------------------------------------------------------------------------
Train Iter:[0  /563], CauLoss:[1.4151], AdvLoss:[2.2219]
Train Iter:[140/563], CauLoss:[1.6793], AdvLoss:[1.9586]
Train Iter:[280/563], CauLoss:[1.6844], AdvLoss:[1.9479]
Train Iter:[420/563], CauLoss:[1.6778], AdvLoss:[1.9541]
Train Iter:[560/563], CauLoss:[1.6828], AdvLoss:[1.9623]
--------------------------------------------------------------------------------------------------------------------------------------------------------------------------------------------------------
Epoch:[94/100], CauAdvLoss:[1.6824/1.9630], valid:[74.20], test:[49.10]
--------------------------------------------------------------------------------------------------------------------------------------------------------------------------------------------------------
Train Iter:[0  /563], CauLoss:[1.4172], AdvLoss:[1.7278]
Train Iter:[140/563], CauLoss:[1.6695], AdvLoss:[1.9423]
Train Iter:[280/563], CauLoss:[1.6827], AdvLoss:[1.9601]
Train Iter:[420/563], CauLoss:[1.6810], AdvLoss:[1.9553]
Train Iter:[560/563], CauLoss:[1.6812], AdvLoss:[1.9571]
--------------------------------------------------------------------------------------------------------------------------------------------------------------------------------------------------------
Epoch:[95/100], CauAdvLoss:[1.6824/1.9564], valid:[80.60], test:[48.33]
--------------------------------------------------------------------------------------------------------------------------------------------------------------------------------------------------------
Train Iter:[0  /563], CauLoss:[1.2784], AdvLoss:[2.3293]
Train Iter:[140/563], CauLoss:[1.6436], AdvLoss:[2.0050]
Train Iter:[280/563], CauLoss:[1.6648], AdvLoss:[1.9763]
Train Iter:[420/563], CauLoss:[1.6798], AdvLoss:[1.9761]
Train Iter:[560/563], CauLoss:[1.6870], AdvLoss:[1.9811]
--------------------------------------------------------------------------------------------------------------------------------------------------------------------------------------------------------
Epoch:[96/100], CauAdvLoss:[1.6886/1.9819], valid:[79.80], test:[48.53]
--------------------------------------------------------------------------------------------------------------------------------------------------------------------------------------------------------
Train Iter:[0  /563], CauLoss:[2.7243], AdvLoss:[2.4238]
Train Iter:[140/563], CauLoss:[1.7098], AdvLoss:[1.9606]
Train Iter:[280/563], CauLoss:[1.6965], AdvLoss:[1.9717]
Train Iter:[420/563], CauLoss:[1.6809], AdvLoss:[1.9720]
Train Iter:[560/563], CauLoss:[1.6842], AdvLoss:[1.9770]
--------------------------------------------------------------------------------------------------------------------------------------------------------------------------------------------------------
Epoch:[97/100], CauAdvLoss:[1.6859/1.9757], valid:[80.63], test:[39.80]
--------------------------------------------------------------------------------------------------------------------------------------------------------------------------------------------------------
Train Iter:[0  /563], CauLoss:[1.7259], AdvLoss:[2.4559]
Train Iter:[140/563], CauLoss:[1.6925], AdvLoss:[1.9535]
Train Iter:[280/563], CauLoss:[1.6935], AdvLoss:[1.9643]
Train Iter:[420/563], CauLoss:[1.6943], AdvLoss:[1.9599]
Train Iter:[560/563], CauLoss:[1.6822], AdvLoss:[1.9705]
--------------------------------------------------------------------------------------------------------------------------------------------------------------------------------------------------------
Epoch:[98/100], CauAdvLoss:[1.6824/1.9710], valid:[75.10], test:[52.60]
--------------------------------------------------------------------------------------------------------------------------------------------------------------------------------------------------------
Train Iter:[0  /563], CauLoss:[1.8748], AdvLoss:[1.8167]
Train Iter:[140/563], CauLoss:[1.6989], AdvLoss:[1.9889]
Train Iter:[280/563], CauLoss:[1.7021], AdvLoss:[1.9931]
Train Iter:[420/563], CauLoss:[1.6840], AdvLoss:[1.9842]
Train Iter:[560/563], CauLoss:[1.6866], AdvLoss:[1.9740]
--------------------------------------------------------------------------------------------------------------------------------------------------------------------------------------------------------
Epoch:[99/100], CauAdvLoss:[1.6871/1.9752], valid:[77.23], test:[46.37]
--------------------------------------------------------------------------------------------------------------------------------------------------------------------------------------------------------
Train Iter:[0  /563], CauLoss:[2.8170], AdvLoss:[1.6579]
Train Iter:[140/563], CauLoss:[1.7189], AdvLoss:[1.9510]
Train Iter:[280/563], CauLoss:[1.6888], AdvLoss:[1.9865]
Train Iter:[420/563], CauLoss:[1.6848], AdvLoss:[1.9704]
Train Iter:[560/563], CauLoss:[1.6854], AdvLoss:[1.9780]
--------------------------------------------------------------------------------------------------------------------------------------------------------------------------------------------------------
Epoch:[100/100], CauAdvLoss:[1.6844/1.9775], valid:[75.30], test:[44.03]
--------------------------------------------------------------------------------------------------------------------------------------------------------------------------------------------------------
Update test:[53.37] at epoch:[92] | Total time:00:27:20
Train Iter:[0  /563], CauLoss:[3.4308], AdvLoss:[0.5121]
Train Iter:[140/563], CauLoss:[2.8845], AdvLoss:[0.6417]
Train Iter:[280/563], CauLoss:[2.6251], AdvLoss:[0.7609]
Train Iter:[420/563], CauLoss:[2.4781], AdvLoss:[0.7882]
Train Iter:[560/563], CauLoss:[2.3950], AdvLoss:[0.7734]
--------------------------------------------------------------------------------------------------------------------------------------------------------------------------------------------------------
Epoch:[1/100], CauAdvLoss:[2.3945/0.7723], valid:[62.10], test:[47.37]
--------------------------------------------------------------------------------------------------------------------------------------------------------------------------------------------------------
Train Iter:[0  /563], CauLoss:[2.3850], AdvLoss:[0.3991]
Train Iter:[140/563], CauLoss:[2.0768], AdvLoss:[0.5294]
Train Iter:[280/563], CauLoss:[2.0888], AdvLoss:[0.5645]
Train Iter:[420/563], CauLoss:[2.0698], AdvLoss:[0.5626]
Train Iter:[560/563], CauLoss:[2.0675], AdvLoss:[0.6063]
--------------------------------------------------------------------------------------------------------------------------------------------------------------------------------------------------------
Epoch:[2/100], CauAdvLoss:[2.0665/0.6051], valid:[54.27], test:[40.27]
--------------------------------------------------------------------------------------------------------------------------------------------------------------------------------------------------------
Train Iter:[0  /563], CauLoss:[1.8865], AdvLoss:[-0.2498]
Train Iter:[140/563], CauLoss:[2.0115], AdvLoss:[0.4883]
Train Iter:[280/563], CauLoss:[2.0346], AdvLoss:[0.6043]
Train Iter:[420/563], CauLoss:[2.0185], AdvLoss:[0.6540]
Train Iter:[560/563], CauLoss:[2.0088], AdvLoss:[0.7075]
--------------------------------------------------------------------------------------------------------------------------------------------------------------------------------------------------------
Epoch:[3/100], CauAdvLoss:[2.0093/0.7084], valid:[62.27], test:[37.20]
--------------------------------------------------------------------------------------------------------------------------------------------------------------------------------------------------------
Train Iter:[0  /563], CauLoss:[1.4955], AdvLoss:[0.7543]
Train Iter:[140/563], CauLoss:[1.9820], AdvLoss:[0.9517]
Train Iter:[280/563], CauLoss:[1.9925], AdvLoss:[0.9907]
Train Iter:[420/563], CauLoss:[1.9847], AdvLoss:[1.0358]
Train Iter:[560/563], CauLoss:[1.9787], AdvLoss:[1.0361]
--------------------------------------------------------------------------------------------------------------------------------------------------------------------------------------------------------
Epoch:[4/100], CauAdvLoss:[1.9795/1.0371], valid:[66.80], test:[33.03]
--------------------------------------------------------------------------------------------------------------------------------------------------------------------------------------------------------
Train Iter:[0  /563], CauLoss:[1.5576], AdvLoss:[0.8696]
Train Iter:[140/563], CauLoss:[1.9143], AdvLoss:[1.0993]
Train Iter:[280/563], CauLoss:[1.9126], AdvLoss:[1.0823]
Train Iter:[420/563], CauLoss:[1.9271], AdvLoss:[1.0776]
Train Iter:[560/563], CauLoss:[1.9417], AdvLoss:[1.0557]
--------------------------------------------------------------------------------------------------------------------------------------------------------------------------------------------------------
Epoch:[5/100], CauAdvLoss:[1.9407/1.0558], valid:[53.77], test:[32.93]
--------------------------------------------------------------------------------------------------------------------------------------------------------------------------------------------------------
Train Iter:[0  /563], CauLoss:[1.9592], AdvLoss:[1.2562]
Train Iter:[140/563], CauLoss:[1.9535], AdvLoss:[1.0951]
Train Iter:[280/563], CauLoss:[1.9615], AdvLoss:[1.1038]
Train Iter:[420/563], CauLoss:[1.9399], AdvLoss:[1.1200]
Train Iter:[560/563], CauLoss:[1.9193], AdvLoss:[1.1161]
--------------------------------------------------------------------------------------------------------------------------------------------------------------------------------------------------------
Epoch:[6/100], CauAdvLoss:[1.9192/1.1180], valid:[44.37], test:[32.93]
--------------------------------------------------------------------------------------------------------------------------------------------------------------------------------------------------------
Train Iter:[0  /563], CauLoss:[1.7097], AdvLoss:[0.6748]
Train Iter:[140/563], CauLoss:[1.9185], AdvLoss:[1.2946]
Train Iter:[280/563], CauLoss:[1.9287], AdvLoss:[1.2395]
Train Iter:[420/563], CauLoss:[1.9093], AdvLoss:[1.2062]
Train Iter:[560/563], CauLoss:[1.9205], AdvLoss:[1.2177]
--------------------------------------------------------------------------------------------------------------------------------------------------------------------------------------------------------
Epoch:[7/100], CauAdvLoss:[1.9199/1.2183], valid:[68.57], test:[38.20]
--------------------------------------------------------------------------------------------------------------------------------------------------------------------------------------------------------
Train Iter:[0  /563], CauLoss:[2.1458], AdvLoss:[1.7549]
Train Iter:[140/563], CauLoss:[1.9307], AdvLoss:[1.1497]
Train Iter:[280/563], CauLoss:[1.9176], AdvLoss:[1.2230]
Train Iter:[420/563], CauLoss:[1.9018], AdvLoss:[1.2069]
Train Iter:[560/563], CauLoss:[1.8958], AdvLoss:[1.2106]
--------------------------------------------------------------------------------------------------------------------------------------------------------------------------------------------------------
Epoch:[8/100], CauAdvLoss:[1.8959/1.2103], valid:[40.60], test:[33.47]
--------------------------------------------------------------------------------------------------------------------------------------------------------------------------------------------------------
Train Iter:[0  /563], CauLoss:[2.3361], AdvLoss:[1.2336]
Train Iter:[140/563], CauLoss:[1.8906], AdvLoss:[1.2908]
Train Iter:[280/563], CauLoss:[1.8944], AdvLoss:[1.2450]
Train Iter:[420/563], CauLoss:[1.8783], AdvLoss:[1.3369]
Train Iter:[560/563], CauLoss:[1.8842], AdvLoss:[1.3981]
--------------------------------------------------------------------------------------------------------------------------------------------------------------------------------------------------------
Epoch:[9/100], CauAdvLoss:[1.8856/1.3971], valid:[48.67], test:[37.80]
--------------------------------------------------------------------------------------------------------------------------------------------------------------------------------------------------------
Train Iter:[0  /563], CauLoss:[1.6976], AdvLoss:[0.5456]
Train Iter:[140/563], CauLoss:[1.9026], AdvLoss:[1.3238]
Train Iter:[280/563], CauLoss:[1.8826], AdvLoss:[1.2483]
Train Iter:[420/563], CauLoss:[1.8750], AdvLoss:[1.2577]
Train Iter:[560/563], CauLoss:[1.8730], AdvLoss:[1.2543]
--------------------------------------------------------------------------------------------------------------------------------------------------------------------------------------------------------
Epoch:[10/100], CauAdvLoss:[1.8731/1.2543], valid:[40.23], test:[32.93]
--------------------------------------------------------------------------------------------------------------------------------------------------------------------------------------------------------
Train Iter:[0  /563], CauLoss:[1.4573], AdvLoss:[1.4996]
Train Iter:[140/563], CauLoss:[1.8115], AdvLoss:[1.3187]
Train Iter:[280/563], CauLoss:[1.8443], AdvLoss:[1.2742]
Train Iter:[420/563], CauLoss:[1.8566], AdvLoss:[1.3143]
Train Iter:[560/563], CauLoss:[1.8593], AdvLoss:[1.3644]
--------------------------------------------------------------------------------------------------------------------------------------------------------------------------------------------------------
Epoch:[11/100], CauAdvLoss:[1.8609/1.3671], valid:[40.33], test:[36.90]
--------------------------------------------------------------------------------------------------------------------------------------------------------------------------------------------------------
Train Iter:[0  /563], CauLoss:[1.4738], AdvLoss:[1.1688]
Train Iter:[140/563], CauLoss:[1.8749], AdvLoss:[1.3408]
Train Iter:[280/563], CauLoss:[1.8471], AdvLoss:[1.4530]
Train Iter:[420/563], CauLoss:[1.8506], AdvLoss:[1.5209]
Train Iter:[560/563], CauLoss:[1.8530], AdvLoss:[1.5046]
--------------------------------------------------------------------------------------------------------------------------------------------------------------------------------------------------------
Epoch:[12/100], CauAdvLoss:[1.8521/1.5040], valid:[54.80], test:[36.40]
--------------------------------------------------------------------------------------------------------------------------------------------------------------------------------------------------------
Train Iter:[0  /563], CauLoss:[1.2940], AdvLoss:[0.9651]
Train Iter:[140/563], CauLoss:[1.8972], AdvLoss:[1.6642]
Train Iter:[280/563], CauLoss:[1.8649], AdvLoss:[1.7877]
Train Iter:[420/563], CauLoss:[1.8767], AdvLoss:[1.8456]
Train Iter:[560/563], CauLoss:[1.8620], AdvLoss:[1.7846]
--------------------------------------------------------------------------------------------------------------------------------------------------------------------------------------------------------
Epoch:[13/100], CauAdvLoss:[1.8620/1.7838], valid:[48.80], test:[44.17]
--------------------------------------------------------------------------------------------------------------------------------------------------------------------------------------------------------
Train Iter:[0  /563], CauLoss:[1.8237], AdvLoss:[1.2505]
Train Iter:[140/563], CauLoss:[1.8026], AdvLoss:[1.4197]
Train Iter:[280/563], CauLoss:[1.8388], AdvLoss:[1.5501]
Train Iter:[420/563], CauLoss:[1.8346], AdvLoss:[1.5749]
Train Iter:[560/563], CauLoss:[1.8266], AdvLoss:[1.6105]
--------------------------------------------------------------------------------------------------------------------------------------------------------------------------------------------------------
Epoch:[14/100], CauAdvLoss:[1.8267/1.6130], valid:[61.77], test:[39.87]
--------------------------------------------------------------------------------------------------------------------------------------------------------------------------------------------------------
Train Iter:[0  /563], CauLoss:[2.0159], AdvLoss:[2.7025]
Train Iter:[140/563], CauLoss:[1.7989], AdvLoss:[1.7494]
Train Iter:[280/563], CauLoss:[1.8022], AdvLoss:[1.7375]
Train Iter:[420/563], CauLoss:[1.8145], AdvLoss:[1.7425]
Train Iter:[560/563], CauLoss:[1.8245], AdvLoss:[1.7496]
--------------------------------------------------------------------------------------------------------------------------------------------------------------------------------------------------------
Epoch:[15/100], CauAdvLoss:[1.8259/1.7487], valid:[41.27], test:[32.90]
--------------------------------------------------------------------------------------------------------------------------------------------------------------------------------------------------------
Train Iter:[0  /563], CauLoss:[1.5384], AdvLoss:[1.1076]
Train Iter:[140/563], CauLoss:[1.7884], AdvLoss:[1.8549]
Train Iter:[280/563], CauLoss:[1.8232], AdvLoss:[1.8938]
Train Iter:[420/563], CauLoss:[1.8264], AdvLoss:[1.8512]
Train Iter:[560/563], CauLoss:[1.8147], AdvLoss:[2.1564]
--------------------------------------------------------------------------------------------------------------------------------------------------------------------------------------------------------
Epoch:[16/100], CauAdvLoss:[1.8166/2.1547], valid:[47.43], test:[32.90]
--------------------------------------------------------------------------------------------------------------------------------------------------------------------------------------------------------
Train Iter:[0  /563], CauLoss:[1.7410], AdvLoss:[1.4489]
Train Iter:[140/563], CauLoss:[1.7968], AdvLoss:[1.5794]
Train Iter:[280/563], CauLoss:[1.8025], AdvLoss:[1.8153]
Train Iter:[420/563], CauLoss:[1.8135], AdvLoss:[1.8366]
Train Iter:[560/563], CauLoss:[1.8203], AdvLoss:[1.8794]
--------------------------------------------------------------------------------------------------------------------------------------------------------------------------------------------------------
Epoch:[17/100], CauAdvLoss:[1.8192/1.8783], valid:[46.53], test:[38.50]
--------------------------------------------------------------------------------------------------------------------------------------------------------------------------------------------------------
Train Iter:[0  /563], CauLoss:[2.0223], AdvLoss:[0.9695]
Train Iter:[140/563], CauLoss:[1.7987], AdvLoss:[1.8874]
Train Iter:[280/563], CauLoss:[1.8004], AdvLoss:[1.7798]
Train Iter:[420/563], CauLoss:[1.8074], AdvLoss:[1.8055]
Train Iter:[560/563], CauLoss:[1.8054], AdvLoss:[1.8959]
--------------------------------------------------------------------------------------------------------------------------------------------------------------------------------------------------------
Epoch:[18/100], CauAdvLoss:[1.8066/1.8951], valid:[54.50], test:[38.07]
--------------------------------------------------------------------------------------------------------------------------------------------------------------------------------------------------------
Train Iter:[0  /563], CauLoss:[1.4186], AdvLoss:[2.2596]
Train Iter:[140/563], CauLoss:[1.7955], AdvLoss:[1.9516]
Train Iter:[280/563], CauLoss:[1.7972], AdvLoss:[2.0097]
Train Iter:[420/563], CauLoss:[1.8025], AdvLoss:[2.1152]
Train Iter:[560/563], CauLoss:[1.7995], AdvLoss:[2.1064]
--------------------------------------------------------------------------------------------------------------------------------------------------------------------------------------------------------
Epoch:[19/100], CauAdvLoss:[1.8011/2.1140], valid:[81.10], test:[67.77]
--------------------------------------------------------------------------------------------------------------------------------------------------------------------------------------------------------
Train Iter:[0  /563], CauLoss:[2.3175], AdvLoss:[2.5676]
Train Iter:[140/563], CauLoss:[1.8232], AdvLoss:[2.3094]
Train Iter:[280/563], CauLoss:[1.8132], AdvLoss:[2.1523]
Train Iter:[420/563], CauLoss:[1.8106], AdvLoss:[2.1114]
Train Iter:[560/563], CauLoss:[1.8140], AdvLoss:[2.0629]
--------------------------------------------------------------------------------------------------------------------------------------------------------------------------------------------------------
Epoch:[20/100], CauAdvLoss:[1.8135/2.0656], valid:[50.30], test:[44.47]
--------------------------------------------------------------------------------------------------------------------------------------------------------------------------------------------------------
Train Iter:[0  /563], CauLoss:[1.5415], AdvLoss:[3.1439]
Train Iter:[140/563], CauLoss:[1.7764], AdvLoss:[2.3110]
Train Iter:[280/563], CauLoss:[1.7819], AdvLoss:[2.1344]
Train Iter:[420/563], CauLoss:[1.8006], AdvLoss:[2.0790]
Train Iter:[560/563], CauLoss:[1.7990], AdvLoss:[2.0802]
--------------------------------------------------------------------------------------------------------------------------------------------------------------------------------------------------------
Epoch:[21/100], CauAdvLoss:[1.7987/2.0776], valid:[73.30], test:[59.03]
--------------------------------------------------------------------------------------------------------------------------------------------------------------------------------------------------------
Train Iter:[0  /563], CauLoss:[2.2342], AdvLoss:[1.9558]
Train Iter:[140/563], CauLoss:[1.8085], AdvLoss:[2.9222]
Train Iter:[280/563], CauLoss:[1.7879], AdvLoss:[2.4737]
Train Iter:[420/563], CauLoss:[1.7899], AdvLoss:[2.3509]
Train Iter:[560/563], CauLoss:[1.7929], AdvLoss:[2.2648]
--------------------------------------------------------------------------------------------------------------------------------------------------------------------------------------------------------
Epoch:[22/100], CauAdvLoss:[1.7923/2.2644], valid:[54.70], test:[40.53]
--------------------------------------------------------------------------------------------------------------------------------------------------------------------------------------------------------
Train Iter:[0  /563], CauLoss:[1.5022], AdvLoss:[2.0488]
Train Iter:[140/563], CauLoss:[1.8167], AdvLoss:[2.0376]
Train Iter:[280/563], CauLoss:[1.7910], AdvLoss:[2.2236]
Train Iter:[420/563], CauLoss:[1.7858], AdvLoss:[2.2745]
Train Iter:[560/563], CauLoss:[1.7942], AdvLoss:[2.2318]
--------------------------------------------------------------------------------------------------------------------------------------------------------------------------------------------------------
Epoch:[23/100], CauAdvLoss:[1.7924/2.2302], valid:[62.93], test:[56.27]
--------------------------------------------------------------------------------------------------------------------------------------------------------------------------------------------------------
Train Iter:[0  /563], CauLoss:[2.3231], AdvLoss:[0.7809]
Train Iter:[140/563], CauLoss:[1.8152], AdvLoss:[2.0890]
Train Iter:[280/563], CauLoss:[1.7891], AdvLoss:[2.1475]
Train Iter:[420/563], CauLoss:[1.7777], AdvLoss:[2.1532]
Train Iter:[560/563], CauLoss:[1.7871], AdvLoss:[2.1944]
--------------------------------------------------------------------------------------------------------------------------------------------------------------------------------------------------------
Epoch:[24/100], CauAdvLoss:[1.7882/2.1950], valid:[59.07], test:[48.87]
--------------------------------------------------------------------------------------------------------------------------------------------------------------------------------------------------------
Train Iter:[0  /563], CauLoss:[2.1901], AdvLoss:[2.2497]
Train Iter:[140/563], CauLoss:[1.7844], AdvLoss:[1.9438]
Train Iter:[280/563], CauLoss:[1.7979], AdvLoss:[2.0741]
Train Iter:[420/563], CauLoss:[1.7999], AdvLoss:[2.2539]
Train Iter:[560/563], CauLoss:[1.7876], AdvLoss:[2.2555]
--------------------------------------------------------------------------------------------------------------------------------------------------------------------------------------------------------
Epoch:[25/100], CauAdvLoss:[1.7877/2.2522], valid:[57.13], test:[42.10]
--------------------------------------------------------------------------------------------------------------------------------------------------------------------------------------------------------
Train Iter:[0  /563], CauLoss:[1.4830], AdvLoss:[2.6843]
Train Iter:[140/563], CauLoss:[1.7896], AdvLoss:[2.1618]
Train Iter:[280/563], CauLoss:[1.7702], AdvLoss:[2.2073]
Train Iter:[420/563], CauLoss:[1.7629], AdvLoss:[2.2651]
Train Iter:[560/563], CauLoss:[1.7761], AdvLoss:[2.2178]
--------------------------------------------------------------------------------------------------------------------------------------------------------------------------------------------------------
Epoch:[26/100], CauAdvLoss:[1.7764/2.2161], valid:[56.43], test:[48.17]
--------------------------------------------------------------------------------------------------------------------------------------------------------------------------------------------------------
Train Iter:[0  /563], CauLoss:[1.7712], AdvLoss:[1.2617]
Train Iter:[140/563], CauLoss:[1.7972], AdvLoss:[2.1025]
Train Iter:[280/563], CauLoss:[1.7908], AdvLoss:[2.1579]
Train Iter:[420/563], CauLoss:[1.7941], AdvLoss:[2.1796]
Train Iter:[560/563], CauLoss:[1.7910], AdvLoss:[1.7524]
--------------------------------------------------------------------------------------------------------------------------------------------------------------------------------------------------------
Epoch:[27/100], CauAdvLoss:[1.7898/1.7466], valid:[51.60], test:[44.10]
--------------------------------------------------------------------------------------------------------------------------------------------------------------------------------------------------------
Train Iter:[0  /563], CauLoss:[1.5367], AdvLoss:[0.1533]
Train Iter:[140/563], CauLoss:[1.7612], AdvLoss:[1.2095]
Train Iter:[280/563], CauLoss:[1.7876], AdvLoss:[1.4570]
Train Iter:[420/563], CauLoss:[1.8030], AdvLoss:[1.4817]
Train Iter:[560/563], CauLoss:[1.7973], AdvLoss:[1.5052]
--------------------------------------------------------------------------------------------------------------------------------------------------------------------------------------------------------
Epoch:[28/100], CauAdvLoss:[1.7975/1.5050], valid:[49.37], test:[38.63]
--------------------------------------------------------------------------------------------------------------------------------------------------------------------------------------------------------
Train Iter:[0  /563], CauLoss:[1.5197], AdvLoss:[1.1872]
Train Iter:[140/563], CauLoss:[1.7754], AdvLoss:[1.6383]
Train Iter:[280/563], CauLoss:[1.7844], AdvLoss:[1.5693]
Train Iter:[420/563], CauLoss:[1.7858], AdvLoss:[1.5421]
Train Iter:[560/563], CauLoss:[1.7887], AdvLoss:[1.5248]
--------------------------------------------------------------------------------------------------------------------------------------------------------------------------------------------------------
Epoch:[29/100], CauAdvLoss:[1.7914/1.5240], valid:[61.87], test:[35.63]
--------------------------------------------------------------------------------------------------------------------------------------------------------------------------------------------------------
Train Iter:[0  /563], CauLoss:[1.7283], AdvLoss:[1.6043]
Train Iter:[140/563], CauLoss:[1.7704], AdvLoss:[1.5296]
Train Iter:[280/563], CauLoss:[1.7872], AdvLoss:[1.4993]
Train Iter:[420/563], CauLoss:[1.7865], AdvLoss:[1.5271]
Train Iter:[560/563], CauLoss:[1.7749], AdvLoss:[1.4943]
--------------------------------------------------------------------------------------------------------------------------------------------------------------------------------------------------------
Epoch:[30/100], CauAdvLoss:[1.7743/1.4944], valid:[58.13], test:[40.53]
--------------------------------------------------------------------------------------------------------------------------------------------------------------------------------------------------------
Train Iter:[0  /563], CauLoss:[2.5632], AdvLoss:[1.4721]
Train Iter:[140/563], CauLoss:[1.7855], AdvLoss:[1.4163]
Train Iter:[280/563], CauLoss:[1.7765], AdvLoss:[1.5321]
Train Iter:[420/563], CauLoss:[1.7782], AdvLoss:[1.4922]
Train Iter:[560/563], CauLoss:[1.7747], AdvLoss:[1.5244]
--------------------------------------------------------------------------------------------------------------------------------------------------------------------------------------------------------
Epoch:[31/100], CauAdvLoss:[1.7743/1.5265], valid:[51.43], test:[38.03]
--------------------------------------------------------------------------------------------------------------------------------------------------------------------------------------------------------
Train Iter:[0  /563], CauLoss:[2.0529], AdvLoss:[2.1230]
Train Iter:[140/563], CauLoss:[1.8186], AdvLoss:[1.9038]
Train Iter:[280/563], CauLoss:[1.7937], AdvLoss:[2.0109]
Train Iter:[420/563], CauLoss:[1.7761], AdvLoss:[2.0264]
Train Iter:[560/563], CauLoss:[1.7825], AdvLoss:[2.0424]
--------------------------------------------------------------------------------------------------------------------------------------------------------------------------------------------------------
Epoch:[32/100], CauAdvLoss:[1.7848/2.0435], valid:[69.13], test:[41.93]
--------------------------------------------------------------------------------------------------------------------------------------------------------------------------------------------------------
Train Iter:[0  /563], CauLoss:[2.4289], AdvLoss:[1.4892]
Train Iter:[140/563], CauLoss:[1.7808], AdvLoss:[1.9377]
Train Iter:[280/563], CauLoss:[1.7775], AdvLoss:[1.8909]
Train Iter:[420/563], CauLoss:[1.7744], AdvLoss:[1.9151]
Train Iter:[560/563], CauLoss:[1.7728], AdvLoss:[1.9150]
--------------------------------------------------------------------------------------------------------------------------------------------------------------------------------------------------------
Epoch:[33/100], CauAdvLoss:[1.7713/1.9143], valid:[76.03], test:[36.70]
--------------------------------------------------------------------------------------------------------------------------------------------------------------------------------------------------------
Train Iter:[0  /563], CauLoss:[1.3300], AdvLoss:[1.4404]
Train Iter:[140/563], CauLoss:[1.7583], AdvLoss:[2.1645]
Train Iter:[280/563], CauLoss:[1.7497], AdvLoss:[2.1039]
Train Iter:[420/563], CauLoss:[1.7371], AdvLoss:[2.0551]
Train Iter:[560/563], CauLoss:[1.7593], AdvLoss:[2.0577]
--------------------------------------------------------------------------------------------------------------------------------------------------------------------------------------------------------
Epoch:[34/100], CauAdvLoss:[1.7605/2.0557], valid:[66.47], test:[33.87]
--------------------------------------------------------------------------------------------------------------------------------------------------------------------------------------------------------
Train Iter:[0  /563], CauLoss:[1.6926], AdvLoss:[2.0542]
Train Iter:[140/563], CauLoss:[1.7280], AdvLoss:[1.8884]
Train Iter:[280/563], CauLoss:[1.7506], AdvLoss:[1.8974]
Train Iter:[420/563], CauLoss:[1.7676], AdvLoss:[1.9564]
Train Iter:[560/563], CauLoss:[1.7637], AdvLoss:[1.9722]
--------------------------------------------------------------------------------------------------------------------------------------------------------------------------------------------------------
Epoch:[35/100], CauAdvLoss:[1.7649/1.9733], valid:[35.70], test:[34.43]
--------------------------------------------------------------------------------------------------------------------------------------------------------------------------------------------------------
Train Iter:[0  /563], CauLoss:[1.4073], AdvLoss:[3.0733]
Train Iter:[140/563], CauLoss:[1.7441], AdvLoss:[1.8167]
Train Iter:[280/563], CauLoss:[1.7406], AdvLoss:[1.9321]
Train Iter:[420/563], CauLoss:[1.7648], AdvLoss:[1.8918]
Train Iter:[560/563], CauLoss:[1.7706], AdvLoss:[1.8975]
--------------------------------------------------------------------------------------------------------------------------------------------------------------------------------------------------------
Epoch:[36/100], CauAdvLoss:[1.7693/1.8980], valid:[49.23], test:[36.17]
--------------------------------------------------------------------------------------------------------------------------------------------------------------------------------------------------------
Train Iter:[0  /563], CauLoss:[1.4789], AdvLoss:[1.9276]
Train Iter:[140/563], CauLoss:[1.7289], AdvLoss:[1.8020]
Train Iter:[280/563], CauLoss:[1.7560], AdvLoss:[1.8274]
Train Iter:[420/563], CauLoss:[1.7418], AdvLoss:[1.8875]
Train Iter:[560/563], CauLoss:[1.7507], AdvLoss:[1.8778]
--------------------------------------------------------------------------------------------------------------------------------------------------------------------------------------------------------
Epoch:[37/100], CauAdvLoss:[1.7508/1.8758], valid:[68.07], test:[37.00]
--------------------------------------------------------------------------------------------------------------------------------------------------------------------------------------------------------
Train Iter:[0  /563], CauLoss:[1.6018], AdvLoss:[1.5542]
Train Iter:[140/563], CauLoss:[1.7290], AdvLoss:[1.7689]
Train Iter:[280/563], CauLoss:[1.7459], AdvLoss:[1.7573]
Train Iter:[420/563], CauLoss:[1.7574], AdvLoss:[1.6763]
Train Iter:[560/563], CauLoss:[1.7556], AdvLoss:[1.7330]
--------------------------------------------------------------------------------------------------------------------------------------------------------------------------------------------------------
Epoch:[38/100], CauAdvLoss:[1.7543/1.7338], valid:[79.10], test:[46.40]
--------------------------------------------------------------------------------------------------------------------------------------------------------------------------------------------------------
Train Iter:[0  /563], CauLoss:[1.2004], AdvLoss:[2.1311]
Train Iter:[140/563], CauLoss:[1.7410], AdvLoss:[2.0093]
Train Iter:[280/563], CauLoss:[1.7571], AdvLoss:[1.9947]
Train Iter:[420/563], CauLoss:[1.7450], AdvLoss:[1.9000]
Train Iter:[560/563], CauLoss:[1.7477], AdvLoss:[1.8560]
--------------------------------------------------------------------------------------------------------------------------------------------------------------------------------------------------------
Epoch:[39/100], CauAdvLoss:[1.7469/1.8547], valid:[63.90], test:[34.43]
--------------------------------------------------------------------------------------------------------------------------------------------------------------------------------------------------------
Train Iter:[0  /563], CauLoss:[2.0724], AdvLoss:[1.4310]
Train Iter:[140/563], CauLoss:[1.7883], AdvLoss:[1.7483]
Train Iter:[280/563], CauLoss:[1.7559], AdvLoss:[1.7645]
Train Iter:[420/563], CauLoss:[1.7543], AdvLoss:[1.7254]
Train Iter:[560/563], CauLoss:[1.7565], AdvLoss:[1.7187]
--------------------------------------------------------------------------------------------------------------------------------------------------------------------------------------------------------
Epoch:[40/100], CauAdvLoss:[1.7564/1.7184], valid:[80.43], test:[44.93]
--------------------------------------------------------------------------------------------------------------------------------------------------------------------------------------------------------
Train Iter:[0  /563], CauLoss:[1.9647], AdvLoss:[2.2992]
Train Iter:[140/563], CauLoss:[1.7295], AdvLoss:[1.7572]
Train Iter:[280/563], CauLoss:[1.7335], AdvLoss:[1.7633]
Train Iter:[420/563], CauLoss:[1.7527], AdvLoss:[1.7825]
Train Iter:[560/563], CauLoss:[1.7487], AdvLoss:[1.7689]
--------------------------------------------------------------------------------------------------------------------------------------------------------------------------------------------------------
Epoch:[41/100], CauAdvLoss:[1.7482/1.7690], valid:[77.83], test:[44.37]
--------------------------------------------------------------------------------------------------------------------------------------------------------------------------------------------------------
Train Iter:[0  /563], CauLoss:[1.2646], AdvLoss:[2.0010]
Train Iter:[140/563], CauLoss:[1.7361], AdvLoss:[1.8554]
Train Iter:[280/563], CauLoss:[1.7398], AdvLoss:[1.8683]
Train Iter:[420/563], CauLoss:[1.7599], AdvLoss:[1.8726]
Train Iter:[560/563], CauLoss:[1.7521], AdvLoss:[1.8501]
--------------------------------------------------------------------------------------------------------------------------------------------------------------------------------------------------------
Epoch:[42/100], CauAdvLoss:[1.7507/1.8497], valid:[78.70], test:[52.57]
--------------------------------------------------------------------------------------------------------------------------------------------------------------------------------------------------------
Train Iter:[0  /563], CauLoss:[1.6656], AdvLoss:[1.6633]
Train Iter:[140/563], CauLoss:[1.7535], AdvLoss:[1.8394]
Train Iter:[280/563], CauLoss:[1.7622], AdvLoss:[1.8355]
Train Iter:[420/563], CauLoss:[1.7516], AdvLoss:[1.8884]
Train Iter:[560/563], CauLoss:[1.7499], AdvLoss:[1.9078]
--------------------------------------------------------------------------------------------------------------------------------------------------------------------------------------------------------
Epoch:[43/100], CauAdvLoss:[1.7500/1.9068], valid:[60.00], test:[49.43]
--------------------------------------------------------------------------------------------------------------------------------------------------------------------------------------------------------
Train Iter:[0  /563], CauLoss:[1.5497], AdvLoss:[1.4622]
Train Iter:[140/563], CauLoss:[1.7685], AdvLoss:[2.0565]
Train Iter:[280/563], CauLoss:[1.7733], AdvLoss:[1.9662]
Train Iter:[420/563], CauLoss:[1.7596], AdvLoss:[1.9766]
Train Iter:[560/563], CauLoss:[1.7444], AdvLoss:[1.9903]
--------------------------------------------------------------------------------------------------------------------------------------------------------------------------------------------------------
Epoch:[44/100], CauAdvLoss:[1.7452/1.9891], valid:[80.83], test:[63.20]
--------------------------------------------------------------------------------------------------------------------------------------------------------------------------------------------------------
Train Iter:[0  /563], CauLoss:[2.0564], AdvLoss:[1.8007]
Train Iter:[140/563], CauLoss:[1.7581], AdvLoss:[1.8553]
Train Iter:[280/563], CauLoss:[1.7381], AdvLoss:[1.8650]
Train Iter:[420/563], CauLoss:[1.7424], AdvLoss:[1.9074]
Train Iter:[560/563], CauLoss:[1.7395], AdvLoss:[1.9034]
--------------------------------------------------------------------------------------------------------------------------------------------------------------------------------------------------------
Epoch:[45/100], CauAdvLoss:[1.7407/1.9038], valid:[69.93], test:[45.23]
--------------------------------------------------------------------------------------------------------------------------------------------------------------------------------------------------------
Train Iter:[0  /563], CauLoss:[1.5074], AdvLoss:[1.5786]
Train Iter:[140/563], CauLoss:[1.7256], AdvLoss:[1.9135]
Train Iter:[280/563], CauLoss:[1.7440], AdvLoss:[1.8877]
Train Iter:[420/563], CauLoss:[1.7352], AdvLoss:[1.9576]
Train Iter:[560/563], CauLoss:[1.7408], AdvLoss:[1.9795]
--------------------------------------------------------------------------------------------------------------------------------------------------------------------------------------------------------
Epoch:[46/100], CauAdvLoss:[1.7404/1.9795], valid:[71.23], test:[45.17]
--------------------------------------------------------------------------------------------------------------------------------------------------------------------------------------------------------
Train Iter:[0  /563], CauLoss:[1.6445], AdvLoss:[1.8852]
Train Iter:[140/563], CauLoss:[1.7517], AdvLoss:[1.8906]
Train Iter:[280/563], CauLoss:[1.7536], AdvLoss:[1.8619]
Train Iter:[420/563], CauLoss:[1.7397], AdvLoss:[1.8451]
Train Iter:[560/563], CauLoss:[1.7320], AdvLoss:[1.9171]
--------------------------------------------------------------------------------------------------------------------------------------------------------------------------------------------------------
Epoch:[47/100], CauAdvLoss:[1.7343/1.9185], valid:[80.57], test:[43.43]
--------------------------------------------------------------------------------------------------------------------------------------------------------------------------------------------------------
Train Iter:[0  /563], CauLoss:[1.9298], AdvLoss:[2.1223]
Train Iter:[140/563], CauLoss:[1.7588], AdvLoss:[2.0077]
Train Iter:[280/563], CauLoss:[1.7399], AdvLoss:[1.9476]
Train Iter:[420/563], CauLoss:[1.7395], AdvLoss:[1.9579]
Train Iter:[560/563], CauLoss:[1.7405], AdvLoss:[1.9577]
--------------------------------------------------------------------------------------------------------------------------------------------------------------------------------------------------------
Epoch:[48/100], CauAdvLoss:[1.7418/1.9583], valid:[73.33], test:[42.80]
--------------------------------------------------------------------------------------------------------------------------------------------------------------------------------------------------------
Train Iter:[0  /563], CauLoss:[1.8543], AdvLoss:[1.8022]
Train Iter:[140/563], CauLoss:[1.7103], AdvLoss:[1.7978]
Train Iter:[280/563], CauLoss:[1.7251], AdvLoss:[1.9572]
Train Iter:[420/563], CauLoss:[1.7354], AdvLoss:[1.9487]
Train Iter:[560/563], CauLoss:[1.7365], AdvLoss:[1.9103]
--------------------------------------------------------------------------------------------------------------------------------------------------------------------------------------------------------
Epoch:[49/100], CauAdvLoss:[1.7369/1.9093], valid:[80.53], test:[62.80]
--------------------------------------------------------------------------------------------------------------------------------------------------------------------------------------------------------
Train Iter:[0  /563], CauLoss:[1.4144], AdvLoss:[2.7525]
Train Iter:[140/563], CauLoss:[1.7672], AdvLoss:[1.9595]
Train Iter:[280/563], CauLoss:[1.7269], AdvLoss:[1.9174]
Train Iter:[420/563], CauLoss:[1.7349], AdvLoss:[1.9433]
Train Iter:[560/563], CauLoss:[1.7349], AdvLoss:[1.9370]
--------------------------------------------------------------------------------------------------------------------------------------------------------------------------------------------------------
Epoch:[50/100], CauAdvLoss:[1.7352/1.9368], valid:[78.50], test:[54.57]
--------------------------------------------------------------------------------------------------------------------------------------------------------------------------------------------------------
Train Iter:[0  /563], CauLoss:[1.5778], AdvLoss:[2.1413]
Train Iter:[140/563], CauLoss:[1.7734], AdvLoss:[1.9069]
Train Iter:[280/563], CauLoss:[1.7530], AdvLoss:[1.9750]
Train Iter:[420/563], CauLoss:[1.7537], AdvLoss:[1.9499]
Train Iter:[560/563], CauLoss:[1.7350], AdvLoss:[1.9093]
--------------------------------------------------------------------------------------------------------------------------------------------------------------------------------------------------------
Epoch:[51/100], CauAdvLoss:[1.7376/1.9088], valid:[77.97], test:[60.77]
--------------------------------------------------------------------------------------------------------------------------------------------------------------------------------------------------------
Train Iter:[0  /563], CauLoss:[1.1537], AdvLoss:[1.9308]
Train Iter:[140/563], CauLoss:[1.7451], AdvLoss:[1.7108]
Train Iter:[280/563], CauLoss:[1.7430], AdvLoss:[1.6715]
Train Iter:[420/563], CauLoss:[1.7326], AdvLoss:[1.7885]
Train Iter:[560/563], CauLoss:[1.7271], AdvLoss:[1.8431]
--------------------------------------------------------------------------------------------------------------------------------------------------------------------------------------------------------
Epoch:[52/100], CauAdvLoss:[1.7265/1.8414], valid:[81.53], test:[47.10]
--------------------------------------------------------------------------------------------------------------------------------------------------------------------------------------------------------
Train Iter:[0  /563], CauLoss:[1.6832], AdvLoss:[1.6853]
Train Iter:[140/563], CauLoss:[1.7121], AdvLoss:[1.7637]
Train Iter:[280/563], CauLoss:[1.7034], AdvLoss:[1.8457]
Train Iter:[420/563], CauLoss:[1.7100], AdvLoss:[1.9047]
Train Iter:[560/563], CauLoss:[1.7207], AdvLoss:[1.9047]
--------------------------------------------------------------------------------------------------------------------------------------------------------------------------------------------------------
Epoch:[53/100], CauAdvLoss:[1.7203/1.9055], valid:[76.63], test:[46.63]
--------------------------------------------------------------------------------------------------------------------------------------------------------------------------------------------------------
Train Iter:[0  /563], CauLoss:[2.0881], AdvLoss:[1.6374]
Train Iter:[140/563], CauLoss:[1.7830], AdvLoss:[1.8911]
Train Iter:[280/563], CauLoss:[1.7491], AdvLoss:[1.8631]
Train Iter:[420/563], CauLoss:[1.7329], AdvLoss:[1.9335]
Train Iter:[560/563], CauLoss:[1.7345], AdvLoss:[1.9926]
--------------------------------------------------------------------------------------------------------------------------------------------------------------------------------------------------------
Epoch:[54/100], CauAdvLoss:[1.7345/1.9940], valid:[80.13], test:[58.47]
--------------------------------------------------------------------------------------------------------------------------------------------------------------------------------------------------------
Train Iter:[0  /563], CauLoss:[1.6376], AdvLoss:[1.9322]
Train Iter:[140/563], CauLoss:[1.7178], AdvLoss:[1.8974]
Train Iter:[280/563], CauLoss:[1.7310], AdvLoss:[1.9103]
Train Iter:[420/563], CauLoss:[1.7361], AdvLoss:[1.9825]
Train Iter:[560/563], CauLoss:[1.7325], AdvLoss:[1.9711]
--------------------------------------------------------------------------------------------------------------------------------------------------------------------------------------------------------
Epoch:[55/100], CauAdvLoss:[1.7308/1.9705], valid:[72.23], test:[45.73]
--------------------------------------------------------------------------------------------------------------------------------------------------------------------------------------------------------
Train Iter:[0  /563], CauLoss:[1.3463], AdvLoss:[1.3780]
Train Iter:[140/563], CauLoss:[1.6883], AdvLoss:[2.0527]
Train Iter:[280/563], CauLoss:[1.6894], AdvLoss:[1.9488]
Train Iter:[420/563], CauLoss:[1.7139], AdvLoss:[1.9304]
Train Iter:[560/563], CauLoss:[1.7200], AdvLoss:[1.9271]
--------------------------------------------------------------------------------------------------------------------------------------------------------------------------------------------------------
Epoch:[56/100], CauAdvLoss:[1.7198/1.9280], valid:[75.33], test:[48.77]
--------------------------------------------------------------------------------------------------------------------------------------------------------------------------------------------------------
Train Iter:[0  /563], CauLoss:[1.8513], AdvLoss:[1.7202]
Train Iter:[140/563], CauLoss:[1.7091], AdvLoss:[1.9989]
Train Iter:[280/563], CauLoss:[1.7046], AdvLoss:[2.0521]
Train Iter:[420/563], CauLoss:[1.7123], AdvLoss:[2.0801]
Train Iter:[560/563], CauLoss:[1.7194], AdvLoss:[2.0667]
--------------------------------------------------------------------------------------------------------------------------------------------------------------------------------------------------------
Epoch:[57/100], CauAdvLoss:[1.7203/2.0638], valid:[80.37], test:[52.53]
--------------------------------------------------------------------------------------------------------------------------------------------------------------------------------------------------------
Train Iter:[0  /563], CauLoss:[1.7356], AdvLoss:[2.1336]
Train Iter:[140/563], CauLoss:[1.7187], AdvLoss:[1.8170]
Train Iter:[280/563], CauLoss:[1.7157], AdvLoss:[1.9929]
Train Iter:[420/563], CauLoss:[1.7203], AdvLoss:[1.9752]
Train Iter:[560/563], CauLoss:[1.7176], AdvLoss:[1.9394]
--------------------------------------------------------------------------------------------------------------------------------------------------------------------------------------------------------
Epoch:[58/100], CauAdvLoss:[1.7194/1.9382], valid:[79.43], test:[55.70]
--------------------------------------------------------------------------------------------------------------------------------------------------------------------------------------------------------
Train Iter:[0  /563], CauLoss:[1.7413], AdvLoss:[2.0184]
Train Iter:[140/563], CauLoss:[1.7443], AdvLoss:[1.5713]
Train Iter:[280/563], CauLoss:[1.7422], AdvLoss:[1.6913]
Train Iter:[420/563], CauLoss:[1.7290], AdvLoss:[1.7240]
Train Iter:[560/563], CauLoss:[1.7296], AdvLoss:[1.7547]
--------------------------------------------------------------------------------------------------------------------------------------------------------------------------------------------------------
Epoch:[59/100], CauAdvLoss:[1.7292/1.7566], valid:[75.77], test:[46.30]
--------------------------------------------------------------------------------------------------------------------------------------------------------------------------------------------------------
Train Iter:[0  /563], CauLoss:[1.8191], AdvLoss:[1.6711]
Train Iter:[140/563], CauLoss:[1.7202], AdvLoss:[1.7868]
Train Iter:[280/563], CauLoss:[1.7167], AdvLoss:[1.7997]
Train Iter:[420/563], CauLoss:[1.7153], AdvLoss:[1.7997]
Train Iter:[560/563], CauLoss:[1.7189], AdvLoss:[1.8128]
--------------------------------------------------------------------------------------------------------------------------------------------------------------------------------------------------------
Epoch:[60/100], CauAdvLoss:[1.7189/1.8144], valid:[80.30], test:[56.27]
--------------------------------------------------------------------------------------------------------------------------------------------------------------------------------------------------------
Train Iter:[0  /563], CauLoss:[1.4020], AdvLoss:[1.6549]
Train Iter:[140/563], CauLoss:[1.7189], AdvLoss:[1.8422]
Train Iter:[280/563], CauLoss:[1.7005], AdvLoss:[1.8509]
Train Iter:[420/563], CauLoss:[1.7072], AdvLoss:[1.9030]
Train Iter:[560/563], CauLoss:[1.7185], AdvLoss:[1.8833]
--------------------------------------------------------------------------------------------------------------------------------------------------------------------------------------------------------
Epoch:[61/100], CauAdvLoss:[1.7179/1.8841], valid:[79.30], test:[48.13]
--------------------------------------------------------------------------------------------------------------------------------------------------------------------------------------------------------
Train Iter:[0  /563], CauLoss:[1.4742], AdvLoss:[1.4201]
Train Iter:[140/563], CauLoss:[1.6951], AdvLoss:[2.0451]
Train Iter:[280/563], CauLoss:[1.7040], AdvLoss:[1.9689]
Train Iter:[420/563], CauLoss:[1.7185], AdvLoss:[1.9361]
Train Iter:[560/563], CauLoss:[1.7181], AdvLoss:[1.9482]
--------------------------------------------------------------------------------------------------------------------------------------------------------------------------------------------------------
Epoch:[62/100], CauAdvLoss:[1.7184/1.9493], valid:[71.67], test:[41.23]
--------------------------------------------------------------------------------------------------------------------------------------------------------------------------------------------------------
Train Iter:[0  /563], CauLoss:[1.6644], AdvLoss:[1.9448]
Train Iter:[140/563], CauLoss:[1.7800], AdvLoss:[1.8364]
Train Iter:[280/563], CauLoss:[1.7137], AdvLoss:[1.8741]
Train Iter:[420/563], CauLoss:[1.7125], AdvLoss:[1.8580]
Train Iter:[560/563], CauLoss:[1.7146], AdvLoss:[1.9095]
--------------------------------------------------------------------------------------------------------------------------------------------------------------------------------------------------------
Epoch:[63/100], CauAdvLoss:[1.7145/1.9099], valid:[79.17], test:[49.13]
--------------------------------------------------------------------------------------------------------------------------------------------------------------------------------------------------------
Train Iter:[0  /563], CauLoss:[1.3861], AdvLoss:[2.5635]
Train Iter:[140/563], CauLoss:[1.7269], AdvLoss:[2.1593]
Train Iter:[280/563], CauLoss:[1.7277], AdvLoss:[2.1479]
Train Iter:[420/563], CauLoss:[1.7223], AdvLoss:[2.0924]
Train Iter:[560/563], CauLoss:[1.7182], AdvLoss:[2.0884]
--------------------------------------------------------------------------------------------------------------------------------------------------------------------------------------------------------
Epoch:[64/100], CauAdvLoss:[1.7179/2.0877], valid:[76.83], test:[48.37]
--------------------------------------------------------------------------------------------------------------------------------------------------------------------------------------------------------
Train Iter:[0  /563], CauLoss:[1.7483], AdvLoss:[1.5052]
Train Iter:[140/563], CauLoss:[1.6964], AdvLoss:[1.7450]
Train Iter:[280/563], CauLoss:[1.7161], AdvLoss:[1.7695]
Train Iter:[420/563], CauLoss:[1.7212], AdvLoss:[1.9214]
Train Iter:[560/563], CauLoss:[1.7149], AdvLoss:[2.0429]
--------------------------------------------------------------------------------------------------------------------------------------------------------------------------------------------------------
Epoch:[65/100], CauAdvLoss:[1.7142/2.0450], valid:[81.03], test:[57.00]
--------------------------------------------------------------------------------------------------------------------------------------------------------------------------------------------------------
Train Iter:[0  /563], CauLoss:[1.7469], AdvLoss:[2.9345]
Train Iter:[140/563], CauLoss:[1.7303], AdvLoss:[2.1290]
Train Iter:[280/563], CauLoss:[1.7106], AdvLoss:[2.1818]
Train Iter:[420/563], CauLoss:[1.7131], AdvLoss:[2.1642]
Train Iter:[560/563], CauLoss:[1.7106], AdvLoss:[2.1659]
--------------------------------------------------------------------------------------------------------------------------------------------------------------------------------------------------------
Epoch:[66/100], CauAdvLoss:[1.7092/2.1661], valid:[79.63], test:[61.57]
--------------------------------------------------------------------------------------------------------------------------------------------------------------------------------------------------------
Train Iter:[0  /563], CauLoss:[1.4767], AdvLoss:[2.1557]
Train Iter:[140/563], CauLoss:[1.7153], AdvLoss:[1.9645]
Train Iter:[280/563], CauLoss:[1.6999], AdvLoss:[1.9370]
Train Iter:[420/563], CauLoss:[1.7059], AdvLoss:[2.0439]
Train Iter:[560/563], CauLoss:[1.7024], AdvLoss:[2.0376]
--------------------------------------------------------------------------------------------------------------------------------------------------------------------------------------------------------
Epoch:[67/100], CauAdvLoss:[1.7024/2.0386], valid:[79.87], test:[50.23]
--------------------------------------------------------------------------------------------------------------------------------------------------------------------------------------------------------
Train Iter:[0  /563], CauLoss:[1.7019], AdvLoss:[2.1446]
Train Iter:[140/563], CauLoss:[1.7241], AdvLoss:[2.1377]
Train Iter:[280/563], CauLoss:[1.7176], AdvLoss:[2.1355]
Train Iter:[420/563], CauLoss:[1.7211], AdvLoss:[2.0997]
Train Iter:[560/563], CauLoss:[1.7073], AdvLoss:[2.1050]
--------------------------------------------------------------------------------------------------------------------------------------------------------------------------------------------------------
Epoch:[68/100], CauAdvLoss:[1.7064/2.1054], valid:[68.63], test:[50.33]
--------------------------------------------------------------------------------------------------------------------------------------------------------------------------------------------------------
Train Iter:[0  /563], CauLoss:[1.5134], AdvLoss:[2.0327]
Train Iter:[140/563], CauLoss:[1.6805], AdvLoss:[2.1802]
Train Iter:[280/563], CauLoss:[1.7078], AdvLoss:[2.2023]
Train Iter:[420/563], CauLoss:[1.7007], AdvLoss:[2.2278]
Train Iter:[560/563], CauLoss:[1.7045], AdvLoss:[2.2023]
--------------------------------------------------------------------------------------------------------------------------------------------------------------------------------------------------------
Epoch:[69/100], CauAdvLoss:[1.7043/2.2010], valid:[71.70], test:[50.97]
--------------------------------------------------------------------------------------------------------------------------------------------------------------------------------------------------------
Train Iter:[0  /563], CauLoss:[1.2079], AdvLoss:[1.9845]
Train Iter:[140/563], CauLoss:[1.7001], AdvLoss:[2.0048]
Train Iter:[280/563], CauLoss:[1.7082], AdvLoss:[2.0640]
Train Iter:[420/563], CauLoss:[1.7108], AdvLoss:[2.0881]
Train Iter:[560/563], CauLoss:[1.7110], AdvLoss:[2.0573]
--------------------------------------------------------------------------------------------------------------------------------------------------------------------------------------------------------
Epoch:[70/100], CauAdvLoss:[1.7129/2.0582], valid:[78.70], test:[57.13]
--------------------------------------------------------------------------------------------------------------------------------------------------------------------------------------------------------
Train Iter:[0  /563], CauLoss:[1.8930], AdvLoss:[2.1342]
Train Iter:[140/563], CauLoss:[1.6565], AdvLoss:[2.0729]
Train Iter:[280/563], CauLoss:[1.6855], AdvLoss:[2.0871]
Train Iter:[420/563], CauLoss:[1.7061], AdvLoss:[2.0225]
Train Iter:[560/563], CauLoss:[1.7071], AdvLoss:[2.0019]
--------------------------------------------------------------------------------------------------------------------------------------------------------------------------------------------------------
Epoch:[71/100], CauAdvLoss:[1.7072/2.0011], valid:[79.27], test:[53.73]
--------------------------------------------------------------------------------------------------------------------------------------------------------------------------------------------------------
Train Iter:[0  /563], CauLoss:[1.3851], AdvLoss:[1.8161]
Train Iter:[140/563], CauLoss:[1.6564], AdvLoss:[1.8108]
Train Iter:[280/563], CauLoss:[1.6739], AdvLoss:[1.9392]
Train Iter:[420/563], CauLoss:[1.6967], AdvLoss:[1.9452]
Train Iter:[560/563], CauLoss:[1.7101], AdvLoss:[1.9303]
--------------------------------------------------------------------------------------------------------------------------------------------------------------------------------------------------------
Epoch:[72/100], CauAdvLoss:[1.7093/1.9311], valid:[80.40], test:[48.13]
--------------------------------------------------------------------------------------------------------------------------------------------------------------------------------------------------------
Train Iter:[0  /563], CauLoss:[1.5199], AdvLoss:[2.6100]
Train Iter:[140/563], CauLoss:[1.7038], AdvLoss:[2.1217]
Train Iter:[280/563], CauLoss:[1.6938], AdvLoss:[2.1257]
Train Iter:[420/563], CauLoss:[1.6965], AdvLoss:[2.0921]
Train Iter:[560/563], CauLoss:[1.7081], AdvLoss:[2.0526]
--------------------------------------------------------------------------------------------------------------------------------------------------------------------------------------------------------
Epoch:[73/100], CauAdvLoss:[1.7080/2.0526], valid:[82.57], test:[51.43]
--------------------------------------------------------------------------------------------------------------------------------------------------------------------------------------------------------
Train Iter:[0  /563], CauLoss:[1.1949], AdvLoss:[2.9617]
Train Iter:[140/563], CauLoss:[1.6863], AdvLoss:[2.1107]
Train Iter:[280/563], CauLoss:[1.7065], AdvLoss:[2.1352]
Train Iter:[420/563], CauLoss:[1.7020], AdvLoss:[2.1585]
Train Iter:[560/563], CauLoss:[1.7042], AdvLoss:[2.1436]
--------------------------------------------------------------------------------------------------------------------------------------------------------------------------------------------------------
Epoch:[74/100], CauAdvLoss:[1.7048/2.1430], valid:[80.57], test:[53.37]
--------------------------------------------------------------------------------------------------------------------------------------------------------------------------------------------------------
Train Iter:[0  /563], CauLoss:[1.7358], AdvLoss:[2.0742]
Train Iter:[140/563], CauLoss:[1.7158], AdvLoss:[2.1161]
Train Iter:[280/563], CauLoss:[1.6994], AdvLoss:[2.1022]
Train Iter:[420/563], CauLoss:[1.6972], AdvLoss:[2.1200]
Train Iter:[560/563], CauLoss:[1.6979], AdvLoss:[2.1007]
--------------------------------------------------------------------------------------------------------------------------------------------------------------------------------------------------------
Epoch:[75/100], CauAdvLoss:[1.6969/2.0993], valid:[74.10], test:[46.67]
--------------------------------------------------------------------------------------------------------------------------------------------------------------------------------------------------------
Train Iter:[0  /563], CauLoss:[1.4127], AdvLoss:[1.8677]
Train Iter:[140/563], CauLoss:[1.7086], AdvLoss:[1.9010]
Train Iter:[280/563], CauLoss:[1.7367], AdvLoss:[1.9290]
Train Iter:[420/563], CauLoss:[1.7265], AdvLoss:[1.9585]
Train Iter:[560/563], CauLoss:[1.7128], AdvLoss:[1.9915]
--------------------------------------------------------------------------------------------------------------------------------------------------------------------------------------------------------
Epoch:[76/100], CauAdvLoss:[1.7114/1.9931], valid:[81.53], test:[60.80]
--------------------------------------------------------------------------------------------------------------------------------------------------------------------------------------------------------
Train Iter:[0  /563], CauLoss:[2.1769], AdvLoss:[1.6801]
Train Iter:[140/563], CauLoss:[1.6843], AdvLoss:[2.0878]
Train Iter:[280/563], CauLoss:[1.6859], AdvLoss:[2.0822]
Train Iter:[420/563], CauLoss:[1.7000], AdvLoss:[2.0382]
Train Iter:[560/563], CauLoss:[1.7032], AdvLoss:[2.0171]
--------------------------------------------------------------------------------------------------------------------------------------------------------------------------------------------------------
Epoch:[77/100], CauAdvLoss:[1.7018/2.0172], valid:[78.73], test:[48.67]
--------------------------------------------------------------------------------------------------------------------------------------------------------------------------------------------------------
Train Iter:[0  /563], CauLoss:[1.7139], AdvLoss:[2.0523]
Train Iter:[140/563], CauLoss:[1.7044], AdvLoss:[2.0345]
Train Iter:[280/563], CauLoss:[1.6860], AdvLoss:[2.0195]
Train Iter:[420/563], CauLoss:[1.6840], AdvLoss:[2.0571]
Train Iter:[560/563], CauLoss:[1.6923], AdvLoss:[2.0397]
--------------------------------------------------------------------------------------------------------------------------------------------------------------------------------------------------------
Epoch:[78/100], CauAdvLoss:[1.6917/2.0394], valid:[79.67], test:[46.50]
--------------------------------------------------------------------------------------------------------------------------------------------------------------------------------------------------------
Train Iter:[0  /563], CauLoss:[1.4964], AdvLoss:[2.1546]
Train Iter:[140/563], CauLoss:[1.7321], AdvLoss:[1.9113]
Train Iter:[280/563], CauLoss:[1.7038], AdvLoss:[1.8934]
Train Iter:[420/563], CauLoss:[1.7068], AdvLoss:[1.9255]
Train Iter:[560/563], CauLoss:[1.6971], AdvLoss:[1.9475]
--------------------------------------------------------------------------------------------------------------------------------------------------------------------------------------------------------
Epoch:[79/100], CauAdvLoss:[1.6966/1.9474], valid:[82.93], test:[47.07]
--------------------------------------------------------------------------------------------------------------------------------------------------------------------------------------------------------
Train Iter:[0  /563], CauLoss:[2.1808], AdvLoss:[1.8762]
Train Iter:[140/563], CauLoss:[1.7075], AdvLoss:[1.9799]
Train Iter:[280/563], CauLoss:[1.6995], AdvLoss:[1.9800]
Train Iter:[420/563], CauLoss:[1.7055], AdvLoss:[2.0187]
Train Iter:[560/563], CauLoss:[1.6964], AdvLoss:[2.0473]
--------------------------------------------------------------------------------------------------------------------------------------------------------------------------------------------------------
Epoch:[80/100], CauAdvLoss:[1.6946/2.0467], valid:[82.60], test:[47.20]
--------------------------------------------------------------------------------------------------------------------------------------------------------------------------------------------------------
Train Iter:[0  /563], CauLoss:[1.8456], AdvLoss:[1.8365]
Train Iter:[140/563], CauLoss:[1.6792], AdvLoss:[2.1301]
Train Iter:[280/563], CauLoss:[1.7166], AdvLoss:[2.0982]
Train Iter:[420/563], CauLoss:[1.7063], AdvLoss:[2.1126]
Train Iter:[560/563], CauLoss:[1.7017], AdvLoss:[2.1253]
--------------------------------------------------------------------------------------------------------------------------------------------------------------------------------------------------------
Epoch:[81/100], CauAdvLoss:[1.6999/2.1240], valid:[83.03], test:[52.23]
--------------------------------------------------------------------------------------------------------------------------------------------------------------------------------------------------------
Train Iter:[0  /563], CauLoss:[1.6666], AdvLoss:[2.5775]
Train Iter:[140/563], CauLoss:[1.7019], AdvLoss:[2.1775]
Train Iter:[280/563], CauLoss:[1.6953], AdvLoss:[2.1524]
Train Iter:[420/563], CauLoss:[1.6927], AdvLoss:[2.1131]
Train Iter:[560/563], CauLoss:[1.6936], AdvLoss:[2.0916]
--------------------------------------------------------------------------------------------------------------------------------------------------------------------------------------------------------
Epoch:[82/100], CauAdvLoss:[1.6936/2.0917], valid:[79.40], test:[46.90]
--------------------------------------------------------------------------------------------------------------------------------------------------------------------------------------------------------
Train Iter:[0  /563], CauLoss:[1.8570], AdvLoss:[1.9394]
Train Iter:[140/563], CauLoss:[1.7067], AdvLoss:[1.9616]
Train Iter:[280/563], CauLoss:[1.6820], AdvLoss:[1.9766]
Train Iter:[420/563], CauLoss:[1.6910], AdvLoss:[2.0380]
Train Iter:[560/563], CauLoss:[1.6939], AdvLoss:[2.0733]
--------------------------------------------------------------------------------------------------------------------------------------------------------------------------------------------------------
Epoch:[83/100], CauAdvLoss:[1.6944/2.0734], valid:[81.37], test:[51.13]
--------------------------------------------------------------------------------------------------------------------------------------------------------------------------------------------------------
Train Iter:[0  /563], CauLoss:[1.9544], AdvLoss:[1.3437]
Train Iter:[140/563], CauLoss:[1.6694], AdvLoss:[2.1495]
Train Iter:[280/563], CauLoss:[1.6761], AdvLoss:[2.1326]
Train Iter:[420/563], CauLoss:[1.6979], AdvLoss:[2.1107]
Train Iter:[560/563], CauLoss:[1.6932], AdvLoss:[2.0945]
--------------------------------------------------------------------------------------------------------------------------------------------------------------------------------------------------------
Epoch:[84/100], CauAdvLoss:[1.6922/2.0955], valid:[77.37], test:[47.77]
--------------------------------------------------------------------------------------------------------------------------------------------------------------------------------------------------------
Train Iter:[0  /563], CauLoss:[2.5495], AdvLoss:[2.6477]
Train Iter:[140/563], CauLoss:[1.6780], AdvLoss:[2.0357]
Train Iter:[280/563], CauLoss:[1.6893], AdvLoss:[2.0690]
Train Iter:[420/563], CauLoss:[1.6872], AdvLoss:[2.0449]
Train Iter:[560/563], CauLoss:[1.6923], AdvLoss:[2.0278]
--------------------------------------------------------------------------------------------------------------------------------------------------------------------------------------------------------
Epoch:[85/100], CauAdvLoss:[1.6910/2.0288], valid:[81.83], test:[49.40]
--------------------------------------------------------------------------------------------------------------------------------------------------------------------------------------------------------
Train Iter:[0  /563], CauLoss:[1.4212], AdvLoss:[2.2194]
Train Iter:[140/563], CauLoss:[1.6960], AdvLoss:[1.9543]
Train Iter:[280/563], CauLoss:[1.7071], AdvLoss:[1.9979]
Train Iter:[420/563], CauLoss:[1.6901], AdvLoss:[2.0207]
Train Iter:[560/563], CauLoss:[1.6960], AdvLoss:[2.0291]
--------------------------------------------------------------------------------------------------------------------------------------------------------------------------------------------------------
Epoch:[86/100], CauAdvLoss:[1.6961/2.0300], valid:[81.87], test:[49.60]
--------------------------------------------------------------------------------------------------------------------------------------------------------------------------------------------------------
Train Iter:[0  /563], CauLoss:[2.1387], AdvLoss:[2.0591]
Train Iter:[140/563], CauLoss:[1.7291], AdvLoss:[2.0377]
Train Iter:[280/563], CauLoss:[1.7047], AdvLoss:[1.9814]
Train Iter:[420/563], CauLoss:[1.6940], AdvLoss:[1.9867]
Train Iter:[560/563], CauLoss:[1.6933], AdvLoss:[2.0354]
--------------------------------------------------------------------------------------------------------------------------------------------------------------------------------------------------------
Epoch:[87/100], CauAdvLoss:[1.6935/2.0364], valid:[82.97], test:[49.90]
--------------------------------------------------------------------------------------------------------------------------------------------------------------------------------------------------------
Train Iter:[0  /563], CauLoss:[1.6513], AdvLoss:[2.4115]
Train Iter:[140/563], CauLoss:[1.7023], AdvLoss:[2.0401]
Train Iter:[280/563], CauLoss:[1.6910], AdvLoss:[2.0074]
Train Iter:[420/563], CauLoss:[1.6843], AdvLoss:[2.0286]
Train Iter:[560/563], CauLoss:[1.6864], AdvLoss:[2.0392]
--------------------------------------------------------------------------------------------------------------------------------------------------------------------------------------------------------
Epoch:[88/100], CauAdvLoss:[1.6863/2.0383], valid:[83.27], test:[43.90]
--------------------------------------------------------------------------------------------------------------------------------------------------------------------------------------------------------
Train Iter:[0  /563], CauLoss:[1.3595], AdvLoss:[1.6234]
Train Iter:[140/563], CauLoss:[1.6840], AdvLoss:[2.1181]
Train Iter:[280/563], CauLoss:[1.6958], AdvLoss:[2.1297]
Train Iter:[420/563], CauLoss:[1.7031], AdvLoss:[2.1336]
Train Iter:[560/563], CauLoss:[1.6924], AdvLoss:[2.1163]
--------------------------------------------------------------------------------------------------------------------------------------------------------------------------------------------------------
Epoch:[89/100], CauAdvLoss:[1.6929/2.1149], valid:[80.37], test:[53.57]
--------------------------------------------------------------------------------------------------------------------------------------------------------------------------------------------------------
Train Iter:[0  /563], CauLoss:[1.4036], AdvLoss:[1.9067]
Train Iter:[140/563], CauLoss:[1.7090], AdvLoss:[2.0718]
Train Iter:[280/563], CauLoss:[1.7070], AdvLoss:[2.1205]
Train Iter:[420/563], CauLoss:[1.6819], AdvLoss:[2.1049]
Train Iter:[560/563], CauLoss:[1.6900], AdvLoss:[2.1047]
--------------------------------------------------------------------------------------------------------------------------------------------------------------------------------------------------------
Epoch:[90/100], CauAdvLoss:[1.6906/2.1050], valid:[80.43], test:[55.03]
--------------------------------------------------------------------------------------------------------------------------------------------------------------------------------------------------------
Train Iter:[0  /563], CauLoss:[1.3964], AdvLoss:[2.5802]
Train Iter:[140/563], CauLoss:[1.7195], AdvLoss:[2.0292]
Train Iter:[280/563], CauLoss:[1.7062], AdvLoss:[2.0559]
Train Iter:[420/563], CauLoss:[1.7024], AdvLoss:[2.0990]
Train Iter:[560/563], CauLoss:[1.6885], AdvLoss:[2.0941]
--------------------------------------------------------------------------------------------------------------------------------------------------------------------------------------------------------
Epoch:[91/100], CauAdvLoss:[1.6904/2.0920], valid:[81.10], test:[51.13]
--------------------------------------------------------------------------------------------------------------------------------------------------------------------------------------------------------
Train Iter:[0  /563], CauLoss:[1.8558], AdvLoss:[1.7691]
Train Iter:[140/563], CauLoss:[1.7214], AdvLoss:[2.0166]
Train Iter:[280/563], CauLoss:[1.7145], AdvLoss:[2.0685]
Train Iter:[420/563], CauLoss:[1.6987], AdvLoss:[2.0749]
Train Iter:[560/563], CauLoss:[1.6867], AdvLoss:[2.0673]
--------------------------------------------------------------------------------------------------------------------------------------------------------------------------------------------------------
Epoch:[92/100], CauAdvLoss:[1.6872/2.0668], valid:[79.70], test:[53.10]
--------------------------------------------------------------------------------------------------------------------------------------------------------------------------------------------------------
Train Iter:[0  /563], CauLoss:[1.8170], AdvLoss:[2.1928]
Train Iter:[140/563], CauLoss:[1.7365], AdvLoss:[2.0444]
Train Iter:[280/563], CauLoss:[1.7135], AdvLoss:[2.0261]
Train Iter:[420/563], CauLoss:[1.6928], AdvLoss:[2.0450]
Train Iter:[560/563], CauLoss:[1.6905], AdvLoss:[2.0572]
--------------------------------------------------------------------------------------------------------------------------------------------------------------------------------------------------------
Epoch:[93/100], CauAdvLoss:[1.6899/2.0575], valid:[82.23], test:[49.30]
--------------------------------------------------------------------------------------------------------------------------------------------------------------------------------------------------------
Train Iter:[0  /563], CauLoss:[1.3566], AdvLoss:[2.1077]
Train Iter:[140/563], CauLoss:[1.6761], AdvLoss:[2.1108]
Train Iter:[280/563], CauLoss:[1.6861], AdvLoss:[2.0407]
Train Iter:[420/563], CauLoss:[1.6820], AdvLoss:[2.0286]
Train Iter:[560/563], CauLoss:[1.6934], AdvLoss:[2.0314]
--------------------------------------------------------------------------------------------------------------------------------------------------------------------------------------------------------
Epoch:[94/100], CauAdvLoss:[1.6930/2.0321], valid:[83.00], test:[49.30]
--------------------------------------------------------------------------------------------------------------------------------------------------------------------------------------------------------
Train Iter:[0  /563], CauLoss:[1.3393], AdvLoss:[2.0090]
Train Iter:[140/563], CauLoss:[1.6783], AdvLoss:[2.0481]
Train Iter:[280/563], CauLoss:[1.6839], AdvLoss:[2.0401]
Train Iter:[420/563], CauLoss:[1.6924], AdvLoss:[2.0269]
Train Iter:[560/563], CauLoss:[1.6877], AdvLoss:[2.0367]
--------------------------------------------------------------------------------------------------------------------------------------------------------------------------------------------------------
Epoch:[95/100], CauAdvLoss:[1.6875/2.0366], valid:[83.87], test:[50.03]
--------------------------------------------------------------------------------------------------------------------------------------------------------------------------------------------------------
Train Iter:[0  /563], CauLoss:[1.4098], AdvLoss:[1.9752]
Train Iter:[140/563], CauLoss:[1.6940], AdvLoss:[2.0322]
Train Iter:[280/563], CauLoss:[1.7026], AdvLoss:[2.0566]
Train Iter:[420/563], CauLoss:[1.6902], AdvLoss:[2.0670]
Train Iter:[560/563], CauLoss:[1.6862], AdvLoss:[2.0628]
--------------------------------------------------------------------------------------------------------------------------------------------------------------------------------------------------------
Epoch:[96/100], CauAdvLoss:[1.6868/2.0618], valid:[78.50], test:[50.77]
--------------------------------------------------------------------------------------------------------------------------------------------------------------------------------------------------------
Train Iter:[0  /563], CauLoss:[1.5386], AdvLoss:[1.8087]
Train Iter:[140/563], CauLoss:[1.6975], AdvLoss:[2.0627]
Train Iter:[280/563], CauLoss:[1.6909], AdvLoss:[2.0840]
Train Iter:[420/563], CauLoss:[1.6837], AdvLoss:[2.0830]
Train Iter:[560/563], CauLoss:[1.6904], AdvLoss:[2.0628]
--------------------------------------------------------------------------------------------------------------------------------------------------------------------------------------------------------
Epoch:[97/100], CauAdvLoss:[1.6909/2.0627], valid:[82.97], test:[50.23]
--------------------------------------------------------------------------------------------------------------------------------------------------------------------------------------------------------
Train Iter:[0  /563], CauLoss:[2.0426], AdvLoss:[1.9323]
Train Iter:[140/563], CauLoss:[1.6227], AdvLoss:[2.0593]
Train Iter:[280/563], CauLoss:[1.6802], AdvLoss:[2.0371]
Train Iter:[420/563], CauLoss:[1.6802], AdvLoss:[2.0463]
Train Iter:[560/563], CauLoss:[1.6854], AdvLoss:[2.0462]
--------------------------------------------------------------------------------------------------------------------------------------------------------------------------------------------------------
Epoch:[98/100], CauAdvLoss:[1.6840/2.0467], valid:[81.53], test:[50.87]
--------------------------------------------------------------------------------------------------------------------------------------------------------------------------------------------------------
Train Iter:[0  /563], CauLoss:[1.3754], AdvLoss:[1.9932]
Train Iter:[140/563], CauLoss:[1.7111], AdvLoss:[2.0686]
Train Iter:[280/563], CauLoss:[1.6806], AdvLoss:[2.0572]
Train Iter:[420/563], CauLoss:[1.6876], AdvLoss:[2.0630]
Train Iter:[560/563], CauLoss:[1.6805], AdvLoss:[2.0602]
--------------------------------------------------------------------------------------------------------------------------------------------------------------------------------------------------------
Epoch:[99/100], CauAdvLoss:[1.6813/2.0609], valid:[81.47], test:[48.83]
--------------------------------------------------------------------------------------------------------------------------------------------------------------------------------------------------------
Train Iter:[0  /563], CauLoss:[1.5978], AdvLoss:[2.3298]
Train Iter:[140/563], CauLoss:[1.6938], AdvLoss:[2.0978]
Train Iter:[280/563], CauLoss:[1.7017], AdvLoss:[2.0773]
Train Iter:[420/563], CauLoss:[1.6928], AdvLoss:[2.0672]
Train Iter:[560/563], CauLoss:[1.6888], AdvLoss:[2.0617]
--------------------------------------------------------------------------------------------------------------------------------------------------------------------------------------------------------
Epoch:[100/100], CauAdvLoss:[1.6877/2.0636], valid:[81.13], test:[49.87]
--------------------------------------------------------------------------------------------------------------------------------------------------------------------------------------------------------
Update test:[50.03] at epoch:[95] | Total time:00:29:31
Train Iter:[0  /563], CauLoss:[3.2607], AdvLoss:[0.5103]
Train Iter:[140/563], CauLoss:[3.0528], AdvLoss:[0.8272]
Train Iter:[280/563], CauLoss:[2.7591], AdvLoss:[0.8092]
Train Iter:[420/563], CauLoss:[2.6087], AdvLoss:[0.7838]
Train Iter:[560/563], CauLoss:[2.4950], AdvLoss:[0.7541]
--------------------------------------------------------------------------------------------------------------------------------------------------------------------------------------------------------
Epoch:[1/100], CauAdvLoss:[2.4925/0.7537], valid:[59.97], test:[49.97]
--------------------------------------------------------------------------------------------------------------------------------------------------------------------------------------------------------
Train Iter:[0  /563], CauLoss:[1.9202], AdvLoss:[0.4616]
Train Iter:[140/563], CauLoss:[2.1032], AdvLoss:[0.9092]
Train Iter:[280/563], CauLoss:[2.0926], AdvLoss:[0.9519]
Train Iter:[420/563], CauLoss:[2.0704], AdvLoss:[1.0063]
Train Iter:[560/563], CauLoss:[2.0701], AdvLoss:[1.0143]
--------------------------------------------------------------------------------------------------------------------------------------------------------------------------------------------------------
Epoch:[2/100], CauAdvLoss:[2.0699/1.0146], valid:[44.00], test:[41.13]
--------------------------------------------------------------------------------------------------------------------------------------------------------------------------------------------------------
Train Iter:[0  /563], CauLoss:[1.7727], AdvLoss:[0.8481]
Train Iter:[140/563], CauLoss:[2.0240], AdvLoss:[0.9676]
Train Iter:[280/563], CauLoss:[1.9897], AdvLoss:[1.0976]
Train Iter:[420/563], CauLoss:[2.0032], AdvLoss:[1.0567]
Train Iter:[560/563], CauLoss:[2.0015], AdvLoss:[1.0371]
--------------------------------------------------------------------------------------------------------------------------------------------------------------------------------------------------------
Epoch:[3/100], CauAdvLoss:[2.0006/1.0372], valid:[62.30], test:[45.33]
--------------------------------------------------------------------------------------------------------------------------------------------------------------------------------------------------------
Train Iter:[0  /563], CauLoss:[1.6040], AdvLoss:[1.0706]
Train Iter:[140/563], CauLoss:[2.0079], AdvLoss:[1.1245]
Train Iter:[280/563], CauLoss:[1.9998], AdvLoss:[0.9662]
Train Iter:[420/563], CauLoss:[1.9938], AdvLoss:[0.9148]
Train Iter:[560/563], CauLoss:[1.9901], AdvLoss:[0.9194]
--------------------------------------------------------------------------------------------------------------------------------------------------------------------------------------------------------
Epoch:[4/100], CauAdvLoss:[1.9923/0.9206], valid:[72.77], test:[54.73]
--------------------------------------------------------------------------------------------------------------------------------------------------------------------------------------------------------
Train Iter:[0  /563], CauLoss:[2.5140], AdvLoss:[2.0698]
Train Iter:[140/563], CauLoss:[1.9665], AdvLoss:[1.3498]
Train Iter:[280/563], CauLoss:[1.9714], AdvLoss:[1.2837]
Train Iter:[420/563], CauLoss:[1.9674], AdvLoss:[1.1845]
Train Iter:[560/563], CauLoss:[1.9684], AdvLoss:[1.1533]
--------------------------------------------------------------------------------------------------------------------------------------------------------------------------------------------------------
Epoch:[5/100], CauAdvLoss:[1.9681/1.1521], valid:[63.57], test:[49.03]
--------------------------------------------------------------------------------------------------------------------------------------------------------------------------------------------------------
Train Iter:[0  /563], CauLoss:[1.6012], AdvLoss:[1.4336]
Train Iter:[140/563], CauLoss:[1.9659], AdvLoss:[1.1159]
Train Iter:[280/563], CauLoss:[1.9740], AdvLoss:[1.0656]
Train Iter:[420/563], CauLoss:[1.9505], AdvLoss:[1.1745]
Train Iter:[560/563], CauLoss:[1.9471], AdvLoss:[1.2640]
--------------------------------------------------------------------------------------------------------------------------------------------------------------------------------------------------------
Epoch:[6/100], CauAdvLoss:[1.9481/1.2671], valid:[66.43], test:[48.37]
--------------------------------------------------------------------------------------------------------------------------------------------------------------------------------------------------------
Train Iter:[0  /563], CauLoss:[1.6348], AdvLoss:[0.9056]
Train Iter:[140/563], CauLoss:[1.9363], AdvLoss:[1.5681]
Train Iter:[280/563], CauLoss:[1.9486], AdvLoss:[1.4813]
Train Iter:[420/563], CauLoss:[1.9349], AdvLoss:[1.4728]
Train Iter:[560/563], CauLoss:[1.9379], AdvLoss:[1.4373]
--------------------------------------------------------------------------------------------------------------------------------------------------------------------------------------------------------
Epoch:[7/100], CauAdvLoss:[1.9364/1.4365], valid:[70.20], test:[50.53]
--------------------------------------------------------------------------------------------------------------------------------------------------------------------------------------------------------
Train Iter:[0  /563], CauLoss:[2.4158], AdvLoss:[1.4308]
Train Iter:[140/563], CauLoss:[1.8827], AdvLoss:[1.5219]
Train Iter:[280/563], CauLoss:[1.9354], AdvLoss:[1.5476]
Train Iter:[420/563], CauLoss:[1.9209], AdvLoss:[1.5469]
Train Iter:[560/563], CauLoss:[1.9188], AdvLoss:[1.5575]
--------------------------------------------------------------------------------------------------------------------------------------------------------------------------------------------------------
Epoch:[8/100], CauAdvLoss:[1.9194/1.5609], valid:[69.67], test:[38.13]
--------------------------------------------------------------------------------------------------------------------------------------------------------------------------------------------------------
Train Iter:[0  /563], CauLoss:[1.9055], AdvLoss:[2.1147]
Train Iter:[140/563], CauLoss:[1.8939], AdvLoss:[1.6345]
Train Iter:[280/563], CauLoss:[1.9116], AdvLoss:[1.5598]
Train Iter:[420/563], CauLoss:[1.9057], AdvLoss:[1.6190]
Train Iter:[560/563], CauLoss:[1.9016], AdvLoss:[1.6443]
--------------------------------------------------------------------------------------------------------------------------------------------------------------------------------------------------------
Epoch:[9/100], CauAdvLoss:[1.9011/1.6473], valid:[74.47], test:[51.73]
--------------------------------------------------------------------------------------------------------------------------------------------------------------------------------------------------------
Train Iter:[0  /563], CauLoss:[1.9816], AdvLoss:[2.0627]
Train Iter:[140/563], CauLoss:[1.8976], AdvLoss:[1.8118]
Train Iter:[280/563], CauLoss:[1.8823], AdvLoss:[1.7075]
Train Iter:[420/563], CauLoss:[1.8922], AdvLoss:[1.6884]
Train Iter:[560/563], CauLoss:[1.8977], AdvLoss:[1.6392]
--------------------------------------------------------------------------------------------------------------------------------------------------------------------------------------------------------
Epoch:[10/100], CauAdvLoss:[1.8976/1.6415], valid:[75.23], test:[57.87]
--------------------------------------------------------------------------------------------------------------------------------------------------------------------------------------------------------
Train Iter:[0  /563], CauLoss:[1.8539], AdvLoss:[1.9181]
Train Iter:[140/563], CauLoss:[1.8881], AdvLoss:[1.5898]
Train Iter:[280/563], CauLoss:[1.8966], AdvLoss:[1.6406]
Train Iter:[420/563], CauLoss:[1.9031], AdvLoss:[1.5822]
Train Iter:[560/563], CauLoss:[1.8905], AdvLoss:[1.6234]
--------------------------------------------------------------------------------------------------------------------------------------------------------------------------------------------------------
Epoch:[11/100], CauAdvLoss:[1.8901/1.6263], valid:[67.90], test:[39.30]
--------------------------------------------------------------------------------------------------------------------------------------------------------------------------------------------------------
Train Iter:[0  /563], CauLoss:[2.0705], AdvLoss:[2.5245]
Train Iter:[140/563], CauLoss:[1.9279], AdvLoss:[1.5109]
Train Iter:[280/563], CauLoss:[1.9080], AdvLoss:[1.5936]
Train Iter:[420/563], CauLoss:[1.8835], AdvLoss:[1.6380]
Train Iter:[560/563], CauLoss:[1.8724], AdvLoss:[1.7157]
--------------------------------------------------------------------------------------------------------------------------------------------------------------------------------------------------------
Epoch:[12/100], CauAdvLoss:[1.8716/1.7139], valid:[70.97], test:[38.10]
--------------------------------------------------------------------------------------------------------------------------------------------------------------------------------------------------------
Train Iter:[0  /563], CauLoss:[2.3674], AdvLoss:[2.0992]
Train Iter:[140/563], CauLoss:[1.9225], AdvLoss:[1.5378]
Train Iter:[280/563], CauLoss:[1.8920], AdvLoss:[1.5718]
Train Iter:[420/563], CauLoss:[1.8846], AdvLoss:[1.6084]
Train Iter:[560/563], CauLoss:[1.8853], AdvLoss:[1.6315]
--------------------------------------------------------------------------------------------------------------------------------------------------------------------------------------------------------
Epoch:[13/100], CauAdvLoss:[1.8852/1.6310], valid:[68.93], test:[51.17]
--------------------------------------------------------------------------------------------------------------------------------------------------------------------------------------------------------
Train Iter:[0  /563], CauLoss:[1.6594], AdvLoss:[1.8649]
Train Iter:[140/563], CauLoss:[1.8917], AdvLoss:[1.5996]
Train Iter:[280/563], CauLoss:[1.8753], AdvLoss:[1.6648]
Train Iter:[420/563], CauLoss:[1.8625], AdvLoss:[1.7543]
Train Iter:[560/563], CauLoss:[1.8662], AdvLoss:[1.7996]
--------------------------------------------------------------------------------------------------------------------------------------------------------------------------------------------------------
Epoch:[14/100], CauAdvLoss:[1.8661/1.8019], valid:[58.70], test:[42.57]
--------------------------------------------------------------------------------------------------------------------------------------------------------------------------------------------------------
Train Iter:[0  /563], CauLoss:[2.4257], AdvLoss:[1.4372]
Train Iter:[140/563], CauLoss:[1.8174], AdvLoss:[2.1603]
Train Iter:[280/563], CauLoss:[1.8292], AdvLoss:[2.0513]
Train Iter:[420/563], CauLoss:[1.8474], AdvLoss:[1.9352]
Train Iter:[560/563], CauLoss:[1.8534], AdvLoss:[1.8487]
--------------------------------------------------------------------------------------------------------------------------------------------------------------------------------------------------------
Epoch:[15/100], CauAdvLoss:[1.8533/1.8480], valid:[57.37], test:[46.00]
--------------------------------------------------------------------------------------------------------------------------------------------------------------------------------------------------------
Train Iter:[0  /563], CauLoss:[1.3103], AdvLoss:[1.2473]
Train Iter:[140/563], CauLoss:[1.9026], AdvLoss:[1.5179]
Train Iter:[280/563], CauLoss:[1.8689], AdvLoss:[1.4574]
Train Iter:[420/563], CauLoss:[1.8650], AdvLoss:[1.4938]
Train Iter:[560/563], CauLoss:[1.8448], AdvLoss:[1.5793]
--------------------------------------------------------------------------------------------------------------------------------------------------------------------------------------------------------
Epoch:[16/100], CauAdvLoss:[1.8455/1.5786], valid:[73.67], test:[49.70]
--------------------------------------------------------------------------------------------------------------------------------------------------------------------------------------------------------
Train Iter:[0  /563], CauLoss:[1.4504], AdvLoss:[1.4427]
Train Iter:[140/563], CauLoss:[1.8038], AdvLoss:[1.5028]
Train Iter:[280/563], CauLoss:[1.8401], AdvLoss:[1.5564]
Train Iter:[420/563], CauLoss:[1.8339], AdvLoss:[1.6127]
Train Iter:[560/563], CauLoss:[1.8401], AdvLoss:[1.5911]
--------------------------------------------------------------------------------------------------------------------------------------------------------------------------------------------------------
Epoch:[17/100], CauAdvLoss:[1.8413/1.5902], valid:[53.97], test:[33.57]
--------------------------------------------------------------------------------------------------------------------------------------------------------------------------------------------------------
Train Iter:[0  /563], CauLoss:[1.9834], AdvLoss:[0.9480]
Train Iter:[140/563], CauLoss:[1.8259], AdvLoss:[1.7876]
Train Iter:[280/563], CauLoss:[1.8050], AdvLoss:[1.7084]
Train Iter:[420/563], CauLoss:[1.8214], AdvLoss:[1.5928]
Train Iter:[560/563], CauLoss:[1.8226], AdvLoss:[1.5751]
--------------------------------------------------------------------------------------------------------------------------------------------------------------------------------------------------------
Epoch:[18/100], CauAdvLoss:[1.8229/1.5744], valid:[47.50], test:[32.93]
--------------------------------------------------------------------------------------------------------------------------------------------------------------------------------------------------------
Train Iter:[0  /563], CauLoss:[2.3625], AdvLoss:[0.6985]
Train Iter:[140/563], CauLoss:[1.8263], AdvLoss:[1.4623]
Train Iter:[280/563], CauLoss:[1.8230], AdvLoss:[1.5796]
Train Iter:[420/563], CauLoss:[1.8197], AdvLoss:[1.5350]
Train Iter:[560/563], CauLoss:[1.8201], AdvLoss:[1.5173]
--------------------------------------------------------------------------------------------------------------------------------------------------------------------------------------------------------
Epoch:[19/100], CauAdvLoss:[1.8244/1.5179], valid:[63.63], test:[46.97]
--------------------------------------------------------------------------------------------------------------------------------------------------------------------------------------------------------
Train Iter:[0  /563], CauLoss:[2.2446], AdvLoss:[2.7319]
Train Iter:[140/563], CauLoss:[1.8509], AdvLoss:[1.6908]
Train Iter:[280/563], CauLoss:[1.8294], AdvLoss:[1.6895]
Train Iter:[420/563], CauLoss:[1.8263], AdvLoss:[1.6865]
Train Iter:[560/563], CauLoss:[1.8321], AdvLoss:[1.6210]
--------------------------------------------------------------------------------------------------------------------------------------------------------------------------------------------------------
Epoch:[20/100], CauAdvLoss:[1.8324/1.6209], valid:[57.77], test:[38.63]
--------------------------------------------------------------------------------------------------------------------------------------------------------------------------------------------------------
Train Iter:[0  /563], CauLoss:[1.8450], AdvLoss:[1.5079]
Train Iter:[140/563], CauLoss:[1.7831], AdvLoss:[1.5090]
Train Iter:[280/563], CauLoss:[1.8091], AdvLoss:[1.5762]
Train Iter:[420/563], CauLoss:[1.8098], AdvLoss:[1.5455]
Train Iter:[560/563], CauLoss:[1.8074], AdvLoss:[1.5628]
--------------------------------------------------------------------------------------------------------------------------------------------------------------------------------------------------------
Epoch:[21/100], CauAdvLoss:[1.8060/1.5639], valid:[63.77], test:[42.17]
--------------------------------------------------------------------------------------------------------------------------------------------------------------------------------------------------------
Train Iter:[0  /563], CauLoss:[2.1458], AdvLoss:[2.4372]
Train Iter:[140/563], CauLoss:[1.8201], AdvLoss:[1.6745]
Train Iter:[280/563], CauLoss:[1.8298], AdvLoss:[1.5725]
Train Iter:[420/563], CauLoss:[1.8237], AdvLoss:[1.5147]
Train Iter:[560/563], CauLoss:[1.8110], AdvLoss:[1.4966]
--------------------------------------------------------------------------------------------------------------------------------------------------------------------------------------------------------
Epoch:[22/100], CauAdvLoss:[1.8105/1.4967], valid:[47.23], test:[37.60]
--------------------------------------------------------------------------------------------------------------------------------------------------------------------------------------------------------
Train Iter:[0  /563], CauLoss:[1.7888], AdvLoss:[1.5287]
Train Iter:[140/563], CauLoss:[1.8180], AdvLoss:[1.3469]
Train Iter:[280/563], CauLoss:[1.8130], AdvLoss:[1.4005]
Train Iter:[420/563], CauLoss:[1.8058], AdvLoss:[1.3701]
Train Iter:[560/563], CauLoss:[1.8053], AdvLoss:[1.4446]
--------------------------------------------------------------------------------------------------------------------------------------------------------------------------------------------------------
Epoch:[23/100], CauAdvLoss:[1.8080/1.4447], valid:[48.93], test:[38.67]
--------------------------------------------------------------------------------------------------------------------------------------------------------------------------------------------------------
Train Iter:[0  /563], CauLoss:[1.7222], AdvLoss:[1.4121]
Train Iter:[140/563], CauLoss:[1.7905], AdvLoss:[1.7559]
Train Iter:[280/563], CauLoss:[1.7671], AdvLoss:[1.6991]
Train Iter:[420/563], CauLoss:[1.7952], AdvLoss:[1.6194]
Train Iter:[560/563], CauLoss:[1.8003], AdvLoss:[1.5474]
--------------------------------------------------------------------------------------------------------------------------------------------------------------------------------------------------------
Epoch:[24/100], CauAdvLoss:[1.8022/1.5480], valid:[57.93], test:[34.40]
--------------------------------------------------------------------------------------------------------------------------------------------------------------------------------------------------------
Train Iter:[0  /563], CauLoss:[1.9079], AdvLoss:[1.5640]
Train Iter:[140/563], CauLoss:[1.7678], AdvLoss:[1.5990]
Train Iter:[280/563], CauLoss:[1.7838], AdvLoss:[1.5732]
Train Iter:[420/563], CauLoss:[1.7968], AdvLoss:[1.5179]
Train Iter:[560/563], CauLoss:[1.7957], AdvLoss:[1.5221]
--------------------------------------------------------------------------------------------------------------------------------------------------------------------------------------------------------
Epoch:[25/100], CauAdvLoss:[1.7950/1.5213], valid:[39.67], test:[33.90]
--------------------------------------------------------------------------------------------------------------------------------------------------------------------------------------------------------
Train Iter:[0  /563], CauLoss:[1.9485], AdvLoss:[1.2967]
Train Iter:[140/563], CauLoss:[1.7892], AdvLoss:[1.2953]
Train Iter:[280/563], CauLoss:[1.7987], AdvLoss:[1.3307]
Train Iter:[420/563], CauLoss:[1.7952], AdvLoss:[1.3167]
Train Iter:[560/563], CauLoss:[1.7878], AdvLoss:[1.3704]
--------------------------------------------------------------------------------------------------------------------------------------------------------------------------------------------------------
Epoch:[26/100], CauAdvLoss:[1.7883/1.3706], valid:[50.03], test:[42.33]
--------------------------------------------------------------------------------------------------------------------------------------------------------------------------------------------------------
Train Iter:[0  /563], CauLoss:[1.4006], AdvLoss:[1.5609]
Train Iter:[140/563], CauLoss:[1.7852], AdvLoss:[1.4598]
Train Iter:[280/563], CauLoss:[1.7918], AdvLoss:[1.4390]
Train Iter:[420/563], CauLoss:[1.7961], AdvLoss:[1.3760]
Train Iter:[560/563], CauLoss:[1.7859], AdvLoss:[1.3670]
--------------------------------------------------------------------------------------------------------------------------------------------------------------------------------------------------------
Epoch:[27/100], CauAdvLoss:[1.7864/1.3688], valid:[57.77], test:[44.53]
--------------------------------------------------------------------------------------------------------------------------------------------------------------------------------------------------------
Train Iter:[0  /563], CauLoss:[1.3904], AdvLoss:[1.6700]
Train Iter:[140/563], CauLoss:[1.7579], AdvLoss:[1.4974]
Train Iter:[280/563], CauLoss:[1.7771], AdvLoss:[1.5666]
Train Iter:[420/563], CauLoss:[1.7736], AdvLoss:[1.5288]
Train Iter:[560/563], CauLoss:[1.7751], AdvLoss:[1.5071]
--------------------------------------------------------------------------------------------------------------------------------------------------------------------------------------------------------
Epoch:[28/100], CauAdvLoss:[1.7767/1.5074], valid:[54.93], test:[51.90]
--------------------------------------------------------------------------------------------------------------------------------------------------------------------------------------------------------
Train Iter:[0  /563], CauLoss:[1.4478], AdvLoss:[1.2120]
Train Iter:[140/563], CauLoss:[1.7426], AdvLoss:[1.5370]
Train Iter:[280/563], CauLoss:[1.7704], AdvLoss:[1.5507]
Train Iter:[420/563], CauLoss:[1.7699], AdvLoss:[1.5387]
Train Iter:[560/563], CauLoss:[1.7740], AdvLoss:[1.5374]
--------------------------------------------------------------------------------------------------------------------------------------------------------------------------------------------------------
Epoch:[29/100], CauAdvLoss:[1.7743/1.5378], valid:[42.73], test:[39.00]
--------------------------------------------------------------------------------------------------------------------------------------------------------------------------------------------------------
Train Iter:[0  /563], CauLoss:[1.5375], AdvLoss:[1.1443]
Train Iter:[140/563], CauLoss:[1.7385], AdvLoss:[1.5113]
Train Iter:[280/563], CauLoss:[1.7734], AdvLoss:[1.5179]
Train Iter:[420/563], CauLoss:[1.7766], AdvLoss:[1.5163]
Train Iter:[560/563], CauLoss:[1.7715], AdvLoss:[1.5288]
--------------------------------------------------------------------------------------------------------------------------------------------------------------------------------------------------------
Epoch:[30/100], CauAdvLoss:[1.7727/1.5272], valid:[60.37], test:[50.20]
--------------------------------------------------------------------------------------------------------------------------------------------------------------------------------------------------------
Train Iter:[0  /563], CauLoss:[1.8661], AdvLoss:[1.4502]
Train Iter:[140/563], CauLoss:[1.7593], AdvLoss:[1.7629]
Train Iter:[280/563], CauLoss:[1.7819], AdvLoss:[1.6011]
Train Iter:[420/563], CauLoss:[1.7778], AdvLoss:[1.5117]
Train Iter:[560/563], CauLoss:[1.7757], AdvLoss:[1.4984]
--------------------------------------------------------------------------------------------------------------------------------------------------------------------------------------------------------
Epoch:[31/100], CauAdvLoss:[1.7763/1.4982], valid:[46.83], test:[33.17]
--------------------------------------------------------------------------------------------------------------------------------------------------------------------------------------------------------
Train Iter:[0  /563], CauLoss:[2.2362], AdvLoss:[1.3102]
Train Iter:[140/563], CauLoss:[1.7994], AdvLoss:[1.3819]
Train Iter:[280/563], CauLoss:[1.7727], AdvLoss:[1.4645]
Train Iter:[420/563], CauLoss:[1.7722], AdvLoss:[1.4610]
Train Iter:[560/563], CauLoss:[1.7736], AdvLoss:[1.5043]
--------------------------------------------------------------------------------------------------------------------------------------------------------------------------------------------------------
Epoch:[32/100], CauAdvLoss:[1.7744/1.5027], valid:[56.90], test:[46.90]
--------------------------------------------------------------------------------------------------------------------------------------------------------------------------------------------------------
Train Iter:[0  /563], CauLoss:[1.8163], AdvLoss:[1.2169]
Train Iter:[140/563], CauLoss:[1.7655], AdvLoss:[1.3772]
Train Iter:[280/563], CauLoss:[1.7773], AdvLoss:[1.4115]
Train Iter:[420/563], CauLoss:[1.7741], AdvLoss:[1.4259]
Train Iter:[560/563], CauLoss:[1.7688], AdvLoss:[1.4555]
--------------------------------------------------------------------------------------------------------------------------------------------------------------------------------------------------------
Epoch:[33/100], CauAdvLoss:[1.7691/1.4555], valid:[54.33], test:[46.93]
--------------------------------------------------------------------------------------------------------------------------------------------------------------------------------------------------------
Train Iter:[0  /563], CauLoss:[1.5399], AdvLoss:[1.9434]
Train Iter:[140/563], CauLoss:[1.7743], AdvLoss:[1.6716]
Train Iter:[280/563], CauLoss:[1.7943], AdvLoss:[1.5034]
Train Iter:[420/563], CauLoss:[1.7785], AdvLoss:[1.5139]
Train Iter:[560/563], CauLoss:[1.7686], AdvLoss:[1.5376]
--------------------------------------------------------------------------------------------------------------------------------------------------------------------------------------------------------
Epoch:[34/100], CauAdvLoss:[1.7684/1.5377], valid:[51.23], test:[38.60]
--------------------------------------------------------------------------------------------------------------------------------------------------------------------------------------------------------
Train Iter:[0  /563], CauLoss:[2.1560], AdvLoss:[1.3979]
Train Iter:[140/563], CauLoss:[1.7023], AdvLoss:[1.4126]
Train Iter:[280/563], CauLoss:[1.7593], AdvLoss:[1.3744]
Train Iter:[420/563], CauLoss:[1.7575], AdvLoss:[1.2921]
Train Iter:[560/563], CauLoss:[1.7577], AdvLoss:[1.3362]
--------------------------------------------------------------------------------------------------------------------------------------------------------------------------------------------------------
Epoch:[35/100], CauAdvLoss:[1.7588/1.3365], valid:[55.17], test:[45.17]
--------------------------------------------------------------------------------------------------------------------------------------------------------------------------------------------------------
Train Iter:[0  /563], CauLoss:[2.3399], AdvLoss:[1.7172]
Train Iter:[140/563], CauLoss:[1.7558], AdvLoss:[1.3229]
Train Iter:[280/563], CauLoss:[1.7580], AdvLoss:[1.3874]
Train Iter:[420/563], CauLoss:[1.7468], AdvLoss:[1.3944]
Train Iter:[560/563], CauLoss:[1.7588], AdvLoss:[1.4089]
--------------------------------------------------------------------------------------------------------------------------------------------------------------------------------------------------------
Epoch:[36/100], CauAdvLoss:[1.7601/1.4081], valid:[55.03], test:[48.80]
--------------------------------------------------------------------------------------------------------------------------------------------------------------------------------------------------------
Train Iter:[0  /563], CauLoss:[1.8790], AdvLoss:[1.3287]
Train Iter:[140/563], CauLoss:[1.7671], AdvLoss:[1.3997]
Train Iter:[280/563], CauLoss:[1.7564], AdvLoss:[1.5263]
Train Iter:[420/563], CauLoss:[1.7631], AdvLoss:[1.5015]
Train Iter:[560/563], CauLoss:[1.7654], AdvLoss:[1.4720]
--------------------------------------------------------------------------------------------------------------------------------------------------------------------------------------------------------
Epoch:[37/100], CauAdvLoss:[1.7639/1.4725], valid:[53.77], test:[39.43]
--------------------------------------------------------------------------------------------------------------------------------------------------------------------------------------------------------
Train Iter:[0  /563], CauLoss:[1.5319], AdvLoss:[1.5939]
Train Iter:[140/563], CauLoss:[1.7816], AdvLoss:[1.2962]
Train Iter:[280/563], CauLoss:[1.7783], AdvLoss:[1.3312]
Train Iter:[420/563], CauLoss:[1.7519], AdvLoss:[1.4032]
Train Iter:[560/563], CauLoss:[1.7482], AdvLoss:[1.4015]
--------------------------------------------------------------------------------------------------------------------------------------------------------------------------------------------------------
Epoch:[38/100], CauAdvLoss:[1.7484/1.4009], valid:[67.10], test:[38.70]
--------------------------------------------------------------------------------------------------------------------------------------------------------------------------------------------------------
Train Iter:[0  /563], CauLoss:[1.8683], AdvLoss:[1.4934]
Train Iter:[140/563], CauLoss:[1.7756], AdvLoss:[1.4426]
Train Iter:[280/563], CauLoss:[1.7528], AdvLoss:[1.4791]
Train Iter:[420/563], CauLoss:[1.7323], AdvLoss:[1.5087]
Train Iter:[560/563], CauLoss:[1.7489], AdvLoss:[1.4875]
--------------------------------------------------------------------------------------------------------------------------------------------------------------------------------------------------------
Epoch:[39/100], CauAdvLoss:[1.7481/1.4873], valid:[48.53], test:[40.67]
--------------------------------------------------------------------------------------------------------------------------------------------------------------------------------------------------------
Train Iter:[0  /563], CauLoss:[1.6474], AdvLoss:[1.2685]
Train Iter:[140/563], CauLoss:[1.7447], AdvLoss:[1.6875]
Train Iter:[280/563], CauLoss:[1.7393], AdvLoss:[1.5661]
Train Iter:[420/563], CauLoss:[1.7449], AdvLoss:[1.4911]
Train Iter:[560/563], CauLoss:[1.7517], AdvLoss:[1.4366]
--------------------------------------------------------------------------------------------------------------------------------------------------------------------------------------------------------
Epoch:[40/100], CauAdvLoss:[1.7507/1.4359], valid:[59.20], test:[46.33]
--------------------------------------------------------------------------------------------------------------------------------------------------------------------------------------------------------
Train Iter:[0  /563], CauLoss:[1.3840], AdvLoss:[1.3537]
Train Iter:[140/563], CauLoss:[1.7156], AdvLoss:[1.3484]
Train Iter:[280/563], CauLoss:[1.7314], AdvLoss:[1.3884]
Train Iter:[420/563], CauLoss:[1.7585], AdvLoss:[1.3537]
Train Iter:[560/563], CauLoss:[1.7488], AdvLoss:[1.3584]
--------------------------------------------------------------------------------------------------------------------------------------------------------------------------------------------------------
Epoch:[41/100], CauAdvLoss:[1.7524/1.3581], valid:[64.67], test:[46.73]
--------------------------------------------------------------------------------------------------------------------------------------------------------------------------------------------------------
Train Iter:[0  /563], CauLoss:[2.3242], AdvLoss:[1.0118]
Train Iter:[140/563], CauLoss:[1.7270], AdvLoss:[1.4672]
Train Iter:[280/563], CauLoss:[1.7358], AdvLoss:[1.4480]
Train Iter:[420/563], CauLoss:[1.7432], AdvLoss:[1.4165]
Train Iter:[560/563], CauLoss:[1.7442], AdvLoss:[1.4115]
--------------------------------------------------------------------------------------------------------------------------------------------------------------------------------------------------------
Epoch:[42/100], CauAdvLoss:[1.7457/1.4138], valid:[74.10], test:[43.50]
--------------------------------------------------------------------------------------------------------------------------------------------------------------------------------------------------------
Train Iter:[0  /563], CauLoss:[1.2722], AdvLoss:[1.6056]
Train Iter:[140/563], CauLoss:[1.7500], AdvLoss:[1.5173]
Train Iter:[280/563], CauLoss:[1.7319], AdvLoss:[1.4701]
Train Iter:[420/563], CauLoss:[1.7377], AdvLoss:[1.4422]
Train Iter:[560/563], CauLoss:[1.7493], AdvLoss:[1.4080]
--------------------------------------------------------------------------------------------------------------------------------------------------------------------------------------------------------
Epoch:[43/100], CauAdvLoss:[1.7495/1.4080], valid:[44.43], test:[42.00]
--------------------------------------------------------------------------------------------------------------------------------------------------------------------------------------------------------
Train Iter:[0  /563], CauLoss:[1.5831], AdvLoss:[1.1824]
Train Iter:[140/563], CauLoss:[1.7483], AdvLoss:[1.3944]
Train Iter:[280/563], CauLoss:[1.7488], AdvLoss:[1.3481]
Train Iter:[420/563], CauLoss:[1.7493], AdvLoss:[1.3126]
Train Iter:[560/563], CauLoss:[1.7460], AdvLoss:[1.3330]
--------------------------------------------------------------------------------------------------------------------------------------------------------------------------------------------------------
Epoch:[44/100], CauAdvLoss:[1.7449/1.3317], valid:[48.70], test:[37.33]
--------------------------------------------------------------------------------------------------------------------------------------------------------------------------------------------------------
Train Iter:[0  /563], CauLoss:[2.4379], AdvLoss:[1.4684]
Train Iter:[140/563], CauLoss:[1.7873], AdvLoss:[1.3191]
Train Iter:[280/563], CauLoss:[1.7613], AdvLoss:[1.2895]
Train Iter:[420/563], CauLoss:[1.7454], AdvLoss:[1.3103]
Train Iter:[560/563], CauLoss:[1.7469], AdvLoss:[1.3106]
--------------------------------------------------------------------------------------------------------------------------------------------------------------------------------------------------------
Epoch:[45/100], CauAdvLoss:[1.7467/1.3105], valid:[66.00], test:[36.77]
--------------------------------------------------------------------------------------------------------------------------------------------------------------------------------------------------------
Train Iter:[0  /563], CauLoss:[1.8524], AdvLoss:[1.4867]
Train Iter:[140/563], CauLoss:[1.7525], AdvLoss:[1.4519]
Train Iter:[280/563], CauLoss:[1.7387], AdvLoss:[1.4640]
Train Iter:[420/563], CauLoss:[1.7360], AdvLoss:[1.4213]
Train Iter:[560/563], CauLoss:[1.7414], AdvLoss:[1.3856]
--------------------------------------------------------------------------------------------------------------------------------------------------------------------------------------------------------
Epoch:[46/100], CauAdvLoss:[1.7401/1.3857], valid:[74.37], test:[46.53]
--------------------------------------------------------------------------------------------------------------------------------------------------------------------------------------------------------
Train Iter:[0  /563], CauLoss:[1.7079], AdvLoss:[1.2571]
Train Iter:[140/563], CauLoss:[1.7417], AdvLoss:[1.2357]
Train Iter:[280/563], CauLoss:[1.7214], AdvLoss:[1.2376]
Train Iter:[420/563], CauLoss:[1.7250], AdvLoss:[1.2679]
Train Iter:[560/563], CauLoss:[1.7385], AdvLoss:[1.2898]
--------------------------------------------------------------------------------------------------------------------------------------------------------------------------------------------------------
Epoch:[47/100], CauAdvLoss:[1.7384/1.2912], valid:[73.47], test:[51.43]
--------------------------------------------------------------------------------------------------------------------------------------------------------------------------------------------------------
Train Iter:[0  /563], CauLoss:[1.9530], AdvLoss:[1.2964]
Train Iter:[140/563], CauLoss:[1.7805], AdvLoss:[1.4063]
Train Iter:[280/563], CauLoss:[1.7512], AdvLoss:[1.3820]
Train Iter:[420/563], CauLoss:[1.7438], AdvLoss:[1.3574]
Train Iter:[560/563], CauLoss:[1.7402], AdvLoss:[1.3693]
--------------------------------------------------------------------------------------------------------------------------------------------------------------------------------------------------------
Epoch:[48/100], CauAdvLoss:[1.7406/1.3689], valid:[65.97], test:[41.47]
--------------------------------------------------------------------------------------------------------------------------------------------------------------------------------------------------------
Train Iter:[0  /563], CauLoss:[1.8067], AdvLoss:[0.8660]
Train Iter:[140/563], CauLoss:[1.7840], AdvLoss:[1.1861]
Train Iter:[280/563], CauLoss:[1.7535], AdvLoss:[1.2398]
Train Iter:[420/563], CauLoss:[1.7379], AdvLoss:[1.2845]
Train Iter:[560/563], CauLoss:[1.7382], AdvLoss:[1.2985]
--------------------------------------------------------------------------------------------------------------------------------------------------------------------------------------------------------
Epoch:[49/100], CauAdvLoss:[1.7384/1.2997], valid:[55.23], test:[37.67]
--------------------------------------------------------------------------------------------------------------------------------------------------------------------------------------------------------
Train Iter:[0  /563], CauLoss:[2.0275], AdvLoss:[1.5968]
Train Iter:[140/563], CauLoss:[1.7632], AdvLoss:[1.3818]
Train Iter:[280/563], CauLoss:[1.7435], AdvLoss:[1.3742]
Train Iter:[420/563], CauLoss:[1.7352], AdvLoss:[1.4024]
Train Iter:[560/563], CauLoss:[1.7380], AdvLoss:[1.3852]
--------------------------------------------------------------------------------------------------------------------------------------------------------------------------------------------------------
Epoch:[50/100], CauAdvLoss:[1.7388/1.3853], valid:[71.10], test:[41.13]
--------------------------------------------------------------------------------------------------------------------------------------------------------------------------------------------------------
Train Iter:[0  /563], CauLoss:[1.5076], AdvLoss:[1.4312]
Train Iter:[140/563], CauLoss:[1.7266], AdvLoss:[1.3677]
Train Iter:[280/563], CauLoss:[1.7313], AdvLoss:[1.4289]
Train Iter:[420/563], CauLoss:[1.7290], AdvLoss:[1.4430]
Train Iter:[560/563], CauLoss:[1.7363], AdvLoss:[1.4727]
--------------------------------------------------------------------------------------------------------------------------------------------------------------------------------------------------------
Epoch:[51/100], CauAdvLoss:[1.7366/1.4729], valid:[44.93], test:[32.93]
--------------------------------------------------------------------------------------------------------------------------------------------------------------------------------------------------------
Train Iter:[0  /563], CauLoss:[1.7049], AdvLoss:[1.3915]
Train Iter:[140/563], CauLoss:[1.7373], AdvLoss:[1.5337]
Train Iter:[280/563], CauLoss:[1.7341], AdvLoss:[1.4274]
Train Iter:[420/563], CauLoss:[1.7317], AdvLoss:[1.4295]
Train Iter:[560/563], CauLoss:[1.7233], AdvLoss:[1.4150]
--------------------------------------------------------------------------------------------------------------------------------------------------------------------------------------------------------
Epoch:[52/100], CauAdvLoss:[1.7234/1.4154], valid:[72.93], test:[50.83]
--------------------------------------------------------------------------------------------------------------------------------------------------------------------------------------------------------
Train Iter:[0  /563], CauLoss:[1.6293], AdvLoss:[1.3770]
Train Iter:[140/563], CauLoss:[1.6978], AdvLoss:[1.3594]
Train Iter:[280/563], CauLoss:[1.7242], AdvLoss:[1.3583]
Train Iter:[420/563], CauLoss:[1.7268], AdvLoss:[1.3947]
Train Iter:[560/563], CauLoss:[1.7286], AdvLoss:[1.3898]
--------------------------------------------------------------------------------------------------------------------------------------------------------------------------------------------------------
Epoch:[53/100], CauAdvLoss:[1.7274/1.3887], valid:[55.90], test:[34.03]
--------------------------------------------------------------------------------------------------------------------------------------------------------------------------------------------------------
Train Iter:[0  /563], CauLoss:[1.4785], AdvLoss:[1.0376]
Train Iter:[140/563], CauLoss:[1.7338], AdvLoss:[1.2555]
Train Iter:[280/563], CauLoss:[1.7389], AdvLoss:[1.3421]
Train Iter:[420/563], CauLoss:[1.7251], AdvLoss:[1.3349]
Train Iter:[560/563], CauLoss:[1.7233], AdvLoss:[1.3068]
--------------------------------------------------------------------------------------------------------------------------------------------------------------------------------------------------------
Epoch:[54/100], CauAdvLoss:[1.7246/1.3057], valid:[42.57], test:[39.63]
--------------------------------------------------------------------------------------------------------------------------------------------------------------------------------------------------------
Train Iter:[0  /563], CauLoss:[1.9640], AdvLoss:[1.0624]
Train Iter:[140/563], CauLoss:[1.7103], AdvLoss:[1.2893]
Train Iter:[280/563], CauLoss:[1.7294], AdvLoss:[1.3532]
Train Iter:[420/563], CauLoss:[1.7233], AdvLoss:[1.3440]
Train Iter:[560/563], CauLoss:[1.7212], AdvLoss:[1.3486]
--------------------------------------------------------------------------------------------------------------------------------------------------------------------------------------------------------
Epoch:[55/100], CauAdvLoss:[1.7226/1.3489], valid:[63.50], test:[57.47]
--------------------------------------------------------------------------------------------------------------------------------------------------------------------------------------------------------
Train Iter:[0  /563], CauLoss:[1.3525], AdvLoss:[1.3342]
Train Iter:[140/563], CauLoss:[1.7152], AdvLoss:[1.3809]
Train Iter:[280/563], CauLoss:[1.7064], AdvLoss:[1.4602]
Train Iter:[420/563], CauLoss:[1.7076], AdvLoss:[1.4755]
Train Iter:[560/563], CauLoss:[1.7139], AdvLoss:[1.4408]
--------------------------------------------------------------------------------------------------------------------------------------------------------------------------------------------------------
Epoch:[56/100], CauAdvLoss:[1.7152/1.4404], valid:[68.43], test:[54.27]
--------------------------------------------------------------------------------------------------------------------------------------------------------------------------------------------------------
Train Iter:[0  /563], CauLoss:[1.4770], AdvLoss:[1.5312]
Train Iter:[140/563], CauLoss:[1.7278], AdvLoss:[1.3093]
Train Iter:[280/563], CauLoss:[1.7100], AdvLoss:[1.3530]
Train Iter:[420/563], CauLoss:[1.7203], AdvLoss:[1.3538]
Train Iter:[560/563], CauLoss:[1.7201], AdvLoss:[1.3164]
--------------------------------------------------------------------------------------------------------------------------------------------------------------------------------------------------------
Epoch:[57/100], CauAdvLoss:[1.7197/1.3164], valid:[68.67], test:[49.23]
--------------------------------------------------------------------------------------------------------------------------------------------------------------------------------------------------------
Train Iter:[0  /563], CauLoss:[1.8350], AdvLoss:[1.3338]
Train Iter:[140/563], CauLoss:[1.7624], AdvLoss:[1.3788]
Train Iter:[280/563], CauLoss:[1.7374], AdvLoss:[1.3120]
Train Iter:[420/563], CauLoss:[1.7280], AdvLoss:[1.3213]
Train Iter:[560/563], CauLoss:[1.7226], AdvLoss:[1.3536]
--------------------------------------------------------------------------------------------------------------------------------------------------------------------------------------------------------
Epoch:[58/100], CauAdvLoss:[1.7231/1.3552], valid:[56.00], test:[46.43]
--------------------------------------------------------------------------------------------------------------------------------------------------------------------------------------------------------
Train Iter:[0  /563], CauLoss:[1.6931], AdvLoss:[2.1458]
Train Iter:[140/563], CauLoss:[1.7225], AdvLoss:[1.5324]
Train Iter:[280/563], CauLoss:[1.7169], AdvLoss:[1.4262]
Train Iter:[420/563], CauLoss:[1.7158], AdvLoss:[1.4280]
Train Iter:[560/563], CauLoss:[1.7146], AdvLoss:[1.4427]
--------------------------------------------------------------------------------------------------------------------------------------------------------------------------------------------------------
Epoch:[59/100], CauAdvLoss:[1.7143/1.4426], valid:[67.33], test:[54.80]
--------------------------------------------------------------------------------------------------------------------------------------------------------------------------------------------------------
Train Iter:[0  /563], CauLoss:[1.5916], AdvLoss:[1.4700]
Train Iter:[140/563], CauLoss:[1.7678], AdvLoss:[1.3322]
Train Iter:[280/563], CauLoss:[1.7416], AdvLoss:[1.3176]
Train Iter:[420/563], CauLoss:[1.7278], AdvLoss:[1.2996]
Train Iter:[560/563], CauLoss:[1.7176], AdvLoss:[1.3035]
--------------------------------------------------------------------------------------------------------------------------------------------------------------------------------------------------------
Epoch:[60/100], CauAdvLoss:[1.7168/1.3045], valid:[68.43], test:[44.57]
--------------------------------------------------------------------------------------------------------------------------------------------------------------------------------------------------------
Train Iter:[0  /563], CauLoss:[2.0097], AdvLoss:[1.3833]
Train Iter:[140/563], CauLoss:[1.7269], AdvLoss:[1.3358]
Train Iter:[280/563], CauLoss:[1.7041], AdvLoss:[1.3557]
Train Iter:[420/563], CauLoss:[1.7150], AdvLoss:[1.3535]
Train Iter:[560/563], CauLoss:[1.7155], AdvLoss:[1.3871]
--------------------------------------------------------------------------------------------------------------------------------------------------------------------------------------------------------
Epoch:[61/100], CauAdvLoss:[1.7161/1.3862], valid:[76.37], test:[48.37]
--------------------------------------------------------------------------------------------------------------------------------------------------------------------------------------------------------
Train Iter:[0  /563], CauLoss:[1.8074], AdvLoss:[1.3058]
Train Iter:[140/563], CauLoss:[1.7170], AdvLoss:[1.2626]
Train Iter:[280/563], CauLoss:[1.7000], AdvLoss:[1.3469]
Train Iter:[420/563], CauLoss:[1.7062], AdvLoss:[1.3913]
Train Iter:[560/563], CauLoss:[1.7170], AdvLoss:[1.4361]
--------------------------------------------------------------------------------------------------------------------------------------------------------------------------------------------------------
Epoch:[62/100], CauAdvLoss:[1.7168/1.4357], valid:[63.63], test:[53.20]
--------------------------------------------------------------------------------------------------------------------------------------------------------------------------------------------------------
Train Iter:[0  /563], CauLoss:[2.1773], AdvLoss:[1.4388]
Train Iter:[140/563], CauLoss:[1.7302], AdvLoss:[1.5775]
Train Iter:[280/563], CauLoss:[1.7119], AdvLoss:[1.5472]
Train Iter:[420/563], CauLoss:[1.7033], AdvLoss:[1.4964]
Train Iter:[560/563], CauLoss:[1.7148], AdvLoss:[1.4673]
--------------------------------------------------------------------------------------------------------------------------------------------------------------------------------------------------------
Epoch:[63/100], CauAdvLoss:[1.7137/1.4675], valid:[79.37], test:[60.37]
--------------------------------------------------------------------------------------------------------------------------------------------------------------------------------------------------------
Train Iter:[0  /563], CauLoss:[2.2166], AdvLoss:[1.6468]
Train Iter:[140/563], CauLoss:[1.7322], AdvLoss:[1.5245]
Train Iter:[280/563], CauLoss:[1.7198], AdvLoss:[1.5081]
Train Iter:[420/563], CauLoss:[1.7020], AdvLoss:[1.4529]
Train Iter:[560/563], CauLoss:[1.7084], AdvLoss:[1.4113]
--------------------------------------------------------------------------------------------------------------------------------------------------------------------------------------------------------
Epoch:[64/100], CauAdvLoss:[1.7078/1.4107], valid:[74.13], test:[44.53]
--------------------------------------------------------------------------------------------------------------------------------------------------------------------------------------------------------
Train Iter:[0  /563], CauLoss:[1.6611], AdvLoss:[1.1180]
Train Iter:[140/563], CauLoss:[1.6715], AdvLoss:[1.4086]
Train Iter:[280/563], CauLoss:[1.7086], AdvLoss:[1.3847]
Train Iter:[420/563], CauLoss:[1.7075], AdvLoss:[1.4012]
Train Iter:[560/563], CauLoss:[1.7114], AdvLoss:[1.4048]
--------------------------------------------------------------------------------------------------------------------------------------------------------------------------------------------------------
Epoch:[65/100], CauAdvLoss:[1.7116/1.4052], valid:[68.53], test:[46.80]
--------------------------------------------------------------------------------------------------------------------------------------------------------------------------------------------------------
Train Iter:[0  /563], CauLoss:[1.6673], AdvLoss:[1.6374]
Train Iter:[140/563], CauLoss:[1.6941], AdvLoss:[1.4994]
Train Iter:[280/563], CauLoss:[1.7103], AdvLoss:[1.4657]
Train Iter:[420/563], CauLoss:[1.7110], AdvLoss:[1.4180]
Train Iter:[560/563], CauLoss:[1.7086], AdvLoss:[1.4552]
--------------------------------------------------------------------------------------------------------------------------------------------------------------------------------------------------------
Epoch:[66/100], CauAdvLoss:[1.7095/1.4546], valid:[76.10], test:[49.80]
--------------------------------------------------------------------------------------------------------------------------------------------------------------------------------------------------------
Train Iter:[0  /563], CauLoss:[2.0847], AdvLoss:[1.6055]
Train Iter:[140/563], CauLoss:[1.7118], AdvLoss:[1.4359]
Train Iter:[280/563], CauLoss:[1.7079], AdvLoss:[1.4484]
Train Iter:[420/563], CauLoss:[1.7123], AdvLoss:[1.4257]
Train Iter:[560/563], CauLoss:[1.7047], AdvLoss:[1.4043]
--------------------------------------------------------------------------------------------------------------------------------------------------------------------------------------------------------
Epoch:[67/100], CauAdvLoss:[1.7045/1.4028], valid:[74.37], test:[53.30]
--------------------------------------------------------------------------------------------------------------------------------------------------------------------------------------------------------
Train Iter:[0  /563], CauLoss:[1.4888], AdvLoss:[1.3579]
Train Iter:[140/563], CauLoss:[1.7075], AdvLoss:[1.3862]
Train Iter:[280/563], CauLoss:[1.6899], AdvLoss:[1.3893]
Train Iter:[420/563], CauLoss:[1.7026], AdvLoss:[1.4257]
Train Iter:[560/563], CauLoss:[1.7028], AdvLoss:[1.3748]
--------------------------------------------------------------------------------------------------------------------------------------------------------------------------------------------------------
Epoch:[68/100], CauAdvLoss:[1.7051/1.3741], valid:[71.57], test:[50.27]
--------------------------------------------------------------------------------------------------------------------------------------------------------------------------------------------------------
Train Iter:[0  /563], CauLoss:[1.8921], AdvLoss:[1.2305]
Train Iter:[140/563], CauLoss:[1.6545], AdvLoss:[1.3026]
Train Iter:[280/563], CauLoss:[1.6749], AdvLoss:[1.4059]
Train Iter:[420/563], CauLoss:[1.6894], AdvLoss:[1.3711]
Train Iter:[560/563], CauLoss:[1.6963], AdvLoss:[1.3520]
--------------------------------------------------------------------------------------------------------------------------------------------------------------------------------------------------------
Epoch:[69/100], CauAdvLoss:[1.6950/1.3538], valid:[63.57], test:[33.07]
--------------------------------------------------------------------------------------------------------------------------------------------------------------------------------------------------------
Train Iter:[0  /563], CauLoss:[1.6784], AdvLoss:[1.3613]
Train Iter:[140/563], CauLoss:[1.7052], AdvLoss:[1.2837]
Train Iter:[280/563], CauLoss:[1.7027], AdvLoss:[1.2853]
Train Iter:[420/563], CauLoss:[1.7026], AdvLoss:[1.3343]
Train Iter:[560/563], CauLoss:[1.7007], AdvLoss:[1.3796]
--------------------------------------------------------------------------------------------------------------------------------------------------------------------------------------------------------
Epoch:[70/100], CauAdvLoss:[1.7009/1.3792], valid:[80.13], test:[36.63]
--------------------------------------------------------------------------------------------------------------------------------------------------------------------------------------------------------
Train Iter:[0  /563], CauLoss:[2.2493], AdvLoss:[1.3363]
Train Iter:[140/563], CauLoss:[1.7451], AdvLoss:[1.4994]
Train Iter:[280/563], CauLoss:[1.7205], AdvLoss:[1.5243]
Train Iter:[420/563], CauLoss:[1.7223], AdvLoss:[1.5258]
Train Iter:[560/563], CauLoss:[1.7007], AdvLoss:[1.5109]
--------------------------------------------------------------------------------------------------------------------------------------------------------------------------------------------------------
Epoch:[71/100], CauAdvLoss:[1.7007/1.5103], valid:[79.97], test:[62.07]
--------------------------------------------------------------------------------------------------------------------------------------------------------------------------------------------------------
Train Iter:[0  /563], CauLoss:[1.6196], AdvLoss:[1.7232]
Train Iter:[140/563], CauLoss:[1.7544], AdvLoss:[1.5057]
Train Iter:[280/563], CauLoss:[1.7260], AdvLoss:[1.4989]
Train Iter:[420/563], CauLoss:[1.7117], AdvLoss:[1.5209]
Train Iter:[560/563], CauLoss:[1.7046], AdvLoss:[1.5035]
--------------------------------------------------------------------------------------------------------------------------------------------------------------------------------------------------------
Epoch:[72/100], CauAdvLoss:[1.7030/1.5031], valid:[73.13], test:[54.90]
--------------------------------------------------------------------------------------------------------------------------------------------------------------------------------------------------------
Train Iter:[0  /563], CauLoss:[1.6934], AdvLoss:[1.4624]
Train Iter:[140/563], CauLoss:[1.6843], AdvLoss:[1.4408]
Train Iter:[280/563], CauLoss:[1.6889], AdvLoss:[1.4794]
Train Iter:[420/563], CauLoss:[1.7009], AdvLoss:[1.4736]
Train Iter:[560/563], CauLoss:[1.6959], AdvLoss:[1.4799]
--------------------------------------------------------------------------------------------------------------------------------------------------------------------------------------------------------
Epoch:[73/100], CauAdvLoss:[1.6961/1.4810], valid:[79.23], test:[57.53]
--------------------------------------------------------------------------------------------------------------------------------------------------------------------------------------------------------
Train Iter:[0  /563], CauLoss:[1.7432], AdvLoss:[1.3347]
Train Iter:[140/563], CauLoss:[1.6797], AdvLoss:[1.5222]
Train Iter:[280/563], CauLoss:[1.6608], AdvLoss:[1.5497]
Train Iter:[420/563], CauLoss:[1.6828], AdvLoss:[1.5074]
Train Iter:[560/563], CauLoss:[1.6949], AdvLoss:[1.4978]
--------------------------------------------------------------------------------------------------------------------------------------------------------------------------------------------------------
Epoch:[74/100], CauAdvLoss:[1.6954/1.4969], valid:[79.00], test:[57.60]
--------------------------------------------------------------------------------------------------------------------------------------------------------------------------------------------------------
Train Iter:[0  /563], CauLoss:[1.6759], AdvLoss:[1.7416]
Train Iter:[140/563], CauLoss:[1.7057], AdvLoss:[1.5650]
Train Iter:[280/563], CauLoss:[1.7106], AdvLoss:[1.5290]
Train Iter:[420/563], CauLoss:[1.6983], AdvLoss:[1.5293]
Train Iter:[560/563], CauLoss:[1.6959], AdvLoss:[1.5281]
--------------------------------------------------------------------------------------------------------------------------------------------------------------------------------------------------------
Epoch:[75/100], CauAdvLoss:[1.6945/1.5280], valid:[64.43], test:[44.60]
--------------------------------------------------------------------------------------------------------------------------------------------------------------------------------------------------------
Train Iter:[0  /563], CauLoss:[1.9669], AdvLoss:[1.8771]
Train Iter:[140/563], CauLoss:[1.6752], AdvLoss:[1.5690]
Train Iter:[280/563], CauLoss:[1.6843], AdvLoss:[1.5616]
Train Iter:[420/563], CauLoss:[1.6971], AdvLoss:[1.5547]
Train Iter:[560/563], CauLoss:[1.7006], AdvLoss:[1.5506]
--------------------------------------------------------------------------------------------------------------------------------------------------------------------------------------------------------
Epoch:[76/100], CauAdvLoss:[1.7003/1.5521], valid:[72.70], test:[50.67]
--------------------------------------------------------------------------------------------------------------------------------------------------------------------------------------------------------
Train Iter:[0  /563], CauLoss:[1.8644], AdvLoss:[1.7302]
Train Iter:[140/563], CauLoss:[1.7162], AdvLoss:[1.6030]
Train Iter:[280/563], CauLoss:[1.6910], AdvLoss:[1.5830]
Train Iter:[420/563], CauLoss:[1.7008], AdvLoss:[1.6266]
Train Iter:[560/563], CauLoss:[1.6986], AdvLoss:[1.6144]
--------------------------------------------------------------------------------------------------------------------------------------------------------------------------------------------------------
Epoch:[77/100], CauAdvLoss:[1.6984/1.6147], valid:[75.27], test:[50.93]
--------------------------------------------------------------------------------------------------------------------------------------------------------------------------------------------------------
Train Iter:[0  /563], CauLoss:[2.0310], AdvLoss:[1.6449]
Train Iter:[140/563], CauLoss:[1.6805], AdvLoss:[1.6913]
Train Iter:[280/563], CauLoss:[1.7082], AdvLoss:[1.7203]
Train Iter:[420/563], CauLoss:[1.7086], AdvLoss:[1.7141]
Train Iter:[560/563], CauLoss:[1.6985], AdvLoss:[1.7271]
--------------------------------------------------------------------------------------------------------------------------------------------------------------------------------------------------------
Epoch:[78/100], CauAdvLoss:[1.7000/1.7268], valid:[79.43], test:[68.53]
--------------------------------------------------------------------------------------------------------------------------------------------------------------------------------------------------------
Train Iter:[0  /563], CauLoss:[1.1472], AdvLoss:[1.6793]
Train Iter:[140/563], CauLoss:[1.6831], AdvLoss:[1.6682]
Train Iter:[280/563], CauLoss:[1.6869], AdvLoss:[1.6329]
Train Iter:[420/563], CauLoss:[1.6973], AdvLoss:[1.6412]
Train Iter:[560/563], CauLoss:[1.6923], AdvLoss:[1.6285]
--------------------------------------------------------------------------------------------------------------------------------------------------------------------------------------------------------
Epoch:[79/100], CauAdvLoss:[1.6946/1.6277], valid:[71.50], test:[48.67]
--------------------------------------------------------------------------------------------------------------------------------------------------------------------------------------------------------
Train Iter:[0  /563], CauLoss:[1.4498], AdvLoss:[1.5390]
Train Iter:[140/563], CauLoss:[1.7001], AdvLoss:[1.5824]
Train Iter:[280/563], CauLoss:[1.6899], AdvLoss:[1.5687]
Train Iter:[420/563], CauLoss:[1.6963], AdvLoss:[1.5380]
Train Iter:[560/563], CauLoss:[1.6963], AdvLoss:[1.5331]
--------------------------------------------------------------------------------------------------------------------------------------------------------------------------------------------------------
Epoch:[80/100], CauAdvLoss:[1.6975/1.5333], valid:[79.93], test:[55.57]
--------------------------------------------------------------------------------------------------------------------------------------------------------------------------------------------------------
Train Iter:[0  /563], CauLoss:[1.6249], AdvLoss:[1.8402]
Train Iter:[140/563], CauLoss:[1.6819], AdvLoss:[1.5701]
Train Iter:[280/563], CauLoss:[1.6874], AdvLoss:[1.6270]
Train Iter:[420/563], CauLoss:[1.7040], AdvLoss:[1.6232]
Train Iter:[560/563], CauLoss:[1.6975], AdvLoss:[1.6276]
--------------------------------------------------------------------------------------------------------------------------------------------------------------------------------------------------------
Epoch:[81/100], CauAdvLoss:[1.6973/1.6272], valid:[73.13], test:[51.77]
--------------------------------------------------------------------------------------------------------------------------------------------------------------------------------------------------------
Train Iter:[0  /563], CauLoss:[1.5860], AdvLoss:[1.2999]
Train Iter:[140/563], CauLoss:[1.7254], AdvLoss:[1.6591]
Train Iter:[280/563], CauLoss:[1.6823], AdvLoss:[1.6527]
Train Iter:[420/563], CauLoss:[1.6984], AdvLoss:[1.6539]
Train Iter:[560/563], CauLoss:[1.6889], AdvLoss:[1.6524]
--------------------------------------------------------------------------------------------------------------------------------------------------------------------------------------------------------
Epoch:[82/100], CauAdvLoss:[1.6890/1.6524], valid:[80.60], test:[54.10]
--------------------------------------------------------------------------------------------------------------------------------------------------------------------------------------------------------
Train Iter:[0  /563], CauLoss:[1.5681], AdvLoss:[1.4546]
Train Iter:[140/563], CauLoss:[1.7214], AdvLoss:[1.6526]
Train Iter:[280/563], CauLoss:[1.7070], AdvLoss:[1.6308]
Train Iter:[420/563], CauLoss:[1.6965], AdvLoss:[1.6350]
Train Iter:[560/563], CauLoss:[1.6979], AdvLoss:[1.6413]
--------------------------------------------------------------------------------------------------------------------------------------------------------------------------------------------------------
Epoch:[83/100], CauAdvLoss:[1.6984/1.6404], valid:[77.30], test:[50.73]
--------------------------------------------------------------------------------------------------------------------------------------------------------------------------------------------------------
Train Iter:[0  /563], CauLoss:[2.1979], AdvLoss:[1.5860]
Train Iter:[140/563], CauLoss:[1.6710], AdvLoss:[1.6348]
Train Iter:[280/563], CauLoss:[1.6762], AdvLoss:[1.6187]
Train Iter:[420/563], CauLoss:[1.6907], AdvLoss:[1.6147]
Train Iter:[560/563], CauLoss:[1.6933], AdvLoss:[1.6233]
--------------------------------------------------------------------------------------------------------------------------------------------------------------------------------------------------------
Epoch:[84/100], CauAdvLoss:[1.6931/1.6232], valid:[78.47], test:[52.10]
--------------------------------------------------------------------------------------------------------------------------------------------------------------------------------------------------------
Train Iter:[0  /563], CauLoss:[1.7763], AdvLoss:[1.7347]
Train Iter:[140/563], CauLoss:[1.6595], AdvLoss:[1.6540]
Train Iter:[280/563], CauLoss:[1.6734], AdvLoss:[1.6547]
Train Iter:[420/563], CauLoss:[1.6954], AdvLoss:[1.6236]
Train Iter:[560/563], CauLoss:[1.6893], AdvLoss:[1.6233]
--------------------------------------------------------------------------------------------------------------------------------------------------------------------------------------------------------
Epoch:[85/100], CauAdvLoss:[1.6887/1.6233], valid:[80.03], test:[65.00]
--------------------------------------------------------------------------------------------------------------------------------------------------------------------------------------------------------
Train Iter:[0  /563], CauLoss:[2.0672], AdvLoss:[1.3591]
Train Iter:[140/563], CauLoss:[1.7121], AdvLoss:[1.6690]
Train Iter:[280/563], CauLoss:[1.6976], AdvLoss:[1.6436]
Train Iter:[420/563], CauLoss:[1.7078], AdvLoss:[1.6345]
Train Iter:[560/563], CauLoss:[1.6893], AdvLoss:[1.6417]
--------------------------------------------------------------------------------------------------------------------------------------------------------------------------------------------------------
Epoch:[86/100], CauAdvLoss:[1.6901/1.6411], valid:[65.20], test:[62.10]
--------------------------------------------------------------------------------------------------------------------------------------------------------------------------------------------------------
Train Iter:[0  /563], CauLoss:[1.7501], AdvLoss:[1.9661]
Train Iter:[140/563], CauLoss:[1.6765], AdvLoss:[1.6597]
Train Iter:[280/563], CauLoss:[1.6656], AdvLoss:[1.6213]
Train Iter:[420/563], CauLoss:[1.6830], AdvLoss:[1.6217]
Train Iter:[560/563], CauLoss:[1.6850], AdvLoss:[1.6308]
--------------------------------------------------------------------------------------------------------------------------------------------------------------------------------------------------------
Epoch:[87/100], CauAdvLoss:[1.6842/1.6296], valid:[78.13], test:[57.73]
--------------------------------------------------------------------------------------------------------------------------------------------------------------------------------------------------------
Train Iter:[0  /563], CauLoss:[2.2927], AdvLoss:[1.6809]
Train Iter:[140/563], CauLoss:[1.6656], AdvLoss:[1.6672]
Train Iter:[280/563], CauLoss:[1.6765], AdvLoss:[1.6575]
Train Iter:[420/563], CauLoss:[1.6827], AdvLoss:[1.6440]
Train Iter:[560/563], CauLoss:[1.6853], AdvLoss:[1.6491]
--------------------------------------------------------------------------------------------------------------------------------------------------------------------------------------------------------
Epoch:[88/100], CauAdvLoss:[1.6838/1.6489], valid:[79.60], test:[59.03]
--------------------------------------------------------------------------------------------------------------------------------------------------------------------------------------------------------
Train Iter:[0  /563], CauLoss:[2.3424], AdvLoss:[1.6710]
Train Iter:[140/563], CauLoss:[1.6576], AdvLoss:[1.6593]
Train Iter:[280/563], CauLoss:[1.6664], AdvLoss:[1.7007]
Train Iter:[420/563], CauLoss:[1.6813], AdvLoss:[1.6837]
Train Iter:[560/563], CauLoss:[1.6838], AdvLoss:[1.6902]
--------------------------------------------------------------------------------------------------------------------------------------------------------------------------------------------------------
Epoch:[89/100], CauAdvLoss:[1.6837/1.6906], valid:[80.37], test:[56.73]
--------------------------------------------------------------------------------------------------------------------------------------------------------------------------------------------------------
Train Iter:[0  /563], CauLoss:[1.7016], AdvLoss:[1.8494]
Train Iter:[140/563], CauLoss:[1.6641], AdvLoss:[1.7430]
Train Iter:[280/563], CauLoss:[1.6785], AdvLoss:[1.7237]
Train Iter:[420/563], CauLoss:[1.6880], AdvLoss:[1.7233]
Train Iter:[560/563], CauLoss:[1.6870], AdvLoss:[1.7241]
--------------------------------------------------------------------------------------------------------------------------------------------------------------------------------------------------------
Epoch:[90/100], CauAdvLoss:[1.6894/1.7251], valid:[80.63], test:[58.37]
--------------------------------------------------------------------------------------------------------------------------------------------------------------------------------------------------------
Train Iter:[0  /563], CauLoss:[1.8843], AdvLoss:[1.6993]
Train Iter:[140/563], CauLoss:[1.6549], AdvLoss:[1.7005]
Train Iter:[280/563], CauLoss:[1.6663], AdvLoss:[1.7166]
Train Iter:[420/563], CauLoss:[1.6735], AdvLoss:[1.7393]
Train Iter:[560/563], CauLoss:[1.6797], AdvLoss:[1.7361]
--------------------------------------------------------------------------------------------------------------------------------------------------------------------------------------------------------
Epoch:[91/100], CauAdvLoss:[1.6793/1.7369], valid:[81.93], test:[59.30]
--------------------------------------------------------------------------------------------------------------------------------------------------------------------------------------------------------
Train Iter:[0  /563], CauLoss:[1.2691], AdvLoss:[2.0688]
Train Iter:[140/563], CauLoss:[1.7050], AdvLoss:[1.7261]
Train Iter:[280/563], CauLoss:[1.6965], AdvLoss:[1.7147]
Train Iter:[420/563], CauLoss:[1.6822], AdvLoss:[1.7213]
Train Iter:[560/563], CauLoss:[1.6870], AdvLoss:[1.7164]
--------------------------------------------------------------------------------------------------------------------------------------------------------------------------------------------------------
Epoch:[92/100], CauAdvLoss:[1.6894/1.7167], valid:[67.97], test:[58.07]
--------------------------------------------------------------------------------------------------------------------------------------------------------------------------------------------------------
Train Iter:[0  /563], CauLoss:[1.5354], AdvLoss:[1.4910]
Train Iter:[140/563], CauLoss:[1.6498], AdvLoss:[1.7383]
Train Iter:[280/563], CauLoss:[1.6560], AdvLoss:[1.7294]
Train Iter:[420/563], CauLoss:[1.6630], AdvLoss:[1.7120]
Train Iter:[560/563], CauLoss:[1.6862], AdvLoss:[1.7093]
--------------------------------------------------------------------------------------------------------------------------------------------------------------------------------------------------------
Epoch:[93/100], CauAdvLoss:[1.6846/1.7091], valid:[80.67], test:[60.30]
--------------------------------------------------------------------------------------------------------------------------------------------------------------------------------------------------------
Train Iter:[0  /563], CauLoss:[2.0026], AdvLoss:[1.5057]
Train Iter:[140/563], CauLoss:[1.6765], AdvLoss:[1.6442]
Train Iter:[280/563], CauLoss:[1.6806], AdvLoss:[1.6680]
Train Iter:[420/563], CauLoss:[1.6848], AdvLoss:[1.6862]
Train Iter:[560/563], CauLoss:[1.6894], AdvLoss:[1.6931]
--------------------------------------------------------------------------------------------------------------------------------------------------------------------------------------------------------
Epoch:[94/100], CauAdvLoss:[1.6896/1.6920], valid:[75.83], test:[59.00]
--------------------------------------------------------------------------------------------------------------------------------------------------------------------------------------------------------
Train Iter:[0  /563], CauLoss:[2.1136], AdvLoss:[1.8146]
Train Iter:[140/563], CauLoss:[1.7368], AdvLoss:[1.6840]
Train Iter:[280/563], CauLoss:[1.6929], AdvLoss:[1.6889]
Train Iter:[420/563], CauLoss:[1.6855], AdvLoss:[1.6842]
Train Iter:[560/563], CauLoss:[1.6821], AdvLoss:[1.6812]
--------------------------------------------------------------------------------------------------------------------------------------------------------------------------------------------------------
Epoch:[95/100], CauAdvLoss:[1.6820/1.6818], valid:[69.50], test:[53.30]
--------------------------------------------------------------------------------------------------------------------------------------------------------------------------------------------------------
Train Iter:[0  /563], CauLoss:[1.7030], AdvLoss:[1.6873]
Train Iter:[140/563], CauLoss:[1.6997], AdvLoss:[1.6967]
Train Iter:[280/563], CauLoss:[1.6715], AdvLoss:[1.6970]
Train Iter:[420/563], CauLoss:[1.6651], AdvLoss:[1.6813]
Train Iter:[560/563], CauLoss:[1.6780], AdvLoss:[1.6784]
--------------------------------------------------------------------------------------------------------------------------------------------------------------------------------------------------------
Epoch:[96/100], CauAdvLoss:[1.6782/1.6785], valid:[73.37], test:[59.90]
--------------------------------------------------------------------------------------------------------------------------------------------------------------------------------------------------------
Train Iter:[0  /563], CauLoss:[1.2052], AdvLoss:[1.7458]
Train Iter:[140/563], CauLoss:[1.6873], AdvLoss:[1.6580]
Train Iter:[280/563], CauLoss:[1.6732], AdvLoss:[1.6850]
Train Iter:[420/563], CauLoss:[1.6783], AdvLoss:[1.6909]
Train Iter:[560/563], CauLoss:[1.6876], AdvLoss:[1.6883]
--------------------------------------------------------------------------------------------------------------------------------------------------------------------------------------------------------
Epoch:[97/100], CauAdvLoss:[1.6870/1.6891], valid:[80.30], test:[57.33]
--------------------------------------------------------------------------------------------------------------------------------------------------------------------------------------------------------
Train Iter:[0  /563], CauLoss:[1.5759], AdvLoss:[1.9206]
Train Iter:[140/563], CauLoss:[1.6587], AdvLoss:[1.7044]
Train Iter:[280/563], CauLoss:[1.6662], AdvLoss:[1.7085]
Train Iter:[420/563], CauLoss:[1.6677], AdvLoss:[1.6853]
Train Iter:[560/563], CauLoss:[1.6824], AdvLoss:[1.6810]
--------------------------------------------------------------------------------------------------------------------------------------------------------------------------------------------------------
Epoch:[98/100], CauAdvLoss:[1.6829/1.6823], valid:[79.30], test:[57.00]
--------------------------------------------------------------------------------------------------------------------------------------------------------------------------------------------------------
Train Iter:[0  /563], CauLoss:[1.2708], AdvLoss:[1.8322]
Train Iter:[140/563], CauLoss:[1.6996], AdvLoss:[1.7169]
Train Iter:[280/563], CauLoss:[1.6875], AdvLoss:[1.6795]
Train Iter:[420/563], CauLoss:[1.6881], AdvLoss:[1.6655]
Train Iter:[560/563], CauLoss:[1.6875], AdvLoss:[1.6814]
--------------------------------------------------------------------------------------------------------------------------------------------------------------------------------------------------------
Epoch:[99/100], CauAdvLoss:[1.6885/1.6807], valid:[79.93], test:[55.83]
--------------------------------------------------------------------------------------------------------------------------------------------------------------------------------------------------------
Train Iter:[0  /563], CauLoss:[2.1184], AdvLoss:[1.6852]
Train Iter:[140/563], CauLoss:[1.6576], AdvLoss:[1.6521]
Train Iter:[280/563], CauLoss:[1.6584], AdvLoss:[1.6878]
Train Iter:[420/563], CauLoss:[1.6756], AdvLoss:[1.6790]
Train Iter:[560/563], CauLoss:[1.6811], AdvLoss:[1.6837]
--------------------------------------------------------------------------------------------------------------------------------------------------------------------------------------------------------
Epoch:[100/100], CauAdvLoss:[1.6846/1.6843], valid:[78.87], test:[60.57]
--------------------------------------------------------------------------------------------------------------------------------------------------------------------------------------------------------
Update test:[59.30] at epoch:[91] | Total time:00:28:58
Train Iter:[0  /563], CauLoss:[3.3983], AdvLoss:[0.5876]
Train Iter:[140/563], CauLoss:[2.9563], AdvLoss:[0.6122]
Train Iter:[280/563], CauLoss:[2.6590], AdvLoss:[0.7065]
Train Iter:[420/563], CauLoss:[2.5039], AdvLoss:[0.6275]
Train Iter:[560/563], CauLoss:[2.4201], AdvLoss:[0.6488]
--------------------------------------------------------------------------------------------------------------------------------------------------------------------------------------------------------
Epoch:[1/100], CauAdvLoss:[2.4198/0.6528], valid:[55.93], test:[45.60]
--------------------------------------------------------------------------------------------------------------------------------------------------------------------------------------------------------
Train Iter:[0  /563], CauLoss:[2.5202], AdvLoss:[1.6097]
Train Iter:[140/563], CauLoss:[2.1111], AdvLoss:[0.8105]
Train Iter:[280/563], CauLoss:[2.1110], AdvLoss:[0.7585]
Train Iter:[420/563], CauLoss:[2.0883], AdvLoss:[0.7731]
Train Iter:[560/563], CauLoss:[2.0844], AdvLoss:[0.7816]
--------------------------------------------------------------------------------------------------------------------------------------------------------------------------------------------------------
Epoch:[2/100], CauAdvLoss:[2.0839/0.7812], valid:[55.93], test:[35.40]
--------------------------------------------------------------------------------------------------------------------------------------------------------------------------------------------------------
Train Iter:[0  /563], CauLoss:[2.1007], AdvLoss:[0.8391]
Train Iter:[140/563], CauLoss:[2.0408], AdvLoss:[0.7674]
Train Iter:[280/563], CauLoss:[2.0386], AdvLoss:[0.8412]
Train Iter:[420/563], CauLoss:[2.0320], AdvLoss:[0.8815]
Train Iter:[560/563], CauLoss:[2.0179], AdvLoss:[0.9542]
--------------------------------------------------------------------------------------------------------------------------------------------------------------------------------------------------------
Epoch:[3/100], CauAdvLoss:[2.0202/0.9540], valid:[49.50], test:[36.50]
--------------------------------------------------------------------------------------------------------------------------------------------------------------------------------------------------------
Train Iter:[0  /563], CauLoss:[1.6508], AdvLoss:[1.1040]
Train Iter:[140/563], CauLoss:[1.9142], AdvLoss:[1.1646]
Train Iter:[280/563], CauLoss:[1.9493], AdvLoss:[1.1018]
Train Iter:[420/563], CauLoss:[1.9534], AdvLoss:[1.1290]
Train Iter:[560/563], CauLoss:[1.9625], AdvLoss:[1.0865]
--------------------------------------------------------------------------------------------------------------------------------------------------------------------------------------------------------
Epoch:[4/100], CauAdvLoss:[1.9621/1.0884], valid:[56.73], test:[33.37]
--------------------------------------------------------------------------------------------------------------------------------------------------------------------------------------------------------
Train Iter:[0  /563], CauLoss:[2.1136], AdvLoss:[1.1450]
Train Iter:[140/563], CauLoss:[1.9605], AdvLoss:[1.2037]
Train Iter:[280/563], CauLoss:[1.9470], AdvLoss:[1.2388]
Train Iter:[420/563], CauLoss:[1.9538], AdvLoss:[1.2405]
Train Iter:[560/563], CauLoss:[1.9451], AdvLoss:[1.2671]
--------------------------------------------------------------------------------------------------------------------------------------------------------------------------------------------------------
Epoch:[5/100], CauAdvLoss:[1.9440/1.2700], valid:[61.60], test:[38.07]
--------------------------------------------------------------------------------------------------------------------------------------------------------------------------------------------------------
Train Iter:[0  /563], CauLoss:[1.6882], AdvLoss:[0.8778]
Train Iter:[140/563], CauLoss:[1.9521], AdvLoss:[1.2897]
Train Iter:[280/563], CauLoss:[1.9360], AdvLoss:[1.3225]
Train Iter:[420/563], CauLoss:[1.9407], AdvLoss:[1.2998]
Train Iter:[560/563], CauLoss:[1.9282], AdvLoss:[1.3374]
--------------------------------------------------------------------------------------------------------------------------------------------------------------------------------------------------------
Epoch:[6/100], CauAdvLoss:[1.9281/1.3374], valid:[66.43], test:[41.87]
--------------------------------------------------------------------------------------------------------------------------------------------------------------------------------------------------------
Train Iter:[0  /563], CauLoss:[2.0135], AdvLoss:[1.1336]
Train Iter:[140/563], CauLoss:[1.9187], AdvLoss:[1.5315]
Train Iter:[280/563], CauLoss:[1.9246], AdvLoss:[1.5154]
Train Iter:[420/563], CauLoss:[1.9088], AdvLoss:[1.4785]
Train Iter:[560/563], CauLoss:[1.9074], AdvLoss:[1.4842]
--------------------------------------------------------------------------------------------------------------------------------------------------------------------------------------------------------
Epoch:[7/100], CauAdvLoss:[1.9110/1.4855], valid:[68.73], test:[44.43]
--------------------------------------------------------------------------------------------------------------------------------------------------------------------------------------------------------
Train Iter:[0  /563], CauLoss:[2.3584], AdvLoss:[1.5711]
Train Iter:[140/563], CauLoss:[1.9567], AdvLoss:[1.2908]
Train Iter:[280/563], CauLoss:[1.9277], AdvLoss:[1.4008]
Train Iter:[420/563], CauLoss:[1.9073], AdvLoss:[1.4111]
Train Iter:[560/563], CauLoss:[1.9145], AdvLoss:[1.4064]
--------------------------------------------------------------------------------------------------------------------------------------------------------------------------------------------------------
Epoch:[8/100], CauAdvLoss:[1.9133/1.4060], valid:[47.60], test:[33.67]
--------------------------------------------------------------------------------------------------------------------------------------------------------------------------------------------------------
Train Iter:[0  /563], CauLoss:[1.3952], AdvLoss:[1.4023]
Train Iter:[140/563], CauLoss:[1.9329], AdvLoss:[1.3025]
Train Iter:[280/563], CauLoss:[1.9295], AdvLoss:[1.4331]
Train Iter:[420/563], CauLoss:[1.9191], AdvLoss:[1.5338]
Train Iter:[560/563], CauLoss:[1.9121], AdvLoss:[1.5488]
--------------------------------------------------------------------------------------------------------------------------------------------------------------------------------------------------------
Epoch:[9/100], CauAdvLoss:[1.9108/1.5487], valid:[61.77], test:[50.30]
--------------------------------------------------------------------------------------------------------------------------------------------------------------------------------------------------------
Train Iter:[0  /563], CauLoss:[1.3643], AdvLoss:[1.5511]
Train Iter:[140/563], CauLoss:[1.8949], AdvLoss:[1.9260]
Train Iter:[280/563], CauLoss:[1.8847], AdvLoss:[1.8562]
Train Iter:[420/563], CauLoss:[1.8955], AdvLoss:[1.7668]
Train Iter:[560/563], CauLoss:[1.8875], AdvLoss:[1.7654]
--------------------------------------------------------------------------------------------------------------------------------------------------------------------------------------------------------
Epoch:[10/100], CauAdvLoss:[1.8875/1.7648], valid:[46.67], test:[37.37]
--------------------------------------------------------------------------------------------------------------------------------------------------------------------------------------------------------
Train Iter:[0  /563], CauLoss:[2.4515], AdvLoss:[1.8422]
Train Iter:[140/563], CauLoss:[1.8971], AdvLoss:[1.6996]
Train Iter:[280/563], CauLoss:[1.8880], AdvLoss:[1.5792]
Train Iter:[420/563], CauLoss:[1.8835], AdvLoss:[1.6891]
Train Iter:[560/563], CauLoss:[1.8882], AdvLoss:[1.7186]
--------------------------------------------------------------------------------------------------------------------------------------------------------------------------------------------------------
Epoch:[11/100], CauAdvLoss:[1.8873/1.7185], valid:[43.60], test:[32.53]
--------------------------------------------------------------------------------------------------------------------------------------------------------------------------------------------------------
Train Iter:[0  /563], CauLoss:[1.7578], AdvLoss:[1.5391]
Train Iter:[140/563], CauLoss:[1.8728], AdvLoss:[1.7636]
Train Iter:[280/563], CauLoss:[1.8773], AdvLoss:[1.8696]
Train Iter:[420/563], CauLoss:[1.8708], AdvLoss:[1.9224]
Train Iter:[560/563], CauLoss:[1.8566], AdvLoss:[1.9186]
--------------------------------------------------------------------------------------------------------------------------------------------------------------------------------------------------------
Epoch:[12/100], CauAdvLoss:[1.8583/1.9209], valid:[71.70], test:[48.80]
--------------------------------------------------------------------------------------------------------------------------------------------------------------------------------------------------------
Train Iter:[0  /563], CauLoss:[2.5154], AdvLoss:[1.9449]
Train Iter:[140/563], CauLoss:[1.8393], AdvLoss:[1.9051]
Train Iter:[280/563], CauLoss:[1.8354], AdvLoss:[1.9150]
Train Iter:[420/563], CauLoss:[1.8425], AdvLoss:[1.8816]
Train Iter:[560/563], CauLoss:[1.8480], AdvLoss:[1.8690]
--------------------------------------------------------------------------------------------------------------------------------------------------------------------------------------------------------
Epoch:[13/100], CauAdvLoss:[1.8483/1.8697], valid:[52.20], test:[43.23]
--------------------------------------------------------------------------------------------------------------------------------------------------------------------------------------------------------
Train Iter:[0  /563], CauLoss:[2.2989], AdvLoss:[3.0026]
Train Iter:[140/563], CauLoss:[1.7940], AdvLoss:[2.0753]
Train Iter:[280/563], CauLoss:[1.8129], AdvLoss:[1.9990]
Train Iter:[420/563], CauLoss:[1.8288], AdvLoss:[1.9384]
Train Iter:[560/563], CauLoss:[1.8353], AdvLoss:[1.9306]
--------------------------------------------------------------------------------------------------------------------------------------------------------------------------------------------------------
Epoch:[14/100], CauAdvLoss:[1.8343/1.9300], valid:[61.70], test:[43.20]
--------------------------------------------------------------------------------------------------------------------------------------------------------------------------------------------------------
Train Iter:[0  /563], CauLoss:[2.3193], AdvLoss:[1.4960]
Train Iter:[140/563], CauLoss:[1.7864], AdvLoss:[1.8268]
Train Iter:[280/563], CauLoss:[1.8169], AdvLoss:[1.8102]
Train Iter:[420/563], CauLoss:[1.8294], AdvLoss:[1.8523]
Train Iter:[560/563], CauLoss:[1.8333], AdvLoss:[1.8903]
--------------------------------------------------------------------------------------------------------------------------------------------------------------------------------------------------------
Epoch:[15/100], CauAdvLoss:[1.8343/1.8908], valid:[60.13], test:[42.03]
--------------------------------------------------------------------------------------------------------------------------------------------------------------------------------------------------------
Train Iter:[0  /563], CauLoss:[1.7197], AdvLoss:[2.0823]
Train Iter:[140/563], CauLoss:[1.8386], AdvLoss:[1.9881]
Train Iter:[280/563], CauLoss:[1.8201], AdvLoss:[1.9148]
Train Iter:[420/563], CauLoss:[1.8098], AdvLoss:[2.0909]
Train Iter:[560/563], CauLoss:[1.8270], AdvLoss:[2.0687]
--------------------------------------------------------------------------------------------------------------------------------------------------------------------------------------------------------
Epoch:[16/100], CauAdvLoss:[1.8265/2.0663], valid:[68.70], test:[48.77]
--------------------------------------------------------------------------------------------------------------------------------------------------------------------------------------------------------
Train Iter:[0  /563], CauLoss:[2.0727], AdvLoss:[2.4401]
Train Iter:[140/563], CauLoss:[1.8364], AdvLoss:[2.0160]
Train Iter:[280/563], CauLoss:[1.8062], AdvLoss:[1.9609]
Train Iter:[420/563], CauLoss:[1.8094], AdvLoss:[1.9933]
Train Iter:[560/563], CauLoss:[1.8204], AdvLoss:[1.9609]
--------------------------------------------------------------------------------------------------------------------------------------------------------------------------------------------------------
Epoch:[17/100], CauAdvLoss:[1.8216/1.9597], valid:[65.23], test:[46.37]
--------------------------------------------------------------------------------------------------------------------------------------------------------------------------------------------------------
Train Iter:[0  /563], CauLoss:[2.7824], AdvLoss:[2.4913]
Train Iter:[140/563], CauLoss:[1.8052], AdvLoss:[1.9949]
Train Iter:[280/563], CauLoss:[1.8153], AdvLoss:[1.8872]
Train Iter:[420/563], CauLoss:[1.8145], AdvLoss:[1.8086]
Train Iter:[560/563], CauLoss:[1.8019], AdvLoss:[1.9053]
--------------------------------------------------------------------------------------------------------------------------------------------------------------------------------------------------------
Epoch:[18/100], CauAdvLoss:[1.8042/1.9042], valid:[53.30], test:[35.83]
--------------------------------------------------------------------------------------------------------------------------------------------------------------------------------------------------------
Train Iter:[0  /563], CauLoss:[2.1540], AdvLoss:[1.9788]
Train Iter:[140/563], CauLoss:[1.8209], AdvLoss:[1.9992]
Train Iter:[280/563], CauLoss:[1.8168], AdvLoss:[1.9498]
Train Iter:[420/563], CauLoss:[1.8195], AdvLoss:[1.9533]
Train Iter:[560/563], CauLoss:[1.8129], AdvLoss:[1.9506]
--------------------------------------------------------------------------------------------------------------------------------------------------------------------------------------------------------
Epoch:[19/100], CauAdvLoss:[1.8116/1.9515], valid:[69.60], test:[51.80]
--------------------------------------------------------------------------------------------------------------------------------------------------------------------------------------------------------
Train Iter:[0  /563], CauLoss:[2.1016], AdvLoss:[2.0957]
Train Iter:[140/563], CauLoss:[1.7790], AdvLoss:[2.1491]
Train Iter:[280/563], CauLoss:[1.7995], AdvLoss:[2.1095]
Train Iter:[420/563], CauLoss:[1.7947], AdvLoss:[2.0076]
Train Iter:[560/563], CauLoss:[1.8048], AdvLoss:[1.9539]
--------------------------------------------------------------------------------------------------------------------------------------------------------------------------------------------------------
Epoch:[20/100], CauAdvLoss:[1.8047/1.9543], valid:[63.73], test:[37.40]
--------------------------------------------------------------------------------------------------------------------------------------------------------------------------------------------------------
Train Iter:[0  /563], CauLoss:[1.6179], AdvLoss:[2.1844]
Train Iter:[140/563], CauLoss:[1.8313], AdvLoss:[2.0120]
Train Iter:[280/563], CauLoss:[1.8130], AdvLoss:[2.0719]
Train Iter:[420/563], CauLoss:[1.7973], AdvLoss:[2.0339]
Train Iter:[560/563], CauLoss:[1.7988], AdvLoss:[2.0520]
--------------------------------------------------------------------------------------------------------------------------------------------------------------------------------------------------------
Epoch:[21/100], CauAdvLoss:[1.7974/2.0528], valid:[58.40], test:[39.90]
--------------------------------------------------------------------------------------------------------------------------------------------------------------------------------------------------------
Train Iter:[0  /563], CauLoss:[2.0732], AdvLoss:[1.7062]
Train Iter:[140/563], CauLoss:[1.8285], AdvLoss:[2.0227]
Train Iter:[280/563], CauLoss:[1.8079], AdvLoss:[1.9555]
Train Iter:[420/563], CauLoss:[1.7995], AdvLoss:[1.9556]
Train Iter:[560/563], CauLoss:[1.7976], AdvLoss:[1.9596]
--------------------------------------------------------------------------------------------------------------------------------------------------------------------------------------------------------
Epoch:[22/100], CauAdvLoss:[1.7975/1.9582], valid:[49.43], test:[32.93]
--------------------------------------------------------------------------------------------------------------------------------------------------------------------------------------------------------
Train Iter:[0  /563], CauLoss:[1.5568], AdvLoss:[2.3990]
Train Iter:[140/563], CauLoss:[1.7742], AdvLoss:[2.0751]
Train Iter:[280/563], CauLoss:[1.7784], AdvLoss:[2.0212]
Train Iter:[420/563], CauLoss:[1.7776], AdvLoss:[2.0418]
Train Iter:[560/563], CauLoss:[1.7896], AdvLoss:[2.0197]
--------------------------------------------------------------------------------------------------------------------------------------------------------------------------------------------------------
Epoch:[23/100], CauAdvLoss:[1.7906/2.0184], valid:[61.83], test:[42.07]
--------------------------------------------------------------------------------------------------------------------------------------------------------------------------------------------------------
Train Iter:[0  /563], CauLoss:[1.7388], AdvLoss:[1.9254]
Train Iter:[140/563], CauLoss:[1.7550], AdvLoss:[1.9404]
Train Iter:[280/563], CauLoss:[1.7837], AdvLoss:[1.8414]
Train Iter:[420/563], CauLoss:[1.7769], AdvLoss:[1.8829]
Train Iter:[560/563], CauLoss:[1.7805], AdvLoss:[1.9136]
--------------------------------------------------------------------------------------------------------------------------------------------------------------------------------------------------------
Epoch:[24/100], CauAdvLoss:[1.7793/1.9138], valid:[67.80], test:[51.27]
--------------------------------------------------------------------------------------------------------------------------------------------------------------------------------------------------------
Train Iter:[0  /563], CauLoss:[1.8340], AdvLoss:[1.8021]
Train Iter:[140/563], CauLoss:[1.7889], AdvLoss:[2.2062]
Train Iter:[280/563], CauLoss:[1.7846], AdvLoss:[2.1311]
Train Iter:[420/563], CauLoss:[1.7886], AdvLoss:[2.1771]
Train Iter:[560/563], CauLoss:[1.7898], AdvLoss:[2.1497]
--------------------------------------------------------------------------------------------------------------------------------------------------------------------------------------------------------
Epoch:[25/100], CauAdvLoss:[1.7893/2.1464], valid:[72.63], test:[52.67]
--------------------------------------------------------------------------------------------------------------------------------------------------------------------------------------------------------
Train Iter:[0  /563], CauLoss:[1.9389], AdvLoss:[1.8945]
Train Iter:[140/563], CauLoss:[1.7987], AdvLoss:[1.9124]
Train Iter:[280/563], CauLoss:[1.7874], AdvLoss:[2.0150]
Train Iter:[420/563], CauLoss:[1.7866], AdvLoss:[2.0208]
Train Iter:[560/563], CauLoss:[1.7801], AdvLoss:[2.0555]
--------------------------------------------------------------------------------------------------------------------------------------------------------------------------------------------------------
Epoch:[26/100], CauAdvLoss:[1.7795/2.0552], valid:[65.00], test:[40.73]
--------------------------------------------------------------------------------------------------------------------------------------------------------------------------------------------------------
Train Iter:[0  /563], CauLoss:[2.0012], AdvLoss:[2.2754]
Train Iter:[140/563], CauLoss:[1.7787], AdvLoss:[2.0207]
Train Iter:[280/563], CauLoss:[1.7767], AdvLoss:[1.9555]
Train Iter:[420/563], CauLoss:[1.7760], AdvLoss:[1.9022]
Train Iter:[560/563], CauLoss:[1.7794], AdvLoss:[1.9387]
--------------------------------------------------------------------------------------------------------------------------------------------------------------------------------------------------------
Epoch:[27/100], CauAdvLoss:[1.7789/1.9399], valid:[57.87], test:[32.93]
--------------------------------------------------------------------------------------------------------------------------------------------------------------------------------------------------------
Train Iter:[0  /563], CauLoss:[1.7583], AdvLoss:[2.1051]
Train Iter:[140/563], CauLoss:[1.7525], AdvLoss:[2.0607]
Train Iter:[280/563], CauLoss:[1.7723], AdvLoss:[2.0330]
Train Iter:[420/563], CauLoss:[1.7858], AdvLoss:[1.9817]
Train Iter:[560/563], CauLoss:[1.7798], AdvLoss:[1.9115]
--------------------------------------------------------------------------------------------------------------------------------------------------------------------------------------------------------
Epoch:[28/100], CauAdvLoss:[1.7800/1.9100], valid:[61.30], test:[38.73]
--------------------------------------------------------------------------------------------------------------------------------------------------------------------------------------------------------
Train Iter:[0  /563], CauLoss:[1.5545], AdvLoss:[1.8695]
Train Iter:[140/563], CauLoss:[1.7465], AdvLoss:[1.7771]
Train Iter:[280/563], CauLoss:[1.7843], AdvLoss:[1.8033]
Train Iter:[420/563], CauLoss:[1.7693], AdvLoss:[1.8558]
Train Iter:[560/563], CauLoss:[1.7699], AdvLoss:[1.8823]
--------------------------------------------------------------------------------------------------------------------------------------------------------------------------------------------------------
Epoch:[29/100], CauAdvLoss:[1.7700/1.8816], valid:[75.37], test:[48.63]
--------------------------------------------------------------------------------------------------------------------------------------------------------------------------------------------------------
Train Iter:[0  /563], CauLoss:[1.6467], AdvLoss:[1.7148]
Train Iter:[140/563], CauLoss:[1.7541], AdvLoss:[2.0563]
Train Iter:[280/563], CauLoss:[1.7536], AdvLoss:[1.9454]
Train Iter:[420/563], CauLoss:[1.7672], AdvLoss:[1.9190]
Train Iter:[560/563], CauLoss:[1.7663], AdvLoss:[1.9267]
--------------------------------------------------------------------------------------------------------------------------------------------------------------------------------------------------------
Epoch:[30/100], CauAdvLoss:[1.7667/1.9268], valid:[57.40], test:[43.17]
--------------------------------------------------------------------------------------------------------------------------------------------------------------------------------------------------------
Train Iter:[0  /563], CauLoss:[1.3394], AdvLoss:[1.6253]
Train Iter:[140/563], CauLoss:[1.7524], AdvLoss:[2.0714]
Train Iter:[280/563], CauLoss:[1.7646], AdvLoss:[2.0076]
Train Iter:[420/563], CauLoss:[1.7667], AdvLoss:[1.9570]
Train Iter:[560/563], CauLoss:[1.7611], AdvLoss:[1.9337]
--------------------------------------------------------------------------------------------------------------------------------------------------------------------------------------------------------
Epoch:[31/100], CauAdvLoss:[1.7618/1.9329], valid:[56.47], test:[37.60]
--------------------------------------------------------------------------------------------------------------------------------------------------------------------------------------------------------
Train Iter:[0  /563], CauLoss:[2.0025], AdvLoss:[1.8485]
Train Iter:[140/563], CauLoss:[1.7614], AdvLoss:[1.8703]
Train Iter:[280/563], CauLoss:[1.7580], AdvLoss:[1.9183]
Train Iter:[420/563], CauLoss:[1.7736], AdvLoss:[1.8988]
Train Iter:[560/563], CauLoss:[1.7715], AdvLoss:[1.8826]
--------------------------------------------------------------------------------------------------------------------------------------------------------------------------------------------------------
Epoch:[32/100], CauAdvLoss:[1.7712/1.8812], valid:[57.10], test:[32.97]
--------------------------------------------------------------------------------------------------------------------------------------------------------------------------------------------------------
Train Iter:[0  /563], CauLoss:[1.8876], AdvLoss:[1.7736]
Train Iter:[140/563], CauLoss:[1.7383], AdvLoss:[1.8540]
Train Iter:[280/563], CauLoss:[1.7549], AdvLoss:[1.9317]
Train Iter:[420/563], CauLoss:[1.7606], AdvLoss:[1.8742]
Train Iter:[560/563], CauLoss:[1.7672], AdvLoss:[1.8511]
--------------------------------------------------------------------------------------------------------------------------------------------------------------------------------------------------------
Epoch:[33/100], CauAdvLoss:[1.7682/1.8509], valid:[58.43], test:[33.27]
--------------------------------------------------------------------------------------------------------------------------------------------------------------------------------------------------------
Train Iter:[0  /563], CauLoss:[1.9540], AdvLoss:[1.9882]
Train Iter:[140/563], CauLoss:[1.7671], AdvLoss:[2.0795]
Train Iter:[280/563], CauLoss:[1.7832], AdvLoss:[2.0120]
Train Iter:[420/563], CauLoss:[1.7552], AdvLoss:[1.9524]
Train Iter:[560/563], CauLoss:[1.7589], AdvLoss:[1.9498]
--------------------------------------------------------------------------------------------------------------------------------------------------------------------------------------------------------
Epoch:[34/100], CauAdvLoss:[1.7579/1.9504], valid:[65.67], test:[39.87]
--------------------------------------------------------------------------------------------------------------------------------------------------------------------------------------------------------
Train Iter:[0  /563], CauLoss:[2.4415], AdvLoss:[1.1940]
Train Iter:[140/563], CauLoss:[1.7718], AdvLoss:[1.9081]
Train Iter:[280/563], CauLoss:[1.7771], AdvLoss:[1.9333]
Train Iter:[420/563], CauLoss:[1.7577], AdvLoss:[1.9097]
Train Iter:[560/563], CauLoss:[1.7492], AdvLoss:[1.9410]
--------------------------------------------------------------------------------------------------------------------------------------------------------------------------------------------------------
Epoch:[35/100], CauAdvLoss:[1.7504/1.9405], valid:[74.40], test:[40.53]
--------------------------------------------------------------------------------------------------------------------------------------------------------------------------------------------------------
Train Iter:[0  /563], CauLoss:[1.9996], AdvLoss:[2.3036]
Train Iter:[140/563], CauLoss:[1.7613], AdvLoss:[1.9832]
Train Iter:[280/563], CauLoss:[1.7496], AdvLoss:[1.9313]
Train Iter:[420/563], CauLoss:[1.7640], AdvLoss:[1.9045]
Train Iter:[560/563], CauLoss:[1.7586], AdvLoss:[1.8589]
--------------------------------------------------------------------------------------------------------------------------------------------------------------------------------------------------------
Epoch:[36/100], CauAdvLoss:[1.7590/1.8570], valid:[55.77], test:[32.93]
--------------------------------------------------------------------------------------------------------------------------------------------------------------------------------------------------------
Train Iter:[0  /563], CauLoss:[1.7586], AdvLoss:[2.2323]
Train Iter:[140/563], CauLoss:[1.8012], AdvLoss:[1.9452]
Train Iter:[280/563], CauLoss:[1.7773], AdvLoss:[1.9605]
Train Iter:[420/563], CauLoss:[1.7639], AdvLoss:[1.9200]
Train Iter:[560/563], CauLoss:[1.7639], AdvLoss:[1.9500]
--------------------------------------------------------------------------------------------------------------------------------------------------------------------------------------------------------
Epoch:[37/100], CauAdvLoss:[1.7644/1.9530], valid:[75.20], test:[46.67]
--------------------------------------------------------------------------------------------------------------------------------------------------------------------------------------------------------
Train Iter:[0  /563], CauLoss:[1.8548], AdvLoss:[2.3589]
Train Iter:[140/563], CauLoss:[1.7631], AdvLoss:[2.0201]
Train Iter:[280/563], CauLoss:[1.7679], AdvLoss:[1.9360]
Train Iter:[420/563], CauLoss:[1.7557], AdvLoss:[1.9003]
Train Iter:[560/563], CauLoss:[1.7514], AdvLoss:[1.9105]
--------------------------------------------------------------------------------------------------------------------------------------------------------------------------------------------------------
Epoch:[38/100], CauAdvLoss:[1.7516/1.9094], valid:[66.30], test:[40.17]
--------------------------------------------------------------------------------------------------------------------------------------------------------------------------------------------------------
Train Iter:[0  /563], CauLoss:[2.8965], AdvLoss:[2.3754]
Train Iter:[140/563], CauLoss:[1.7488], AdvLoss:[2.1530]
Train Iter:[280/563], CauLoss:[1.7516], AdvLoss:[2.0598]
Train Iter:[420/563], CauLoss:[1.7558], AdvLoss:[2.0302]
Train Iter:[560/563], CauLoss:[1.7489], AdvLoss:[2.0145]
--------------------------------------------------------------------------------------------------------------------------------------------------------------------------------------------------------
Epoch:[39/100], CauAdvLoss:[1.7495/2.0137], valid:[74.97], test:[44.17]
--------------------------------------------------------------------------------------------------------------------------------------------------------------------------------------------------------
Train Iter:[0  /563], CauLoss:[2.2507], AdvLoss:[2.0125]
Train Iter:[140/563], CauLoss:[1.7844], AdvLoss:[2.1088]
Train Iter:[280/563], CauLoss:[1.7708], AdvLoss:[1.9890]
Train Iter:[420/563], CauLoss:[1.7549], AdvLoss:[1.9732]
Train Iter:[560/563], CauLoss:[1.7525], AdvLoss:[1.9536]
--------------------------------------------------------------------------------------------------------------------------------------------------------------------------------------------------------
Epoch:[40/100], CauAdvLoss:[1.7526/1.9526], valid:[56.57], test:[32.67]
--------------------------------------------------------------------------------------------------------------------------------------------------------------------------------------------------------
Train Iter:[0  /563], CauLoss:[1.5311], AdvLoss:[1.5969]
Train Iter:[140/563], CauLoss:[1.7920], AdvLoss:[1.8063]
Train Iter:[280/563], CauLoss:[1.7748], AdvLoss:[1.7574]
Train Iter:[420/563], CauLoss:[1.7471], AdvLoss:[1.7569]
Train Iter:[560/563], CauLoss:[1.7538], AdvLoss:[1.8159]
--------------------------------------------------------------------------------------------------------------------------------------------------------------------------------------------------------
Epoch:[41/100], CauAdvLoss:[1.7534/1.8159], valid:[75.07], test:[53.80]
--------------------------------------------------------------------------------------------------------------------------------------------------------------------------------------------------------
Train Iter:[0  /563], CauLoss:[1.5085], AdvLoss:[2.4059]
Train Iter:[140/563], CauLoss:[1.7719], AdvLoss:[1.9912]
Train Iter:[280/563], CauLoss:[1.7526], AdvLoss:[2.0167]
Train Iter:[420/563], CauLoss:[1.7550], AdvLoss:[1.9767]
Train Iter:[560/563], CauLoss:[1.7451], AdvLoss:[2.0097]
--------------------------------------------------------------------------------------------------------------------------------------------------------------------------------------------------------
Epoch:[42/100], CauAdvLoss:[1.7436/2.0083], valid:[63.70], test:[37.87]
--------------------------------------------------------------------------------------------------------------------------------------------------------------------------------------------------------
Train Iter:[0  /563], CauLoss:[1.7191], AdvLoss:[1.5390]
Train Iter:[140/563], CauLoss:[1.7394], AdvLoss:[1.6774]
Train Iter:[280/563], CauLoss:[1.7552], AdvLoss:[1.8662]
Train Iter:[420/563], CauLoss:[1.7504], AdvLoss:[1.8954]
Train Iter:[560/563], CauLoss:[1.7447], AdvLoss:[1.9296]
--------------------------------------------------------------------------------------------------------------------------------------------------------------------------------------------------------
Epoch:[43/100], CauAdvLoss:[1.7435/1.9287], valid:[65.93], test:[43.97]
--------------------------------------------------------------------------------------------------------------------------------------------------------------------------------------------------------
Train Iter:[0  /563], CauLoss:[1.6376], AdvLoss:[1.0109]
Train Iter:[140/563], CauLoss:[1.7500], AdvLoss:[1.7698]
Train Iter:[280/563], CauLoss:[1.7380], AdvLoss:[1.7421]
Train Iter:[420/563], CauLoss:[1.7506], AdvLoss:[1.8010]
Train Iter:[560/563], CauLoss:[1.7444], AdvLoss:[1.8526]
--------------------------------------------------------------------------------------------------------------------------------------------------------------------------------------------------------
Epoch:[44/100], CauAdvLoss:[1.7447/1.8541], valid:[72.10], test:[43.70]
--------------------------------------------------------------------------------------------------------------------------------------------------------------------------------------------------------
Train Iter:[0  /563], CauLoss:[1.4581], AdvLoss:[2.0003]
Train Iter:[140/563], CauLoss:[1.7486], AdvLoss:[2.0043]
Train Iter:[280/563], CauLoss:[1.7311], AdvLoss:[2.0212]
Train Iter:[420/563], CauLoss:[1.7405], AdvLoss:[1.9418]
Train Iter:[560/563], CauLoss:[1.7438], AdvLoss:[1.9263]
--------------------------------------------------------------------------------------------------------------------------------------------------------------------------------------------------------
Epoch:[45/100], CauAdvLoss:[1.7435/1.9273], valid:[63.83], test:[45.27]
--------------------------------------------------------------------------------------------------------------------------------------------------------------------------------------------------------
Train Iter:[0  /563], CauLoss:[1.6070], AdvLoss:[2.4079]
Train Iter:[140/563], CauLoss:[1.7683], AdvLoss:[1.8836]
Train Iter:[280/563], CauLoss:[1.7681], AdvLoss:[1.8243]
Train Iter:[420/563], CauLoss:[1.7528], AdvLoss:[1.7969]
Train Iter:[560/563], CauLoss:[1.7362], AdvLoss:[1.8147]
--------------------------------------------------------------------------------------------------------------------------------------------------------------------------------------------------------
Epoch:[46/100], CauAdvLoss:[1.7360/1.8157], valid:[61.27], test:[35.47]
--------------------------------------------------------------------------------------------------------------------------------------------------------------------------------------------------------
Train Iter:[0  /563], CauLoss:[1.9634], AdvLoss:[2.8893]
Train Iter:[140/563], CauLoss:[1.7434], AdvLoss:[1.9534]
Train Iter:[280/563], CauLoss:[1.7462], AdvLoss:[1.8992]
Train Iter:[420/563], CauLoss:[1.7477], AdvLoss:[1.8821]
Train Iter:[560/563], CauLoss:[1.7435], AdvLoss:[1.8646]
--------------------------------------------------------------------------------------------------------------------------------------------------------------------------------------------------------
Epoch:[47/100], CauAdvLoss:[1.7429/1.8631], valid:[66.20], test:[47.83]
--------------------------------------------------------------------------------------------------------------------------------------------------------------------------------------------------------
Train Iter:[0  /563], CauLoss:[1.4590], AdvLoss:[1.7360]
Train Iter:[140/563], CauLoss:[1.7974], AdvLoss:[1.7800]
Train Iter:[280/563], CauLoss:[1.7528], AdvLoss:[1.7657]
Train Iter:[420/563], CauLoss:[1.7422], AdvLoss:[1.7098]
Train Iter:[560/563], CauLoss:[1.7436], AdvLoss:[1.7134]
--------------------------------------------------------------------------------------------------------------------------------------------------------------------------------------------------------
Epoch:[48/100], CauAdvLoss:[1.7426/1.7141], valid:[65.07], test:[37.37]
--------------------------------------------------------------------------------------------------------------------------------------------------------------------------------------------------------
Train Iter:[0  /563], CauLoss:[1.6383], AdvLoss:[2.0723]
Train Iter:[140/563], CauLoss:[1.7032], AdvLoss:[1.7462]
Train Iter:[280/563], CauLoss:[1.7439], AdvLoss:[1.8060]
Train Iter:[420/563], CauLoss:[1.7479], AdvLoss:[1.7597]
Train Iter:[560/563], CauLoss:[1.7388], AdvLoss:[1.7134]
--------------------------------------------------------------------------------------------------------------------------------------------------------------------------------------------------------
Epoch:[49/100], CauAdvLoss:[1.7388/1.7134], valid:[68.70], test:[46.47]
--------------------------------------------------------------------------------------------------------------------------------------------------------------------------------------------------------
Train Iter:[0  /563], CauLoss:[1.4786], AdvLoss:[1.3700]
Train Iter:[140/563], CauLoss:[1.7176], AdvLoss:[1.7549]
Train Iter:[280/563], CauLoss:[1.7286], AdvLoss:[1.7120]
Train Iter:[420/563], CauLoss:[1.7391], AdvLoss:[1.7378]
Train Iter:[560/563], CauLoss:[1.7403], AdvLoss:[1.7320]
--------------------------------------------------------------------------------------------------------------------------------------------------------------------------------------------------------
Epoch:[50/100], CauAdvLoss:[1.7398/1.7318], valid:[57.77], test:[34.47]
--------------------------------------------------------------------------------------------------------------------------------------------------------------------------------------------------------
Train Iter:[0  /563], CauLoss:[1.8423], AdvLoss:[1.8835]
Train Iter:[140/563], CauLoss:[1.7007], AdvLoss:[1.7374]
Train Iter:[280/563], CauLoss:[1.7137], AdvLoss:[1.6295]
Train Iter:[420/563], CauLoss:[1.7223], AdvLoss:[1.6181]
Train Iter:[560/563], CauLoss:[1.7322], AdvLoss:[1.5966]
--------------------------------------------------------------------------------------------------------------------------------------------------------------------------------------------------------
Epoch:[51/100], CauAdvLoss:[1.7322/1.5958], valid:[68.43], test:[33.83]
--------------------------------------------------------------------------------------------------------------------------------------------------------------------------------------------------------
Train Iter:[0  /563], CauLoss:[2.0801], AdvLoss:[1.7131]
Train Iter:[140/563], CauLoss:[1.7377], AdvLoss:[1.6307]
Train Iter:[280/563], CauLoss:[1.7281], AdvLoss:[1.7083]
Train Iter:[420/563], CauLoss:[1.7264], AdvLoss:[1.6957]
Train Iter:[560/563], CauLoss:[1.7266], AdvLoss:[1.6518]
--------------------------------------------------------------------------------------------------------------------------------------------------------------------------------------------------------
Epoch:[52/100], CauAdvLoss:[1.7266/1.6522], valid:[69.90], test:[46.80]
--------------------------------------------------------------------------------------------------------------------------------------------------------------------------------------------------------
Train Iter:[0  /563], CauLoss:[1.5018], AdvLoss:[1.5361]
Train Iter:[140/563], CauLoss:[1.7143], AdvLoss:[1.4427]
Train Iter:[280/563], CauLoss:[1.7334], AdvLoss:[1.4876]
Train Iter:[420/563], CauLoss:[1.7231], AdvLoss:[1.5484]
Train Iter:[560/563], CauLoss:[1.7268], AdvLoss:[1.5693]
--------------------------------------------------------------------------------------------------------------------------------------------------------------------------------------------------------
Epoch:[53/100], CauAdvLoss:[1.7274/1.5686], valid:[77.80], test:[52.60]
--------------------------------------------------------------------------------------------------------------------------------------------------------------------------------------------------------
Train Iter:[0  /563], CauLoss:[1.9698], AdvLoss:[1.4907]
Train Iter:[140/563], CauLoss:[1.7417], AdvLoss:[1.5041]
Train Iter:[280/563], CauLoss:[1.7447], AdvLoss:[1.5868]
Train Iter:[420/563], CauLoss:[1.7345], AdvLoss:[1.5771]
Train Iter:[560/563], CauLoss:[1.7272], AdvLoss:[1.5515]
--------------------------------------------------------------------------------------------------------------------------------------------------------------------------------------------------------
Epoch:[54/100], CauAdvLoss:[1.7281/1.5501], valid:[65.13], test:[38.07]
--------------------------------------------------------------------------------------------------------------------------------------------------------------------------------------------------------
Train Iter:[0  /563], CauLoss:[1.8316], AdvLoss:[1.3511]
Train Iter:[140/563], CauLoss:[1.7240], AdvLoss:[1.1910]
Train Iter:[280/563], CauLoss:[1.7313], AdvLoss:[1.3331]
Train Iter:[420/563], CauLoss:[1.7231], AdvLoss:[1.3903]
Train Iter:[560/563], CauLoss:[1.7300], AdvLoss:[1.3916]
--------------------------------------------------------------------------------------------------------------------------------------------------------------------------------------------------------
Epoch:[55/100], CauAdvLoss:[1.7301/1.3909], valid:[57.83], test:[39.50]
--------------------------------------------------------------------------------------------------------------------------------------------------------------------------------------------------------
Train Iter:[0  /563], CauLoss:[1.4851], AdvLoss:[1.2815]
Train Iter:[140/563], CauLoss:[1.7400], AdvLoss:[1.5513]
Train Iter:[280/563], CauLoss:[1.7336], AdvLoss:[1.4678]
Train Iter:[420/563], CauLoss:[1.7186], AdvLoss:[1.4422]
Train Iter:[560/563], CauLoss:[1.7254], AdvLoss:[1.4356]
--------------------------------------------------------------------------------------------------------------------------------------------------------------------------------------------------------
Epoch:[56/100], CauAdvLoss:[1.7250/1.4342], valid:[64.60], test:[40.80]
--------------------------------------------------------------------------------------------------------------------------------------------------------------------------------------------------------
Train Iter:[0  /563], CauLoss:[1.4956], AdvLoss:[1.2931]
Train Iter:[140/563], CauLoss:[1.7306], AdvLoss:[1.4422]
Train Iter:[280/563], CauLoss:[1.7306], AdvLoss:[1.4824]
Train Iter:[420/563], CauLoss:[1.7203], AdvLoss:[1.4748]
Train Iter:[560/563], CauLoss:[1.7273], AdvLoss:[1.4613]
--------------------------------------------------------------------------------------------------------------------------------------------------------------------------------------------------------
Epoch:[57/100], CauAdvLoss:[1.7267/1.4611], valid:[46.10], test:[33.20]
--------------------------------------------------------------------------------------------------------------------------------------------------------------------------------------------------------
Train Iter:[0  /563], CauLoss:[2.4057], AdvLoss:[1.3189]
Train Iter:[140/563], CauLoss:[1.7085], AdvLoss:[1.5212]
Train Iter:[280/563], CauLoss:[1.7039], AdvLoss:[1.5193]
Train Iter:[420/563], CauLoss:[1.7265], AdvLoss:[1.4988]
Train Iter:[560/563], CauLoss:[1.7276], AdvLoss:[1.4994]
--------------------------------------------------------------------------------------------------------------------------------------------------------------------------------------------------------
Epoch:[58/100], CauAdvLoss:[1.7271/1.4988], valid:[59.93], test:[39.90]
--------------------------------------------------------------------------------------------------------------------------------------------------------------------------------------------------------
Train Iter:[0  /563], CauLoss:[1.2888], AdvLoss:[1.1918]
Train Iter:[140/563], CauLoss:[1.7172], AdvLoss:[1.5239]
Train Iter:[280/563], CauLoss:[1.7231], AdvLoss:[1.4414]
Train Iter:[420/563], CauLoss:[1.7206], AdvLoss:[1.4175]
Train Iter:[560/563], CauLoss:[1.7173], AdvLoss:[1.4234]
--------------------------------------------------------------------------------------------------------------------------------------------------------------------------------------------------------
Epoch:[59/100], CauAdvLoss:[1.7165/1.4241], valid:[53.60], test:[33.23]
--------------------------------------------------------------------------------------------------------------------------------------------------------------------------------------------------------
Train Iter:[0  /563], CauLoss:[1.5777], AdvLoss:[1.1290]
Train Iter:[140/563], CauLoss:[1.6955], AdvLoss:[1.5642]
Train Iter:[280/563], CauLoss:[1.7210], AdvLoss:[1.5257]
Train Iter:[420/563], CauLoss:[1.7203], AdvLoss:[1.5005]
Train Iter:[560/563], CauLoss:[1.7251], AdvLoss:[1.4961]
--------------------------------------------------------------------------------------------------------------------------------------------------------------------------------------------------------
Epoch:[60/100], CauAdvLoss:[1.7238/1.4963], valid:[58.50], test:[36.87]
--------------------------------------------------------------------------------------------------------------------------------------------------------------------------------------------------------
Train Iter:[0  /563], CauLoss:[1.2492], AdvLoss:[1.8060]
Train Iter:[140/563], CauLoss:[1.6956], AdvLoss:[1.5575]
Train Iter:[280/563], CauLoss:[1.7021], AdvLoss:[1.5238]
Train Iter:[420/563], CauLoss:[1.7161], AdvLoss:[1.5314]
Train Iter:[560/563], CauLoss:[1.7192], AdvLoss:[1.5250]
--------------------------------------------------------------------------------------------------------------------------------------------------------------------------------------------------------
Epoch:[61/100], CauAdvLoss:[1.7207/1.5251], valid:[76.87], test:[47.03]
--------------------------------------------------------------------------------------------------------------------------------------------------------------------------------------------------------
Train Iter:[0  /563], CauLoss:[1.6066], AdvLoss:[1.9457]
Train Iter:[140/563], CauLoss:[1.7415], AdvLoss:[1.4703]
Train Iter:[280/563], CauLoss:[1.7302], AdvLoss:[1.4674]
Train Iter:[420/563], CauLoss:[1.7246], AdvLoss:[1.4787]
Train Iter:[560/563], CauLoss:[1.7161], AdvLoss:[1.5176]
--------------------------------------------------------------------------------------------------------------------------------------------------------------------------------------------------------
Epoch:[62/100], CauAdvLoss:[1.7171/1.5182], valid:[46.50], test:[37.93]
--------------------------------------------------------------------------------------------------------------------------------------------------------------------------------------------------------
Train Iter:[0  /563], CauLoss:[2.3794], AdvLoss:[1.6723]
Train Iter:[140/563], CauLoss:[1.7297], AdvLoss:[1.8223]
Train Iter:[280/563], CauLoss:[1.7314], AdvLoss:[1.6441]
Train Iter:[420/563], CauLoss:[1.7228], AdvLoss:[1.6061]
Train Iter:[560/563], CauLoss:[1.7169], AdvLoss:[1.5819]
--------------------------------------------------------------------------------------------------------------------------------------------------------------------------------------------------------
Epoch:[63/100], CauAdvLoss:[1.7163/1.5823], valid:[54.03], test:[36.43]
--------------------------------------------------------------------------------------------------------------------------------------------------------------------------------------------------------
Train Iter:[0  /563], CauLoss:[1.6186], AdvLoss:[1.6683]
Train Iter:[140/563], CauLoss:[1.7264], AdvLoss:[1.5155]
Train Iter:[280/563], CauLoss:[1.7146], AdvLoss:[1.5307]
Train Iter:[420/563], CauLoss:[1.7165], AdvLoss:[1.5421]
Train Iter:[560/563], CauLoss:[1.7118], AdvLoss:[1.5881]
--------------------------------------------------------------------------------------------------------------------------------------------------------------------------------------------------------
Epoch:[64/100], CauAdvLoss:[1.7118/1.5890], valid:[72.07], test:[41.20]
--------------------------------------------------------------------------------------------------------------------------------------------------------------------------------------------------------
Train Iter:[0  /563], CauLoss:[1.4926], AdvLoss:[1.3736]
Train Iter:[140/563], CauLoss:[1.6927], AdvLoss:[1.6562]
Train Iter:[280/563], CauLoss:[1.7021], AdvLoss:[1.5225]
Train Iter:[420/563], CauLoss:[1.7138], AdvLoss:[1.5031]
Train Iter:[560/563], CauLoss:[1.7123], AdvLoss:[1.5292]
--------------------------------------------------------------------------------------------------------------------------------------------------------------------------------------------------------
Epoch:[65/100], CauAdvLoss:[1.7119/1.5297], valid:[71.40], test:[39.60]
--------------------------------------------------------------------------------------------------------------------------------------------------------------------------------------------------------
Train Iter:[0  /563], CauLoss:[1.6774], AdvLoss:[1.4254]
Train Iter:[140/563], CauLoss:[1.7224], AdvLoss:[1.5569]
Train Iter:[280/563], CauLoss:[1.7264], AdvLoss:[1.5115]
Train Iter:[420/563], CauLoss:[1.7328], AdvLoss:[1.5525]
Train Iter:[560/563], CauLoss:[1.7207], AdvLoss:[1.5548]
--------------------------------------------------------------------------------------------------------------------------------------------------------------------------------------------------------
Epoch:[66/100], CauAdvLoss:[1.7199/1.5551], valid:[73.27], test:[52.53]
--------------------------------------------------------------------------------------------------------------------------------------------------------------------------------------------------------
Train Iter:[0  /563], CauLoss:[1.6461], AdvLoss:[1.6837]
Train Iter:[140/563], CauLoss:[1.7098], AdvLoss:[1.5034]
Train Iter:[280/563], CauLoss:[1.7163], AdvLoss:[1.4649]
Train Iter:[420/563], CauLoss:[1.7021], AdvLoss:[1.4530]
Train Iter:[560/563], CauLoss:[1.7089], AdvLoss:[1.4879]
--------------------------------------------------------------------------------------------------------------------------------------------------------------------------------------------------------
Epoch:[67/100], CauAdvLoss:[1.7087/1.4878], valid:[73.43], test:[50.13]
--------------------------------------------------------------------------------------------------------------------------------------------------------------------------------------------------------
Train Iter:[0  /563], CauLoss:[2.0366], AdvLoss:[1.5966]
Train Iter:[140/563], CauLoss:[1.7475], AdvLoss:[1.5304]
Train Iter:[280/563], CauLoss:[1.7074], AdvLoss:[1.5677]
Train Iter:[420/563], CauLoss:[1.7061], AdvLoss:[1.5910]
Train Iter:[560/563], CauLoss:[1.7085], AdvLoss:[1.5735]
--------------------------------------------------------------------------------------------------------------------------------------------------------------------------------------------------------
Epoch:[68/100], CauAdvLoss:[1.7072/1.5719], valid:[67.80], test:[35.87]
--------------------------------------------------------------------------------------------------------------------------------------------------------------------------------------------------------
Train Iter:[0  /563], CauLoss:[1.5521], AdvLoss:[1.4831]
Train Iter:[140/563], CauLoss:[1.7443], AdvLoss:[1.5072]
Train Iter:[280/563], CauLoss:[1.7222], AdvLoss:[1.5302]
Train Iter:[420/563], CauLoss:[1.7189], AdvLoss:[1.5449]
Train Iter:[560/563], CauLoss:[1.7099], AdvLoss:[1.5588]
--------------------------------------------------------------------------------------------------------------------------------------------------------------------------------------------------------
Epoch:[69/100], CauAdvLoss:[1.7116/1.5588], valid:[66.50], test:[37.77]
--------------------------------------------------------------------------------------------------------------------------------------------------------------------------------------------------------
Train Iter:[0  /563], CauLoss:[1.6350], AdvLoss:[1.5633]
Train Iter:[140/563], CauLoss:[1.7283], AdvLoss:[1.6785]
Train Iter:[280/563], CauLoss:[1.7181], AdvLoss:[1.6416]
Train Iter:[420/563], CauLoss:[1.7135], AdvLoss:[1.6288]
Train Iter:[560/563], CauLoss:[1.7114], AdvLoss:[1.6405]
--------------------------------------------------------------------------------------------------------------------------------------------------------------------------------------------------------
Epoch:[70/100], CauAdvLoss:[1.7097/1.6412], valid:[73.07], test:[50.50]
--------------------------------------------------------------------------------------------------------------------------------------------------------------------------------------------------------
Train Iter:[0  /563], CauLoss:[1.7320], AdvLoss:[1.6110]
Train Iter:[140/563], CauLoss:[1.6813], AdvLoss:[1.6976]
Train Iter:[280/563], CauLoss:[1.6982], AdvLoss:[1.7091]
Train Iter:[420/563], CauLoss:[1.6996], AdvLoss:[1.6952]
Train Iter:[560/563], CauLoss:[1.7075], AdvLoss:[1.6477]
--------------------------------------------------------------------------------------------------------------------------------------------------------------------------------------------------------
Epoch:[71/100], CauAdvLoss:[1.7077/1.6472], valid:[70.33], test:[46.07]
--------------------------------------------------------------------------------------------------------------------------------------------------------------------------------------------------------
Train Iter:[0  /563], CauLoss:[1.5745], AdvLoss:[1.4616]
Train Iter:[140/563], CauLoss:[1.6720], AdvLoss:[1.4829]
Train Iter:[280/563], CauLoss:[1.6932], AdvLoss:[1.4773]
Train Iter:[420/563], CauLoss:[1.6936], AdvLoss:[1.4856]
Train Iter:[560/563], CauLoss:[1.7043], AdvLoss:[1.4754]
--------------------------------------------------------------------------------------------------------------------------------------------------------------------------------------------------------
Epoch:[72/100], CauAdvLoss:[1.7046/1.4753], valid:[73.93], test:[48.67]
--------------------------------------------------------------------------------------------------------------------------------------------------------------------------------------------------------
Train Iter:[0  /563], CauLoss:[1.8451], AdvLoss:[1.6085]
Train Iter:[140/563], CauLoss:[1.7087], AdvLoss:[1.5760]
Train Iter:[280/563], CauLoss:[1.7145], AdvLoss:[1.6214]
Train Iter:[420/563], CauLoss:[1.7107], AdvLoss:[1.5919]
Train Iter:[560/563], CauLoss:[1.7051], AdvLoss:[1.5658]
--------------------------------------------------------------------------------------------------------------------------------------------------------------------------------------------------------
Epoch:[73/100], CauAdvLoss:[1.7050/1.5649], valid:[67.57], test:[43.07]
--------------------------------------------------------------------------------------------------------------------------------------------------------------------------------------------------------
Train Iter:[0  /563], CauLoss:[2.3833], AdvLoss:[1.4086]
Train Iter:[140/563], CauLoss:[1.7368], AdvLoss:[1.5813]
Train Iter:[280/563], CauLoss:[1.7115], AdvLoss:[1.6688]
Train Iter:[420/563], CauLoss:[1.7037], AdvLoss:[1.6838]
Train Iter:[560/563], CauLoss:[1.7063], AdvLoss:[1.6818]
--------------------------------------------------------------------------------------------------------------------------------------------------------------------------------------------------------
Epoch:[74/100], CauAdvLoss:[1.7057/1.6818], valid:[65.60], test:[42.33]
--------------------------------------------------------------------------------------------------------------------------------------------------------------------------------------------------------
Train Iter:[0  /563], CauLoss:[1.3718], AdvLoss:[1.5279]
Train Iter:[140/563], CauLoss:[1.6850], AdvLoss:[1.5813]
Train Iter:[280/563], CauLoss:[1.6833], AdvLoss:[1.5723]
Train Iter:[420/563], CauLoss:[1.6871], AdvLoss:[1.5842]
Train Iter:[560/563], CauLoss:[1.6991], AdvLoss:[1.6208]
--------------------------------------------------------------------------------------------------------------------------------------------------------------------------------------------------------
Epoch:[75/100], CauAdvLoss:[1.6989/1.6210], valid:[60.70], test:[42.57]
--------------------------------------------------------------------------------------------------------------------------------------------------------------------------------------------------------
Train Iter:[0  /563], CauLoss:[1.6923], AdvLoss:[1.6248]
Train Iter:[140/563], CauLoss:[1.6808], AdvLoss:[1.6341]
Train Iter:[280/563], CauLoss:[1.6737], AdvLoss:[1.6353]
Train Iter:[420/563], CauLoss:[1.6908], AdvLoss:[1.6490]
Train Iter:[560/563], CauLoss:[1.6975], AdvLoss:[1.6502]
--------------------------------------------------------------------------------------------------------------------------------------------------------------------------------------------------------
Epoch:[76/100], CauAdvLoss:[1.6992/1.6502], valid:[62.57], test:[35.07]
--------------------------------------------------------------------------------------------------------------------------------------------------------------------------------------------------------
Train Iter:[0  /563], CauLoss:[1.5884], AdvLoss:[1.6230]
Train Iter:[140/563], CauLoss:[1.7076], AdvLoss:[1.5502]
Train Iter:[280/563], CauLoss:[1.7118], AdvLoss:[1.5815]
Train Iter:[420/563], CauLoss:[1.6808], AdvLoss:[1.6180]
Train Iter:[560/563], CauLoss:[1.6945], AdvLoss:[1.6047]
--------------------------------------------------------------------------------------------------------------------------------------------------------------------------------------------------------
Epoch:[77/100], CauAdvLoss:[1.6932/1.6050], valid:[76.80], test:[50.13]
--------------------------------------------------------------------------------------------------------------------------------------------------------------------------------------------------------
Train Iter:[0  /563], CauLoss:[1.8077], AdvLoss:[1.8558]
Train Iter:[140/563], CauLoss:[1.6649], AdvLoss:[1.6046]
Train Iter:[280/563], CauLoss:[1.6712], AdvLoss:[1.6191]
Train Iter:[420/563], CauLoss:[1.7013], AdvLoss:[1.6206]
Train Iter:[560/563], CauLoss:[1.6926], AdvLoss:[1.6219]
--------------------------------------------------------------------------------------------------------------------------------------------------------------------------------------------------------
Epoch:[78/100], CauAdvLoss:[1.6934/1.6212], valid:[71.00], test:[45.33]
--------------------------------------------------------------------------------------------------------------------------------------------------------------------------------------------------------
Train Iter:[0  /563], CauLoss:[1.8059], AdvLoss:[1.6595]
Train Iter:[140/563], CauLoss:[1.7373], AdvLoss:[1.6976]
Train Iter:[280/563], CauLoss:[1.7007], AdvLoss:[1.7013]
Train Iter:[420/563], CauLoss:[1.6936], AdvLoss:[1.6707]
Train Iter:[560/563], CauLoss:[1.6924], AdvLoss:[1.6531]
--------------------------------------------------------------------------------------------------------------------------------------------------------------------------------------------------------
Epoch:[79/100], CauAdvLoss:[1.6924/1.6527], valid:[70.67], test:[46.33]
--------------------------------------------------------------------------------------------------------------------------------------------------------------------------------------------------------
Train Iter:[0  /563], CauLoss:[2.2752], AdvLoss:[1.7678]
Train Iter:[140/563], CauLoss:[1.7162], AdvLoss:[1.6425]
Train Iter:[280/563], CauLoss:[1.7143], AdvLoss:[1.6371]
Train Iter:[420/563], CauLoss:[1.7017], AdvLoss:[1.6525]
Train Iter:[560/563], CauLoss:[1.6929], AdvLoss:[1.6513]
--------------------------------------------------------------------------------------------------------------------------------------------------------------------------------------------------------
Epoch:[80/100], CauAdvLoss:[1.6931/1.6503], valid:[71.23], test:[45.63]
--------------------------------------------------------------------------------------------------------------------------------------------------------------------------------------------------------
Train Iter:[0  /563], CauLoss:[1.4856], AdvLoss:[1.4092]
Train Iter:[140/563], CauLoss:[1.6839], AdvLoss:[1.5487]
Train Iter:[280/563], CauLoss:[1.6908], AdvLoss:[1.4962]
Train Iter:[420/563], CauLoss:[1.6947], AdvLoss:[1.5138]
Train Iter:[560/563], CauLoss:[1.6962], AdvLoss:[1.5353]
--------------------------------------------------------------------------------------------------------------------------------------------------------------------------------------------------------
Epoch:[81/100], CauAdvLoss:[1.6966/1.5360], valid:[73.27], test:[48.43]
--------------------------------------------------------------------------------------------------------------------------------------------------------------------------------------------------------
Train Iter:[0  /563], CauLoss:[1.4705], AdvLoss:[1.7127]
Train Iter:[140/563], CauLoss:[1.6986], AdvLoss:[1.6448]
Train Iter:[280/563], CauLoss:[1.7007], AdvLoss:[1.6361]
Train Iter:[420/563], CauLoss:[1.6900], AdvLoss:[1.6456]
Train Iter:[560/563], CauLoss:[1.6905], AdvLoss:[1.6647]
--------------------------------------------------------------------------------------------------------------------------------------------------------------------------------------------------------
Epoch:[82/100], CauAdvLoss:[1.6906/1.6642], valid:[60.37], test:[37.77]
--------------------------------------------------------------------------------------------------------------------------------------------------------------------------------------------------------
Train Iter:[0  /563], CauLoss:[1.5622], AdvLoss:[1.7470]
Train Iter:[140/563], CauLoss:[1.6663], AdvLoss:[1.6623]
Train Iter:[280/563], CauLoss:[1.6753], AdvLoss:[1.6772]
Train Iter:[420/563], CauLoss:[1.6777], AdvLoss:[1.6702]
Train Iter:[560/563], CauLoss:[1.6890], AdvLoss:[1.6674]
--------------------------------------------------------------------------------------------------------------------------------------------------------------------------------------------------------
Epoch:[83/100], CauAdvLoss:[1.6913/1.6668], valid:[69.07], test:[44.97]
--------------------------------------------------------------------------------------------------------------------------------------------------------------------------------------------------------
Train Iter:[0  /563], CauLoss:[1.8378], AdvLoss:[1.3946]
Train Iter:[140/563], CauLoss:[1.6667], AdvLoss:[1.7073]
Train Iter:[280/563], CauLoss:[1.6634], AdvLoss:[1.7014]
Train Iter:[420/563], CauLoss:[1.6810], AdvLoss:[1.7043]
Train Iter:[560/563], CauLoss:[1.6921], AdvLoss:[1.7305]
--------------------------------------------------------------------------------------------------------------------------------------------------------------------------------------------------------
Epoch:[84/100], CauAdvLoss:[1.6913/1.7313], valid:[59.37], test:[38.30]
--------------------------------------------------------------------------------------------------------------------------------------------------------------------------------------------------------
Train Iter:[0  /563], CauLoss:[1.6211], AdvLoss:[1.8999]
Train Iter:[140/563], CauLoss:[1.6714], AdvLoss:[1.7467]
Train Iter:[280/563], CauLoss:[1.6923], AdvLoss:[1.7385]
Train Iter:[420/563], CauLoss:[1.6859], AdvLoss:[1.7246]
Train Iter:[560/563], CauLoss:[1.6892], AdvLoss:[1.7148]
--------------------------------------------------------------------------------------------------------------------------------------------------------------------------------------------------------
Epoch:[85/100], CauAdvLoss:[1.6897/1.7148], valid:[74.60], test:[47.47]
--------------------------------------------------------------------------------------------------------------------------------------------------------------------------------------------------------
Train Iter:[0  /563], CauLoss:[1.4887], AdvLoss:[1.7044]
Train Iter:[140/563], CauLoss:[1.6894], AdvLoss:[1.6976]
Train Iter:[280/563], CauLoss:[1.6889], AdvLoss:[1.7241]
Train Iter:[420/563], CauLoss:[1.6928], AdvLoss:[1.7222]
Train Iter:[560/563], CauLoss:[1.6912], AdvLoss:[1.7191]
--------------------------------------------------------------------------------------------------------------------------------------------------------------------------------------------------------
Epoch:[86/100], CauAdvLoss:[1.6926/1.7187], valid:[64.97], test:[45.20]
--------------------------------------------------------------------------------------------------------------------------------------------------------------------------------------------------------
Train Iter:[0  /563], CauLoss:[1.8278], AdvLoss:[1.8270]
Train Iter:[140/563], CauLoss:[1.6817], AdvLoss:[1.7884]
Train Iter:[280/563], CauLoss:[1.6921], AdvLoss:[1.7908]
Train Iter:[420/563], CauLoss:[1.6869], AdvLoss:[1.7687]
Train Iter:[560/563], CauLoss:[1.6885], AdvLoss:[1.7443]
--------------------------------------------------------------------------------------------------------------------------------------------------------------------------------------------------------
Epoch:[87/100], CauAdvLoss:[1.6892/1.7447], valid:[70.00], test:[42.17]
--------------------------------------------------------------------------------------------------------------------------------------------------------------------------------------------------------
Train Iter:[0  /563], CauLoss:[1.6325], AdvLoss:[1.4470]
Train Iter:[140/563], CauLoss:[1.6405], AdvLoss:[1.6885]
Train Iter:[280/563], CauLoss:[1.6651], AdvLoss:[1.7032]
Train Iter:[420/563], CauLoss:[1.6856], AdvLoss:[1.6978]
Train Iter:[560/563], CauLoss:[1.6864], AdvLoss:[1.6943]
--------------------------------------------------------------------------------------------------------------------------------------------------------------------------------------------------------
Epoch:[88/100], CauAdvLoss:[1.6864/1.6939], valid:[65.37], test:[37.30]
--------------------------------------------------------------------------------------------------------------------------------------------------------------------------------------------------------
Train Iter:[0  /563], CauLoss:[2.0376], AdvLoss:[1.8950]
Train Iter:[140/563], CauLoss:[1.6771], AdvLoss:[1.7022]
Train Iter:[280/563], CauLoss:[1.6833], AdvLoss:[1.6900]
Train Iter:[420/563], CauLoss:[1.6967], AdvLoss:[1.6877]
Train Iter:[560/563], CauLoss:[1.6916], AdvLoss:[1.6884]
--------------------------------------------------------------------------------------------------------------------------------------------------------------------------------------------------------
Epoch:[89/100], CauAdvLoss:[1.6910/1.6890], valid:[74.77], test:[50.70]
--------------------------------------------------------------------------------------------------------------------------------------------------------------------------------------------------------
Train Iter:[0  /563], CauLoss:[1.4139], AdvLoss:[1.6538]
Train Iter:[140/563], CauLoss:[1.6970], AdvLoss:[1.7205]
Train Iter:[280/563], CauLoss:[1.7028], AdvLoss:[1.6908]
Train Iter:[420/563], CauLoss:[1.6954], AdvLoss:[1.7041]
Train Iter:[560/563], CauLoss:[1.6918], AdvLoss:[1.7154]
--------------------------------------------------------------------------------------------------------------------------------------------------------------------------------------------------------
Epoch:[90/100], CauAdvLoss:[1.6909/1.7162], valid:[72.73], test:[46.47]
--------------------------------------------------------------------------------------------------------------------------------------------------------------------------------------------------------
Train Iter:[0  /563], CauLoss:[2.3498], AdvLoss:[1.7025]
Train Iter:[140/563], CauLoss:[1.6807], AdvLoss:[1.7064]
Train Iter:[280/563], CauLoss:[1.6633], AdvLoss:[1.7215]
Train Iter:[420/563], CauLoss:[1.6816], AdvLoss:[1.7075]
Train Iter:[560/563], CauLoss:[1.6873], AdvLoss:[1.7131]
--------------------------------------------------------------------------------------------------------------------------------------------------------------------------------------------------------
Epoch:[91/100], CauAdvLoss:[1.6890/1.7131], valid:[75.70], test:[46.13]
--------------------------------------------------------------------------------------------------------------------------------------------------------------------------------------------------------
Train Iter:[0  /563], CauLoss:[1.6754], AdvLoss:[1.8324]
Train Iter:[140/563], CauLoss:[1.6660], AdvLoss:[1.7165]
Train Iter:[280/563], CauLoss:[1.6645], AdvLoss:[1.7219]
Train Iter:[420/563], CauLoss:[1.6764], AdvLoss:[1.7166]
Train Iter:[560/563], CauLoss:[1.6867], AdvLoss:[1.7165]
--------------------------------------------------------------------------------------------------------------------------------------------------------------------------------------------------------
Epoch:[92/100], CauAdvLoss:[1.6878/1.7166], valid:[71.80], test:[45.43]
--------------------------------------------------------------------------------------------------------------------------------------------------------------------------------------------------------
Train Iter:[0  /563], CauLoss:[1.5536], AdvLoss:[1.6622]
Train Iter:[140/563], CauLoss:[1.6798], AdvLoss:[1.6925]
Train Iter:[280/563], CauLoss:[1.6841], AdvLoss:[1.7287]
Train Iter:[420/563], CauLoss:[1.6838], AdvLoss:[1.7273]
Train Iter:[560/563], CauLoss:[1.6873], AdvLoss:[1.7272]
--------------------------------------------------------------------------------------------------------------------------------------------------------------------------------------------------------
Epoch:[93/100], CauAdvLoss:[1.6879/1.7268], valid:[61.93], test:[44.60]
--------------------------------------------------------------------------------------------------------------------------------------------------------------------------------------------------------
Train Iter:[0  /563], CauLoss:[1.1767], AdvLoss:[1.7265]
Train Iter:[140/563], CauLoss:[1.6911], AdvLoss:[1.7030]
Train Iter:[280/563], CauLoss:[1.6785], AdvLoss:[1.7184]
Train Iter:[420/563], CauLoss:[1.6713], AdvLoss:[1.7176]
Train Iter:[560/563], CauLoss:[1.6809], AdvLoss:[1.7080]
--------------------------------------------------------------------------------------------------------------------------------------------------------------------------------------------------------
Epoch:[94/100], CauAdvLoss:[1.6818/1.7087], valid:[74.97], test:[47.13]
--------------------------------------------------------------------------------------------------------------------------------------------------------------------------------------------------------
Train Iter:[0  /563], CauLoss:[1.5386], AdvLoss:[1.8385]
Train Iter:[140/563], CauLoss:[1.6518], AdvLoss:[1.7413]
Train Iter:[280/563], CauLoss:[1.6388], AdvLoss:[1.7285]
Train Iter:[420/563], CauLoss:[1.6693], AdvLoss:[1.7275]
Train Iter:[560/563], CauLoss:[1.6867], AdvLoss:[1.7388]
--------------------------------------------------------------------------------------------------------------------------------------------------------------------------------------------------------
Epoch:[95/100], CauAdvLoss:[1.6878/1.7373], valid:[69.23], test:[45.10]
--------------------------------------------------------------------------------------------------------------------------------------------------------------------------------------------------------
Train Iter:[0  /563], CauLoss:[1.7130], AdvLoss:[1.4291]
Train Iter:[140/563], CauLoss:[1.6812], AdvLoss:[1.7257]
Train Iter:[280/563], CauLoss:[1.6774], AdvLoss:[1.7326]
Train Iter:[420/563], CauLoss:[1.6963], AdvLoss:[1.7192]
Train Iter:[560/563], CauLoss:[1.6888], AdvLoss:[1.7187]
--------------------------------------------------------------------------------------------------------------------------------------------------------------------------------------------------------
Epoch:[96/100], CauAdvLoss:[1.6909/1.7179], valid:[75.63], test:[51.33]
--------------------------------------------------------------------------------------------------------------------------------------------------------------------------------------------------------
Train Iter:[0  /563], CauLoss:[1.4734], AdvLoss:[1.8646]
Train Iter:[140/563], CauLoss:[1.6661], AdvLoss:[1.7344]
Train Iter:[280/563], CauLoss:[1.6810], AdvLoss:[1.7438]
Train Iter:[420/563], CauLoss:[1.6788], AdvLoss:[1.7103]
Train Iter:[560/563], CauLoss:[1.6836], AdvLoss:[1.7106]
--------------------------------------------------------------------------------------------------------------------------------------------------------------------------------------------------------
Epoch:[97/100], CauAdvLoss:[1.6841/1.7108], valid:[73.20], test:[46.00]
--------------------------------------------------------------------------------------------------------------------------------------------------------------------------------------------------------
Train Iter:[0  /563], CauLoss:[1.7875], AdvLoss:[1.3669]
Train Iter:[140/563], CauLoss:[1.6699], AdvLoss:[1.6940]
Train Iter:[280/563], CauLoss:[1.7031], AdvLoss:[1.7142]
Train Iter:[420/563], CauLoss:[1.6991], AdvLoss:[1.7088]
Train Iter:[560/563], CauLoss:[1.6834], AdvLoss:[1.7141]
--------------------------------------------------------------------------------------------------------------------------------------------------------------------------------------------------------
Epoch:[98/100], CauAdvLoss:[1.6832/1.7143], valid:[70.43], test:[45.87]
--------------------------------------------------------------------------------------------------------------------------------------------------------------------------------------------------------
Train Iter:[0  /563], CauLoss:[1.7315], AdvLoss:[1.8647]
Train Iter:[140/563], CauLoss:[1.6754], AdvLoss:[1.6786]
Train Iter:[280/563], CauLoss:[1.6707], AdvLoss:[1.7142]
Train Iter:[420/563], CauLoss:[1.6837], AdvLoss:[1.7173]
Train Iter:[560/563], CauLoss:[1.6887], AdvLoss:[1.7092]
--------------------------------------------------------------------------------------------------------------------------------------------------------------------------------------------------------
Epoch:[99/100], CauAdvLoss:[1.6883/1.7094], valid:[69.07], test:[44.57]
--------------------------------------------------------------------------------------------------------------------------------------------------------------------------------------------------------
Train Iter:[0  /563], CauLoss:[1.6351], AdvLoss:[1.8242]
Train Iter:[140/563], CauLoss:[1.7126], AdvLoss:[1.7063]
Train Iter:[280/563], CauLoss:[1.6954], AdvLoss:[1.7105]
Train Iter:[420/563], CauLoss:[1.6936], AdvLoss:[1.7170]
Train Iter:[560/563], CauLoss:[1.6838], AdvLoss:[1.7202]
--------------------------------------------------------------------------------------------------------------------------------------------------------------------------------------------------------
Epoch:[100/100], CauAdvLoss:[1.6824/1.7205], valid:[72.27], test:[45.70]
--------------------------------------------------------------------------------------------------------------------------------------------------------------------------------------------------------
Update test:[50.13] at epoch:[77] | Total time:00:29:10
Train Iter:[0  /563], CauLoss:[3.4351], AdvLoss:[0.5196]
Train Iter:[140/563], CauLoss:[3.0662], AdvLoss:[0.3487]
Train Iter:[280/563], CauLoss:[2.7722], AdvLoss:[0.6148]
Train Iter:[420/563], CauLoss:[2.6376], AdvLoss:[0.7470]
Train Iter:[560/563], CauLoss:[2.5110], AdvLoss:[0.7101]
--------------------------------------------------------------------------------------------------------------------------------------------------------------------------------------------------------
Epoch:[1/100], CauAdvLoss:[2.5094/0.7098], valid:[47.70], test:[35.20]
--------------------------------------------------------------------------------------------------------------------------------------------------------------------------------------------------------
Train Iter:[0  /563], CauLoss:[1.9601], AdvLoss:[0.3462]
Train Iter:[140/563], CauLoss:[2.1296], AdvLoss:[0.7544]
Train Iter:[280/563], CauLoss:[2.1296], AdvLoss:[0.7722]
Train Iter:[420/563], CauLoss:[2.1139], AdvLoss:[0.6751]
Train Iter:[560/563], CauLoss:[2.0938], AdvLoss:[0.6690]
--------------------------------------------------------------------------------------------------------------------------------------------------------------------------------------------------------
Epoch:[2/100], CauAdvLoss:[2.0935/0.6692], valid:[64.40], test:[45.03]
--------------------------------------------------------------------------------------------------------------------------------------------------------------------------------------------------------
Train Iter:[0  /563], CauLoss:[2.2239], AdvLoss:[0.1626]
Train Iter:[140/563], CauLoss:[2.0378], AdvLoss:[0.6627]
Train Iter:[280/563], CauLoss:[2.0261], AdvLoss:[0.6642]
Train Iter:[420/563], CauLoss:[2.0276], AdvLoss:[0.6550]
Train Iter:[560/563], CauLoss:[2.0172], AdvLoss:[0.6750]
--------------------------------------------------------------------------------------------------------------------------------------------------------------------------------------------------------
Epoch:[3/100], CauAdvLoss:[2.0206/0.6747], valid:[56.53], test:[36.23]
--------------------------------------------------------------------------------------------------------------------------------------------------------------------------------------------------------
Train Iter:[0  /563], CauLoss:[2.3750], AdvLoss:[1.0204]
Train Iter:[140/563], CauLoss:[1.9973], AdvLoss:[0.8703]
Train Iter:[280/563], CauLoss:[1.9981], AdvLoss:[0.8653]
Train Iter:[420/563], CauLoss:[1.9908], AdvLoss:[0.8636]
Train Iter:[560/563], CauLoss:[1.9802], AdvLoss:[0.8483]
--------------------------------------------------------------------------------------------------------------------------------------------------------------------------------------------------------
Epoch:[4/100], CauAdvLoss:[1.9810/0.8481], valid:[70.53], test:[33.97]
--------------------------------------------------------------------------------------------------------------------------------------------------------------------------------------------------------
Train Iter:[0  /563], CauLoss:[1.7097], AdvLoss:[1.0699]
Train Iter:[140/563], CauLoss:[1.9631], AdvLoss:[0.7247]
Train Iter:[280/563], CauLoss:[1.9298], AdvLoss:[0.7442]
Train Iter:[420/563], CauLoss:[1.9450], AdvLoss:[0.7761]
Train Iter:[560/563], CauLoss:[1.9554], AdvLoss:[0.7989]
--------------------------------------------------------------------------------------------------------------------------------------------------------------------------------------------------------
Epoch:[5/100], CauAdvLoss:[1.9570/0.8001], valid:[56.97], test:[41.80]
--------------------------------------------------------------------------------------------------------------------------------------------------------------------------------------------------------
Train Iter:[0  /563], CauLoss:[2.0403], AdvLoss:[0.8461]
Train Iter:[140/563], CauLoss:[1.9466], AdvLoss:[1.0055]
Train Iter:[280/563], CauLoss:[1.9315], AdvLoss:[1.0374]
Train Iter:[420/563], CauLoss:[1.9277], AdvLoss:[1.0539]
Train Iter:[560/563], CauLoss:[1.9417], AdvLoss:[1.0187]
--------------------------------------------------------------------------------------------------------------------------------------------------------------------------------------------------------
Epoch:[6/100], CauAdvLoss:[1.9444/1.0197], valid:[57.97], test:[37.37]
--------------------------------------------------------------------------------------------------------------------------------------------------------------------------------------------------------
Train Iter:[0  /563], CauLoss:[1.9028], AdvLoss:[0.7635]
Train Iter:[140/563], CauLoss:[1.9172], AdvLoss:[0.9218]
Train Iter:[280/563], CauLoss:[1.9205], AdvLoss:[1.0272]
Train Iter:[420/563], CauLoss:[1.9221], AdvLoss:[1.0500]
Train Iter:[560/563], CauLoss:[1.9269], AdvLoss:[1.0438]
--------------------------------------------------------------------------------------------------------------------------------------------------------------------------------------------------------
Epoch:[7/100], CauAdvLoss:[1.9264/1.0433], valid:[49.33], test:[39.73]
--------------------------------------------------------------------------------------------------------------------------------------------------------------------------------------------------------
Train Iter:[0  /563], CauLoss:[2.1257], AdvLoss:[1.4920]
Train Iter:[140/563], CauLoss:[1.9090], AdvLoss:[1.0511]
Train Iter:[280/563], CauLoss:[1.9154], AdvLoss:[1.1557]
Train Iter:[420/563], CauLoss:[1.9156], AdvLoss:[1.1546]
Train Iter:[560/563], CauLoss:[1.9051], AdvLoss:[1.2139]
--------------------------------------------------------------------------------------------------------------------------------------------------------------------------------------------------------
Epoch:[8/100], CauAdvLoss:[1.9048/1.2147], valid:[64.23], test:[36.70]
--------------------------------------------------------------------------------------------------------------------------------------------------------------------------------------------------------
Train Iter:[0  /563], CauLoss:[1.6314], AdvLoss:[1.2932]
Train Iter:[140/563], CauLoss:[1.8600], AdvLoss:[1.5519]
Train Iter:[280/563], CauLoss:[1.8673], AdvLoss:[1.5159]
Train Iter:[420/563], CauLoss:[1.8795], AdvLoss:[1.4657]
Train Iter:[560/563], CauLoss:[1.8826], AdvLoss:[1.4393]
--------------------------------------------------------------------------------------------------------------------------------------------------------------------------------------------------------
Epoch:[9/100], CauAdvLoss:[1.8813/1.4371], valid:[51.67], test:[33.00]
--------------------------------------------------------------------------------------------------------------------------------------------------------------------------------------------------------
Train Iter:[0  /563], CauLoss:[1.8294], AdvLoss:[1.4915]
Train Iter:[140/563], CauLoss:[1.9027], AdvLoss:[1.4735]
Train Iter:[280/563], CauLoss:[1.8679], AdvLoss:[1.4757]
Train Iter:[420/563], CauLoss:[1.8610], AdvLoss:[1.4169]
Train Iter:[560/563], CauLoss:[1.8668], AdvLoss:[1.4751]
--------------------------------------------------------------------------------------------------------------------------------------------------------------------------------------------------------
Epoch:[10/100], CauAdvLoss:[1.8661/1.4742], valid:[55.73], test:[39.53]
--------------------------------------------------------------------------------------------------------------------------------------------------------------------------------------------------------
Train Iter:[0  /563], CauLoss:[1.8630], AdvLoss:[1.3985]
Train Iter:[140/563], CauLoss:[1.8620], AdvLoss:[2.0727]
Train Iter:[280/563], CauLoss:[1.8718], AdvLoss:[1.9761]
Train Iter:[420/563], CauLoss:[1.8668], AdvLoss:[1.8883]
Train Iter:[560/563], CauLoss:[1.8630], AdvLoss:[1.9151]
--------------------------------------------------------------------------------------------------------------------------------------------------------------------------------------------------------
Epoch:[11/100], CauAdvLoss:[1.8639/1.9134], valid:[51.43], test:[50.63]
--------------------------------------------------------------------------------------------------------------------------------------------------------------------------------------------------------
Train Iter:[0  /563], CauLoss:[1.3612], AdvLoss:[1.2505]
Train Iter:[140/563], CauLoss:[1.8622], AdvLoss:[1.9962]
Train Iter:[280/563], CauLoss:[1.8542], AdvLoss:[2.0050]
Train Iter:[420/563], CauLoss:[1.8512], AdvLoss:[1.9864]
Train Iter:[560/563], CauLoss:[1.8493], AdvLoss:[1.9954]
--------------------------------------------------------------------------------------------------------------------------------------------------------------------------------------------------------
Epoch:[12/100], CauAdvLoss:[1.8503/1.9988], valid:[56.30], test:[32.93]
--------------------------------------------------------------------------------------------------------------------------------------------------------------------------------------------------------
Train Iter:[0  /563], CauLoss:[1.9761], AdvLoss:[3.3780]
Train Iter:[140/563], CauLoss:[1.8006], AdvLoss:[2.1480]
Train Iter:[280/563], CauLoss:[1.8221], AdvLoss:[2.1188]
Train Iter:[420/563], CauLoss:[1.8365], AdvLoss:[2.0141]
Train Iter:[560/563], CauLoss:[1.8430], AdvLoss:[2.0822]
--------------------------------------------------------------------------------------------------------------------------------------------------------------------------------------------------------
Epoch:[13/100], CauAdvLoss:[1.8449/2.0816], valid:[59.97], test:[33.47]
--------------------------------------------------------------------------------------------------------------------------------------------------------------------------------------------------------
Train Iter:[0  /563], CauLoss:[2.3599], AdvLoss:[4.1977]
Train Iter:[140/563], CauLoss:[1.8423], AdvLoss:[2.0246]
Train Iter:[280/563], CauLoss:[1.8449], AdvLoss:[1.6030]
Train Iter:[420/563], CauLoss:[1.8405], AdvLoss:[1.4921]
Train Iter:[560/563], CauLoss:[1.8403], AdvLoss:[1.4751]
--------------------------------------------------------------------------------------------------------------------------------------------------------------------------------------------------------
Epoch:[14/100], CauAdvLoss:[1.8409/1.4742], valid:[55.00], test:[43.80]
--------------------------------------------------------------------------------------------------------------------------------------------------------------------------------------------------------
Train Iter:[0  /563], CauLoss:[1.6259], AdvLoss:[1.7737]
Train Iter:[140/563], CauLoss:[1.8729], AdvLoss:[1.4892]
Train Iter:[280/563], CauLoss:[1.8493], AdvLoss:[1.6944]
Train Iter:[420/563], CauLoss:[1.8498], AdvLoss:[1.8386]
Train Iter:[560/563], CauLoss:[1.8437], AdvLoss:[1.9033]
--------------------------------------------------------------------------------------------------------------------------------------------------------------------------------------------------------
Epoch:[15/100], CauAdvLoss:[1.8428/1.9027], valid:[61.40], test:[37.97]
--------------------------------------------------------------------------------------------------------------------------------------------------------------------------------------------------------
Train Iter:[0  /563], CauLoss:[2.1498], AdvLoss:[2.2308]
Train Iter:[140/563], CauLoss:[1.8505], AdvLoss:[1.8500]
Train Iter:[280/563], CauLoss:[1.8673], AdvLoss:[1.8448]
Train Iter:[420/563], CauLoss:[1.8572], AdvLoss:[1.8502]
Train Iter:[560/563], CauLoss:[1.8319], AdvLoss:[1.9389]
--------------------------------------------------------------------------------------------------------------------------------------------------------------------------------------------------------
Epoch:[16/100], CauAdvLoss:[1.8313/1.9368], valid:[71.10], test:[45.53]
--------------------------------------------------------------------------------------------------------------------------------------------------------------------------------------------------------
Train Iter:[0  /563], CauLoss:[1.8064], AdvLoss:[2.5717]
Train Iter:[140/563], CauLoss:[1.8256], AdvLoss:[2.0664]
Train Iter:[280/563], CauLoss:[1.8273], AdvLoss:[1.9230]
Train Iter:[420/563], CauLoss:[1.8262], AdvLoss:[1.9334]
Train Iter:[560/563], CauLoss:[1.8241], AdvLoss:[1.9704]
--------------------------------------------------------------------------------------------------------------------------------------------------------------------------------------------------------
Epoch:[17/100], CauAdvLoss:[1.8240/1.9688], valid:[56.93], test:[38.30]
--------------------------------------------------------------------------------------------------------------------------------------------------------------------------------------------------------
Train Iter:[0  /563], CauLoss:[1.7554], AdvLoss:[2.1131]
Train Iter:[140/563], CauLoss:[1.7935], AdvLoss:[2.1008]
Train Iter:[280/563], CauLoss:[1.8091], AdvLoss:[2.1439]
Train Iter:[420/563], CauLoss:[1.8099], AdvLoss:[2.1171]
Train Iter:[560/563], CauLoss:[1.8089], AdvLoss:[2.1223]
--------------------------------------------------------------------------------------------------------------------------------------------------------------------------------------------------------
Epoch:[18/100], CauAdvLoss:[1.8085/2.1206], valid:[65.83], test:[38.50]
--------------------------------------------------------------------------------------------------------------------------------------------------------------------------------------------------------
Train Iter:[0  /563], CauLoss:[1.9882], AdvLoss:[1.7854]
Train Iter:[140/563], CauLoss:[1.8139], AdvLoss:[2.1371]
Train Iter:[280/563], CauLoss:[1.8335], AdvLoss:[2.1760]
Train Iter:[420/563], CauLoss:[1.8146], AdvLoss:[2.1035]
Train Iter:[560/563], CauLoss:[1.8075], AdvLoss:[2.0517]
--------------------------------------------------------------------------------------------------------------------------------------------------------------------------------------------------------
Epoch:[19/100], CauAdvLoss:[1.8074/2.0509], valid:[58.27], test:[33.23]
--------------------------------------------------------------------------------------------------------------------------------------------------------------------------------------------------------
Train Iter:[0  /563], CauLoss:[1.7275], AdvLoss:[2.6224]
Train Iter:[140/563], CauLoss:[1.7633], AdvLoss:[2.0928]
Train Iter:[280/563], CauLoss:[1.7868], AdvLoss:[2.1571]
Train Iter:[420/563], CauLoss:[1.7940], AdvLoss:[2.0829]
Train Iter:[560/563], CauLoss:[1.8074], AdvLoss:[2.0386]
--------------------------------------------------------------------------------------------------------------------------------------------------------------------------------------------------------
Epoch:[20/100], CauAdvLoss:[1.8076/2.0406], valid:[67.93], test:[41.43]
--------------------------------------------------------------------------------------------------------------------------------------------------------------------------------------------------------
Train Iter:[0  /563], CauLoss:[1.1588], AdvLoss:[2.8661]
Train Iter:[140/563], CauLoss:[1.7995], AdvLoss:[2.0385]
Train Iter:[280/563], CauLoss:[1.8038], AdvLoss:[2.0421]
Train Iter:[420/563], CauLoss:[1.8152], AdvLoss:[2.0430]
Train Iter:[560/563], CauLoss:[1.8044], AdvLoss:[2.0324]
--------------------------------------------------------------------------------------------------------------------------------------------------------------------------------------------------------
Epoch:[21/100], CauAdvLoss:[1.8040/2.0308], valid:[54.97], test:[41.97]
--------------------------------------------------------------------------------------------------------------------------------------------------------------------------------------------------------
Train Iter:[0  /563], CauLoss:[2.0685], AdvLoss:[2.4075]
Train Iter:[140/563], CauLoss:[1.7879], AdvLoss:[1.9230]
Train Iter:[280/563], CauLoss:[1.7826], AdvLoss:[2.0544]
Train Iter:[420/563], CauLoss:[1.7853], AdvLoss:[2.0796]
Train Iter:[560/563], CauLoss:[1.7939], AdvLoss:[2.1909]
--------------------------------------------------------------------------------------------------------------------------------------------------------------------------------------------------------
Epoch:[22/100], CauAdvLoss:[1.7946/2.1895], valid:[83.83], test:[43.40]
--------------------------------------------------------------------------------------------------------------------------------------------------------------------------------------------------------
Train Iter:[0  /563], CauLoss:[2.4197], AdvLoss:[4.4331]
Train Iter:[140/563], CauLoss:[1.7676], AdvLoss:[2.6621]
Train Iter:[280/563], CauLoss:[1.7626], AdvLoss:[2.4530]
Train Iter:[420/563], CauLoss:[1.7781], AdvLoss:[2.3801]
Train Iter:[560/563], CauLoss:[1.7912], AdvLoss:[2.4582]
--------------------------------------------------------------------------------------------------------------------------------------------------------------------------------------------------------
Epoch:[23/100], CauAdvLoss:[1.7916/2.4572], valid:[70.73], test:[39.73]
--------------------------------------------------------------------------------------------------------------------------------------------------------------------------------------------------------
Train Iter:[0  /563], CauLoss:[1.6019], AdvLoss:[2.7043]
Train Iter:[140/563], CauLoss:[1.7935], AdvLoss:[2.4120]
Train Iter:[280/563], CauLoss:[1.7986], AdvLoss:[2.6302]
Train Iter:[420/563], CauLoss:[1.7945], AdvLoss:[2.6279]
Train Iter:[560/563], CauLoss:[1.7949], AdvLoss:[2.6481]
--------------------------------------------------------------------------------------------------------------------------------------------------------------------------------------------------------
Epoch:[24/100], CauAdvLoss:[1.7959/2.6504], valid:[69.67], test:[39.10]
--------------------------------------------------------------------------------------------------------------------------------------------------------------------------------------------------------
Train Iter:[0  /563], CauLoss:[1.6768], AdvLoss:[1.9958]
Train Iter:[140/563], CauLoss:[1.7776], AdvLoss:[2.5946]
Train Iter:[280/563], CauLoss:[1.7808], AdvLoss:[2.5993]
Train Iter:[420/563], CauLoss:[1.7758], AdvLoss:[2.5819]
Train Iter:[560/563], CauLoss:[1.7804], AdvLoss:[2.6428]
--------------------------------------------------------------------------------------------------------------------------------------------------------------------------------------------------------
Epoch:[25/100], CauAdvLoss:[1.7801/2.6427], valid:[78.97], test:[41.80]
--------------------------------------------------------------------------------------------------------------------------------------------------------------------------------------------------------
Train Iter:[0  /563], CauLoss:[1.6532], AdvLoss:[2.0514]
Train Iter:[140/563], CauLoss:[1.7394], AdvLoss:[3.0153]
Train Iter:[280/563], CauLoss:[1.7665], AdvLoss:[2.7783]
Train Iter:[420/563], CauLoss:[1.7836], AdvLoss:[2.7008]
Train Iter:[560/563], CauLoss:[1.7777], AdvLoss:[2.6126]
--------------------------------------------------------------------------------------------------------------------------------------------------------------------------------------------------------
Epoch:[26/100], CauAdvLoss:[1.7788/2.6106], valid:[83.20], test:[51.10]
--------------------------------------------------------------------------------------------------------------------------------------------------------------------------------------------------------
Train Iter:[0  /563], CauLoss:[2.2832], AdvLoss:[2.1245]
Train Iter:[140/563], CauLoss:[1.7500], AdvLoss:[3.0634]
Train Iter:[280/563], CauLoss:[1.7880], AdvLoss:[2.8846]
Train Iter:[420/563], CauLoss:[1.7852], AdvLoss:[2.9871]
Train Iter:[560/563], CauLoss:[1.7768], AdvLoss:[2.9650]
--------------------------------------------------------------------------------------------------------------------------------------------------------------------------------------------------------
Epoch:[27/100], CauAdvLoss:[1.7768/2.9645], valid:[81.93], test:[59.47]
--------------------------------------------------------------------------------------------------------------------------------------------------------------------------------------------------------
Train Iter:[0  /563], CauLoss:[1.5832], AdvLoss:[2.2932]
Train Iter:[140/563], CauLoss:[1.7469], AdvLoss:[2.5517]
Train Iter:[280/563], CauLoss:[1.7721], AdvLoss:[2.7852]
Train Iter:[420/563], CauLoss:[1.7817], AdvLoss:[2.9381]
Train Iter:[560/563], CauLoss:[1.7808], AdvLoss:[2.9834]
--------------------------------------------------------------------------------------------------------------------------------------------------------------------------------------------------------
Epoch:[28/100], CauAdvLoss:[1.7811/2.9802], valid:[50.43], test:[42.67]
--------------------------------------------------------------------------------------------------------------------------------------------------------------------------------------------------------
Train Iter:[0  /563], CauLoss:[1.3297], AdvLoss:[2.9821]
Train Iter:[140/563], CauLoss:[1.7333], AdvLoss:[2.8647]
Train Iter:[280/563], CauLoss:[1.7549], AdvLoss:[3.0017]
Train Iter:[420/563], CauLoss:[1.7563], AdvLoss:[3.0188]
Train Iter:[560/563], CauLoss:[1.7730], AdvLoss:[3.0104]
--------------------------------------------------------------------------------------------------------------------------------------------------------------------------------------------------------
Epoch:[29/100], CauAdvLoss:[1.7724/3.0065], valid:[69.07], test:[33.07]
--------------------------------------------------------------------------------------------------------------------------------------------------------------------------------------------------------
Train Iter:[0  /563], CauLoss:[1.9033], AdvLoss:[3.5676]
Train Iter:[140/563], CauLoss:[1.7672], AdvLoss:[2.9841]
Train Iter:[280/563], CauLoss:[1.7612], AdvLoss:[3.0835]
Train Iter:[420/563], CauLoss:[1.7632], AdvLoss:[3.0686]
Train Iter:[560/563], CauLoss:[1.7630], AdvLoss:[3.1298]
--------------------------------------------------------------------------------------------------------------------------------------------------------------------------------------------------------
Epoch:[30/100], CauAdvLoss:[1.7624/3.1320], valid:[81.67], test:[56.23]
--------------------------------------------------------------------------------------------------------------------------------------------------------------------------------------------------------
Train Iter:[0  /563], CauLoss:[1.6696], AdvLoss:[2.0635]
Train Iter:[140/563], CauLoss:[1.7661], AdvLoss:[3.4482]
Train Iter:[280/563], CauLoss:[1.7611], AdvLoss:[3.3402]
Train Iter:[420/563], CauLoss:[1.7620], AdvLoss:[3.4287]
Train Iter:[560/563], CauLoss:[1.7652], AdvLoss:[3.3701]
--------------------------------------------------------------------------------------------------------------------------------------------------------------------------------------------------------
Epoch:[31/100], CauAdvLoss:[1.7659/3.3660], valid:[76.17], test:[61.90]
--------------------------------------------------------------------------------------------------------------------------------------------------------------------------------------------------------
Train Iter:[0  /563], CauLoss:[1.3601], AdvLoss:[3.1030]
Train Iter:[140/563], CauLoss:[1.7920], AdvLoss:[3.6086]
Train Iter:[280/563], CauLoss:[1.7561], AdvLoss:[3.5349]
Train Iter:[420/563], CauLoss:[1.7537], AdvLoss:[3.4806]
Train Iter:[560/563], CauLoss:[1.7602], AdvLoss:[3.4279]
--------------------------------------------------------------------------------------------------------------------------------------------------------------------------------------------------------
Epoch:[32/100], CauAdvLoss:[1.7611/3.4244], valid:[80.90], test:[47.43]
--------------------------------------------------------------------------------------------------------------------------------------------------------------------------------------------------------
Train Iter:[0  /563], CauLoss:[1.3276], AdvLoss:[2.0104]
Train Iter:[140/563], CauLoss:[1.7408], AdvLoss:[3.2663]
Train Iter:[280/563], CauLoss:[1.7521], AdvLoss:[3.1844]
Train Iter:[420/563], CauLoss:[1.7552], AdvLoss:[3.3056]
Train Iter:[560/563], CauLoss:[1.7635], AdvLoss:[3.3935]
--------------------------------------------------------------------------------------------------------------------------------------------------------------------------------------------------------
Epoch:[33/100], CauAdvLoss:[1.7635/3.3940], valid:[85.83], test:[45.53]
--------------------------------------------------------------------------------------------------------------------------------------------------------------------------------------------------------
Train Iter:[0  /563], CauLoss:[1.3840], AdvLoss:[2.6994]
Train Iter:[140/563], CauLoss:[1.7622], AdvLoss:[3.4153]
Train Iter:[280/563], CauLoss:[1.7513], AdvLoss:[3.3872]
Train Iter:[420/563], CauLoss:[1.7576], AdvLoss:[3.3652]
Train Iter:[560/563], CauLoss:[1.7658], AdvLoss:[3.2781]
--------------------------------------------------------------------------------------------------------------------------------------------------------------------------------------------------------
Epoch:[34/100], CauAdvLoss:[1.7660/3.2817], valid:[86.90], test:[63.93]
--------------------------------------------------------------------------------------------------------------------------------------------------------------------------------------------------------
Train Iter:[0  /563], CauLoss:[2.2436], AdvLoss:[3.1943]
Train Iter:[140/563], CauLoss:[1.7670], AdvLoss:[3.5881]
Train Iter:[280/563], CauLoss:[1.7757], AdvLoss:[3.7238]
Train Iter:[420/563], CauLoss:[1.7674], AdvLoss:[3.8507]
Train Iter:[560/563], CauLoss:[1.7668], AdvLoss:[3.8178]
--------------------------------------------------------------------------------------------------------------------------------------------------------------------------------------------------------
Epoch:[35/100], CauAdvLoss:[1.7666/3.8276], valid:[80.10], test:[48.10]
--------------------------------------------------------------------------------------------------------------------------------------------------------------------------------------------------------
Train Iter:[0  /563], CauLoss:[2.5446], AdvLoss:[4.0368]
Train Iter:[140/563], CauLoss:[1.7541], AdvLoss:[4.0926]
Train Iter:[280/563], CauLoss:[1.7588], AdvLoss:[4.2573]
Train Iter:[420/563], CauLoss:[1.7803], AdvLoss:[3.8227]
Train Iter:[560/563], CauLoss:[1.7599], AdvLoss:[3.7513]
--------------------------------------------------------------------------------------------------------------------------------------------------------------------------------------------------------
Epoch:[36/100], CauAdvLoss:[1.7614/3.7537], valid:[80.40], test:[58.83]
--------------------------------------------------------------------------------------------------------------------------------------------------------------------------------------------------------
Train Iter:[0  /563], CauLoss:[2.3996], AdvLoss:[2.6023]
Train Iter:[140/563], CauLoss:[1.7563], AdvLoss:[3.2698]
Train Iter:[280/563], CauLoss:[1.7517], AdvLoss:[3.7675]
Train Iter:[420/563], CauLoss:[1.7593], AdvLoss:[3.7049]
Train Iter:[560/563], CauLoss:[1.7567], AdvLoss:[3.8589]
--------------------------------------------------------------------------------------------------------------------------------------------------------------------------------------------------------
Epoch:[37/100], CauAdvLoss:[1.7580/3.8603], valid:[68.50], test:[46.30]
--------------------------------------------------------------------------------------------------------------------------------------------------------------------------------------------------------
Train Iter:[0  /563], CauLoss:[1.7219], AdvLoss:[5.3081]
Train Iter:[140/563], CauLoss:[1.7602], AdvLoss:[4.6434]
Train Iter:[280/563], CauLoss:[1.7552], AdvLoss:[4.3228]
Train Iter:[420/563], CauLoss:[1.7488], AdvLoss:[4.1876]
Train Iter:[560/563], CauLoss:[1.7571], AdvLoss:[4.1080]
--------------------------------------------------------------------------------------------------------------------------------------------------------------------------------------------------------
Epoch:[38/100], CauAdvLoss:[1.7577/4.1142], valid:[68.20], test:[52.60]
--------------------------------------------------------------------------------------------------------------------------------------------------------------------------------------------------------
Train Iter:[0  /563], CauLoss:[1.6433], AdvLoss:[3.7950]
Train Iter:[140/563], CauLoss:[1.7285], AdvLoss:[3.9451]
Train Iter:[280/563], CauLoss:[1.7642], AdvLoss:[3.7863]
Train Iter:[420/563], CauLoss:[1.7535], AdvLoss:[3.8110]
Train Iter:[560/563], CauLoss:[1.7511], AdvLoss:[3.9069]
--------------------------------------------------------------------------------------------------------------------------------------------------------------------------------------------------------
Epoch:[39/100], CauAdvLoss:[1.7510/3.9040], valid:[74.77], test:[51.00]
--------------------------------------------------------------------------------------------------------------------------------------------------------------------------------------------------------
Train Iter:[0  /563], CauLoss:[1.7645], AdvLoss:[5.4355]
Train Iter:[140/563], CauLoss:[1.7384], AdvLoss:[3.9963]
Train Iter:[280/563], CauLoss:[1.7565], AdvLoss:[3.8043]
Train Iter:[420/563], CauLoss:[1.7661], AdvLoss:[3.7894]
Train Iter:[560/563], CauLoss:[1.7528], AdvLoss:[3.7116]
--------------------------------------------------------------------------------------------------------------------------------------------------------------------------------------------------------
Epoch:[40/100], CauAdvLoss:[1.7519/3.7094], valid:[60.13], test:[51.70]
--------------------------------------------------------------------------------------------------------------------------------------------------------------------------------------------------------
Train Iter:[0  /563], CauLoss:[1.2360], AdvLoss:[3.9929]
Train Iter:[140/563], CauLoss:[1.7250], AdvLoss:[4.8764]
Train Iter:[280/563], CauLoss:[1.7402], AdvLoss:[4.2626]
Train Iter:[420/563], CauLoss:[1.7501], AdvLoss:[4.1474]
Train Iter:[560/563], CauLoss:[1.7446], AdvLoss:[4.1396]
--------------------------------------------------------------------------------------------------------------------------------------------------------------------------------------------------------
Epoch:[41/100], CauAdvLoss:[1.7443/4.1401], valid:[81.97], test:[46.60]
--------------------------------------------------------------------------------------------------------------------------------------------------------------------------------------------------------
Train Iter:[0  /563], CauLoss:[1.2268], AdvLoss:[2.1932]
Train Iter:[140/563], CauLoss:[1.7630], AdvLoss:[3.0428]
Train Iter:[280/563], CauLoss:[1.7623], AdvLoss:[3.3562]
Train Iter:[420/563], CauLoss:[1.7494], AdvLoss:[3.5507]
Train Iter:[560/563], CauLoss:[1.7512], AdvLoss:[3.7651]
--------------------------------------------------------------------------------------------------------------------------------------------------------------------------------------------------------
Epoch:[42/100], CauAdvLoss:[1.7506/3.7701], valid:[81.37], test:[46.50]
--------------------------------------------------------------------------------------------------------------------------------------------------------------------------------------------------------
Train Iter:[0  /563], CauLoss:[1.4970], AdvLoss:[4.2174]
Train Iter:[140/563], CauLoss:[1.7166], AdvLoss:[3.9667]
Train Iter:[280/563], CauLoss:[1.7261], AdvLoss:[3.8818]
Train Iter:[420/563], CauLoss:[1.7388], AdvLoss:[3.8002]
Train Iter:[560/563], CauLoss:[1.7435], AdvLoss:[3.8645]
--------------------------------------------------------------------------------------------------------------------------------------------------------------------------------------------------------
Epoch:[43/100], CauAdvLoss:[1.7427/3.8631], valid:[75.20], test:[59.30]
--------------------------------------------------------------------------------------------------------------------------------------------------------------------------------------------------------
Train Iter:[0  /563], CauLoss:[2.0834], AdvLoss:[7.4571]
Train Iter:[140/563], CauLoss:[1.7919], AdvLoss:[4.0010]
Train Iter:[280/563], CauLoss:[1.7676], AdvLoss:[4.0889]
Train Iter:[420/563], CauLoss:[1.7527], AdvLoss:[3.8693]
Train Iter:[560/563], CauLoss:[1.7447], AdvLoss:[3.8825]
--------------------------------------------------------------------------------------------------------------------------------------------------------------------------------------------------------
Epoch:[44/100], CauAdvLoss:[1.7447/3.8815], valid:[70.67], test:[57.07]
--------------------------------------------------------------------------------------------------------------------------------------------------------------------------------------------------------
Train Iter:[0  /563], CauLoss:[1.3997], AdvLoss:[3.6118]
Train Iter:[140/563], CauLoss:[1.7404], AdvLoss:[3.8538]
Train Iter:[280/563], CauLoss:[1.7709], AdvLoss:[3.8070]
Train Iter:[420/563], CauLoss:[1.7543], AdvLoss:[3.7497]
Train Iter:[560/563], CauLoss:[1.7362], AdvLoss:[3.8534]
--------------------------------------------------------------------------------------------------------------------------------------------------------------------------------------------------------
Epoch:[45/100], CauAdvLoss:[1.7358/3.8537], valid:[64.73], test:[52.50]
--------------------------------------------------------------------------------------------------------------------------------------------------------------------------------------------------------
Train Iter:[0  /563], CauLoss:[1.5232], AdvLoss:[4.1915]
Train Iter:[140/563], CauLoss:[1.7621], AdvLoss:[4.9328]
Train Iter:[280/563], CauLoss:[1.7393], AdvLoss:[4.1580]
Train Iter:[420/563], CauLoss:[1.7477], AdvLoss:[4.0040]
Train Iter:[560/563], CauLoss:[1.7373], AdvLoss:[4.1563]
--------------------------------------------------------------------------------------------------------------------------------------------------------------------------------------------------------
Epoch:[46/100], CauAdvLoss:[1.7387/4.1571], valid:[61.97], test:[52.07]
--------------------------------------------------------------------------------------------------------------------------------------------------------------------------------------------------------
Train Iter:[0  /563], CauLoss:[1.7766], AdvLoss:[3.3609]
Train Iter:[140/563], CauLoss:[1.7563], AdvLoss:[4.4916]
Train Iter:[280/563], CauLoss:[1.7471], AdvLoss:[4.3792]
Train Iter:[420/563], CauLoss:[1.7356], AdvLoss:[4.2111]
Train Iter:[560/563], CauLoss:[1.7349], AdvLoss:[4.1815]
--------------------------------------------------------------------------------------------------------------------------------------------------------------------------------------------------------
Epoch:[47/100], CauAdvLoss:[1.7346/4.1876], valid:[84.03], test:[59.87]
--------------------------------------------------------------------------------------------------------------------------------------------------------------------------------------------------------
Train Iter:[0  /563], CauLoss:[1.5919], AdvLoss:[3.6740]
Train Iter:[140/563], CauLoss:[1.7318], AdvLoss:[4.4664]
Train Iter:[280/563], CauLoss:[1.7491], AdvLoss:[4.3463]
Train Iter:[420/563], CauLoss:[1.7383], AdvLoss:[4.3858]
Train Iter:[560/563], CauLoss:[1.7313], AdvLoss:[4.3469]
--------------------------------------------------------------------------------------------------------------------------------------------------------------------------------------------------------
Epoch:[48/100], CauAdvLoss:[1.7301/4.3421], valid:[54.63], test:[47.87]
--------------------------------------------------------------------------------------------------------------------------------------------------------------------------------------------------------
Train Iter:[0  /563], CauLoss:[1.4519], AdvLoss:[2.2915]
Train Iter:[140/563], CauLoss:[1.7340], AdvLoss:[4.4377]
Train Iter:[280/563], CauLoss:[1.7217], AdvLoss:[4.4605]
Train Iter:[420/563], CauLoss:[1.7273], AdvLoss:[4.6744]
Train Iter:[560/563], CauLoss:[1.7329], AdvLoss:[4.6268]
--------------------------------------------------------------------------------------------------------------------------------------------------------------------------------------------------------
Epoch:[49/100], CauAdvLoss:[1.7337/4.6251], valid:[68.70], test:[55.70]
--------------------------------------------------------------------------------------------------------------------------------------------------------------------------------------------------------
Train Iter:[0  /563], CauLoss:[1.7590], AdvLoss:[3.6450]
Train Iter:[140/563], CauLoss:[1.7165], AdvLoss:[4.7521]
Train Iter:[280/563], CauLoss:[1.7262], AdvLoss:[4.5627]
Train Iter:[420/563], CauLoss:[1.7200], AdvLoss:[4.6161]
Train Iter:[560/563], CauLoss:[1.7391], AdvLoss:[4.4832]
--------------------------------------------------------------------------------------------------------------------------------------------------------------------------------------------------------
Epoch:[50/100], CauAdvLoss:[1.7403/4.4875], valid:[79.77], test:[56.70]
--------------------------------------------------------------------------------------------------------------------------------------------------------------------------------------------------------
Train Iter:[0  /563], CauLoss:[1.7988], AdvLoss:[4.3633]
Train Iter:[140/563], CauLoss:[1.7457], AdvLoss:[4.3612]
Train Iter:[280/563], CauLoss:[1.7257], AdvLoss:[4.2451]
Train Iter:[420/563], CauLoss:[1.7340], AdvLoss:[4.3376]
Train Iter:[560/563], CauLoss:[1.7295], AdvLoss:[4.2466]
--------------------------------------------------------------------------------------------------------------------------------------------------------------------------------------------------------
Epoch:[51/100], CauAdvLoss:[1.7293/4.2467], valid:[64.37], test:[51.97]
--------------------------------------------------------------------------------------------------------------------------------------------------------------------------------------------------------
Train Iter:[0  /563], CauLoss:[2.2509], AdvLoss:[3.2061]
Train Iter:[140/563], CauLoss:[1.7445], AdvLoss:[4.0658]
Train Iter:[280/563], CauLoss:[1.7301], AdvLoss:[4.3201]
Train Iter:[420/563], CauLoss:[1.7297], AdvLoss:[4.2310]
Train Iter:[560/563], CauLoss:[1.7304], AdvLoss:[4.2197]
--------------------------------------------------------------------------------------------------------------------------------------------------------------------------------------------------------
Epoch:[52/100], CauAdvLoss:[1.7296/4.2169], valid:[62.90], test:[48.93]
--------------------------------------------------------------------------------------------------------------------------------------------------------------------------------------------------------
Train Iter:[0  /563], CauLoss:[2.2030], AdvLoss:[6.1419]
Train Iter:[140/563], CauLoss:[1.7228], AdvLoss:[4.1812]
Train Iter:[280/563], CauLoss:[1.7325], AdvLoss:[4.2785]
Train Iter:[420/563], CauLoss:[1.7121], AdvLoss:[4.2452]
Train Iter:[560/563], CauLoss:[1.7319], AdvLoss:[4.2156]
--------------------------------------------------------------------------------------------------------------------------------------------------------------------------------------------------------
Epoch:[53/100], CauAdvLoss:[1.7311/4.2156], valid:[64.70], test:[51.73]
--------------------------------------------------------------------------------------------------------------------------------------------------------------------------------------------------------
Train Iter:[0  /563], CauLoss:[1.8547], AdvLoss:[5.2216]
Train Iter:[140/563], CauLoss:[1.7166], AdvLoss:[4.2587]
Train Iter:[280/563], CauLoss:[1.7101], AdvLoss:[4.2864]
Train Iter:[420/563], CauLoss:[1.7013], AdvLoss:[4.2240]
Train Iter:[560/563], CauLoss:[1.7196], AdvLoss:[4.2734]
--------------------------------------------------------------------------------------------------------------------------------------------------------------------------------------------------------
Epoch:[54/100], CauAdvLoss:[1.7196/4.2795], valid:[82.10], test:[57.93]
--------------------------------------------------------------------------------------------------------------------------------------------------------------------------------------------------------
Train Iter:[0  /563], CauLoss:[1.2954], AdvLoss:[4.2245]
Train Iter:[140/563], CauLoss:[1.7145], AdvLoss:[4.3188]
Train Iter:[280/563], CauLoss:[1.7126], AdvLoss:[4.5291]
Train Iter:[420/563], CauLoss:[1.7221], AdvLoss:[4.4893]
Train Iter:[560/563], CauLoss:[1.7317], AdvLoss:[4.4740]
--------------------------------------------------------------------------------------------------------------------------------------------------------------------------------------------------------
Epoch:[55/100], CauAdvLoss:[1.7312/4.4826], valid:[84.80], test:[52.27]
--------------------------------------------------------------------------------------------------------------------------------------------------------------------------------------------------------
Train Iter:[0  /563], CauLoss:[1.4715], AdvLoss:[4.1915]
Train Iter:[140/563], CauLoss:[1.7177], AdvLoss:[4.0166]
Train Iter:[280/563], CauLoss:[1.7216], AdvLoss:[4.6082]
Train Iter:[420/563], CauLoss:[1.7109], AdvLoss:[4.7021]
Train Iter:[560/563], CauLoss:[1.7166], AdvLoss:[4.7241]
--------------------------------------------------------------------------------------------------------------------------------------------------------------------------------------------------------
Epoch:[56/100], CauAdvLoss:[1.7172/4.7175], valid:[63.73], test:[50.43]
--------------------------------------------------------------------------------------------------------------------------------------------------------------------------------------------------------
Train Iter:[0  /563], CauLoss:[1.5569], AdvLoss:[2.6805]
Train Iter:[140/563], CauLoss:[1.7571], AdvLoss:[4.5699]
Train Iter:[280/563], CauLoss:[1.7342], AdvLoss:[4.4509]
Train Iter:[420/563], CauLoss:[1.7240], AdvLoss:[4.4568]
Train Iter:[560/563], CauLoss:[1.7245], AdvLoss:[4.4822]
--------------------------------------------------------------------------------------------------------------------------------------------------------------------------------------------------------
Epoch:[57/100], CauAdvLoss:[1.7247/4.4947], valid:[71.97], test:[52.67]
--------------------------------------------------------------------------------------------------------------------------------------------------------------------------------------------------------
Train Iter:[0  /563], CauLoss:[1.8833], AdvLoss:[5.4090]
Train Iter:[140/563], CauLoss:[1.7255], AdvLoss:[4.8315]
Train Iter:[280/563], CauLoss:[1.7231], AdvLoss:[4.7725]
Train Iter:[420/563], CauLoss:[1.7237], AdvLoss:[4.6583]
Train Iter:[560/563], CauLoss:[1.7231], AdvLoss:[4.5909]
--------------------------------------------------------------------------------------------------------------------------------------------------------------------------------------------------------
Epoch:[58/100], CauAdvLoss:[1.7223/4.5860], valid:[77.70], test:[47.30]
--------------------------------------------------------------------------------------------------------------------------------------------------------------------------------------------------------
Train Iter:[0  /563], CauLoss:[1.6339], AdvLoss:[4.9838]
Train Iter:[140/563], CauLoss:[1.7461], AdvLoss:[4.1316]
Train Iter:[280/563], CauLoss:[1.7309], AdvLoss:[4.5047]
Train Iter:[420/563], CauLoss:[1.7081], AdvLoss:[4.4207]
Train Iter:[560/563], CauLoss:[1.7136], AdvLoss:[4.3187]
--------------------------------------------------------------------------------------------------------------------------------------------------------------------------------------------------------
Epoch:[59/100], CauAdvLoss:[1.7141/4.3143], valid:[66.70], test:[46.40]
--------------------------------------------------------------------------------------------------------------------------------------------------------------------------------------------------------
Train Iter:[0  /563], CauLoss:[1.5980], AdvLoss:[5.8017]
Train Iter:[140/563], CauLoss:[1.6888], AdvLoss:[4.6063]
Train Iter:[280/563], CauLoss:[1.6849], AdvLoss:[4.5900]
Train Iter:[420/563], CauLoss:[1.7017], AdvLoss:[4.4590]
Train Iter:[560/563], CauLoss:[1.7114], AdvLoss:[4.4253]
--------------------------------------------------------------------------------------------------------------------------------------------------------------------------------------------------------
Epoch:[60/100], CauAdvLoss:[1.7120/4.4304], valid:[68.97], test:[54.43]
--------------------------------------------------------------------------------------------------------------------------------------------------------------------------------------------------------
Train Iter:[0  /563], CauLoss:[1.8539], AdvLoss:[5.3666]
Train Iter:[140/563], CauLoss:[1.6939], AdvLoss:[4.3864]
Train Iter:[280/563], CauLoss:[1.7024], AdvLoss:[4.4908]
Train Iter:[420/563], CauLoss:[1.7061], AdvLoss:[4.3720]
Train Iter:[560/563], CauLoss:[1.7122], AdvLoss:[4.2344]
--------------------------------------------------------------------------------------------------------------------------------------------------------------------------------------------------------
Epoch:[61/100], CauAdvLoss:[1.7122/4.2374], valid:[61.60], test:[53.53]
--------------------------------------------------------------------------------------------------------------------------------------------------------------------------------------------------------
Train Iter:[0  /563], CauLoss:[1.6760], AdvLoss:[2.5061]
Train Iter:[140/563], CauLoss:[1.7190], AdvLoss:[3.8531]
Train Iter:[280/563], CauLoss:[1.7140], AdvLoss:[3.9139]
Train Iter:[420/563], CauLoss:[1.7089], AdvLoss:[4.1064]
Train Iter:[560/563], CauLoss:[1.7096], AdvLoss:[4.1611]
--------------------------------------------------------------------------------------------------------------------------------------------------------------------------------------------------------
Epoch:[62/100], CauAdvLoss:[1.7096/4.1678], valid:[69.80], test:[51.03]
--------------------------------------------------------------------------------------------------------------------------------------------------------------------------------------------------------
Train Iter:[0  /563], CauLoss:[1.1675], AdvLoss:[5.1467]
Train Iter:[140/563], CauLoss:[1.6949], AdvLoss:[4.4297]
Train Iter:[280/563], CauLoss:[1.6895], AdvLoss:[4.5172]
Train Iter:[420/563], CauLoss:[1.7100], AdvLoss:[4.3833]
Train Iter:[560/563], CauLoss:[1.7122], AdvLoss:[4.3008]
--------------------------------------------------------------------------------------------------------------------------------------------------------------------------------------------------------
Epoch:[63/100], CauAdvLoss:[1.7120/4.2977], valid:[68.97], test:[56.43]
--------------------------------------------------------------------------------------------------------------------------------------------------------------------------------------------------------
Train Iter:[0  /563], CauLoss:[3.0647], AdvLoss:[5.0415]
Train Iter:[140/563], CauLoss:[1.6873], AdvLoss:[4.1088]
Train Iter:[280/563], CauLoss:[1.6997], AdvLoss:[4.1199]
Train Iter:[420/563], CauLoss:[1.6931], AdvLoss:[4.2074]
Train Iter:[560/563], CauLoss:[1.7116], AdvLoss:[4.2934]
--------------------------------------------------------------------------------------------------------------------------------------------------------------------------------------------------------
Epoch:[64/100], CauAdvLoss:[1.7128/4.2936], valid:[67.70], test:[55.33]
--------------------------------------------------------------------------------------------------------------------------------------------------------------------------------------------------------
Train Iter:[0  /563], CauLoss:[1.5934], AdvLoss:[2.5861]
Train Iter:[140/563], CauLoss:[1.6997], AdvLoss:[4.4402]
Train Iter:[280/563], CauLoss:[1.7074], AdvLoss:[4.6413]
Train Iter:[420/563], CauLoss:[1.7132], AdvLoss:[4.5761]
Train Iter:[560/563], CauLoss:[1.7075], AdvLoss:[4.5444]
--------------------------------------------------------------------------------------------------------------------------------------------------------------------------------------------------------
Epoch:[65/100], CauAdvLoss:[1.7088/4.5425], valid:[59.87], test:[50.23]
--------------------------------------------------------------------------------------------------------------------------------------------------------------------------------------------------------
Train Iter:[0  /563], CauLoss:[1.7014], AdvLoss:[3.2652]
Train Iter:[140/563], CauLoss:[1.7637], AdvLoss:[3.8172]
Train Iter:[280/563], CauLoss:[1.7356], AdvLoss:[4.3387]
Train Iter:[420/563], CauLoss:[1.7254], AdvLoss:[4.3961]
Train Iter:[560/563], CauLoss:[1.7154], AdvLoss:[4.4708]
--------------------------------------------------------------------------------------------------------------------------------------------------------------------------------------------------------
Epoch:[66/100], CauAdvLoss:[1.7150/4.4712], valid:[63.60], test:[49.63]
--------------------------------------------------------------------------------------------------------------------------------------------------------------------------------------------------------
Train Iter:[0  /563], CauLoss:[1.7965], AdvLoss:[4.3433]
Train Iter:[140/563], CauLoss:[1.7248], AdvLoss:[5.1422]
Train Iter:[280/563], CauLoss:[1.6918], AdvLoss:[5.0021]
Train Iter:[420/563], CauLoss:[1.6947], AdvLoss:[4.8344]
Train Iter:[560/563], CauLoss:[1.7029], AdvLoss:[4.8214]
--------------------------------------------------------------------------------------------------------------------------------------------------------------------------------------------------------
Epoch:[67/100], CauAdvLoss:[1.7019/4.8206], valid:[67.13], test:[51.50]
--------------------------------------------------------------------------------------------------------------------------------------------------------------------------------------------------------
Train Iter:[0  /563], CauLoss:[1.5263], AdvLoss:[6.2298]
Train Iter:[140/563], CauLoss:[1.7157], AdvLoss:[4.8001]
Train Iter:[280/563], CauLoss:[1.7288], AdvLoss:[4.6538]
Train Iter:[420/563], CauLoss:[1.7326], AdvLoss:[4.4412]
Train Iter:[560/563], CauLoss:[1.7144], AdvLoss:[4.4161]
--------------------------------------------------------------------------------------------------------------------------------------------------------------------------------------------------------
Epoch:[68/100], CauAdvLoss:[1.7138/4.4143], valid:[65.37], test:[53.90]
--------------------------------------------------------------------------------------------------------------------------------------------------------------------------------------------------------
Train Iter:[0  /563], CauLoss:[1.5575], AdvLoss:[3.7241]
Train Iter:[140/563], CauLoss:[1.6841], AdvLoss:[4.3780]
Train Iter:[280/563], CauLoss:[1.7104], AdvLoss:[4.6013]
Train Iter:[420/563], CauLoss:[1.7129], AdvLoss:[4.4968]
Train Iter:[560/563], CauLoss:[1.7097], AdvLoss:[4.4341]
--------------------------------------------------------------------------------------------------------------------------------------------------------------------------------------------------------
Epoch:[69/100], CauAdvLoss:[1.7087/4.4332], valid:[61.73], test:[58.67]
--------------------------------------------------------------------------------------------------------------------------------------------------------------------------------------------------------
Train Iter:[0  /563], CauLoss:[2.2303], AdvLoss:[5.7223]
Train Iter:[140/563], CauLoss:[1.6712], AdvLoss:[4.5880]
Train Iter:[280/563], CauLoss:[1.6942], AdvLoss:[4.4233]
Train Iter:[420/563], CauLoss:[1.6986], AdvLoss:[4.4427]
Train Iter:[560/563], CauLoss:[1.7027], AdvLoss:[4.4039]
--------------------------------------------------------------------------------------------------------------------------------------------------------------------------------------------------------
Epoch:[70/100], CauAdvLoss:[1.7019/4.4026], valid:[65.87], test:[55.57]
--------------------------------------------------------------------------------------------------------------------------------------------------------------------------------------------------------
Train Iter:[0  /563], CauLoss:[1.5218], AdvLoss:[3.5571]
Train Iter:[140/563], CauLoss:[1.7085], AdvLoss:[4.4697]
Train Iter:[280/563], CauLoss:[1.7104], AdvLoss:[4.5200]
Train Iter:[420/563], CauLoss:[1.7059], AdvLoss:[4.5958]
Train Iter:[560/563], CauLoss:[1.6964], AdvLoss:[4.7056]
--------------------------------------------------------------------------------------------------------------------------------------------------------------------------------------------------------
Epoch:[71/100], CauAdvLoss:[1.6960/4.7056], valid:[61.13], test:[55.43]
--------------------------------------------------------------------------------------------------------------------------------------------------------------------------------------------------------
Train Iter:[0  /563], CauLoss:[2.2615], AdvLoss:[4.5462]
Train Iter:[140/563], CauLoss:[1.7204], AdvLoss:[4.3937]
Train Iter:[280/563], CauLoss:[1.7019], AdvLoss:[4.5965]
Train Iter:[420/563], CauLoss:[1.7080], AdvLoss:[4.6195]
Train Iter:[560/563], CauLoss:[1.7030], AdvLoss:[4.5688]
--------------------------------------------------------------------------------------------------------------------------------------------------------------------------------------------------------
Epoch:[72/100], CauAdvLoss:[1.7044/4.5668], valid:[75.03], test:[60.10]
--------------------------------------------------------------------------------------------------------------------------------------------------------------------------------------------------------
Train Iter:[0  /563], CauLoss:[1.6662], AdvLoss:[3.7483]
Train Iter:[140/563], CauLoss:[1.7005], AdvLoss:[4.5092]
Train Iter:[280/563], CauLoss:[1.7034], AdvLoss:[4.6482]
Train Iter:[420/563], CauLoss:[1.6984], AdvLoss:[4.7753]
Train Iter:[560/563], CauLoss:[1.6999], AdvLoss:[4.7840]
--------------------------------------------------------------------------------------------------------------------------------------------------------------------------------------------------------
Epoch:[73/100], CauAdvLoss:[1.7013/4.7835], valid:[69.93], test:[58.97]
--------------------------------------------------------------------------------------------------------------------------------------------------------------------------------------------------------
Train Iter:[0  /563], CauLoss:[1.9420], AdvLoss:[3.5497]
Train Iter:[140/563], CauLoss:[1.6956], AdvLoss:[4.6420]
Train Iter:[280/563], CauLoss:[1.7091], AdvLoss:[4.5948]
Train Iter:[420/563], CauLoss:[1.7052], AdvLoss:[4.5642]
Train Iter:[560/563], CauLoss:[1.7025], AdvLoss:[4.5350]
--------------------------------------------------------------------------------------------------------------------------------------------------------------------------------------------------------
Epoch:[74/100], CauAdvLoss:[1.7009/4.5318], valid:[61.97], test:[45.50]
--------------------------------------------------------------------------------------------------------------------------------------------------------------------------------------------------------
Train Iter:[0  /563], CauLoss:[1.8769], AdvLoss:[3.3052]
Train Iter:[140/563], CauLoss:[1.7183], AdvLoss:[4.2348]
Train Iter:[280/563], CauLoss:[1.7144], AdvLoss:[4.4263]
Train Iter:[420/563], CauLoss:[1.7070], AdvLoss:[4.5484]
Train Iter:[560/563], CauLoss:[1.6968], AdvLoss:[4.5391]
--------------------------------------------------------------------------------------------------------------------------------------------------------------------------------------------------------
Epoch:[75/100], CauAdvLoss:[1.6957/4.5380], valid:[65.23], test:[61.10]
--------------------------------------------------------------------------------------------------------------------------------------------------------------------------------------------------------
Train Iter:[0  /563], CauLoss:[1.7185], AdvLoss:[4.8683]
Train Iter:[140/563], CauLoss:[1.6813], AdvLoss:[4.4878]
Train Iter:[280/563], CauLoss:[1.7061], AdvLoss:[4.5693]
Train Iter:[420/563], CauLoss:[1.7159], AdvLoss:[4.5248]
Train Iter:[560/563], CauLoss:[1.6986], AdvLoss:[4.5842]
--------------------------------------------------------------------------------------------------------------------------------------------------------------------------------------------------------
Epoch:[76/100], CauAdvLoss:[1.6981/4.5834], valid:[63.87], test:[54.17]
--------------------------------------------------------------------------------------------------------------------------------------------------------------------------------------------------------
Train Iter:[0  /563], CauLoss:[2.0504], AdvLoss:[4.5852]
Train Iter:[140/563], CauLoss:[1.7131], AdvLoss:[4.5959]
Train Iter:[280/563], CauLoss:[1.6857], AdvLoss:[4.5547]
Train Iter:[420/563], CauLoss:[1.6933], AdvLoss:[4.7065]
Train Iter:[560/563], CauLoss:[1.6896], AdvLoss:[4.7407]
--------------------------------------------------------------------------------------------------------------------------------------------------------------------------------------------------------
Epoch:[77/100], CauAdvLoss:[1.6891/4.7379], valid:[60.97], test:[58.17]
--------------------------------------------------------------------------------------------------------------------------------------------------------------------------------------------------------
Train Iter:[0  /563], CauLoss:[2.1498], AdvLoss:[4.4574]
Train Iter:[140/563], CauLoss:[1.6654], AdvLoss:[4.5764]
Train Iter:[280/563], CauLoss:[1.6871], AdvLoss:[4.6221]
Train Iter:[420/563], CauLoss:[1.6949], AdvLoss:[4.5327]
Train Iter:[560/563], CauLoss:[1.6937], AdvLoss:[4.6066]
--------------------------------------------------------------------------------------------------------------------------------------------------------------------------------------------------------
Epoch:[78/100], CauAdvLoss:[1.6939/4.6066], valid:[83.10], test:[62.17]
--------------------------------------------------------------------------------------------------------------------------------------------------------------------------------------------------------
Train Iter:[0  /563], CauLoss:[1.8788], AdvLoss:[7.0029]
Train Iter:[140/563], CauLoss:[1.7232], AdvLoss:[4.7973]
Train Iter:[280/563], CauLoss:[1.6916], AdvLoss:[4.7849]
Train Iter:[420/563], CauLoss:[1.6968], AdvLoss:[4.9194]
Train Iter:[560/563], CauLoss:[1.6936], AdvLoss:[4.8666]
--------------------------------------------------------------------------------------------------------------------------------------------------------------------------------------------------------
Epoch:[79/100], CauAdvLoss:[1.6922/4.8642], valid:[70.90], test:[57.90]
--------------------------------------------------------------------------------------------------------------------------------------------------------------------------------------------------------
Train Iter:[0  /563], CauLoss:[1.9547], AdvLoss:[2.1109]
Train Iter:[140/563], CauLoss:[1.6840], AdvLoss:[4.7284]
Train Iter:[280/563], CauLoss:[1.6938], AdvLoss:[4.5974]
Train Iter:[420/563], CauLoss:[1.6976], AdvLoss:[4.7492]
Train Iter:[560/563], CauLoss:[1.6970], AdvLoss:[4.7210]
--------------------------------------------------------------------------------------------------------------------------------------------------------------------------------------------------------
Epoch:[80/100], CauAdvLoss:[1.6978/4.7177], valid:[59.07], test:[54.77]
--------------------------------------------------------------------------------------------------------------------------------------------------------------------------------------------------------
Train Iter:[0  /563], CauLoss:[2.3252], AdvLoss:[4.3584]
Train Iter:[140/563], CauLoss:[1.7096], AdvLoss:[4.7313]
Train Iter:[280/563], CauLoss:[1.6865], AdvLoss:[4.6032]
Train Iter:[420/563], CauLoss:[1.6930], AdvLoss:[4.4864]
Train Iter:[560/563], CauLoss:[1.6954], AdvLoss:[4.5365]
--------------------------------------------------------------------------------------------------------------------------------------------------------------------------------------------------------
Epoch:[81/100], CauAdvLoss:[1.6954/4.5355], valid:[68.40], test:[62.30]
--------------------------------------------------------------------------------------------------------------------------------------------------------------------------------------------------------
Train Iter:[0  /563], CauLoss:[2.2216], AdvLoss:[5.3381]
Train Iter:[140/563], CauLoss:[1.6588], AdvLoss:[4.6890]
Train Iter:[280/563], CauLoss:[1.6937], AdvLoss:[4.8570]
Train Iter:[420/563], CauLoss:[1.6896], AdvLoss:[4.8247]
Train Iter:[560/563], CauLoss:[1.6872], AdvLoss:[4.8377]
--------------------------------------------------------------------------------------------------------------------------------------------------------------------------------------------------------
Epoch:[82/100], CauAdvLoss:[1.6890/4.8338], valid:[62.23], test:[44.77]
--------------------------------------------------------------------------------------------------------------------------------------------------------------------------------------------------------
Train Iter:[0  /563], CauLoss:[1.7108], AdvLoss:[4.5302]
Train Iter:[140/563], CauLoss:[1.6639], AdvLoss:[4.5542]
Train Iter:[280/563], CauLoss:[1.6804], AdvLoss:[4.5986]
Train Iter:[420/563], CauLoss:[1.6909], AdvLoss:[4.6650]
Train Iter:[560/563], CauLoss:[1.6921], AdvLoss:[4.6598]
--------------------------------------------------------------------------------------------------------------------------------------------------------------------------------------------------------
Epoch:[83/100], CauAdvLoss:[1.6920/4.6612], valid:[69.13], test:[49.07]
--------------------------------------------------------------------------------------------------------------------------------------------------------------------------------------------------------
Train Iter:[0  /563], CauLoss:[1.2459], AdvLoss:[4.1999]
Train Iter:[140/563], CauLoss:[1.6791], AdvLoss:[4.5867]
Train Iter:[280/563], CauLoss:[1.7027], AdvLoss:[4.6243]
Train Iter:[420/563], CauLoss:[1.7120], AdvLoss:[4.6098]
Train Iter:[560/563], CauLoss:[1.6998], AdvLoss:[4.5787]
--------------------------------------------------------------------------------------------------------------------------------------------------------------------------------------------------------
Epoch:[84/100], CauAdvLoss:[1.6991/4.5811], valid:[70.57], test:[49.67]
--------------------------------------------------------------------------------------------------------------------------------------------------------------------------------------------------------
Train Iter:[0  /563], CauLoss:[1.5908], AdvLoss:[5.1788]
Train Iter:[140/563], CauLoss:[1.6941], AdvLoss:[4.5570]
Train Iter:[280/563], CauLoss:[1.6773], AdvLoss:[4.7602]
Train Iter:[420/563], CauLoss:[1.6851], AdvLoss:[4.8568]
Train Iter:[560/563], CauLoss:[1.6841], AdvLoss:[4.8534]
--------------------------------------------------------------------------------------------------------------------------------------------------------------------------------------------------------
Epoch:[85/100], CauAdvLoss:[1.6842/4.8532], valid:[78.93], test:[57.37]
--------------------------------------------------------------------------------------------------------------------------------------------------------------------------------------------------------
Train Iter:[0  /563], CauLoss:[1.9974], AdvLoss:[3.8385]
Train Iter:[140/563], CauLoss:[1.7041], AdvLoss:[4.9469]
Train Iter:[280/563], CauLoss:[1.6840], AdvLoss:[4.7747]
Train Iter:[420/563], CauLoss:[1.6941], AdvLoss:[4.8501]
Train Iter:[560/563], CauLoss:[1.6926], AdvLoss:[4.8122]
--------------------------------------------------------------------------------------------------------------------------------------------------------------------------------------------------------
Epoch:[86/100], CauAdvLoss:[1.6930/4.8146], valid:[66.87], test:[53.80]
--------------------------------------------------------------------------------------------------------------------------------------------------------------------------------------------------------
Train Iter:[0  /563], CauLoss:[1.6860], AdvLoss:[3.3566]
Train Iter:[140/563], CauLoss:[1.6483], AdvLoss:[4.9676]
Train Iter:[280/563], CauLoss:[1.6804], AdvLoss:[4.8767]
Train Iter:[420/563], CauLoss:[1.6761], AdvLoss:[4.9237]
Train Iter:[560/563], CauLoss:[1.6930], AdvLoss:[4.9105]
--------------------------------------------------------------------------------------------------------------------------------------------------------------------------------------------------------
Epoch:[87/100], CauAdvLoss:[1.6920/4.9088], valid:[68.87], test:[52.37]
--------------------------------------------------------------------------------------------------------------------------------------------------------------------------------------------------------
Train Iter:[0  /563], CauLoss:[1.5609], AdvLoss:[3.2168]
Train Iter:[140/563], CauLoss:[1.6838], AdvLoss:[4.9157]
Train Iter:[280/563], CauLoss:[1.6789], AdvLoss:[4.8638]
Train Iter:[420/563], CauLoss:[1.6809], AdvLoss:[4.8492]
Train Iter:[560/563], CauLoss:[1.6889], AdvLoss:[4.8901]
--------------------------------------------------------------------------------------------------------------------------------------------------------------------------------------------------------
Epoch:[88/100], CauAdvLoss:[1.6903/4.8922], valid:[79.93], test:[51.67]
--------------------------------------------------------------------------------------------------------------------------------------------------------------------------------------------------------
Train Iter:[0  /563], CauLoss:[1.6361], AdvLoss:[4.8678]
Train Iter:[140/563], CauLoss:[1.6879], AdvLoss:[4.6641]
Train Iter:[280/563], CauLoss:[1.6786], AdvLoss:[4.8108]
Train Iter:[420/563], CauLoss:[1.6756], AdvLoss:[4.7657]
Train Iter:[560/563], CauLoss:[1.6852], AdvLoss:[4.8188]
--------------------------------------------------------------------------------------------------------------------------------------------------------------------------------------------------------
Epoch:[89/100], CauAdvLoss:[1.6861/4.8219], valid:[72.43], test:[60.67]
--------------------------------------------------------------------------------------------------------------------------------------------------------------------------------------------------------
Train Iter:[0  /563], CauLoss:[1.6609], AdvLoss:[5.2980]
Train Iter:[140/563], CauLoss:[1.6981], AdvLoss:[4.9412]
Train Iter:[280/563], CauLoss:[1.6891], AdvLoss:[4.8933]
Train Iter:[420/563], CauLoss:[1.6831], AdvLoss:[4.8712]
Train Iter:[560/563], CauLoss:[1.6890], AdvLoss:[4.8607]
--------------------------------------------------------------------------------------------------------------------------------------------------------------------------------------------------------
Epoch:[90/100], CauAdvLoss:[1.6897/4.8646], valid:[70.93], test:[56.97]
--------------------------------------------------------------------------------------------------------------------------------------------------------------------------------------------------------
Train Iter:[0  /563], CauLoss:[1.2238], AdvLoss:[4.5742]
Train Iter:[140/563], CauLoss:[1.6790], AdvLoss:[4.9754]
Train Iter:[280/563], CauLoss:[1.6915], AdvLoss:[4.9100]
Train Iter:[420/563], CauLoss:[1.6868], AdvLoss:[4.9122]
Train Iter:[560/563], CauLoss:[1.6824], AdvLoss:[4.8745]
--------------------------------------------------------------------------------------------------------------------------------------------------------------------------------------------------------
Epoch:[91/100], CauAdvLoss:[1.6822/4.8697], valid:[78.97], test:[56.63]
--------------------------------------------------------------------------------------------------------------------------------------------------------------------------------------------------------
Train Iter:[0  /563], CauLoss:[1.7456], AdvLoss:[5.0800]
Train Iter:[140/563], CauLoss:[1.6924], AdvLoss:[4.7436]
Train Iter:[280/563], CauLoss:[1.6805], AdvLoss:[4.8445]
Train Iter:[420/563], CauLoss:[1.6822], AdvLoss:[4.8968]
Train Iter:[560/563], CauLoss:[1.6883], AdvLoss:[4.8849]
--------------------------------------------------------------------------------------------------------------------------------------------------------------------------------------------------------
Epoch:[92/100], CauAdvLoss:[1.6872/4.8948], valid:[71.63], test:[54.60]
--------------------------------------------------------------------------------------------------------------------------------------------------------------------------------------------------------
Train Iter:[0  /563], CauLoss:[1.4291], AdvLoss:[4.3442]
Train Iter:[140/563], CauLoss:[1.7163], AdvLoss:[4.9136]
Train Iter:[280/563], CauLoss:[1.7059], AdvLoss:[4.9211]
Train Iter:[420/563], CauLoss:[1.6971], AdvLoss:[4.9485]
Train Iter:[560/563], CauLoss:[1.6909], AdvLoss:[4.9196]
--------------------------------------------------------------------------------------------------------------------------------------------------------------------------------------------------------
Epoch:[93/100], CauAdvLoss:[1.6908/4.9181], valid:[65.87], test:[53.17]
--------------------------------------------------------------------------------------------------------------------------------------------------------------------------------------------------------
Train Iter:[0  /563], CauLoss:[1.2470], AdvLoss:[5.4035]
Train Iter:[140/563], CauLoss:[1.6512], AdvLoss:[4.9867]
Train Iter:[280/563], CauLoss:[1.6735], AdvLoss:[5.0602]
Train Iter:[420/563], CauLoss:[1.6843], AdvLoss:[5.1130]
Train Iter:[560/563], CauLoss:[1.6866], AdvLoss:[4.9937]
--------------------------------------------------------------------------------------------------------------------------------------------------------------------------------------------------------
Epoch:[94/100], CauAdvLoss:[1.6885/4.9937], valid:[69.43], test:[54.97]
--------------------------------------------------------------------------------------------------------------------------------------------------------------------------------------------------------
Train Iter:[0  /563], CauLoss:[2.1283], AdvLoss:[4.7974]
Train Iter:[140/563], CauLoss:[1.6889], AdvLoss:[5.1495]
Train Iter:[280/563], CauLoss:[1.6905], AdvLoss:[4.9942]
Train Iter:[420/563], CauLoss:[1.6743], AdvLoss:[4.9480]
Train Iter:[560/563], CauLoss:[1.6845], AdvLoss:[4.9251]
--------------------------------------------------------------------------------------------------------------------------------------------------------------------------------------------------------
Epoch:[95/100], CauAdvLoss:[1.6843/4.9215], valid:[65.40], test:[53.47]
--------------------------------------------------------------------------------------------------------------------------------------------------------------------------------------------------------
Train Iter:[0  /563], CauLoss:[1.3841], AdvLoss:[3.7663]
Train Iter:[140/563], CauLoss:[1.7261], AdvLoss:[5.0679]
Train Iter:[280/563], CauLoss:[1.7117], AdvLoss:[5.0041]
Train Iter:[420/563], CauLoss:[1.6995], AdvLoss:[4.9951]
Train Iter:[560/563], CauLoss:[1.6854], AdvLoss:[4.9493]
--------------------------------------------------------------------------------------------------------------------------------------------------------------------------------------------------------
Epoch:[96/100], CauAdvLoss:[1.6865/4.9540], valid:[80.33], test:[55.37]
--------------------------------------------------------------------------------------------------------------------------------------------------------------------------------------------------------
Train Iter:[0  /563], CauLoss:[1.4605], AdvLoss:[6.8851]
Train Iter:[140/563], CauLoss:[1.7195], AdvLoss:[4.7923]
Train Iter:[280/563], CauLoss:[1.7217], AdvLoss:[4.9208]
Train Iter:[420/563], CauLoss:[1.7002], AdvLoss:[4.9179]
Train Iter:[560/563], CauLoss:[1.6900], AdvLoss:[4.9873]
--------------------------------------------------------------------------------------------------------------------------------------------------------------------------------------------------------
Epoch:[97/100], CauAdvLoss:[1.6884/4.9879], valid:[72.00], test:[56.17]
--------------------------------------------------------------------------------------------------------------------------------------------------------------------------------------------------------
Train Iter:[0  /563], CauLoss:[1.5479], AdvLoss:[5.4465]
Train Iter:[140/563], CauLoss:[1.7080], AdvLoss:[4.7520]
Train Iter:[280/563], CauLoss:[1.7005], AdvLoss:[4.9029]
Train Iter:[420/563], CauLoss:[1.6798], AdvLoss:[4.9189]
Train Iter:[560/563], CauLoss:[1.6795], AdvLoss:[4.9403]
--------------------------------------------------------------------------------------------------------------------------------------------------------------------------------------------------------
Epoch:[98/100], CauAdvLoss:[1.6810/4.9390], valid:[66.90], test:[55.40]
--------------------------------------------------------------------------------------------------------------------------------------------------------------------------------------------------------
Train Iter:[0  /563], CauLoss:[2.1910], AdvLoss:[3.1780]
Train Iter:[140/563], CauLoss:[1.6781], AdvLoss:[4.9166]
Train Iter:[280/563], CauLoss:[1.6784], AdvLoss:[4.9047]
Train Iter:[420/563], CauLoss:[1.6833], AdvLoss:[4.9416]
Train Iter:[560/563], CauLoss:[1.6823], AdvLoss:[4.9777]
--------------------------------------------------------------------------------------------------------------------------------------------------------------------------------------------------------
Epoch:[99/100], CauAdvLoss:[1.6820/4.9816], valid:[70.87], test:[49.90]
--------------------------------------------------------------------------------------------------------------------------------------------------------------------------------------------------------
Train Iter:[0  /563], CauLoss:[1.4020], AdvLoss:[3.7449]
Train Iter:[140/563], CauLoss:[1.6592], AdvLoss:[4.9764]
Train Iter:[280/563], CauLoss:[1.6591], AdvLoss:[4.9867]
Train Iter:[420/563], CauLoss:[1.6735], AdvLoss:[5.0570]
Train Iter:[560/563], CauLoss:[1.6790], AdvLoss:[5.0337]
--------------------------------------------------------------------------------------------------------------------------------------------------------------------------------------------------------
Epoch:[100/100], CauAdvLoss:[1.6809/5.0326], valid:[73.33], test:[55.50]
--------------------------------------------------------------------------------------------------------------------------------------------------------------------------------------------------------
Update test:[62.17] at epoch:[78] | Total time:00:27:43
Train Iter:[0  /563], CauLoss:[3.3426], AdvLoss:[0.5566]
Train Iter:[140/563], CauLoss:[2.7868], AdvLoss:[0.6415]
Train Iter:[280/563], CauLoss:[2.5850], AdvLoss:[0.6805]
Train Iter:[420/563], CauLoss:[2.4658], AdvLoss:[0.7105]
Train Iter:[560/563], CauLoss:[2.3852], AdvLoss:[0.7188]
--------------------------------------------------------------------------------------------------------------------------------------------------------------------------------------------------------
Epoch:[1/100], CauAdvLoss:[2.3837/0.7186], valid:[48.13], test:[45.23]
--------------------------------------------------------------------------------------------------------------------------------------------------------------------------------------------------------
Train Iter:[0  /563], CauLoss:[2.8518], AdvLoss:[0.6413]
Train Iter:[140/563], CauLoss:[2.1339], AdvLoss:[0.7347]
Train Iter:[280/563], CauLoss:[2.1177], AdvLoss:[0.7058]
Train Iter:[420/563], CauLoss:[2.1124], AdvLoss:[0.7157]
Train Iter:[560/563], CauLoss:[2.0809], AdvLoss:[0.7363]
--------------------------------------------------------------------------------------------------------------------------------------------------------------------------------------------------------
Epoch:[2/100], CauAdvLoss:[2.0795/0.7349], valid:[62.77], test:[37.40]
--------------------------------------------------------------------------------------------------------------------------------------------------------------------------------------------------------
Train Iter:[0  /563], CauLoss:[1.7600], AdvLoss:[0.7983]
Train Iter:[140/563], CauLoss:[2.0223], AdvLoss:[0.6910]
Train Iter:[280/563], CauLoss:[2.0150], AdvLoss:[0.6806]
Train Iter:[420/563], CauLoss:[2.0012], AdvLoss:[0.7040]
Train Iter:[560/563], CauLoss:[2.0028], AdvLoss:[0.7239]
--------------------------------------------------------------------------------------------------------------------------------------------------------------------------------------------------------
Epoch:[3/100], CauAdvLoss:[2.0033/0.7243], valid:[56.20], test:[35.67]
--------------------------------------------------------------------------------------------------------------------------------------------------------------------------------------------------------
Train Iter:[0  /563], CauLoss:[1.8992], AdvLoss:[0.6381]
Train Iter:[140/563], CauLoss:[1.9590], AdvLoss:[0.7655]
Train Iter:[280/563], CauLoss:[1.9454], AdvLoss:[0.7646]
Train Iter:[420/563], CauLoss:[1.9562], AdvLoss:[0.7542]
Train Iter:[560/563], CauLoss:[1.9574], AdvLoss:[0.7640]
--------------------------------------------------------------------------------------------------------------------------------------------------------------------------------------------------------
Epoch:[4/100], CauAdvLoss:[1.9584/0.7646], valid:[45.57], test:[42.33]
--------------------------------------------------------------------------------------------------------------------------------------------------------------------------------------------------------
Train Iter:[0  /563], CauLoss:[2.2802], AdvLoss:[1.0265]
Train Iter:[140/563], CauLoss:[1.9769], AdvLoss:[0.8363]
Train Iter:[280/563], CauLoss:[1.9878], AdvLoss:[0.8130]
Train Iter:[420/563], CauLoss:[1.9683], AdvLoss:[0.8113]
Train Iter:[560/563], CauLoss:[1.9601], AdvLoss:[0.8180]
--------------------------------------------------------------------------------------------------------------------------------------------------------------------------------------------------------
Epoch:[5/100], CauAdvLoss:[1.9612/0.8184], valid:[62.90], test:[35.27]
--------------------------------------------------------------------------------------------------------------------------------------------------------------------------------------------------------
Train Iter:[0  /563], CauLoss:[1.8430], AdvLoss:[0.7905]
Train Iter:[140/563], CauLoss:[1.9357], AdvLoss:[0.9520]
Train Iter:[280/563], CauLoss:[1.9297], AdvLoss:[0.8890]
Train Iter:[420/563], CauLoss:[1.9523], AdvLoss:[0.8426]
Train Iter:[560/563], CauLoss:[1.9471], AdvLoss:[0.8712]
--------------------------------------------------------------------------------------------------------------------------------------------------------------------------------------------------------
Epoch:[6/100], CauAdvLoss:[1.9465/0.8716], valid:[56.63], test:[36.63]
--------------------------------------------------------------------------------------------------------------------------------------------------------------------------------------------------------
Train Iter:[0  /563], CauLoss:[2.4667], AdvLoss:[0.8304]
Train Iter:[140/563], CauLoss:[1.9404], AdvLoss:[0.9355]
Train Iter:[280/563], CauLoss:[1.9202], AdvLoss:[0.9905]
Train Iter:[420/563], CauLoss:[1.9272], AdvLoss:[0.9899]
Train Iter:[560/563], CauLoss:[1.9178], AdvLoss:[0.9922]
--------------------------------------------------------------------------------------------------------------------------------------------------------------------------------------------------------
Epoch:[7/100], CauAdvLoss:[1.9166/0.9917], valid:[42.83], test:[36.83]
--------------------------------------------------------------------------------------------------------------------------------------------------------------------------------------------------------
Train Iter:[0  /563], CauLoss:[1.9776], AdvLoss:[0.6821]
Train Iter:[140/563], CauLoss:[1.9068], AdvLoss:[1.2699]
Train Iter:[280/563], CauLoss:[1.9324], AdvLoss:[1.1816]
Train Iter:[420/563], CauLoss:[1.9368], AdvLoss:[1.1843]
Train Iter:[560/563], CauLoss:[1.9252], AdvLoss:[1.1611]
--------------------------------------------------------------------------------------------------------------------------------------------------------------------------------------------------------
Epoch:[8/100], CauAdvLoss:[1.9246/1.1616], valid:[60.53], test:[33.67]
--------------------------------------------------------------------------------------------------------------------------------------------------------------------------------------------------------
Train Iter:[0  /563], CauLoss:[1.3943], AdvLoss:[0.9819]
Train Iter:[140/563], CauLoss:[1.9013], AdvLoss:[1.2060]
Train Iter:[280/563], CauLoss:[1.9118], AdvLoss:[1.2321]
Train Iter:[420/563], CauLoss:[1.9008], AdvLoss:[1.2248]
Train Iter:[560/563], CauLoss:[1.8923], AdvLoss:[1.2576]
--------------------------------------------------------------------------------------------------------------------------------------------------------------------------------------------------------
Epoch:[9/100], CauAdvLoss:[1.8937/1.2582], valid:[63.90], test:[36.90]
--------------------------------------------------------------------------------------------------------------------------------------------------------------------------------------------------------
Train Iter:[0  /563], CauLoss:[1.5248], AdvLoss:[1.4206]
Train Iter:[140/563], CauLoss:[1.9131], AdvLoss:[1.4576]
Train Iter:[280/563], CauLoss:[1.8948], AdvLoss:[1.3983]
Train Iter:[420/563], CauLoss:[1.8874], AdvLoss:[1.3733]
Train Iter:[560/563], CauLoss:[1.8824], AdvLoss:[1.3793]
--------------------------------------------------------------------------------------------------------------------------------------------------------------------------------------------------------
Epoch:[10/100], CauAdvLoss:[1.8810/1.3784], valid:[52.00], test:[34.27]
--------------------------------------------------------------------------------------------------------------------------------------------------------------------------------------------------------
Train Iter:[0  /563], CauLoss:[1.6097], AdvLoss:[1.4336]
Train Iter:[140/563], CauLoss:[1.8768], AdvLoss:[1.4651]
Train Iter:[280/563], CauLoss:[1.8578], AdvLoss:[1.5160]
Train Iter:[420/563], CauLoss:[1.8669], AdvLoss:[1.4761]
Train Iter:[560/563], CauLoss:[1.8659], AdvLoss:[1.4595]
--------------------------------------------------------------------------------------------------------------------------------------------------------------------------------------------------------
Epoch:[11/100], CauAdvLoss:[1.8654/1.4594], valid:[50.40], test:[39.63]
--------------------------------------------------------------------------------------------------------------------------------------------------------------------------------------------------------
Train Iter:[0  /563], CauLoss:[1.4990], AdvLoss:[1.6319]
Train Iter:[140/563], CauLoss:[1.8668], AdvLoss:[1.4826]
Train Iter:[280/563], CauLoss:[1.8685], AdvLoss:[1.6006]
Train Iter:[420/563], CauLoss:[1.8620], AdvLoss:[1.5320]
Train Iter:[560/563], CauLoss:[1.8629], AdvLoss:[1.4678]
--------------------------------------------------------------------------------------------------------------------------------------------------------------------------------------------------------
Epoch:[12/100], CauAdvLoss:[1.8624/1.4671], valid:[49.83], test:[41.13]
--------------------------------------------------------------------------------------------------------------------------------------------------------------------------------------------------------
Train Iter:[0  /563], CauLoss:[2.1022], AdvLoss:[1.6278]
Train Iter:[140/563], CauLoss:[1.8413], AdvLoss:[1.9087]
Train Iter:[280/563], CauLoss:[1.8562], AdvLoss:[1.8878]
Train Iter:[420/563], CauLoss:[1.8346], AdvLoss:[1.7113]
Train Iter:[560/563], CauLoss:[1.8489], AdvLoss:[1.6669]
--------------------------------------------------------------------------------------------------------------------------------------------------------------------------------------------------------
Epoch:[13/100], CauAdvLoss:[1.8496/1.6648], valid:[50.43], test:[34.80]
--------------------------------------------------------------------------------------------------------------------------------------------------------------------------------------------------------
Train Iter:[0  /563], CauLoss:[2.0100], AdvLoss:[1.1717]
Train Iter:[140/563], CauLoss:[1.8544], AdvLoss:[1.6457]
Train Iter:[280/563], CauLoss:[1.8303], AdvLoss:[1.8217]
Train Iter:[420/563], CauLoss:[1.8501], AdvLoss:[1.8118]
Train Iter:[560/563], CauLoss:[1.8362], AdvLoss:[1.7582]
--------------------------------------------------------------------------------------------------------------------------------------------------------------------------------------------------------
Epoch:[14/100], CauAdvLoss:[1.8397/1.7559], valid:[45.07], test:[33.43]
--------------------------------------------------------------------------------------------------------------------------------------------------------------------------------------------------------
Train Iter:[0  /563], CauLoss:[2.0465], AdvLoss:[4.4487]
Train Iter:[140/563], CauLoss:[1.8341], AdvLoss:[2.6524]
Train Iter:[280/563], CauLoss:[1.8290], AdvLoss:[2.1397]
Train Iter:[420/563], CauLoss:[1.8277], AdvLoss:[1.9402]
Train Iter:[560/563], CauLoss:[1.8351], AdvLoss:[1.9138]
--------------------------------------------------------------------------------------------------------------------------------------------------------------------------------------------------------
Epoch:[15/100], CauAdvLoss:[1.8350/1.9122], valid:[53.77], test:[43.37]
--------------------------------------------------------------------------------------------------------------------------------------------------------------------------------------------------------
Train Iter:[0  /563], CauLoss:[1.3296], AdvLoss:[1.6812]
Train Iter:[140/563], CauLoss:[1.8330], AdvLoss:[1.7916]
Train Iter:[280/563], CauLoss:[1.8252], AdvLoss:[1.6944]
Train Iter:[420/563], CauLoss:[1.8246], AdvLoss:[1.7107]
Train Iter:[560/563], CauLoss:[1.8253], AdvLoss:[1.7489]
--------------------------------------------------------------------------------------------------------------------------------------------------------------------------------------------------------
Epoch:[16/100], CauAdvLoss:[1.8251/1.7497], valid:[60.77], test:[40.40]
--------------------------------------------------------------------------------------------------------------------------------------------------------------------------------------------------------
Train Iter:[0  /563], CauLoss:[1.4759], AdvLoss:[2.0019]
Train Iter:[140/563], CauLoss:[1.8366], AdvLoss:[1.9950]
Train Iter:[280/563], CauLoss:[1.8103], AdvLoss:[1.9401]
Train Iter:[420/563], CauLoss:[1.8164], AdvLoss:[2.0012]
Train Iter:[560/563], CauLoss:[1.8124], AdvLoss:[2.0312]
--------------------------------------------------------------------------------------------------------------------------------------------------------------------------------------------------------
Epoch:[17/100], CauAdvLoss:[1.8113/2.0290], valid:[58.07], test:[40.13]
--------------------------------------------------------------------------------------------------------------------------------------------------------------------------------------------------------
Train Iter:[0  /563], CauLoss:[1.9372], AdvLoss:[1.2208]
Train Iter:[140/563], CauLoss:[1.8505], AdvLoss:[1.9999]
Train Iter:[280/563], CauLoss:[1.8315], AdvLoss:[1.9170]
Train Iter:[420/563], CauLoss:[1.8070], AdvLoss:[1.8506]
Train Iter:[560/563], CauLoss:[1.8088], AdvLoss:[1.8326]
--------------------------------------------------------------------------------------------------------------------------------------------------------------------------------------------------------
Epoch:[18/100], CauAdvLoss:[1.8093/1.8318], valid:[53.70], test:[41.83]
--------------------------------------------------------------------------------------------------------------------------------------------------------------------------------------------------------
Train Iter:[0  /563], CauLoss:[1.2592], AdvLoss:[2.1389]
Train Iter:[140/563], CauLoss:[1.7905], AdvLoss:[1.7697]
Train Iter:[280/563], CauLoss:[1.7968], AdvLoss:[1.7862]
Train Iter:[420/563], CauLoss:[1.8063], AdvLoss:[1.9272]
Train Iter:[560/563], CauLoss:[1.8183], AdvLoss:[1.9786]
--------------------------------------------------------------------------------------------------------------------------------------------------------------------------------------------------------
Epoch:[19/100], CauAdvLoss:[1.8177/1.9831], valid:[74.60], test:[51.80]
--------------------------------------------------------------------------------------------------------------------------------------------------------------------------------------------------------
Train Iter:[0  /563], CauLoss:[2.0896], AdvLoss:[2.1869]
Train Iter:[140/563], CauLoss:[1.8296], AdvLoss:[2.6026]
Train Iter:[280/563], CauLoss:[1.8290], AdvLoss:[2.5981]
Train Iter:[420/563], CauLoss:[1.8182], AdvLoss:[2.5158]
Train Iter:[560/563], CauLoss:[1.8094], AdvLoss:[2.5233]
--------------------------------------------------------------------------------------------------------------------------------------------------------------------------------------------------------
Epoch:[20/100], CauAdvLoss:[1.8100/2.5247], valid:[74.97], test:[49.17]
--------------------------------------------------------------------------------------------------------------------------------------------------------------------------------------------------------
Train Iter:[0  /563], CauLoss:[1.4922], AdvLoss:[3.0672]
Train Iter:[140/563], CauLoss:[1.8449], AdvLoss:[2.5022]
Train Iter:[280/563], CauLoss:[1.8162], AdvLoss:[2.5860]
Train Iter:[420/563], CauLoss:[1.8083], AdvLoss:[2.5130]
Train Iter:[560/563], CauLoss:[1.8036], AdvLoss:[2.4790]
--------------------------------------------------------------------------------------------------------------------------------------------------------------------------------------------------------
Epoch:[21/100], CauAdvLoss:[1.8027/2.4807], valid:[75.20], test:[54.73]
--------------------------------------------------------------------------------------------------------------------------------------------------------------------------------------------------------
Train Iter:[0  /563], CauLoss:[2.1327], AdvLoss:[2.3627]
Train Iter:[140/563], CauLoss:[1.7833], AdvLoss:[2.6181]
Train Iter:[280/563], CauLoss:[1.7957], AdvLoss:[2.7441]
Train Iter:[420/563], CauLoss:[1.8017], AdvLoss:[2.7965]
Train Iter:[560/563], CauLoss:[1.8097], AdvLoss:[2.6605]
--------------------------------------------------------------------------------------------------------------------------------------------------------------------------------------------------------
Epoch:[22/100], CauAdvLoss:[1.8101/2.6586], valid:[68.33], test:[46.13]
--------------------------------------------------------------------------------------------------------------------------------------------------------------------------------------------------------
Train Iter:[0  /563], CauLoss:[2.1984], AdvLoss:[2.9010]
Train Iter:[140/563], CauLoss:[1.8155], AdvLoss:[2.4792]
Train Iter:[280/563], CauLoss:[1.8044], AdvLoss:[2.3718]
Train Iter:[420/563], CauLoss:[1.8025], AdvLoss:[2.4335]
Train Iter:[560/563], CauLoss:[1.8024], AdvLoss:[2.5558]
--------------------------------------------------------------------------------------------------------------------------------------------------------------------------------------------------------
Epoch:[23/100], CauAdvLoss:[1.8030/2.5580], valid:[73.20], test:[50.73]
--------------------------------------------------------------------------------------------------------------------------------------------------------------------------------------------------------
Train Iter:[0  /563], CauLoss:[1.5706], AdvLoss:[3.3764]
Train Iter:[140/563], CauLoss:[1.8201], AdvLoss:[2.7708]
Train Iter:[280/563], CauLoss:[1.8010], AdvLoss:[2.7255]
Train Iter:[420/563], CauLoss:[1.7920], AdvLoss:[2.7001]
Train Iter:[560/563], CauLoss:[1.8002], AdvLoss:[2.7131]
--------------------------------------------------------------------------------------------------------------------------------------------------------------------------------------------------------
Epoch:[24/100], CauAdvLoss:[1.8035/2.7148], valid:[74.47], test:[46.83]
--------------------------------------------------------------------------------------------------------------------------------------------------------------------------------------------------------
Train Iter:[0  /563], CauLoss:[1.6952], AdvLoss:[2.5891]
Train Iter:[140/563], CauLoss:[1.7938], AdvLoss:[2.5428]
Train Iter:[280/563], CauLoss:[1.7726], AdvLoss:[2.3255]
Train Iter:[420/563], CauLoss:[1.7810], AdvLoss:[2.4110]
Train Iter:[560/563], CauLoss:[1.7851], AdvLoss:[2.5285]
--------------------------------------------------------------------------------------------------------------------------------------------------------------------------------------------------------
Epoch:[25/100], CauAdvLoss:[1.7854/2.5297], valid:[75.63], test:[54.97]
--------------------------------------------------------------------------------------------------------------------------------------------------------------------------------------------------------
Train Iter:[0  /563], CauLoss:[1.7261], AdvLoss:[2.6942]
Train Iter:[140/563], CauLoss:[1.8064], AdvLoss:[2.7175]
Train Iter:[280/563], CauLoss:[1.8085], AdvLoss:[2.7465]
Train Iter:[420/563], CauLoss:[1.7938], AdvLoss:[2.6493]
Train Iter:[560/563], CauLoss:[1.7841], AdvLoss:[2.6558]
--------------------------------------------------------------------------------------------------------------------------------------------------------------------------------------------------------
Epoch:[26/100], CauAdvLoss:[1.7838/2.6551], valid:[76.17], test:[49.03]
--------------------------------------------------------------------------------------------------------------------------------------------------------------------------------------------------------
Train Iter:[0  /563], CauLoss:[1.7596], AdvLoss:[3.5309]
Train Iter:[140/563], CauLoss:[1.7551], AdvLoss:[2.7048]
Train Iter:[280/563], CauLoss:[1.7755], AdvLoss:[2.7362]
Train Iter:[420/563], CauLoss:[1.7727], AdvLoss:[2.8178]
Train Iter:[560/563], CauLoss:[1.7846], AdvLoss:[2.8984]
--------------------------------------------------------------------------------------------------------------------------------------------------------------------------------------------------------
Epoch:[27/100], CauAdvLoss:[1.7853/2.8943], valid:[68.47], test:[32.97]
--------------------------------------------------------------------------------------------------------------------------------------------------------------------------------------------------------
Train Iter:[0  /563], CauLoss:[2.3537], AdvLoss:[3.4790]
Train Iter:[140/563], CauLoss:[1.8093], AdvLoss:[2.8925]
Train Iter:[280/563], CauLoss:[1.7904], AdvLoss:[3.0649]
Train Iter:[420/563], CauLoss:[1.7876], AdvLoss:[3.0013]
Train Iter:[560/563], CauLoss:[1.7834], AdvLoss:[3.0395]
--------------------------------------------------------------------------------------------------------------------------------------------------------------------------------------------------------
Epoch:[28/100], CauAdvLoss:[1.7830/3.0365], valid:[78.47], test:[61.10]
--------------------------------------------------------------------------------------------------------------------------------------------------------------------------------------------------------
Train Iter:[0  /563], CauLoss:[2.1746], AdvLoss:[3.7644]
Train Iter:[140/563], CauLoss:[1.7079], AdvLoss:[2.6293]
Train Iter:[280/563], CauLoss:[1.7550], AdvLoss:[2.7861]
Train Iter:[420/563], CauLoss:[1.7616], AdvLoss:[2.7924]
Train Iter:[560/563], CauLoss:[1.7853], AdvLoss:[2.8071]
--------------------------------------------------------------------------------------------------------------------------------------------------------------------------------------------------------
Epoch:[29/100], CauAdvLoss:[1.7880/2.8053], valid:[78.23], test:[54.10]
--------------------------------------------------------------------------------------------------------------------------------------------------------------------------------------------------------
Train Iter:[0  /563], CauLoss:[2.0874], AdvLoss:[1.9064]
Train Iter:[140/563], CauLoss:[1.7810], AdvLoss:[2.8424]
Train Iter:[280/563], CauLoss:[1.7766], AdvLoss:[2.7381]
Train Iter:[420/563], CauLoss:[1.7837], AdvLoss:[2.7373]
Train Iter:[560/563], CauLoss:[1.7770], AdvLoss:[2.7096]
--------------------------------------------------------------------------------------------------------------------------------------------------------------------------------------------------------
Epoch:[30/100], CauAdvLoss:[1.7780/2.7078], valid:[63.70], test:[40.57]
--------------------------------------------------------------------------------------------------------------------------------------------------------------------------------------------------------
Train Iter:[0  /563], CauLoss:[2.3511], AdvLoss:[2.4609]
Train Iter:[140/563], CauLoss:[1.7786], AdvLoss:[3.0429]
Train Iter:[280/563], CauLoss:[1.7817], AdvLoss:[2.9109]
Train Iter:[420/563], CauLoss:[1.7720], AdvLoss:[2.9194]
Train Iter:[560/563], CauLoss:[1.7731], AdvLoss:[2.8595]
--------------------------------------------------------------------------------------------------------------------------------------------------------------------------------------------------------
Epoch:[31/100], CauAdvLoss:[1.7713/2.8623], valid:[61.13], test:[40.03]
--------------------------------------------------------------------------------------------------------------------------------------------------------------------------------------------------------
Train Iter:[0  /563], CauLoss:[2.0002], AdvLoss:[2.7138]
Train Iter:[140/563], CauLoss:[1.8241], AdvLoss:[2.7882]
Train Iter:[280/563], CauLoss:[1.7746], AdvLoss:[2.8740]
Train Iter:[420/563], CauLoss:[1.7677], AdvLoss:[2.9932]
Train Iter:[560/563], CauLoss:[1.7630], AdvLoss:[2.8970]
--------------------------------------------------------------------------------------------------------------------------------------------------------------------------------------------------------
Epoch:[32/100], CauAdvLoss:[1.7640/2.8927], valid:[84.23], test:[55.20]
--------------------------------------------------------------------------------------------------------------------------------------------------------------------------------------------------------
Train Iter:[0  /563], CauLoss:[1.6475], AdvLoss:[2.7576]
Train Iter:[140/563], CauLoss:[1.7490], AdvLoss:[3.0057]
Train Iter:[280/563], CauLoss:[1.7658], AdvLoss:[3.0525]
Train Iter:[420/563], CauLoss:[1.7671], AdvLoss:[3.0136]
Train Iter:[560/563], CauLoss:[1.7718], AdvLoss:[2.9345]
--------------------------------------------------------------------------------------------------------------------------------------------------------------------------------------------------------
Epoch:[33/100], CauAdvLoss:[1.7714/2.9327], valid:[75.17], test:[61.33]
--------------------------------------------------------------------------------------------------------------------------------------------------------------------------------------------------------
Train Iter:[0  /563], CauLoss:[1.7950], AdvLoss:[2.2264]
Train Iter:[140/563], CauLoss:[1.7514], AdvLoss:[2.8298]
Train Iter:[280/563], CauLoss:[1.7552], AdvLoss:[2.6629]
Train Iter:[420/563], CauLoss:[1.7578], AdvLoss:[2.7915]
Train Iter:[560/563], CauLoss:[1.7601], AdvLoss:[2.9024]
--------------------------------------------------------------------------------------------------------------------------------------------------------------------------------------------------------
Epoch:[34/100], CauAdvLoss:[1.7597/2.8985], valid:[78.53], test:[47.30]
--------------------------------------------------------------------------------------------------------------------------------------------------------------------------------------------------------
Train Iter:[0  /563], CauLoss:[1.8844], AdvLoss:[2.1461]
Train Iter:[140/563], CauLoss:[1.7801], AdvLoss:[2.8585]
Train Iter:[280/563], CauLoss:[1.7591], AdvLoss:[2.8866]
Train Iter:[420/563], CauLoss:[1.7717], AdvLoss:[2.8873]
Train Iter:[560/563], CauLoss:[1.7598], AdvLoss:[2.8919]
--------------------------------------------------------------------------------------------------------------------------------------------------------------------------------------------------------
Epoch:[35/100], CauAdvLoss:[1.7585/2.8884], valid:[67.67], test:[34.10]
--------------------------------------------------------------------------------------------------------------------------------------------------------------------------------------------------------
Train Iter:[0  /563], CauLoss:[1.4021], AdvLoss:[2.4722]
Train Iter:[140/563], CauLoss:[1.7381], AdvLoss:[2.9475]
Train Iter:[280/563], CauLoss:[1.7556], AdvLoss:[3.1044]
Train Iter:[420/563], CauLoss:[1.7598], AdvLoss:[3.0555]
Train Iter:[560/563], CauLoss:[1.7587], AdvLoss:[2.9324]
--------------------------------------------------------------------------------------------------------------------------------------------------------------------------------------------------------
Epoch:[36/100], CauAdvLoss:[1.7589/2.9322], valid:[70.43], test:[33.70]
--------------------------------------------------------------------------------------------------------------------------------------------------------------------------------------------------------
Train Iter:[0  /563], CauLoss:[2.1038], AdvLoss:[1.8081]
Train Iter:[140/563], CauLoss:[1.7721], AdvLoss:[3.0442]
Train Iter:[280/563], CauLoss:[1.7730], AdvLoss:[2.8951]
Train Iter:[420/563], CauLoss:[1.7601], AdvLoss:[2.9020]
Train Iter:[560/563], CauLoss:[1.7647], AdvLoss:[2.9503]
--------------------------------------------------------------------------------------------------------------------------------------------------------------------------------------------------------
Epoch:[37/100], CauAdvLoss:[1.7633/2.9504], valid:[80.83], test:[43.60]
--------------------------------------------------------------------------------------------------------------------------------------------------------------------------------------------------------
Train Iter:[0  /563], CauLoss:[1.9141], AdvLoss:[3.3682]
Train Iter:[140/563], CauLoss:[1.7505], AdvLoss:[3.1778]
Train Iter:[280/563], CauLoss:[1.7497], AdvLoss:[2.9869]
Train Iter:[420/563], CauLoss:[1.7602], AdvLoss:[3.0126]
Train Iter:[560/563], CauLoss:[1.7535], AdvLoss:[2.9895]
--------------------------------------------------------------------------------------------------------------------------------------------------------------------------------------------------------
Epoch:[38/100], CauAdvLoss:[1.7545/2.9868], valid:[78.33], test:[37.63]
--------------------------------------------------------------------------------------------------------------------------------------------------------------------------------------------------------
Train Iter:[0  /563], CauLoss:[1.8153], AdvLoss:[2.5754]
Train Iter:[140/563], CauLoss:[1.7477], AdvLoss:[3.2310]
Train Iter:[280/563], CauLoss:[1.7714], AdvLoss:[3.0810]
Train Iter:[420/563], CauLoss:[1.7490], AdvLoss:[3.0196]
Train Iter:[560/563], CauLoss:[1.7538], AdvLoss:[2.9821]
--------------------------------------------------------------------------------------------------------------------------------------------------------------------------------------------------------
Epoch:[39/100], CauAdvLoss:[1.7534/2.9797], valid:[74.17], test:[42.87]
--------------------------------------------------------------------------------------------------------------------------------------------------------------------------------------------------------
Train Iter:[0  /563], CauLoss:[2.1159], AdvLoss:[3.3569]
Train Iter:[140/563], CauLoss:[1.6993], AdvLoss:[2.8659]
Train Iter:[280/563], CauLoss:[1.7273], AdvLoss:[2.8433]
Train Iter:[420/563], CauLoss:[1.7260], AdvLoss:[2.8961]
Train Iter:[560/563], CauLoss:[1.7463], AdvLoss:[2.9316]
--------------------------------------------------------------------------------------------------------------------------------------------------------------------------------------------------------
Epoch:[40/100], CauAdvLoss:[1.7449/2.9288], valid:[81.00], test:[46.57]
--------------------------------------------------------------------------------------------------------------------------------------------------------------------------------------------------------
Train Iter:[0  /563], CauLoss:[1.7309], AdvLoss:[2.4557]
Train Iter:[140/563], CauLoss:[1.7568], AdvLoss:[2.8239]
Train Iter:[280/563], CauLoss:[1.7723], AdvLoss:[2.8451]
Train Iter:[420/563], CauLoss:[1.7583], AdvLoss:[2.9855]
Train Iter:[560/563], CauLoss:[1.7460], AdvLoss:[2.9846]
--------------------------------------------------------------------------------------------------------------------------------------------------------------------------------------------------------
Epoch:[41/100], CauAdvLoss:[1.7454/2.9863], valid:[76.80], test:[42.60]
--------------------------------------------------------------------------------------------------------------------------------------------------------------------------------------------------------
Train Iter:[0  /563], CauLoss:[2.0556], AdvLoss:[2.1333]
Train Iter:[140/563], CauLoss:[1.7332], AdvLoss:[3.0373]
Train Iter:[280/563], CauLoss:[1.7439], AdvLoss:[3.1332]
Train Iter:[420/563], CauLoss:[1.7379], AdvLoss:[3.0944]
Train Iter:[560/563], CauLoss:[1.7409], AdvLoss:[3.0507]
--------------------------------------------------------------------------------------------------------------------------------------------------------------------------------------------------------
Epoch:[42/100], CauAdvLoss:[1.7428/3.0502], valid:[74.53], test:[42.87]
--------------------------------------------------------------------------------------------------------------------------------------------------------------------------------------------------------
Train Iter:[0  /563], CauLoss:[1.5549], AdvLoss:[3.4043]
Train Iter:[140/563], CauLoss:[1.7695], AdvLoss:[2.9847]
Train Iter:[280/563], CauLoss:[1.7442], AdvLoss:[3.0796]
Train Iter:[420/563], CauLoss:[1.7481], AdvLoss:[3.0641]
Train Iter:[560/563], CauLoss:[1.7425], AdvLoss:[3.0481]
--------------------------------------------------------------------------------------------------------------------------------------------------------------------------------------------------------
Epoch:[43/100], CauAdvLoss:[1.7409/3.0510], valid:[74.30], test:[56.93]
--------------------------------------------------------------------------------------------------------------------------------------------------------------------------------------------------------
Train Iter:[0  /563], CauLoss:[1.4123], AdvLoss:[4.0653]
Train Iter:[140/563], CauLoss:[1.7442], AdvLoss:[3.2592]
Train Iter:[280/563], CauLoss:[1.7354], AdvLoss:[3.1439]
Train Iter:[420/563], CauLoss:[1.7325], AdvLoss:[3.1525]
Train Iter:[560/563], CauLoss:[1.7385], AdvLoss:[3.1894]
--------------------------------------------------------------------------------------------------------------------------------------------------------------------------------------------------------
Epoch:[44/100], CauAdvLoss:[1.7382/3.1859], valid:[68.60], test:[38.97]
--------------------------------------------------------------------------------------------------------------------------------------------------------------------------------------------------------
Train Iter:[0  /563], CauLoss:[1.5785], AdvLoss:[2.3981]
Train Iter:[140/563], CauLoss:[1.6928], AdvLoss:[2.9765]
Train Iter:[280/563], CauLoss:[1.7008], AdvLoss:[2.8089]
Train Iter:[420/563], CauLoss:[1.7323], AdvLoss:[2.7940]
Train Iter:[560/563], CauLoss:[1.7419], AdvLoss:[2.8781]
--------------------------------------------------------------------------------------------------------------------------------------------------------------------------------------------------------
Epoch:[45/100], CauAdvLoss:[1.7407/2.8804], valid:[78.73], test:[44.77]
--------------------------------------------------------------------------------------------------------------------------------------------------------------------------------------------------------
Train Iter:[0  /563], CauLoss:[1.9282], AdvLoss:[3.2614]
Train Iter:[140/563], CauLoss:[1.7510], AdvLoss:[2.9718]
Train Iter:[280/563], CauLoss:[1.7558], AdvLoss:[3.0057]
Train Iter:[420/563], CauLoss:[1.7562], AdvLoss:[3.0386]
Train Iter:[560/563], CauLoss:[1.7428], AdvLoss:[3.0491]
--------------------------------------------------------------------------------------------------------------------------------------------------------------------------------------------------------
Epoch:[46/100], CauAdvLoss:[1.7431/3.0486], valid:[80.97], test:[45.87]
--------------------------------------------------------------------------------------------------------------------------------------------------------------------------------------------------------
Train Iter:[0  /563], CauLoss:[1.5204], AdvLoss:[1.9123]
Train Iter:[140/563], CauLoss:[1.7476], AdvLoss:[2.9160]
Train Iter:[280/563], CauLoss:[1.7196], AdvLoss:[2.9447]
Train Iter:[420/563], CauLoss:[1.7320], AdvLoss:[2.9023]
Train Iter:[560/563], CauLoss:[1.7336], AdvLoss:[2.9515]
--------------------------------------------------------------------------------------------------------------------------------------------------------------------------------------------------------
Epoch:[47/100], CauAdvLoss:[1.7344/2.9498], valid:[75.23], test:[41.70]
--------------------------------------------------------------------------------------------------------------------------------------------------------------------------------------------------------
Train Iter:[0  /563], CauLoss:[1.7463], AdvLoss:[3.4442]
Train Iter:[140/563], CauLoss:[1.7155], AdvLoss:[3.4222]
Train Iter:[280/563], CauLoss:[1.7401], AdvLoss:[3.1929]
Train Iter:[420/563], CauLoss:[1.7272], AdvLoss:[3.0467]
Train Iter:[560/563], CauLoss:[1.7306], AdvLoss:[3.0269]
--------------------------------------------------------------------------------------------------------------------------------------------------------------------------------------------------------
Epoch:[48/100], CauAdvLoss:[1.7303/3.0237], valid:[76.90], test:[49.47]
--------------------------------------------------------------------------------------------------------------------------------------------------------------------------------------------------------
Train Iter:[0  /563], CauLoss:[2.0076], AdvLoss:[1.5479]
Train Iter:[140/563], CauLoss:[1.7568], AdvLoss:[2.8251]
Train Iter:[280/563], CauLoss:[1.7263], AdvLoss:[2.8875]
Train Iter:[420/563], CauLoss:[1.7323], AdvLoss:[2.8693]
Train Iter:[560/563], CauLoss:[1.7274], AdvLoss:[2.9361]
--------------------------------------------------------------------------------------------------------------------------------------------------------------------------------------------------------
Epoch:[49/100], CauAdvLoss:[1.7280/2.9341], valid:[70.83], test:[54.13]
--------------------------------------------------------------------------------------------------------------------------------------------------------------------------------------------------------
Train Iter:[0  /563], CauLoss:[1.8271], AdvLoss:[3.5075]
Train Iter:[140/563], CauLoss:[1.7488], AdvLoss:[3.0852]
Train Iter:[280/563], CauLoss:[1.7340], AdvLoss:[3.0841]
Train Iter:[420/563], CauLoss:[1.7128], AdvLoss:[3.0673]
Train Iter:[560/563], CauLoss:[1.7271], AdvLoss:[3.0237]
--------------------------------------------------------------------------------------------------------------------------------------------------------------------------------------------------------
Epoch:[50/100], CauAdvLoss:[1.7265/3.0260], valid:[66.00], test:[39.07]
--------------------------------------------------------------------------------------------------------------------------------------------------------------------------------------------------------
Train Iter:[0  /563], CauLoss:[1.7971], AdvLoss:[2.4949]
Train Iter:[140/563], CauLoss:[1.7357], AdvLoss:[3.0902]
Train Iter:[280/563], CauLoss:[1.7141], AdvLoss:[3.1724]
Train Iter:[420/563], CauLoss:[1.7244], AdvLoss:[3.0960]
Train Iter:[560/563], CauLoss:[1.7275], AdvLoss:[3.0495]
--------------------------------------------------------------------------------------------------------------------------------------------------------------------------------------------------------
Epoch:[51/100], CauAdvLoss:[1.7271/3.0490], valid:[61.50], test:[33.33]
--------------------------------------------------------------------------------------------------------------------------------------------------------------------------------------------------------
Train Iter:[0  /563], CauLoss:[1.6423], AdvLoss:[2.8732]
Train Iter:[140/563], CauLoss:[1.7326], AdvLoss:[2.8555]
Train Iter:[280/563], CauLoss:[1.7292], AdvLoss:[3.0934]
Train Iter:[420/563], CauLoss:[1.7329], AdvLoss:[3.2090]
Train Iter:[560/563], CauLoss:[1.7266], AdvLoss:[3.1801]
--------------------------------------------------------------------------------------------------------------------------------------------------------------------------------------------------------
Epoch:[52/100], CauAdvLoss:[1.7269/3.1810], valid:[71.37], test:[48.87]
--------------------------------------------------------------------------------------------------------------------------------------------------------------------------------------------------------
Train Iter:[0  /563], CauLoss:[2.1438], AdvLoss:[4.0739]
Train Iter:[140/563], CauLoss:[1.7114], AdvLoss:[3.3360]
Train Iter:[280/563], CauLoss:[1.7328], AdvLoss:[3.3447]
Train Iter:[420/563], CauLoss:[1.7302], AdvLoss:[3.3035]
Train Iter:[560/563], CauLoss:[1.7247], AdvLoss:[3.2147]
--------------------------------------------------------------------------------------------------------------------------------------------------------------------------------------------------------
Epoch:[53/100], CauAdvLoss:[1.7241/3.2103], valid:[58.43], test:[45.97]
--------------------------------------------------------------------------------------------------------------------------------------------------------------------------------------------------------
Train Iter:[0  /563], CauLoss:[1.1715], AdvLoss:[2.5988]
Train Iter:[140/563], CauLoss:[1.7006], AdvLoss:[3.3905]
Train Iter:[280/563], CauLoss:[1.7138], AdvLoss:[3.2929]
Train Iter:[420/563], CauLoss:[1.7171], AdvLoss:[3.1914]
Train Iter:[560/563], CauLoss:[1.7223], AdvLoss:[3.1378]
--------------------------------------------------------------------------------------------------------------------------------------------------------------------------------------------------------
Epoch:[54/100], CauAdvLoss:[1.7209/3.1381], valid:[74.77], test:[53.17]
--------------------------------------------------------------------------------------------------------------------------------------------------------------------------------------------------------
Train Iter:[0  /563], CauLoss:[2.1079], AdvLoss:[2.3164]
Train Iter:[140/563], CauLoss:[1.7226], AdvLoss:[2.7909]
Train Iter:[280/563], CauLoss:[1.7267], AdvLoss:[2.9072]
Train Iter:[420/563], CauLoss:[1.7299], AdvLoss:[2.9860]
Train Iter:[560/563], CauLoss:[1.7242], AdvLoss:[3.1094]
--------------------------------------------------------------------------------------------------------------------------------------------------------------------------------------------------------
Epoch:[55/100], CauAdvLoss:[1.7236/3.1088], valid:[73.07], test:[46.90]
--------------------------------------------------------------------------------------------------------------------------------------------------------------------------------------------------------
Train Iter:[0  /563], CauLoss:[2.2675], AdvLoss:[2.1785]
Train Iter:[140/563], CauLoss:[1.7426], AdvLoss:[2.8923]
Train Iter:[280/563], CauLoss:[1.7333], AdvLoss:[2.9325]
Train Iter:[420/563], CauLoss:[1.7189], AdvLoss:[2.9662]
Train Iter:[560/563], CauLoss:[1.7244], AdvLoss:[3.0171]
--------------------------------------------------------------------------------------------------------------------------------------------------------------------------------------------------------
Epoch:[56/100], CauAdvLoss:[1.7238/3.0187], valid:[74.30], test:[46.73]
--------------------------------------------------------------------------------------------------------------------------------------------------------------------------------------------------------
Train Iter:[0  /563], CauLoss:[1.7187], AdvLoss:[1.8165]
Train Iter:[140/563], CauLoss:[1.7185], AdvLoss:[3.1285]
Train Iter:[280/563], CauLoss:[1.7398], AdvLoss:[3.1481]
Train Iter:[420/563], CauLoss:[1.7293], AdvLoss:[3.1214]
Train Iter:[560/563], CauLoss:[1.7164], AdvLoss:[3.0947]
--------------------------------------------------------------------------------------------------------------------------------------------------------------------------------------------------------
Epoch:[57/100], CauAdvLoss:[1.7179/3.0945], valid:[75.77], test:[46.23]
--------------------------------------------------------------------------------------------------------------------------------------------------------------------------------------------------------
Train Iter:[0  /563], CauLoss:[1.6492], AdvLoss:[3.7570]
Train Iter:[140/563], CauLoss:[1.7160], AdvLoss:[3.3229]
Train Iter:[280/563], CauLoss:[1.7127], AdvLoss:[3.2067]
Train Iter:[420/563], CauLoss:[1.7186], AdvLoss:[3.2393]
Train Iter:[560/563], CauLoss:[1.7207], AdvLoss:[3.2406]
--------------------------------------------------------------------------------------------------------------------------------------------------------------------------------------------------------
Epoch:[58/100], CauAdvLoss:[1.7206/3.2414], valid:[75.73], test:[49.77]
--------------------------------------------------------------------------------------------------------------------------------------------------------------------------------------------------------
Train Iter:[0  /563], CauLoss:[1.9011], AdvLoss:[3.1538]
Train Iter:[140/563], CauLoss:[1.7044], AdvLoss:[3.0733]
Train Iter:[280/563], CauLoss:[1.7099], AdvLoss:[3.1200]
Train Iter:[420/563], CauLoss:[1.7013], AdvLoss:[3.2295]
Train Iter:[560/563], CauLoss:[1.7199], AdvLoss:[3.2227]
--------------------------------------------------------------------------------------------------------------------------------------------------------------------------------------------------------
Epoch:[59/100], CauAdvLoss:[1.7200/3.2285], valid:[36.47], test:[34.73]
--------------------------------------------------------------------------------------------------------------------------------------------------------------------------------------------------------
Train Iter:[0  /563], CauLoss:[2.0022], AdvLoss:[2.1995]
Train Iter:[140/563], CauLoss:[1.7097], AdvLoss:[2.9744]
Train Iter:[280/563], CauLoss:[1.7185], AdvLoss:[3.1252]
Train Iter:[420/563], CauLoss:[1.7319], AdvLoss:[3.0460]
Train Iter:[560/563], CauLoss:[1.7195], AdvLoss:[3.1398]
--------------------------------------------------------------------------------------------------------------------------------------------------------------------------------------------------------
Epoch:[60/100], CauAdvLoss:[1.7203/3.1432], valid:[77.63], test:[46.40]
--------------------------------------------------------------------------------------------------------------------------------------------------------------------------------------------------------
Train Iter:[0  /563], CauLoss:[1.7262], AdvLoss:[3.1615]
Train Iter:[140/563], CauLoss:[1.6897], AdvLoss:[3.1573]
Train Iter:[280/563], CauLoss:[1.7016], AdvLoss:[3.1679]
Train Iter:[420/563], CauLoss:[1.7223], AdvLoss:[3.1430]
Train Iter:[560/563], CauLoss:[1.7157], AdvLoss:[3.1980]
--------------------------------------------------------------------------------------------------------------------------------------------------------------------------------------------------------
Epoch:[61/100], CauAdvLoss:[1.7150/3.1971], valid:[76.17], test:[49.13]
--------------------------------------------------------------------------------------------------------------------------------------------------------------------------------------------------------
Train Iter:[0  /563], CauLoss:[1.5153], AdvLoss:[4.2686]
Train Iter:[140/563], CauLoss:[1.7024], AdvLoss:[3.7506]
Train Iter:[280/563], CauLoss:[1.7025], AdvLoss:[3.7404]
Train Iter:[420/563], CauLoss:[1.7179], AdvLoss:[3.6167]
Train Iter:[560/563], CauLoss:[1.7114], AdvLoss:[3.5066]
--------------------------------------------------------------------------------------------------------------------------------------------------------------------------------------------------------
Epoch:[62/100], CauAdvLoss:[1.7113/3.5088], valid:[73.13], test:[52.10]
--------------------------------------------------------------------------------------------------------------------------------------------------------------------------------------------------------
Train Iter:[0  /563], CauLoss:[1.8673], AdvLoss:[4.1115]
Train Iter:[140/563], CauLoss:[1.6847], AdvLoss:[3.1769]
Train Iter:[280/563], CauLoss:[1.6992], AdvLoss:[3.2125]
Train Iter:[420/563], CauLoss:[1.7060], AdvLoss:[3.2562]
Train Iter:[560/563], CauLoss:[1.7107], AdvLoss:[3.2886]
--------------------------------------------------------------------------------------------------------------------------------------------------------------------------------------------------------
Epoch:[63/100], CauAdvLoss:[1.7099/3.2868], valid:[78.90], test:[60.53]
--------------------------------------------------------------------------------------------------------------------------------------------------------------------------------------------------------
Train Iter:[0  /563], CauLoss:[1.6401], AdvLoss:[2.6798]
Train Iter:[140/563], CauLoss:[1.7385], AdvLoss:[3.4477]
Train Iter:[280/563], CauLoss:[1.7192], AdvLoss:[3.4804]
Train Iter:[420/563], CauLoss:[1.6979], AdvLoss:[3.4084]
Train Iter:[560/563], CauLoss:[1.7001], AdvLoss:[3.3751]
--------------------------------------------------------------------------------------------------------------------------------------------------------------------------------------------------------
Epoch:[64/100], CauAdvLoss:[1.7009/3.3722], valid:[78.13], test:[51.53]
--------------------------------------------------------------------------------------------------------------------------------------------------------------------------------------------------------
Train Iter:[0  /563], CauLoss:[1.2250], AdvLoss:[2.9801]
Train Iter:[140/563], CauLoss:[1.6910], AdvLoss:[3.2905]
Train Iter:[280/563], CauLoss:[1.7179], AdvLoss:[3.2417]
Train Iter:[420/563], CauLoss:[1.7085], AdvLoss:[3.3171]
Train Iter:[560/563], CauLoss:[1.7062], AdvLoss:[3.4050]
--------------------------------------------------------------------------------------------------------------------------------------------------------------------------------------------------------
Epoch:[65/100], CauAdvLoss:[1.7080/3.4088], valid:[81.10], test:[60.97]
--------------------------------------------------------------------------------------------------------------------------------------------------------------------------------------------------------
Train Iter:[0  /563], CauLoss:[3.0358], AdvLoss:[2.4569]
Train Iter:[140/563], CauLoss:[1.7139], AdvLoss:[3.7100]
Train Iter:[280/563], CauLoss:[1.7084], AdvLoss:[3.6423]
Train Iter:[420/563], CauLoss:[1.7065], AdvLoss:[3.5371]
Train Iter:[560/563], CauLoss:[1.7098], AdvLoss:[3.4689]
--------------------------------------------------------------------------------------------------------------------------------------------------------------------------------------------------------
Epoch:[66/100], CauAdvLoss:[1.7095/3.4706], valid:[83.43], test:[56.07]
--------------------------------------------------------------------------------------------------------------------------------------------------------------------------------------------------------
Train Iter:[0  /563], CauLoss:[1.6057], AdvLoss:[3.9152]
Train Iter:[140/563], CauLoss:[1.7469], AdvLoss:[3.4296]
Train Iter:[280/563], CauLoss:[1.7413], AdvLoss:[3.3343]
Train Iter:[420/563], CauLoss:[1.7186], AdvLoss:[3.3036]
Train Iter:[560/563], CauLoss:[1.7061], AdvLoss:[3.3006]
--------------------------------------------------------------------------------------------------------------------------------------------------------------------------------------------------------
Epoch:[67/100], CauAdvLoss:[1.7052/3.2982], valid:[76.17], test:[54.13]
--------------------------------------------------------------------------------------------------------------------------------------------------------------------------------------------------------
Train Iter:[0  /563], CauLoss:[2.1827], AdvLoss:[1.9109]
Train Iter:[140/563], CauLoss:[1.7012], AdvLoss:[3.2790]
Train Iter:[280/563], CauLoss:[1.6863], AdvLoss:[3.3655]
Train Iter:[420/563], CauLoss:[1.6963], AdvLoss:[3.4061]
Train Iter:[560/563], CauLoss:[1.7047], AdvLoss:[3.4852]
--------------------------------------------------------------------------------------------------------------------------------------------------------------------------------------------------------
Epoch:[68/100], CauAdvLoss:[1.7056/3.4865], valid:[79.80], test:[51.20]
--------------------------------------------------------------------------------------------------------------------------------------------------------------------------------------------------------
Train Iter:[0  /563], CauLoss:[1.4255], AdvLoss:[2.5726]
Train Iter:[140/563], CauLoss:[1.6891], AdvLoss:[3.6172]
Train Iter:[280/563], CauLoss:[1.6979], AdvLoss:[3.5754]
Train Iter:[420/563], CauLoss:[1.7031], AdvLoss:[3.5974]
Train Iter:[560/563], CauLoss:[1.7032], AdvLoss:[3.6312]
--------------------------------------------------------------------------------------------------------------------------------------------------------------------------------------------------------
Epoch:[69/100], CauAdvLoss:[1.7016/3.6318], valid:[73.87], test:[60.10]
--------------------------------------------------------------------------------------------------------------------------------------------------------------------------------------------------------
Train Iter:[0  /563], CauLoss:[1.7953], AdvLoss:[3.8175]
Train Iter:[140/563], CauLoss:[1.6779], AdvLoss:[3.5631]
Train Iter:[280/563], CauLoss:[1.6853], AdvLoss:[3.5923]
Train Iter:[420/563], CauLoss:[1.6996], AdvLoss:[3.5722]
Train Iter:[560/563], CauLoss:[1.7022], AdvLoss:[3.5500]
--------------------------------------------------------------------------------------------------------------------------------------------------------------------------------------------------------
Epoch:[70/100], CauAdvLoss:[1.7027/3.5534], valid:[85.40], test:[57.67]
--------------------------------------------------------------------------------------------------------------------------------------------------------------------------------------------------------
Train Iter:[0  /563], CauLoss:[1.6977], AdvLoss:[2.1994]
Train Iter:[140/563], CauLoss:[1.6993], AdvLoss:[3.4644]
Train Iter:[280/563], CauLoss:[1.7139], AdvLoss:[3.5312]
Train Iter:[420/563], CauLoss:[1.7056], AdvLoss:[3.6139]
Train Iter:[560/563], CauLoss:[1.7002], AdvLoss:[3.6086]
--------------------------------------------------------------------------------------------------------------------------------------------------------------------------------------------------------
Epoch:[71/100], CauAdvLoss:[1.7021/3.6145], valid:[79.47], test:[54.93]
--------------------------------------------------------------------------------------------------------------------------------------------------------------------------------------------------------
Train Iter:[0  /563], CauLoss:[1.6931], AdvLoss:[3.6245]
Train Iter:[140/563], CauLoss:[1.6842], AdvLoss:[3.8550]
Train Iter:[280/563], CauLoss:[1.6784], AdvLoss:[3.7834]
Train Iter:[420/563], CauLoss:[1.6915], AdvLoss:[3.6991]
Train Iter:[560/563], CauLoss:[1.6981], AdvLoss:[3.7054]
--------------------------------------------------------------------------------------------------------------------------------------------------------------------------------------------------------
Epoch:[72/100], CauAdvLoss:[1.6975/3.7029], valid:[74.77], test:[57.57]
--------------------------------------------------------------------------------------------------------------------------------------------------------------------------------------------------------
Train Iter:[0  /563], CauLoss:[1.5116], AdvLoss:[3.7305]
Train Iter:[140/563], CauLoss:[1.6856], AdvLoss:[3.5614]
Train Iter:[280/563], CauLoss:[1.6878], AdvLoss:[3.6374]
Train Iter:[420/563], CauLoss:[1.6996], AdvLoss:[3.6504]
Train Iter:[560/563], CauLoss:[1.7010], AdvLoss:[3.6152]
--------------------------------------------------------------------------------------------------------------------------------------------------------------------------------------------------------
Epoch:[73/100], CauAdvLoss:[1.7004/3.6137], valid:[70.03], test:[51.10]
--------------------------------------------------------------------------------------------------------------------------------------------------------------------------------------------------------
Train Iter:[0  /563], CauLoss:[1.9563], AdvLoss:[2.7075]
Train Iter:[140/563], CauLoss:[1.7337], AdvLoss:[3.4405]
Train Iter:[280/563], CauLoss:[1.7153], AdvLoss:[3.4603]
Train Iter:[420/563], CauLoss:[1.6947], AdvLoss:[3.4946]
Train Iter:[560/563], CauLoss:[1.6928], AdvLoss:[3.5073]
--------------------------------------------------------------------------------------------------------------------------------------------------------------------------------------------------------
Epoch:[74/100], CauAdvLoss:[1.6939/3.5033], valid:[80.83], test:[52.80]
--------------------------------------------------------------------------------------------------------------------------------------------------------------------------------------------------------
Train Iter:[0  /563], CauLoss:[1.7282], AdvLoss:[3.0040]
Train Iter:[140/563], CauLoss:[1.7007], AdvLoss:[3.5161]
Train Iter:[280/563], CauLoss:[1.7030], AdvLoss:[3.5405]
Train Iter:[420/563], CauLoss:[1.6899], AdvLoss:[3.5512]
Train Iter:[560/563], CauLoss:[1.7006], AdvLoss:[3.5424]
--------------------------------------------------------------------------------------------------------------------------------------------------------------------------------------------------------
Epoch:[75/100], CauAdvLoss:[1.7005/3.5461], valid:[75.10], test:[57.07]
--------------------------------------------------------------------------------------------------------------------------------------------------------------------------------------------------------
Train Iter:[0  /563], CauLoss:[1.4301], AdvLoss:[3.9152]
Train Iter:[140/563], CauLoss:[1.7018], AdvLoss:[3.6207]
Train Iter:[280/563], CauLoss:[1.6992], AdvLoss:[3.6153]
Train Iter:[420/563], CauLoss:[1.6960], AdvLoss:[3.5867]
Train Iter:[560/563], CauLoss:[1.6964], AdvLoss:[3.5494]
--------------------------------------------------------------------------------------------------------------------------------------------------------------------------------------------------------
Epoch:[76/100], CauAdvLoss:[1.6977/3.5489], valid:[82.23], test:[56.80]
--------------------------------------------------------------------------------------------------------------------------------------------------------------------------------------------------------
Train Iter:[0  /563], CauLoss:[1.5090], AdvLoss:[2.5067]
Train Iter:[140/563], CauLoss:[1.7197], AdvLoss:[3.3542]
Train Iter:[280/563], CauLoss:[1.7145], AdvLoss:[3.3671]
Train Iter:[420/563], CauLoss:[1.7047], AdvLoss:[3.4278]
Train Iter:[560/563], CauLoss:[1.6927], AdvLoss:[3.4591]
--------------------------------------------------------------------------------------------------------------------------------------------------------------------------------------------------------
Epoch:[77/100], CauAdvLoss:[1.6926/3.4570], valid:[80.50], test:[57.93]
--------------------------------------------------------------------------------------------------------------------------------------------------------------------------------------------------------
Train Iter:[0  /563], CauLoss:[1.7116], AdvLoss:[1.1954]
Train Iter:[140/563], CauLoss:[1.6562], AdvLoss:[3.5773]
Train Iter:[280/563], CauLoss:[1.6796], AdvLoss:[3.6450]
Train Iter:[420/563], CauLoss:[1.6894], AdvLoss:[3.6567]
Train Iter:[560/563], CauLoss:[1.6957], AdvLoss:[3.6224]
--------------------------------------------------------------------------------------------------------------------------------------------------------------------------------------------------------
Epoch:[78/100], CauAdvLoss:[1.6944/3.6211], valid:[79.77], test:[62.83]
--------------------------------------------------------------------------------------------------------------------------------------------------------------------------------------------------------
Train Iter:[0  /563], CauLoss:[1.2454], AdvLoss:[3.2288]
Train Iter:[140/563], CauLoss:[1.7105], AdvLoss:[3.3681]
Train Iter:[280/563], CauLoss:[1.6981], AdvLoss:[3.4412]
Train Iter:[420/563], CauLoss:[1.6988], AdvLoss:[3.4390]
Train Iter:[560/563], CauLoss:[1.6919], AdvLoss:[3.4642]
--------------------------------------------------------------------------------------------------------------------------------------------------------------------------------------------------------
Epoch:[79/100], CauAdvLoss:[1.6913/3.4626], valid:[76.90], test:[56.07]
--------------------------------------------------------------------------------------------------------------------------------------------------------------------------------------------------------
Train Iter:[0  /563], CauLoss:[1.7437], AdvLoss:[3.0044]
Train Iter:[140/563], CauLoss:[1.6971], AdvLoss:[3.3277]
Train Iter:[280/563], CauLoss:[1.6952], AdvLoss:[3.4676]
Train Iter:[420/563], CauLoss:[1.7096], AdvLoss:[3.5629]
Train Iter:[560/563], CauLoss:[1.6942], AdvLoss:[3.5866]
--------------------------------------------------------------------------------------------------------------------------------------------------------------------------------------------------------
Epoch:[80/100], CauAdvLoss:[1.6940/3.5843], valid:[80.23], test:[56.70]
--------------------------------------------------------------------------------------------------------------------------------------------------------------------------------------------------------
Train Iter:[0  /563], CauLoss:[1.8956], AdvLoss:[2.2128]
Train Iter:[140/563], CauLoss:[1.7104], AdvLoss:[3.3899]
Train Iter:[280/563], CauLoss:[1.6972], AdvLoss:[3.3448]
Train Iter:[420/563], CauLoss:[1.6951], AdvLoss:[3.3229]
Train Iter:[560/563], CauLoss:[1.6907], AdvLoss:[3.3815]
--------------------------------------------------------------------------------------------------------------------------------------------------------------------------------------------------------
Epoch:[81/100], CauAdvLoss:[1.6906/3.3831], valid:[75.50], test:[49.63]
--------------------------------------------------------------------------------------------------------------------------------------------------------------------------------------------------------
Train Iter:[0  /563], CauLoss:[1.6568], AdvLoss:[3.4315]
Train Iter:[140/563], CauLoss:[1.6753], AdvLoss:[3.3868]
Train Iter:[280/563], CauLoss:[1.6782], AdvLoss:[3.4181]
Train Iter:[420/563], CauLoss:[1.6757], AdvLoss:[3.4330]
Train Iter:[560/563], CauLoss:[1.6855], AdvLoss:[3.4783]
--------------------------------------------------------------------------------------------------------------------------------------------------------------------------------------------------------
Epoch:[82/100], CauAdvLoss:[1.6849/3.4790], valid:[83.73], test:[56.17]
--------------------------------------------------------------------------------------------------------------------------------------------------------------------------------------------------------
Train Iter:[0  /563], CauLoss:[1.4275], AdvLoss:[3.4560]
Train Iter:[140/563], CauLoss:[1.7165], AdvLoss:[3.6821]
Train Iter:[280/563], CauLoss:[1.7062], AdvLoss:[3.6911]
Train Iter:[420/563], CauLoss:[1.7031], AdvLoss:[3.7134]
Train Iter:[560/563], CauLoss:[1.6942], AdvLoss:[3.6945]
--------------------------------------------------------------------------------------------------------------------------------------------------------------------------------------------------------
Epoch:[83/100], CauAdvLoss:[1.6933/3.6923], valid:[83.57], test:[63.73]
--------------------------------------------------------------------------------------------------------------------------------------------------------------------------------------------------------
Train Iter:[0  /563], CauLoss:[1.6391], AdvLoss:[2.3112]
Train Iter:[140/563], CauLoss:[1.6778], AdvLoss:[3.5065]
Train Iter:[280/563], CauLoss:[1.6772], AdvLoss:[3.5165]
Train Iter:[420/563], CauLoss:[1.6863], AdvLoss:[3.5281]
Train Iter:[560/563], CauLoss:[1.6890], AdvLoss:[3.5458]
--------------------------------------------------------------------------------------------------------------------------------------------------------------------------------------------------------
Epoch:[84/100], CauAdvLoss:[1.6880/3.5437], valid:[79.70], test:[56.30]
--------------------------------------------------------------------------------------------------------------------------------------------------------------------------------------------------------
Train Iter:[0  /563], CauLoss:[1.2013], AdvLoss:[3.4701]
Train Iter:[140/563], CauLoss:[1.6941], AdvLoss:[3.5665]
Train Iter:[280/563], CauLoss:[1.6919], AdvLoss:[3.5744]
Train Iter:[420/563], CauLoss:[1.6943], AdvLoss:[3.5727]
Train Iter:[560/563], CauLoss:[1.6864], AdvLoss:[3.5700]
--------------------------------------------------------------------------------------------------------------------------------------------------------------------------------------------------------
Epoch:[85/100], CauAdvLoss:[1.6871/3.5732], valid:[81.40], test:[62.50]
--------------------------------------------------------------------------------------------------------------------------------------------------------------------------------------------------------
Train Iter:[0  /563], CauLoss:[1.8033], AdvLoss:[3.4118]
Train Iter:[140/563], CauLoss:[1.6960], AdvLoss:[3.4835]
Train Iter:[280/563], CauLoss:[1.6927], AdvLoss:[3.4971]
Train Iter:[420/563], CauLoss:[1.6944], AdvLoss:[3.5123]
Train Iter:[560/563], CauLoss:[1.6869], AdvLoss:[3.4637]
--------------------------------------------------------------------------------------------------------------------------------------------------------------------------------------------------------
Epoch:[86/100], CauAdvLoss:[1.6886/3.4591], valid:[81.70], test:[56.10]
--------------------------------------------------------------------------------------------------------------------------------------------------------------------------------------------------------
Train Iter:[0  /563], CauLoss:[2.0594], AdvLoss:[2.8703]
Train Iter:[140/563], CauLoss:[1.6835], AdvLoss:[3.5188]
Train Iter:[280/563], CauLoss:[1.6863], AdvLoss:[3.5242]
Train Iter:[420/563], CauLoss:[1.6961], AdvLoss:[3.5033]
Train Iter:[560/563], CauLoss:[1.6838], AdvLoss:[3.4817]
--------------------------------------------------------------------------------------------------------------------------------------------------------------------------------------------------------
Epoch:[87/100], CauAdvLoss:[1.6865/3.4810], valid:[83.07], test:[54.70]
--------------------------------------------------------------------------------------------------------------------------------------------------------------------------------------------------------
Train Iter:[0  /563], CauLoss:[1.8695], AdvLoss:[3.4042]
Train Iter:[140/563], CauLoss:[1.6913], AdvLoss:[3.4719]
Train Iter:[280/563], CauLoss:[1.6862], AdvLoss:[3.5165]
Train Iter:[420/563], CauLoss:[1.6973], AdvLoss:[3.5082]
Train Iter:[560/563], CauLoss:[1.6879], AdvLoss:[3.5220]
--------------------------------------------------------------------------------------------------------------------------------------------------------------------------------------------------------
Epoch:[88/100], CauAdvLoss:[1.6876/3.5213], valid:[78.63], test:[56.40]
--------------------------------------------------------------------------------------------------------------------------------------------------------------------------------------------------------
Train Iter:[0  /563], CauLoss:[1.7629], AdvLoss:[3.2368]
Train Iter:[140/563], CauLoss:[1.6447], AdvLoss:[3.5004]
Train Iter:[280/563], CauLoss:[1.6868], AdvLoss:[3.5262]
Train Iter:[420/563], CauLoss:[1.6846], AdvLoss:[3.5668]
Train Iter:[560/563], CauLoss:[1.6885], AdvLoss:[3.5824]
--------------------------------------------------------------------------------------------------------------------------------------------------------------------------------------------------------
Epoch:[89/100], CauAdvLoss:[1.6878/3.5791], valid:[81.10], test:[55.47]
--------------------------------------------------------------------------------------------------------------------------------------------------------------------------------------------------------
Train Iter:[0  /563], CauLoss:[1.7301], AdvLoss:[5.3451]
Train Iter:[140/563], CauLoss:[1.6768], AdvLoss:[3.6373]
Train Iter:[280/563], CauLoss:[1.6991], AdvLoss:[3.6041]
Train Iter:[420/563], CauLoss:[1.6841], AdvLoss:[3.5895]
Train Iter:[560/563], CauLoss:[1.6834], AdvLoss:[3.5828]
--------------------------------------------------------------------------------------------------------------------------------------------------------------------------------------------------------
Epoch:[90/100], CauAdvLoss:[1.6827/3.5863], valid:[83.80], test:[56.53]
--------------------------------------------------------------------------------------------------------------------------------------------------------------------------------------------------------
Train Iter:[0  /563], CauLoss:[1.6582], AdvLoss:[3.2069]
Train Iter:[140/563], CauLoss:[1.6624], AdvLoss:[3.5643]
Train Iter:[280/563], CauLoss:[1.6726], AdvLoss:[3.5702]
Train Iter:[420/563], CauLoss:[1.6759], AdvLoss:[3.5995]
Train Iter:[560/563], CauLoss:[1.6822], AdvLoss:[3.6107]
--------------------------------------------------------------------------------------------------------------------------------------------------------------------------------------------------------
Epoch:[91/100], CauAdvLoss:[1.6830/3.6155], valid:[79.13], test:[55.23]
--------------------------------------------------------------------------------------------------------------------------------------------------------------------------------------------------------
Train Iter:[0  /563], CauLoss:[1.6120], AdvLoss:[2.2362]
Train Iter:[140/563], CauLoss:[1.6861], AdvLoss:[3.6442]
Train Iter:[280/563], CauLoss:[1.6956], AdvLoss:[3.5298]
Train Iter:[420/563], CauLoss:[1.6886], AdvLoss:[3.5492]
Train Iter:[560/563], CauLoss:[1.6839], AdvLoss:[3.5599]
--------------------------------------------------------------------------------------------------------------------------------------------------------------------------------------------------------
Epoch:[92/100], CauAdvLoss:[1.6838/3.5600], valid:[82.53], test:[57.00]
--------------------------------------------------------------------------------------------------------------------------------------------------------------------------------------------------------
Train Iter:[0  /563], CauLoss:[1.7700], AdvLoss:[3.3116]
Train Iter:[140/563], CauLoss:[1.7151], AdvLoss:[3.5619]
Train Iter:[280/563], CauLoss:[1.6900], AdvLoss:[3.5308]
Train Iter:[420/563], CauLoss:[1.6899], AdvLoss:[3.5657]
Train Iter:[560/563], CauLoss:[1.6862], AdvLoss:[3.5834]
--------------------------------------------------------------------------------------------------------------------------------------------------------------------------------------------------------
Epoch:[93/100], CauAdvLoss:[1.6856/3.5798], valid:[81.53], test:[56.23]
--------------------------------------------------------------------------------------------------------------------------------------------------------------------------------------------------------
Train Iter:[0  /563], CauLoss:[1.5481], AdvLoss:[3.6934]
Train Iter:[140/563], CauLoss:[1.6706], AdvLoss:[3.6629]
Train Iter:[280/563], CauLoss:[1.6716], AdvLoss:[3.5592]
Train Iter:[420/563], CauLoss:[1.6796], AdvLoss:[3.5835]
Train Iter:[560/563], CauLoss:[1.6800], AdvLoss:[3.6003]
--------------------------------------------------------------------------------------------------------------------------------------------------------------------------------------------------------
Epoch:[94/100], CauAdvLoss:[1.6787/3.5999], valid:[84.30], test:[56.20]
--------------------------------------------------------------------------------------------------------------------------------------------------------------------------------------------------------
Train Iter:[0  /563], CauLoss:[1.5005], AdvLoss:[3.5879]
Train Iter:[140/563], CauLoss:[1.6543], AdvLoss:[3.6004]
Train Iter:[280/563], CauLoss:[1.6792], AdvLoss:[3.5829]
Train Iter:[420/563], CauLoss:[1.6804], AdvLoss:[3.5472]
Train Iter:[560/563], CauLoss:[1.6830], AdvLoss:[3.5449]
--------------------------------------------------------------------------------------------------------------------------------------------------------------------------------------------------------
Epoch:[95/100], CauAdvLoss:[1.6844/3.5484], valid:[76.50], test:[53.87]
--------------------------------------------------------------------------------------------------------------------------------------------------------------------------------------------------------
Train Iter:[0  /563], CauLoss:[1.8150], AdvLoss:[3.6724]
Train Iter:[140/563], CauLoss:[1.6893], AdvLoss:[3.5943]
Train Iter:[280/563], CauLoss:[1.6810], AdvLoss:[3.5318]
Train Iter:[420/563], CauLoss:[1.6948], AdvLoss:[3.5059]
Train Iter:[560/563], CauLoss:[1.6846], AdvLoss:[3.5617]
--------------------------------------------------------------------------------------------------------------------------------------------------------------------------------------------------------
Epoch:[96/100], CauAdvLoss:[1.6839/3.5594], valid:[84.70], test:[56.57]
--------------------------------------------------------------------------------------------------------------------------------------------------------------------------------------------------------
Train Iter:[0  /563], CauLoss:[1.3937], AdvLoss:[3.2248]
Train Iter:[140/563], CauLoss:[1.6730], AdvLoss:[3.5213]
Train Iter:[280/563], CauLoss:[1.7027], AdvLoss:[3.5284]
Train Iter:[420/563], CauLoss:[1.6891], AdvLoss:[3.5624]
Train Iter:[560/563], CauLoss:[1.6825], AdvLoss:[3.5904]
--------------------------------------------------------------------------------------------------------------------------------------------------------------------------------------------------------
Epoch:[97/100], CauAdvLoss:[1.6824/3.5909], valid:[82.83], test:[56.37]
--------------------------------------------------------------------------------------------------------------------------------------------------------------------------------------------------------
Train Iter:[0  /563], CauLoss:[2.1268], AdvLoss:[2.8262]
Train Iter:[140/563], CauLoss:[1.7063], AdvLoss:[3.7371]
Train Iter:[280/563], CauLoss:[1.6975], AdvLoss:[3.6192]
Train Iter:[420/563], CauLoss:[1.6839], AdvLoss:[3.5860]
Train Iter:[560/563], CauLoss:[1.6779], AdvLoss:[3.5885]
--------------------------------------------------------------------------------------------------------------------------------------------------------------------------------------------------------
Epoch:[98/100], CauAdvLoss:[1.6775/3.5913], valid:[82.50], test:[59.43]
--------------------------------------------------------------------------------------------------------------------------------------------------------------------------------------------------------
Train Iter:[0  /563], CauLoss:[1.8623], AdvLoss:[4.4542]
Train Iter:[140/563], CauLoss:[1.7215], AdvLoss:[3.5166]
Train Iter:[280/563], CauLoss:[1.7031], AdvLoss:[3.5297]
Train Iter:[420/563], CauLoss:[1.6835], AdvLoss:[3.5695]
Train Iter:[560/563], CauLoss:[1.6820], AdvLoss:[3.5746]
--------------------------------------------------------------------------------------------------------------------------------------------------------------------------------------------------------
Epoch:[99/100], CauAdvLoss:[1.6818/3.5763], valid:[82.50], test:[56.93]
--------------------------------------------------------------------------------------------------------------------------------------------------------------------------------------------------------
Train Iter:[0  /563], CauLoss:[1.2296], AdvLoss:[3.1738]
Train Iter:[140/563], CauLoss:[1.6971], AdvLoss:[3.5824]
Train Iter:[280/563], CauLoss:[1.6857], AdvLoss:[3.5417]
Train Iter:[420/563], CauLoss:[1.6786], AdvLoss:[3.5348]
Train Iter:[560/563], CauLoss:[1.6785], AdvLoss:[3.5668]
--------------------------------------------------------------------------------------------------------------------------------------------------------------------------------------------------------
Epoch:[100/100], CauAdvLoss:[1.6779/3.5685], valid:[83.57], test:[56.07]
--------------------------------------------------------------------------------------------------------------------------------------------------------------------------------------------------------
Update test:[56.57] at epoch:[96] | Total time:00:28:28
Train Iter:[0  /563], CauLoss:[3.6238], AdvLoss:[0.5580]
Train Iter:[140/563], CauLoss:[2.7900], AdvLoss:[0.1913]
Train Iter:[280/563], CauLoss:[2.5544], AdvLoss:[-0.0060]
Train Iter:[420/563], CauLoss:[2.4369], AdvLoss:[-0.0925]
Train Iter:[560/563], CauLoss:[2.3657], AdvLoss:[-0.0760]
--------------------------------------------------------------------------------------------------------------------------------------------------------------------------------------------------------
Epoch:[1/100], CauAdvLoss:[2.3647/-0.0748], valid:[39.53], test:[37.43]
--------------------------------------------------------------------------------------------------------------------------------------------------------------------------------------------------------
Train Iter:[0  /563], CauLoss:[2.2603], AdvLoss:[-0.3151]
Train Iter:[140/563], CauLoss:[2.0955], AdvLoss:[0.1178]
Train Iter:[280/563], CauLoss:[2.0999], AdvLoss:[0.3769]
Train Iter:[420/563], CauLoss:[2.0915], AdvLoss:[0.4710]
Train Iter:[560/563], CauLoss:[2.0727], AdvLoss:[0.5188]
--------------------------------------------------------------------------------------------------------------------------------------------------------------------------------------------------------
Epoch:[2/100], CauAdvLoss:[2.0770/0.5182], valid:[36.07], test:[32.93]
--------------------------------------------------------------------------------------------------------------------------------------------------------------------------------------------------------
Train Iter:[0  /563], CauLoss:[1.8764], AdvLoss:[0.4546]
Train Iter:[140/563], CauLoss:[2.0269], AdvLoss:[0.6302]
Train Iter:[280/563], CauLoss:[2.0202], AdvLoss:[0.6182]
Train Iter:[420/563], CauLoss:[2.0003], AdvLoss:[0.6072]
Train Iter:[560/563], CauLoss:[2.0084], AdvLoss:[0.6108]
--------------------------------------------------------------------------------------------------------------------------------------------------------------------------------------------------------
Epoch:[3/100], CauAdvLoss:[2.0073/0.6104], valid:[47.63], test:[37.90]
--------------------------------------------------------------------------------------------------------------------------------------------------------------------------------------------------------
Train Iter:[0  /563], CauLoss:[1.5867], AdvLoss:[0.6438]
Train Iter:[140/563], CauLoss:[1.9504], AdvLoss:[0.6568]
Train Iter:[280/563], CauLoss:[1.9540], AdvLoss:[0.6439]
Train Iter:[420/563], CauLoss:[1.9612], AdvLoss:[0.7054]
Train Iter:[560/563], CauLoss:[1.9614], AdvLoss:[0.7559]
--------------------------------------------------------------------------------------------------------------------------------------------------------------------------------------------------------
Epoch:[4/100], CauAdvLoss:[1.9603/0.7562], valid:[69.13], test:[39.53]
--------------------------------------------------------------------------------------------------------------------------------------------------------------------------------------------------------
Train Iter:[0  /563], CauLoss:[1.9843], AdvLoss:[0.6847]
Train Iter:[140/563], CauLoss:[1.9585], AdvLoss:[0.9463]
Train Iter:[280/563], CauLoss:[1.9660], AdvLoss:[0.9913]
Train Iter:[420/563], CauLoss:[1.9561], AdvLoss:[1.0272]
Train Iter:[560/563], CauLoss:[1.9558], AdvLoss:[1.0394]
--------------------------------------------------------------------------------------------------------------------------------------------------------------------------------------------------------
Epoch:[5/100], CauAdvLoss:[1.9561/1.0396], valid:[67.50], test:[50.80]
--------------------------------------------------------------------------------------------------------------------------------------------------------------------------------------------------------
Train Iter:[0  /563], CauLoss:[1.6938], AdvLoss:[0.9073]
Train Iter:[140/563], CauLoss:[1.9392], AdvLoss:[1.1001]
Train Iter:[280/563], CauLoss:[1.9458], AdvLoss:[1.1129]
Train Iter:[420/563], CauLoss:[1.9376], AdvLoss:[1.2066]
Train Iter:[560/563], CauLoss:[1.9362], AdvLoss:[1.2061]
--------------------------------------------------------------------------------------------------------------------------------------------------------------------------------------------------------
Epoch:[6/100], CauAdvLoss:[1.9370/1.2057], valid:[60.63], test:[40.10]
--------------------------------------------------------------------------------------------------------------------------------------------------------------------------------------------------------
Train Iter:[0  /563], CauLoss:[1.7292], AdvLoss:[1.1758]
Train Iter:[140/563], CauLoss:[1.9446], AdvLoss:[1.2351]
Train Iter:[280/563], CauLoss:[1.9230], AdvLoss:[1.2915]
Train Iter:[420/563], CauLoss:[1.9120], AdvLoss:[1.3441]
Train Iter:[560/563], CauLoss:[1.9126], AdvLoss:[1.3548]
--------------------------------------------------------------------------------------------------------------------------------------------------------------------------------------------------------
Epoch:[7/100], CauAdvLoss:[1.9124/1.3543], valid:[74.20], test:[45.80]
--------------------------------------------------------------------------------------------------------------------------------------------------------------------------------------------------------
Train Iter:[0  /563], CauLoss:[1.6033], AdvLoss:[1.3007]
Train Iter:[140/563], CauLoss:[1.9269], AdvLoss:[1.4721]
Train Iter:[280/563], CauLoss:[1.9072], AdvLoss:[1.4615]
Train Iter:[420/563], CauLoss:[1.9102], AdvLoss:[1.4901]
Train Iter:[560/563], CauLoss:[1.9075], AdvLoss:[1.5753]
--------------------------------------------------------------------------------------------------------------------------------------------------------------------------------------------------------
Epoch:[8/100], CauAdvLoss:[1.9077/1.5798], valid:[64.37], test:[34.70]
--------------------------------------------------------------------------------------------------------------------------------------------------------------------------------------------------------
Train Iter:[0  /563], CauLoss:[2.1838], AdvLoss:[2.1312]
Train Iter:[140/563], CauLoss:[1.8537], AdvLoss:[1.7644]
Train Iter:[280/563], CauLoss:[1.8609], AdvLoss:[1.7631]
Train Iter:[420/563], CauLoss:[1.8665], AdvLoss:[1.7618]
Train Iter:[560/563], CauLoss:[1.8742], AdvLoss:[1.7022]
--------------------------------------------------------------------------------------------------------------------------------------------------------------------------------------------------------
Epoch:[9/100], CauAdvLoss:[1.8757/1.7036], valid:[75.83], test:[55.17]
--------------------------------------------------------------------------------------------------------------------------------------------------------------------------------------------------------
Train Iter:[0  /563], CauLoss:[1.3123], AdvLoss:[1.2199]
Train Iter:[140/563], CauLoss:[1.8462], AdvLoss:[1.7371]
Train Iter:[280/563], CauLoss:[1.8511], AdvLoss:[1.9867]
Train Iter:[420/563], CauLoss:[1.8602], AdvLoss:[1.9160]
Train Iter:[560/563], CauLoss:[1.8617], AdvLoss:[1.8830]
--------------------------------------------------------------------------------------------------------------------------------------------------------------------------------------------------------
Epoch:[10/100], CauAdvLoss:[1.8601/1.8857], valid:[65.83], test:[38.80]
--------------------------------------------------------------------------------------------------------------------------------------------------------------------------------------------------------
Train Iter:[0  /563], CauLoss:[1.6510], AdvLoss:[2.7687]
Train Iter:[140/563], CauLoss:[1.9212], AdvLoss:[2.0714]
Train Iter:[280/563], CauLoss:[1.8638], AdvLoss:[1.9037]
Train Iter:[420/563], CauLoss:[1.8692], AdvLoss:[1.8367]
Train Iter:[560/563], CauLoss:[1.8669], AdvLoss:[1.8154]
--------------------------------------------------------------------------------------------------------------------------------------------------------------------------------------------------------
Epoch:[11/100], CauAdvLoss:[1.8659/1.8172], valid:[60.37], test:[33.10]
--------------------------------------------------------------------------------------------------------------------------------------------------------------------------------------------------------
Train Iter:[0  /563], CauLoss:[2.2513], AdvLoss:[1.1217]
Train Iter:[140/563], CauLoss:[1.8835], AdvLoss:[1.6490]
Train Iter:[280/563], CauLoss:[1.8584], AdvLoss:[1.7328]
Train Iter:[420/563], CauLoss:[1.8440], AdvLoss:[1.8041]
Train Iter:[560/563], CauLoss:[1.8410], AdvLoss:[1.8858]
--------------------------------------------------------------------------------------------------------------------------------------------------------------------------------------------------------
Epoch:[12/100], CauAdvLoss:[1.8396/1.8864], valid:[56.33], test:[32.57]
--------------------------------------------------------------------------------------------------------------------------------------------------------------------------------------------------------
Train Iter:[0  /563], CauLoss:[1.9987], AdvLoss:[1.2303]
Train Iter:[140/563], CauLoss:[1.8046], AdvLoss:[2.2224]
Train Iter:[280/563], CauLoss:[1.8150], AdvLoss:[2.2470]
Train Iter:[420/563], CauLoss:[1.8256], AdvLoss:[2.2050]
Train Iter:[560/563], CauLoss:[1.8326], AdvLoss:[2.2062]
--------------------------------------------------------------------------------------------------------------------------------------------------------------------------------------------------------
Epoch:[13/100], CauAdvLoss:[1.8329/2.2067], valid:[61.13], test:[33.23]
--------------------------------------------------------------------------------------------------------------------------------------------------------------------------------------------------------
Train Iter:[0  /563], CauLoss:[1.6446], AdvLoss:[1.4661]
Train Iter:[140/563], CauLoss:[1.8271], AdvLoss:[2.3178]
Train Iter:[280/563], CauLoss:[1.8308], AdvLoss:[2.2666]
Train Iter:[420/563], CauLoss:[1.8186], AdvLoss:[2.3720]
Train Iter:[560/563], CauLoss:[1.8282], AdvLoss:[2.3118]
--------------------------------------------------------------------------------------------------------------------------------------------------------------------------------------------------------
Epoch:[14/100], CauAdvLoss:[1.8280/2.3090], valid:[71.40], test:[47.23]
--------------------------------------------------------------------------------------------------------------------------------------------------------------------------------------------------------
Train Iter:[0  /563], CauLoss:[2.4862], AdvLoss:[2.4802]
Train Iter:[140/563], CauLoss:[1.8361], AdvLoss:[2.1917]
Train Iter:[280/563], CauLoss:[1.8368], AdvLoss:[2.2764]
Train Iter:[420/563], CauLoss:[1.8405], AdvLoss:[2.3227]
Train Iter:[560/563], CauLoss:[1.8224], AdvLoss:[2.3260]
--------------------------------------------------------------------------------------------------------------------------------------------------------------------------------------------------------
Epoch:[15/100], CauAdvLoss:[1.8212/2.3234], valid:[67.90], test:[43.60]
--------------------------------------------------------------------------------------------------------------------------------------------------------------------------------------------------------
Train Iter:[0  /563], CauLoss:[1.4601], AdvLoss:[2.7493]
Train Iter:[140/563], CauLoss:[1.8452], AdvLoss:[2.2221]
Train Iter:[280/563], CauLoss:[1.8260], AdvLoss:[2.1146]
Train Iter:[420/563], CauLoss:[1.8196], AdvLoss:[2.2012]
Train Iter:[560/563], CauLoss:[1.8191], AdvLoss:[2.2096]
--------------------------------------------------------------------------------------------------------------------------------------------------------------------------------------------------------
Epoch:[16/100], CauAdvLoss:[1.8199/2.2086], valid:[71.23], test:[46.43]
--------------------------------------------------------------------------------------------------------------------------------------------------------------------------------------------------------
Train Iter:[0  /563], CauLoss:[2.5714], AdvLoss:[2.1224]
Train Iter:[140/563], CauLoss:[1.8257], AdvLoss:[2.5137]
Train Iter:[280/563], CauLoss:[1.8197], AdvLoss:[2.5524]
Train Iter:[420/563], CauLoss:[1.8151], AdvLoss:[2.7490]
Train Iter:[560/563], CauLoss:[1.8145], AdvLoss:[2.6562]
--------------------------------------------------------------------------------------------------------------------------------------------------------------------------------------------------------
Epoch:[17/100], CauAdvLoss:[1.8140/2.6534], valid:[71.73], test:[44.50]
--------------------------------------------------------------------------------------------------------------------------------------------------------------------------------------------------------
Train Iter:[0  /563], CauLoss:[1.3751], AdvLoss:[2.4205]
Train Iter:[140/563], CauLoss:[1.8724], AdvLoss:[2.2799]
Train Iter:[280/563], CauLoss:[1.8421], AdvLoss:[2.2301]
Train Iter:[420/563], CauLoss:[1.8268], AdvLoss:[2.2375]
Train Iter:[560/563], CauLoss:[1.8079], AdvLoss:[2.2880]
--------------------------------------------------------------------------------------------------------------------------------------------------------------------------------------------------------
Epoch:[18/100], CauAdvLoss:[1.8070/2.2890], valid:[74.57], test:[37.83]
--------------------------------------------------------------------------------------------------------------------------------------------------------------------------------------------------------
Train Iter:[0  /563], CauLoss:[2.7685], AdvLoss:[1.9488]
Train Iter:[140/563], CauLoss:[1.8035], AdvLoss:[2.4255]
Train Iter:[280/563], CauLoss:[1.8041], AdvLoss:[2.4198]
Train Iter:[420/563], CauLoss:[1.7799], AdvLoss:[2.3239]
Train Iter:[560/563], CauLoss:[1.7957], AdvLoss:[2.3077]
--------------------------------------------------------------------------------------------------------------------------------------------------------------------------------------------------------
Epoch:[19/100], CauAdvLoss:[1.7962/2.3051], valid:[59.53], test:[32.93]
--------------------------------------------------------------------------------------------------------------------------------------------------------------------------------------------------------
Train Iter:[0  /563], CauLoss:[1.5122], AdvLoss:[2.7076]
Train Iter:[140/563], CauLoss:[1.7829], AdvLoss:[2.7009]
Train Iter:[280/563], CauLoss:[1.8139], AdvLoss:[2.5024]
Train Iter:[420/563], CauLoss:[1.8098], AdvLoss:[2.4934]
Train Iter:[560/563], CauLoss:[1.8061], AdvLoss:[2.4945]
--------------------------------------------------------------------------------------------------------------------------------------------------------------------------------------------------------
Epoch:[20/100], CauAdvLoss:[1.8054/2.4981], valid:[60.27], test:[40.13]
--------------------------------------------------------------------------------------------------------------------------------------------------------------------------------------------------------
Train Iter:[0  /563], CauLoss:[1.5733], AdvLoss:[2.1319]
Train Iter:[140/563], CauLoss:[1.7706], AdvLoss:[2.5073]
Train Iter:[280/563], CauLoss:[1.7716], AdvLoss:[2.5796]
Train Iter:[420/563], CauLoss:[1.7820], AdvLoss:[2.5443]
Train Iter:[560/563], CauLoss:[1.7956], AdvLoss:[2.4716]
--------------------------------------------------------------------------------------------------------------------------------------------------------------------------------------------------------
Epoch:[21/100], CauAdvLoss:[1.7960/2.4694], valid:[58.87], test:[36.33]
--------------------------------------------------------------------------------------------------------------------------------------------------------------------------------------------------------
Train Iter:[0  /563], CauLoss:[1.4788], AdvLoss:[2.0616]
Train Iter:[140/563], CauLoss:[1.8264], AdvLoss:[2.3605]
Train Iter:[280/563], CauLoss:[1.8048], AdvLoss:[2.3698]
Train Iter:[420/563], CauLoss:[1.7956], AdvLoss:[2.3966]
Train Iter:[560/563], CauLoss:[1.7985], AdvLoss:[2.4805]
--------------------------------------------------------------------------------------------------------------------------------------------------------------------------------------------------------
Epoch:[22/100], CauAdvLoss:[1.7987/2.4791], valid:[71.40], test:[32.93]
--------------------------------------------------------------------------------------------------------------------------------------------------------------------------------------------------------
Train Iter:[0  /563], CauLoss:[1.7256], AdvLoss:[2.2748]
Train Iter:[140/563], CauLoss:[1.7632], AdvLoss:[2.2775]
Train Iter:[280/563], CauLoss:[1.7775], AdvLoss:[2.5152]
Train Iter:[420/563], CauLoss:[1.7841], AdvLoss:[2.5020]
Train Iter:[560/563], CauLoss:[1.7896], AdvLoss:[2.4508]
--------------------------------------------------------------------------------------------------------------------------------------------------------------------------------------------------------
Epoch:[23/100], CauAdvLoss:[1.7901/2.4507], valid:[76.17], test:[37.50]
--------------------------------------------------------------------------------------------------------------------------------------------------------------------------------------------------------
Train Iter:[0  /563], CauLoss:[1.3320], AdvLoss:[1.9696]
Train Iter:[140/563], CauLoss:[1.7954], AdvLoss:[2.3830]
Train Iter:[280/563], CauLoss:[1.7898], AdvLoss:[2.5442]
Train Iter:[420/563], CauLoss:[1.7877], AdvLoss:[2.4257]
Train Iter:[560/563], CauLoss:[1.7752], AdvLoss:[2.4426]
--------------------------------------------------------------------------------------------------------------------------------------------------------------------------------------------------------
Epoch:[24/100], CauAdvLoss:[1.7749/2.4414], valid:[78.33], test:[34.53]
--------------------------------------------------------------------------------------------------------------------------------------------------------------------------------------------------------
Train Iter:[0  /563], CauLoss:[1.3598], AdvLoss:[2.8976]
Train Iter:[140/563], CauLoss:[1.7416], AdvLoss:[2.5643]
Train Iter:[280/563], CauLoss:[1.7738], AdvLoss:[2.5139]
Train Iter:[420/563], CauLoss:[1.7880], AdvLoss:[2.5931]
Train Iter:[560/563], CauLoss:[1.7905], AdvLoss:[2.5289]
--------------------------------------------------------------------------------------------------------------------------------------------------------------------------------------------------------
Epoch:[25/100], CauAdvLoss:[1.7905/2.5306], valid:[81.27], test:[43.50]
--------------------------------------------------------------------------------------------------------------------------------------------------------------------------------------------------------
Train Iter:[0  /563], CauLoss:[2.5844], AdvLoss:[1.4791]
Train Iter:[140/563], CauLoss:[1.8347], AdvLoss:[2.1627]
Train Iter:[280/563], CauLoss:[1.8104], AdvLoss:[2.1937]
Train Iter:[420/563], CauLoss:[1.7828], AdvLoss:[2.2761]
Train Iter:[560/563], CauLoss:[1.7901], AdvLoss:[2.3010]
--------------------------------------------------------------------------------------------------------------------------------------------------------------------------------------------------------
Epoch:[26/100], CauAdvLoss:[1.7924/2.2996], valid:[58.43], test:[37.00]
--------------------------------------------------------------------------------------------------------------------------------------------------------------------------------------------------------
Train Iter:[0  /563], CauLoss:[2.0957], AdvLoss:[1.8820]
Train Iter:[140/563], CauLoss:[1.7692], AdvLoss:[2.3548]
Train Iter:[280/563], CauLoss:[1.8021], AdvLoss:[2.4011]
Train Iter:[420/563], CauLoss:[1.7986], AdvLoss:[2.4744]
Train Iter:[560/563], CauLoss:[1.7823], AdvLoss:[2.5203]
--------------------------------------------------------------------------------------------------------------------------------------------------------------------------------------------------------
Epoch:[27/100], CauAdvLoss:[1.7822/2.5187], valid:[71.33], test:[47.03]
--------------------------------------------------------------------------------------------------------------------------------------------------------------------------------------------------------
Train Iter:[0  /563], CauLoss:[1.3406], AdvLoss:[3.0666]
Train Iter:[140/563], CauLoss:[1.7301], AdvLoss:[2.4574]
Train Iter:[280/563], CauLoss:[1.7636], AdvLoss:[2.6085]
Train Iter:[420/563], CauLoss:[1.7736], AdvLoss:[2.6278]
Train Iter:[560/563], CauLoss:[1.7766], AdvLoss:[2.6180]
--------------------------------------------------------------------------------------------------------------------------------------------------------------------------------------------------------
Epoch:[28/100], CauAdvLoss:[1.7753/2.6146], valid:[68.10], test:[47.17]
--------------------------------------------------------------------------------------------------------------------------------------------------------------------------------------------------------
Train Iter:[0  /563], CauLoss:[1.5337], AdvLoss:[2.4450]
Train Iter:[140/563], CauLoss:[1.7672], AdvLoss:[2.6076]
Train Iter:[280/563], CauLoss:[1.7571], AdvLoss:[2.6074]
Train Iter:[420/563], CauLoss:[1.7512], AdvLoss:[2.9274]
Train Iter:[560/563], CauLoss:[1.7723], AdvLoss:[3.1306]
--------------------------------------------------------------------------------------------------------------------------------------------------------------------------------------------------------
Epoch:[29/100], CauAdvLoss:[1.7748/3.1400], valid:[71.37], test:[39.43]
--------------------------------------------------------------------------------------------------------------------------------------------------------------------------------------------------------
Train Iter:[0  /563], CauLoss:[2.1052], AdvLoss:[3.8293]
Train Iter:[140/563], CauLoss:[1.7585], AdvLoss:[3.2332]
Train Iter:[280/563], CauLoss:[1.7810], AdvLoss:[3.2740]
Train Iter:[420/563], CauLoss:[1.7864], AdvLoss:[3.2110]
Train Iter:[560/563], CauLoss:[1.7793], AdvLoss:[3.1952]
--------------------------------------------------------------------------------------------------------------------------------------------------------------------------------------------------------
Epoch:[30/100], CauAdvLoss:[1.7791/3.1938], valid:[58.90], test:[41.23]
--------------------------------------------------------------------------------------------------------------------------------------------------------------------------------------------------------
Train Iter:[0  /563], CauLoss:[1.9822], AdvLoss:[2.9676]
Train Iter:[140/563], CauLoss:[1.7973], AdvLoss:[3.3588]
Train Iter:[280/563], CauLoss:[1.7760], AdvLoss:[3.4409]
Train Iter:[420/563], CauLoss:[1.7727], AdvLoss:[3.4944]
Train Iter:[560/563], CauLoss:[1.7661], AdvLoss:[3.6069]
--------------------------------------------------------------------------------------------------------------------------------------------------------------------------------------------------------
Epoch:[31/100], CauAdvLoss:[1.7661/3.6072], valid:[71.63], test:[46.00]
--------------------------------------------------------------------------------------------------------------------------------------------------------------------------------------------------------
Train Iter:[0  /563], CauLoss:[1.6023], AdvLoss:[2.8870]
Train Iter:[140/563], CauLoss:[1.7515], AdvLoss:[3.2960]
Train Iter:[280/563], CauLoss:[1.7618], AdvLoss:[3.4063]
Train Iter:[420/563], CauLoss:[1.7752], AdvLoss:[3.6058]
Train Iter:[560/563], CauLoss:[1.7685], AdvLoss:[3.6514]
--------------------------------------------------------------------------------------------------------------------------------------------------------------------------------------------------------
Epoch:[32/100], CauAdvLoss:[1.7687/3.6504], valid:[72.33], test:[43.10]
--------------------------------------------------------------------------------------------------------------------------------------------------------------------------------------------------------
Train Iter:[0  /563], CauLoss:[1.3069], AdvLoss:[4.0281]
Train Iter:[140/563], CauLoss:[1.7941], AdvLoss:[4.0825]
Train Iter:[280/563], CauLoss:[1.7749], AdvLoss:[4.0853]
Train Iter:[420/563], CauLoss:[1.7739], AdvLoss:[4.2905]
Train Iter:[560/563], CauLoss:[1.7696], AdvLoss:[4.1752]
--------------------------------------------------------------------------------------------------------------------------------------------------------------------------------------------------------
Epoch:[33/100], CauAdvLoss:[1.7701/4.1747], valid:[81.27], test:[41.83]
--------------------------------------------------------------------------------------------------------------------------------------------------------------------------------------------------------
Train Iter:[0  /563], CauLoss:[1.9508], AdvLoss:[3.9537]
Train Iter:[140/563], CauLoss:[1.8066], AdvLoss:[3.5721]
Train Iter:[280/563], CauLoss:[1.7723], AdvLoss:[3.2768]
Train Iter:[420/563], CauLoss:[1.7666], AdvLoss:[3.3662]
Train Iter:[560/563], CauLoss:[1.7614], AdvLoss:[3.4756]
--------------------------------------------------------------------------------------------------------------------------------------------------------------------------------------------------------
Epoch:[34/100], CauAdvLoss:[1.7623/3.4763], valid:[75.20], test:[37.43]
--------------------------------------------------------------------------------------------------------------------------------------------------------------------------------------------------------
Train Iter:[0  /563], CauLoss:[1.9528], AdvLoss:[4.2631]
Train Iter:[140/563], CauLoss:[1.7418], AdvLoss:[4.2961]
Train Iter:[280/563], CauLoss:[1.7858], AdvLoss:[3.6811]
Train Iter:[420/563], CauLoss:[1.7794], AdvLoss:[3.7411]
Train Iter:[560/563], CauLoss:[1.7661], AdvLoss:[3.7185]
--------------------------------------------------------------------------------------------------------------------------------------------------------------------------------------------------------
Epoch:[35/100], CauAdvLoss:[1.7651/3.7162], valid:[79.53], test:[42.27]
--------------------------------------------------------------------------------------------------------------------------------------------------------------------------------------------------------
Train Iter:[0  /563], CauLoss:[1.9595], AdvLoss:[1.9394]
Train Iter:[140/563], CauLoss:[1.7637], AdvLoss:[3.6826]
Train Iter:[280/563], CauLoss:[1.7560], AdvLoss:[3.7662]
Train Iter:[420/563], CauLoss:[1.7465], AdvLoss:[3.5781]
Train Iter:[560/563], CauLoss:[1.7510], AdvLoss:[3.5564]
--------------------------------------------------------------------------------------------------------------------------------------------------------------------------------------------------------
Epoch:[36/100], CauAdvLoss:[1.7502/3.5599], valid:[66.10], test:[51.20]
--------------------------------------------------------------------------------------------------------------------------------------------------------------------------------------------------------
Train Iter:[0  /563], CauLoss:[2.3892], AdvLoss:[3.1376]
Train Iter:[140/563], CauLoss:[1.7657], AdvLoss:[3.4301]
Train Iter:[280/563], CauLoss:[1.7706], AdvLoss:[3.4001]
Train Iter:[420/563], CauLoss:[1.7668], AdvLoss:[3.3925]
Train Iter:[560/563], CauLoss:[1.7630], AdvLoss:[3.3968]
--------------------------------------------------------------------------------------------------------------------------------------------------------------------------------------------------------
Epoch:[37/100], CauAdvLoss:[1.7616/3.3936], valid:[70.33], test:[41.10]
--------------------------------------------------------------------------------------------------------------------------------------------------------------------------------------------------------
Train Iter:[0  /563], CauLoss:[1.3066], AdvLoss:[3.6698]
Train Iter:[140/563], CauLoss:[1.7731], AdvLoss:[3.3775]
Train Iter:[280/563], CauLoss:[1.7808], AdvLoss:[3.3072]
Train Iter:[420/563], CauLoss:[1.7732], AdvLoss:[3.2385]
Train Iter:[560/563], CauLoss:[1.7615], AdvLoss:[3.2058]
--------------------------------------------------------------------------------------------------------------------------------------------------------------------------------------------------------
Epoch:[38/100], CauAdvLoss:[1.7603/3.2029], valid:[58.70], test:[39.67]
--------------------------------------------------------------------------------------------------------------------------------------------------------------------------------------------------------
Train Iter:[0  /563], CauLoss:[1.7328], AdvLoss:[1.3684]
Train Iter:[140/563], CauLoss:[1.7345], AdvLoss:[3.1226]
Train Iter:[280/563], CauLoss:[1.7299], AdvLoss:[3.3270]
Train Iter:[420/563], CauLoss:[1.7473], AdvLoss:[3.5164]
Train Iter:[560/563], CauLoss:[1.7530], AdvLoss:[3.4713]
--------------------------------------------------------------------------------------------------------------------------------------------------------------------------------------------------------
Epoch:[39/100], CauAdvLoss:[1.7540/3.4687], valid:[73.03], test:[34.93]
--------------------------------------------------------------------------------------------------------------------------------------------------------------------------------------------------------
Train Iter:[0  /563], CauLoss:[2.0804], AdvLoss:[1.9722]
Train Iter:[140/563], CauLoss:[1.7637], AdvLoss:[3.5912]
Train Iter:[280/563], CauLoss:[1.7537], AdvLoss:[3.6519]
Train Iter:[420/563], CauLoss:[1.7560], AdvLoss:[3.5816]
Train Iter:[560/563], CauLoss:[1.7488], AdvLoss:[3.5993]
--------------------------------------------------------------------------------------------------------------------------------------------------------------------------------------------------------
Epoch:[40/100], CauAdvLoss:[1.7502/3.5979], valid:[73.97], test:[42.07]
--------------------------------------------------------------------------------------------------------------------------------------------------------------------------------------------------------
Train Iter:[0  /563], CauLoss:[1.7490], AdvLoss:[4.3247]
Train Iter:[140/563], CauLoss:[1.6488], AdvLoss:[3.8173]
Train Iter:[280/563], CauLoss:[1.7466], AdvLoss:[3.5024]
Train Iter:[420/563], CauLoss:[1.7486], AdvLoss:[3.3771]
Train Iter:[560/563], CauLoss:[1.7493], AdvLoss:[3.4448]
--------------------------------------------------------------------------------------------------------------------------------------------------------------------------------------------------------
Epoch:[41/100], CauAdvLoss:[1.7500/3.4451], valid:[77.40], test:[51.97]
--------------------------------------------------------------------------------------------------------------------------------------------------------------------------------------------------------
Train Iter:[0  /563], CauLoss:[1.2583], AdvLoss:[2.6525]
Train Iter:[140/563], CauLoss:[1.7617], AdvLoss:[3.8098]
Train Iter:[280/563], CauLoss:[1.7452], AdvLoss:[3.5997]
Train Iter:[420/563], CauLoss:[1.7476], AdvLoss:[3.6971]
Train Iter:[560/563], CauLoss:[1.7442], AdvLoss:[3.8556]
--------------------------------------------------------------------------------------------------------------------------------------------------------------------------------------------------------
Epoch:[42/100], CauAdvLoss:[1.7443/3.8521], valid:[77.20], test:[49.43]
--------------------------------------------------------------------------------------------------------------------------------------------------------------------------------------------------------
Train Iter:[0  /563], CauLoss:[1.6768], AdvLoss:[3.3084]
Train Iter:[140/563], CauLoss:[1.7321], AdvLoss:[4.1402]
Train Iter:[280/563], CauLoss:[1.7403], AdvLoss:[4.0039]
Train Iter:[420/563], CauLoss:[1.7456], AdvLoss:[3.8331]
Train Iter:[560/563], CauLoss:[1.7411], AdvLoss:[3.7514]
--------------------------------------------------------------------------------------------------------------------------------------------------------------------------------------------------------
Epoch:[43/100], CauAdvLoss:[1.7422/3.7513], valid:[80.13], test:[35.13]
--------------------------------------------------------------------------------------------------------------------------------------------------------------------------------------------------------
Train Iter:[0  /563], CauLoss:[1.8301], AdvLoss:[3.4961]
Train Iter:[140/563], CauLoss:[1.7977], AdvLoss:[3.9964]
Train Iter:[280/563], CauLoss:[1.7723], AdvLoss:[3.6783]
Train Iter:[420/563], CauLoss:[1.7521], AdvLoss:[3.5792]
Train Iter:[560/563], CauLoss:[1.7443], AdvLoss:[3.5252]
--------------------------------------------------------------------------------------------------------------------------------------------------------------------------------------------------------
Epoch:[44/100], CauAdvLoss:[1.7450/3.5256], valid:[76.90], test:[44.53]
--------------------------------------------------------------------------------------------------------------------------------------------------------------------------------------------------------
Train Iter:[0  /563], CauLoss:[2.4992], AdvLoss:[2.7410]
Train Iter:[140/563], CauLoss:[1.7836], AdvLoss:[3.5009]
Train Iter:[280/563], CauLoss:[1.7488], AdvLoss:[3.7686]
Train Iter:[420/563], CauLoss:[1.7577], AdvLoss:[3.7812]
Train Iter:[560/563], CauLoss:[1.7442], AdvLoss:[3.7371]
--------------------------------------------------------------------------------------------------------------------------------------------------------------------------------------------------------
Epoch:[45/100], CauAdvLoss:[1.7446/3.7353], valid:[81.37], test:[57.57]
--------------------------------------------------------------------------------------------------------------------------------------------------------------------------------------------------------
Train Iter:[0  /563], CauLoss:[1.5875], AdvLoss:[4.7655]
Train Iter:[140/563], CauLoss:[1.7345], AdvLoss:[3.3466]
Train Iter:[280/563], CauLoss:[1.7099], AdvLoss:[3.5393]
Train Iter:[420/563], CauLoss:[1.7402], AdvLoss:[3.6328]
Train Iter:[560/563], CauLoss:[1.7413], AdvLoss:[3.6324]
--------------------------------------------------------------------------------------------------------------------------------------------------------------------------------------------------------
Epoch:[46/100], CauAdvLoss:[1.7410/3.6308], valid:[76.33], test:[34.53]
--------------------------------------------------------------------------------------------------------------------------------------------------------------------------------------------------------
Train Iter:[0  /563], CauLoss:[1.4433], AdvLoss:[3.4023]
Train Iter:[140/563], CauLoss:[1.6975], AdvLoss:[3.6675]
Train Iter:[280/563], CauLoss:[1.7229], AdvLoss:[3.6628]
Train Iter:[420/563], CauLoss:[1.7324], AdvLoss:[3.5291]
Train Iter:[560/563], CauLoss:[1.7396], AdvLoss:[3.6211]
--------------------------------------------------------------------------------------------------------------------------------------------------------------------------------------------------------
Epoch:[47/100], CauAdvLoss:[1.7393/3.6263], valid:[61.57], test:[40.53]
--------------------------------------------------------------------------------------------------------------------------------------------------------------------------------------------------------
Train Iter:[0  /563], CauLoss:[1.7551], AdvLoss:[4.2961]
Train Iter:[140/563], CauLoss:[1.7198], AdvLoss:[3.6621]
Train Iter:[280/563], CauLoss:[1.7182], AdvLoss:[3.6239]
Train Iter:[420/563], CauLoss:[1.7302], AdvLoss:[3.4900]
Train Iter:[560/563], CauLoss:[1.7364], AdvLoss:[3.5351]
--------------------------------------------------------------------------------------------------------------------------------------------------------------------------------------------------------
Epoch:[48/100], CauAdvLoss:[1.7372/3.5380], valid:[65.13], test:[42.87]
--------------------------------------------------------------------------------------------------------------------------------------------------------------------------------------------------------
Train Iter:[0  /563], CauLoss:[1.4635], AdvLoss:[3.9179]
Train Iter:[140/563], CauLoss:[1.7586], AdvLoss:[3.5493]
Train Iter:[280/563], CauLoss:[1.7266], AdvLoss:[3.4771]
Train Iter:[420/563], CauLoss:[1.7247], AdvLoss:[3.4867]
Train Iter:[560/563], CauLoss:[1.7303], AdvLoss:[3.5128]
--------------------------------------------------------------------------------------------------------------------------------------------------------------------------------------------------------
Epoch:[49/100], CauAdvLoss:[1.7337/3.5187], valid:[66.47], test:[50.53]
--------------------------------------------------------------------------------------------------------------------------------------------------------------------------------------------------------
Train Iter:[0  /563], CauLoss:[1.9585], AdvLoss:[3.8461]
Train Iter:[140/563], CauLoss:[1.7606], AdvLoss:[3.8993]
Train Iter:[280/563], CauLoss:[1.7362], AdvLoss:[3.7717]
Train Iter:[420/563], CauLoss:[1.7360], AdvLoss:[3.9039]
Train Iter:[560/563], CauLoss:[1.7285], AdvLoss:[3.8759]
--------------------------------------------------------------------------------------------------------------------------------------------------------------------------------------------------------
Epoch:[50/100], CauAdvLoss:[1.7275/3.8701], valid:[65.77], test:[38.90]
--------------------------------------------------------------------------------------------------------------------------------------------------------------------------------------------------------
Train Iter:[0  /563], CauLoss:[1.3649], AdvLoss:[4.6132]
Train Iter:[140/563], CauLoss:[1.7002], AdvLoss:[3.7495]
Train Iter:[280/563], CauLoss:[1.7102], AdvLoss:[3.7386]
Train Iter:[420/563], CauLoss:[1.7300], AdvLoss:[3.6794]
Train Iter:[560/563], CauLoss:[1.7284], AdvLoss:[3.6402]
--------------------------------------------------------------------------------------------------------------------------------------------------------------------------------------------------------
Epoch:[51/100], CauAdvLoss:[1.7281/3.6387], valid:[80.27], test:[34.97]
--------------------------------------------------------------------------------------------------------------------------------------------------------------------------------------------------------
Train Iter:[0  /563], CauLoss:[1.2177], AdvLoss:[3.9280]
Train Iter:[140/563], CauLoss:[1.6664], AdvLoss:[3.3413]
Train Iter:[280/563], CauLoss:[1.7209], AdvLoss:[3.5751]
Train Iter:[420/563], CauLoss:[1.7188], AdvLoss:[3.6663]
Train Iter:[560/563], CauLoss:[1.7226], AdvLoss:[3.6687]
--------------------------------------------------------------------------------------------------------------------------------------------------------------------------------------------------------
Epoch:[52/100], CauAdvLoss:[1.7225/3.6762], valid:[82.40], test:[45.63]
--------------------------------------------------------------------------------------------------------------------------------------------------------------------------------------------------------
Train Iter:[0  /563], CauLoss:[1.2392], AdvLoss:[3.6538]
Train Iter:[140/563], CauLoss:[1.7569], AdvLoss:[3.1482]
Train Iter:[280/563], CauLoss:[1.7492], AdvLoss:[3.1640]
Train Iter:[420/563], CauLoss:[1.7255], AdvLoss:[3.1816]
Train Iter:[560/563], CauLoss:[1.7286], AdvLoss:[3.2358]
--------------------------------------------------------------------------------------------------------------------------------------------------------------------------------------------------------
Epoch:[53/100], CauAdvLoss:[1.7292/3.2377], valid:[80.60], test:[39.67]
--------------------------------------------------------------------------------------------------------------------------------------------------------------------------------------------------------
Train Iter:[0  /563], CauLoss:[1.6791], AdvLoss:[2.6365]
Train Iter:[140/563], CauLoss:[1.7116], AdvLoss:[3.3643]
Train Iter:[280/563], CauLoss:[1.6989], AdvLoss:[3.3075]
Train Iter:[420/563], CauLoss:[1.7179], AdvLoss:[3.3874]
Train Iter:[560/563], CauLoss:[1.7305], AdvLoss:[3.4237]
--------------------------------------------------------------------------------------------------------------------------------------------------------------------------------------------------------
Epoch:[54/100], CauAdvLoss:[1.7314/3.4222], valid:[77.40], test:[47.10]
--------------------------------------------------------------------------------------------------------------------------------------------------------------------------------------------------------
Train Iter:[0  /563], CauLoss:[1.6582], AdvLoss:[3.9015]
Train Iter:[140/563], CauLoss:[1.7523], AdvLoss:[3.4286]
Train Iter:[280/563], CauLoss:[1.7315], AdvLoss:[3.5060]
Train Iter:[420/563], CauLoss:[1.7317], AdvLoss:[3.4049]
Train Iter:[560/563], CauLoss:[1.7235], AdvLoss:[3.5506]
--------------------------------------------------------------------------------------------------------------------------------------------------------------------------------------------------------
Epoch:[55/100], CauAdvLoss:[1.7250/3.5600], valid:[79.40], test:[48.30]
--------------------------------------------------------------------------------------------------------------------------------------------------------------------------------------------------------
Train Iter:[0  /563], CauLoss:[1.4178], AdvLoss:[5.5522]
Train Iter:[140/563], CauLoss:[1.7147], AdvLoss:[3.8049]
Train Iter:[280/563], CauLoss:[1.7325], AdvLoss:[3.7326]
Train Iter:[420/563], CauLoss:[1.7290], AdvLoss:[3.7543]
Train Iter:[560/563], CauLoss:[1.7223], AdvLoss:[3.6723]
--------------------------------------------------------------------------------------------------------------------------------------------------------------------------------------------------------
Epoch:[56/100], CauAdvLoss:[1.7216/3.6755], valid:[82.20], test:[54.47]
--------------------------------------------------------------------------------------------------------------------------------------------------------------------------------------------------------
Train Iter:[0  /563], CauLoss:[1.4572], AdvLoss:[2.5512]
Train Iter:[140/563], CauLoss:[1.7274], AdvLoss:[3.2626]
Train Iter:[280/563], CauLoss:[1.7230], AdvLoss:[3.2710]
Train Iter:[420/563], CauLoss:[1.7261], AdvLoss:[3.5249]
Train Iter:[560/563], CauLoss:[1.7254], AdvLoss:[3.5526]
--------------------------------------------------------------------------------------------------------------------------------------------------------------------------------------------------------
Epoch:[57/100], CauAdvLoss:[1.7251/3.5603], valid:[84.57], test:[41.17]
--------------------------------------------------------------------------------------------------------------------------------------------------------------------------------------------------------
Train Iter:[0  /563], CauLoss:[1.3712], AdvLoss:[4.6866]
Train Iter:[140/563], CauLoss:[1.7335], AdvLoss:[3.7000]
Train Iter:[280/563], CauLoss:[1.7266], AdvLoss:[3.6943]
Train Iter:[420/563], CauLoss:[1.7238], AdvLoss:[3.6647]
Train Iter:[560/563], CauLoss:[1.7240], AdvLoss:[3.7249]
--------------------------------------------------------------------------------------------------------------------------------------------------------------------------------------------------------
Epoch:[58/100], CauAdvLoss:[1.7241/3.7292], valid:[85.43], test:[43.03]
--------------------------------------------------------------------------------------------------------------------------------------------------------------------------------------------------------
Train Iter:[0  /563], CauLoss:[1.9037], AdvLoss:[5.8033]
Train Iter:[140/563], CauLoss:[1.7390], AdvLoss:[3.6344]
Train Iter:[280/563], CauLoss:[1.7202], AdvLoss:[3.8240]
Train Iter:[420/563], CauLoss:[1.7193], AdvLoss:[3.9204]
Train Iter:[560/563], CauLoss:[1.7170], AdvLoss:[3.8943]
--------------------------------------------------------------------------------------------------------------------------------------------------------------------------------------------------------
Epoch:[59/100], CauAdvLoss:[1.7163/3.8944], valid:[82.43], test:[56.73]
--------------------------------------------------------------------------------------------------------------------------------------------------------------------------------------------------------
Train Iter:[0  /563], CauLoss:[1.7508], AdvLoss:[5.6387]
Train Iter:[140/563], CauLoss:[1.6818], AdvLoss:[4.0872]
Train Iter:[280/563], CauLoss:[1.6980], AdvLoss:[4.0449]
Train Iter:[420/563], CauLoss:[1.6995], AdvLoss:[3.9513]
Train Iter:[560/563], CauLoss:[1.7154], AdvLoss:[3.8968]
--------------------------------------------------------------------------------------------------------------------------------------------------------------------------------------------------------
Epoch:[60/100], CauAdvLoss:[1.7151/3.8989], valid:[85.23], test:[54.30]
--------------------------------------------------------------------------------------------------------------------------------------------------------------------------------------------------------
Train Iter:[0  /563], CauLoss:[1.4868], AdvLoss:[2.7828]
Train Iter:[140/563], CauLoss:[1.6930], AdvLoss:[3.8741]
Train Iter:[280/563], CauLoss:[1.7162], AdvLoss:[3.8425]
Train Iter:[420/563], CauLoss:[1.7253], AdvLoss:[3.8411]
Train Iter:[560/563], CauLoss:[1.7101], AdvLoss:[3.9045]
--------------------------------------------------------------------------------------------------------------------------------------------------------------------------------------------------------
Epoch:[61/100], CauAdvLoss:[1.7115/3.9071], valid:[83.63], test:[41.87]
--------------------------------------------------------------------------------------------------------------------------------------------------------------------------------------------------------
Train Iter:[0  /563], CauLoss:[1.9546], AdvLoss:[3.6204]
Train Iter:[140/563], CauLoss:[1.7153], AdvLoss:[4.0838]
Train Iter:[280/563], CauLoss:[1.7234], AdvLoss:[3.9772]
Train Iter:[420/563], CauLoss:[1.7066], AdvLoss:[3.9232]
Train Iter:[560/563], CauLoss:[1.7113], AdvLoss:[3.9022]
--------------------------------------------------------------------------------------------------------------------------------------------------------------------------------------------------------
Epoch:[62/100], CauAdvLoss:[1.7133/3.9029], valid:[84.07], test:[58.40]
--------------------------------------------------------------------------------------------------------------------------------------------------------------------------------------------------------
Train Iter:[0  /563], CauLoss:[1.5985], AdvLoss:[2.5943]
Train Iter:[140/563], CauLoss:[1.7180], AdvLoss:[3.7369]
Train Iter:[280/563], CauLoss:[1.7201], AdvLoss:[3.7299]
Train Iter:[420/563], CauLoss:[1.7288], AdvLoss:[3.6823]
Train Iter:[560/563], CauLoss:[1.7120], AdvLoss:[3.7189]
--------------------------------------------------------------------------------------------------------------------------------------------------------------------------------------------------------
Epoch:[63/100], CauAdvLoss:[1.7114/3.7211], valid:[79.37], test:[53.83]
--------------------------------------------------------------------------------------------------------------------------------------------------------------------------------------------------------
Train Iter:[0  /563], CauLoss:[1.5149], AdvLoss:[3.5705]
Train Iter:[140/563], CauLoss:[1.7202], AdvLoss:[3.9586]
Train Iter:[280/563], CauLoss:[1.7118], AdvLoss:[3.8677]
Train Iter:[420/563], CauLoss:[1.7120], AdvLoss:[3.7578]
Train Iter:[560/563], CauLoss:[1.7097], AdvLoss:[3.8338]
--------------------------------------------------------------------------------------------------------------------------------------------------------------------------------------------------------
Epoch:[64/100], CauAdvLoss:[1.7104/3.8412], valid:[83.40], test:[51.07]
--------------------------------------------------------------------------------------------------------------------------------------------------------------------------------------------------------
Train Iter:[0  /563], CauLoss:[1.2484], AdvLoss:[6.0312]
Train Iter:[140/563], CauLoss:[1.7382], AdvLoss:[3.4869]
Train Iter:[280/563], CauLoss:[1.7312], AdvLoss:[3.6849]
Train Iter:[420/563], CauLoss:[1.7180], AdvLoss:[3.7525]
Train Iter:[560/563], CauLoss:[1.7105], AdvLoss:[3.8425]
--------------------------------------------------------------------------------------------------------------------------------------------------------------------------------------------------------
Epoch:[65/100], CauAdvLoss:[1.7096/3.8445], valid:[83.27], test:[48.43]
--------------------------------------------------------------------------------------------------------------------------------------------------------------------------------------------------------
Train Iter:[0  /563], CauLoss:[1.7058], AdvLoss:[4.2518]
Train Iter:[140/563], CauLoss:[1.6949], AdvLoss:[3.9991]
Train Iter:[280/563], CauLoss:[1.7207], AdvLoss:[4.1521]
Train Iter:[420/563], CauLoss:[1.7233], AdvLoss:[4.2257]
Train Iter:[560/563], CauLoss:[1.7150], AdvLoss:[4.1533]
--------------------------------------------------------------------------------------------------------------------------------------------------------------------------------------------------------
Epoch:[66/100], CauAdvLoss:[1.7153/4.1519], valid:[80.97], test:[47.13]
--------------------------------------------------------------------------------------------------------------------------------------------------------------------------------------------------------
Train Iter:[0  /563], CauLoss:[1.8408], AdvLoss:[4.8704]
Train Iter:[140/563], CauLoss:[1.7101], AdvLoss:[4.3230]
Train Iter:[280/563], CauLoss:[1.7036], AdvLoss:[4.4075]
Train Iter:[420/563], CauLoss:[1.7026], AdvLoss:[4.3073]
Train Iter:[560/563], CauLoss:[1.7101], AdvLoss:[4.1871]
--------------------------------------------------------------------------------------------------------------------------------------------------------------------------------------------------------
Epoch:[67/100], CauAdvLoss:[1.7111/4.1848], valid:[83.13], test:[55.80]
--------------------------------------------------------------------------------------------------------------------------------------------------------------------------------------------------------
Train Iter:[0  /563], CauLoss:[1.9999], AdvLoss:[4.4572]
Train Iter:[140/563], CauLoss:[1.7170], AdvLoss:[3.5540]
Train Iter:[280/563], CauLoss:[1.7064], AdvLoss:[3.7234]
Train Iter:[420/563], CauLoss:[1.7184], AdvLoss:[3.7085]
Train Iter:[560/563], CauLoss:[1.7071], AdvLoss:[3.7696]
--------------------------------------------------------------------------------------------------------------------------------------------------------------------------------------------------------
Epoch:[68/100], CauAdvLoss:[1.7067/3.7664], valid:[81.17], test:[56.70]
--------------------------------------------------------------------------------------------------------------------------------------------------------------------------------------------------------
Train Iter:[0  /563], CauLoss:[1.7025], AdvLoss:[3.5502]
Train Iter:[140/563], CauLoss:[1.6842], AdvLoss:[3.8522]
Train Iter:[280/563], CauLoss:[1.6972], AdvLoss:[3.7910]
Train Iter:[420/563], CauLoss:[1.6905], AdvLoss:[3.7383]
Train Iter:[560/563], CauLoss:[1.7054], AdvLoss:[3.7167]
--------------------------------------------------------------------------------------------------------------------------------------------------------------------------------------------------------
Epoch:[69/100], CauAdvLoss:[1.7049/3.7166], valid:[83.20], test:[56.47]
--------------------------------------------------------------------------------------------------------------------------------------------------------------------------------------------------------
Train Iter:[0  /563], CauLoss:[1.7652], AdvLoss:[3.7173]
Train Iter:[140/563], CauLoss:[1.6972], AdvLoss:[3.7705]
Train Iter:[280/563], CauLoss:[1.7077], AdvLoss:[3.7959]
Train Iter:[420/563], CauLoss:[1.7037], AdvLoss:[3.8029]
Train Iter:[560/563], CauLoss:[1.7056], AdvLoss:[3.9315]
--------------------------------------------------------------------------------------------------------------------------------------------------------------------------------------------------------
Epoch:[70/100], CauAdvLoss:[1.7058/3.9359], valid:[84.77], test:[49.17]
--------------------------------------------------------------------------------------------------------------------------------------------------------------------------------------------------------
Train Iter:[0  /563], CauLoss:[1.1473], AdvLoss:[4.3353]
Train Iter:[140/563], CauLoss:[1.6758], AdvLoss:[4.1526]
Train Iter:[280/563], CauLoss:[1.6725], AdvLoss:[4.0344]
Train Iter:[420/563], CauLoss:[1.6949], AdvLoss:[3.9786]
Train Iter:[560/563], CauLoss:[1.7032], AdvLoss:[3.9451]
--------------------------------------------------------------------------------------------------------------------------------------------------------------------------------------------------------
Epoch:[71/100], CauAdvLoss:[1.7022/3.9431], valid:[83.27], test:[61.53]
--------------------------------------------------------------------------------------------------------------------------------------------------------------------------------------------------------
Train Iter:[0  /563], CauLoss:[1.4778], AdvLoss:[3.5727]
Train Iter:[140/563], CauLoss:[1.7165], AdvLoss:[3.7656]
Train Iter:[280/563], CauLoss:[1.6976], AdvLoss:[3.9350]
Train Iter:[420/563], CauLoss:[1.7101], AdvLoss:[3.8445]
Train Iter:[560/563], CauLoss:[1.7049], AdvLoss:[3.8286]
--------------------------------------------------------------------------------------------------------------------------------------------------------------------------------------------------------
Epoch:[72/100], CauAdvLoss:[1.7034/3.8278], valid:[83.13], test:[56.77]
--------------------------------------------------------------------------------------------------------------------------------------------------------------------------------------------------------
Train Iter:[0  /563], CauLoss:[1.3423], AdvLoss:[4.2993]
Train Iter:[140/563], CauLoss:[1.6552], AdvLoss:[3.8062]
Train Iter:[280/563], CauLoss:[1.6882], AdvLoss:[3.6535]
Train Iter:[420/563], CauLoss:[1.6996], AdvLoss:[3.6941]
Train Iter:[560/563], CauLoss:[1.7031], AdvLoss:[3.7654]
--------------------------------------------------------------------------------------------------------------------------------------------------------------------------------------------------------
Epoch:[73/100], CauAdvLoss:[1.7021/3.7627], valid:[83.20], test:[48.43]
--------------------------------------------------------------------------------------------------------------------------------------------------------------------------------------------------------
Train Iter:[0  /563], CauLoss:[1.5626], AdvLoss:[3.9126]
Train Iter:[140/563], CauLoss:[1.7372], AdvLoss:[3.9492]
Train Iter:[280/563], CauLoss:[1.7144], AdvLoss:[3.9726]
Train Iter:[420/563], CauLoss:[1.6931], AdvLoss:[3.9950]
Train Iter:[560/563], CauLoss:[1.6985], AdvLoss:[3.9554]
--------------------------------------------------------------------------------------------------------------------------------------------------------------------------------------------------------
Epoch:[74/100], CauAdvLoss:[1.6975/3.9568], valid:[82.17], test:[58.83]
--------------------------------------------------------------------------------------------------------------------------------------------------------------------------------------------------------
Train Iter:[0  /563], CauLoss:[1.4486], AdvLoss:[4.1215]
Train Iter:[140/563], CauLoss:[1.6703], AdvLoss:[4.0163]
Train Iter:[280/563], CauLoss:[1.6759], AdvLoss:[4.0926]
Train Iter:[420/563], CauLoss:[1.6873], AdvLoss:[4.0647]
Train Iter:[560/563], CauLoss:[1.6950], AdvLoss:[3.9802]
--------------------------------------------------------------------------------------------------------------------------------------------------------------------------------------------------------
Epoch:[75/100], CauAdvLoss:[1.6966/3.9839], valid:[78.70], test:[57.83]
--------------------------------------------------------------------------------------------------------------------------------------------------------------------------------------------------------
Train Iter:[0  /563], CauLoss:[1.9688], AdvLoss:[5.4433]
Train Iter:[140/563], CauLoss:[1.6730], AdvLoss:[3.9662]
Train Iter:[280/563], CauLoss:[1.6837], AdvLoss:[4.0721]
Train Iter:[420/563], CauLoss:[1.6884], AdvLoss:[4.0798]
Train Iter:[560/563], CauLoss:[1.6948], AdvLoss:[4.0551]
--------------------------------------------------------------------------------------------------------------------------------------------------------------------------------------------------------
Epoch:[76/100], CauAdvLoss:[1.6969/4.0504], valid:[83.80], test:[59.30]
--------------------------------------------------------------------------------------------------------------------------------------------------------------------------------------------------------
Train Iter:[0  /563], CauLoss:[1.5690], AdvLoss:[3.6545]
Train Iter:[140/563], CauLoss:[1.7234], AdvLoss:[3.6673]
Train Iter:[280/563], CauLoss:[1.7023], AdvLoss:[3.8074]
Train Iter:[420/563], CauLoss:[1.7013], AdvLoss:[3.7188]
Train Iter:[560/563], CauLoss:[1.6981], AdvLoss:[3.7869]
--------------------------------------------------------------------------------------------------------------------------------------------------------------------------------------------------------
Epoch:[77/100], CauAdvLoss:[1.6998/3.7896], valid:[85.20], test:[46.77]
--------------------------------------------------------------------------------------------------------------------------------------------------------------------------------------------------------
Train Iter:[0  /563], CauLoss:[1.8055], AdvLoss:[6.9005]
Train Iter:[140/563], CauLoss:[1.6433], AdvLoss:[4.0971]
Train Iter:[280/563], CauLoss:[1.6788], AdvLoss:[3.9450]
Train Iter:[420/563], CauLoss:[1.7049], AdvLoss:[3.9024]
Train Iter:[560/563], CauLoss:[1.6938], AdvLoss:[3.9448]
--------------------------------------------------------------------------------------------------------------------------------------------------------------------------------------------------------
Epoch:[78/100], CauAdvLoss:[1.6934/3.9444], valid:[84.57], test:[42.87]
--------------------------------------------------------------------------------------------------------------------------------------------------------------------------------------------------------
Train Iter:[0  /563], CauLoss:[1.3418], AdvLoss:[4.7576]
Train Iter:[140/563], CauLoss:[1.6893], AdvLoss:[3.9296]
Train Iter:[280/563], CauLoss:[1.7161], AdvLoss:[3.8686]
Train Iter:[420/563], CauLoss:[1.7047], AdvLoss:[3.8607]
Train Iter:[560/563], CauLoss:[1.6927], AdvLoss:[3.8746]
--------------------------------------------------------------------------------------------------------------------------------------------------------------------------------------------------------
Epoch:[79/100], CauAdvLoss:[1.6924/3.8738], valid:[85.10], test:[50.60]
--------------------------------------------------------------------------------------------------------------------------------------------------------------------------------------------------------
Train Iter:[0  /563], CauLoss:[2.2427], AdvLoss:[3.8667]
Train Iter:[140/563], CauLoss:[1.7048], AdvLoss:[4.0165]
Train Iter:[280/563], CauLoss:[1.7055], AdvLoss:[3.9373]
Train Iter:[420/563], CauLoss:[1.7046], AdvLoss:[3.9884]
Train Iter:[560/563], CauLoss:[1.7015], AdvLoss:[3.9854]
--------------------------------------------------------------------------------------------------------------------------------------------------------------------------------------------------------
Epoch:[80/100], CauAdvLoss:[1.7014/3.9830], valid:[85.60], test:[46.13]
--------------------------------------------------------------------------------------------------------------------------------------------------------------------------------------------------------
Train Iter:[0  /563], CauLoss:[1.4955], AdvLoss:[4.7347]
Train Iter:[140/563], CauLoss:[1.7109], AdvLoss:[3.9241]
Train Iter:[280/563], CauLoss:[1.6960], AdvLoss:[4.0676]
Train Iter:[420/563], CauLoss:[1.6856], AdvLoss:[4.0680]
Train Iter:[560/563], CauLoss:[1.6907], AdvLoss:[4.0828]
--------------------------------------------------------------------------------------------------------------------------------------------------------------------------------------------------------
Epoch:[81/100], CauAdvLoss:[1.6897/4.0821], valid:[84.93], test:[55.57]
--------------------------------------------------------------------------------------------------------------------------------------------------------------------------------------------------------
Train Iter:[0  /563], CauLoss:[1.1731], AdvLoss:[3.4982]
Train Iter:[140/563], CauLoss:[1.6791], AdvLoss:[3.8781]
Train Iter:[280/563], CauLoss:[1.6806], AdvLoss:[4.1053]
Train Iter:[420/563], CauLoss:[1.6806], AdvLoss:[4.1048]
Train Iter:[560/563], CauLoss:[1.6931], AdvLoss:[4.0819]
--------------------------------------------------------------------------------------------------------------------------------------------------------------------------------------------------------
Epoch:[82/100], CauAdvLoss:[1.6927/4.0803], valid:[82.87], test:[59.37]
--------------------------------------------------------------------------------------------------------------------------------------------------------------------------------------------------------
Train Iter:[0  /563], CauLoss:[1.7571], AdvLoss:[4.3910]
Train Iter:[140/563], CauLoss:[1.7054], AdvLoss:[3.7927]
Train Iter:[280/563], CauLoss:[1.7035], AdvLoss:[3.9026]
Train Iter:[420/563], CauLoss:[1.6864], AdvLoss:[3.9402]
Train Iter:[560/563], CauLoss:[1.6911], AdvLoss:[3.9377]
--------------------------------------------------------------------------------------------------------------------------------------------------------------------------------------------------------
Epoch:[83/100], CauAdvLoss:[1.6907/3.9387], valid:[84.30], test:[49.53]
--------------------------------------------------------------------------------------------------------------------------------------------------------------------------------------------------------
Train Iter:[0  /563], CauLoss:[1.4428], AdvLoss:[3.8692]
Train Iter:[140/563], CauLoss:[1.6816], AdvLoss:[4.0935]
Train Iter:[280/563], CauLoss:[1.6948], AdvLoss:[4.1372]
Train Iter:[420/563], CauLoss:[1.6993], AdvLoss:[4.0573]
Train Iter:[560/563], CauLoss:[1.6938], AdvLoss:[4.0862]
--------------------------------------------------------------------------------------------------------------------------------------------------------------------------------------------------------
Epoch:[84/100], CauAdvLoss:[1.6936/4.0838], valid:[83.30], test:[57.67]
--------------------------------------------------------------------------------------------------------------------------------------------------------------------------------------------------------
Train Iter:[0  /563], CauLoss:[1.7142], AdvLoss:[3.4701]
Train Iter:[140/563], CauLoss:[1.6913], AdvLoss:[3.9733]
Train Iter:[280/563], CauLoss:[1.6844], AdvLoss:[4.0178]
Train Iter:[420/563], CauLoss:[1.7032], AdvLoss:[3.9859]
Train Iter:[560/563], CauLoss:[1.6890], AdvLoss:[3.9612]
--------------------------------------------------------------------------------------------------------------------------------------------------------------------------------------------------------
Epoch:[85/100], CauAdvLoss:[1.6880/3.9600], valid:[85.17], test:[62.33]
--------------------------------------------------------------------------------------------------------------------------------------------------------------------------------------------------------
Train Iter:[0  /563], CauLoss:[1.6231], AdvLoss:[4.0775]
Train Iter:[140/563], CauLoss:[1.6530], AdvLoss:[3.9511]
Train Iter:[280/563], CauLoss:[1.6867], AdvLoss:[3.9486]
Train Iter:[420/563], CauLoss:[1.6904], AdvLoss:[3.9614]
Train Iter:[560/563], CauLoss:[1.6928], AdvLoss:[3.9345]
--------------------------------------------------------------------------------------------------------------------------------------------------------------------------------------------------------
Epoch:[86/100], CauAdvLoss:[1.6948/3.9385], valid:[84.17], test:[56.20]
--------------------------------------------------------------------------------------------------------------------------------------------------------------------------------------------------------
Train Iter:[0  /563], CauLoss:[1.7188], AdvLoss:[3.9350]
Train Iter:[140/563], CauLoss:[1.6457], AdvLoss:[4.1012]
Train Iter:[280/563], CauLoss:[1.6704], AdvLoss:[4.0256]
Train Iter:[420/563], CauLoss:[1.6790], AdvLoss:[4.0874]
Train Iter:[560/563], CauLoss:[1.6886], AdvLoss:[4.0558]
--------------------------------------------------------------------------------------------------------------------------------------------------------------------------------------------------------
Epoch:[87/100], CauAdvLoss:[1.6884/4.0512], valid:[83.27], test:[49.23]
--------------------------------------------------------------------------------------------------------------------------------------------------------------------------------------------------------
Train Iter:[0  /563], CauLoss:[1.7006], AdvLoss:[3.8964]
Train Iter:[140/563], CauLoss:[1.6743], AdvLoss:[4.0970]
Train Iter:[280/563], CauLoss:[1.6941], AdvLoss:[4.0927]
Train Iter:[420/563], CauLoss:[1.6922], AdvLoss:[4.0825]
Train Iter:[560/563], CauLoss:[1.6872], AdvLoss:[4.0760]
--------------------------------------------------------------------------------------------------------------------------------------------------------------------------------------------------------
Epoch:[88/100], CauAdvLoss:[1.6882/4.0817], valid:[85.17], test:[55.77]
--------------------------------------------------------------------------------------------------------------------------------------------------------------------------------------------------------
Train Iter:[0  /563], CauLoss:[2.1207], AdvLoss:[3.0668]
Train Iter:[140/563], CauLoss:[1.6457], AdvLoss:[4.1122]
Train Iter:[280/563], CauLoss:[1.6706], AdvLoss:[4.0615]
Train Iter:[420/563], CauLoss:[1.6758], AdvLoss:[4.0152]
Train Iter:[560/563], CauLoss:[1.6907], AdvLoss:[4.0364]
--------------------------------------------------------------------------------------------------------------------------------------------------------------------------------------------------------
Epoch:[89/100], CauAdvLoss:[1.6893/4.0337], valid:[83.57], test:[62.87]
--------------------------------------------------------------------------------------------------------------------------------------------------------------------------------------------------------
Train Iter:[0  /563], CauLoss:[1.6183], AdvLoss:[2.2580]
Train Iter:[140/563], CauLoss:[1.6757], AdvLoss:[3.9629]
Train Iter:[280/563], CauLoss:[1.6801], AdvLoss:[3.9604]
Train Iter:[420/563], CauLoss:[1.6954], AdvLoss:[4.0013]
Train Iter:[560/563], CauLoss:[1.6878], AdvLoss:[3.9914]
--------------------------------------------------------------------------------------------------------------------------------------------------------------------------------------------------------
Epoch:[90/100], CauAdvLoss:[1.6871/3.9889], valid:[82.60], test:[57.27]
--------------------------------------------------------------------------------------------------------------------------------------------------------------------------------------------------------
Train Iter:[0  /563], CauLoss:[2.1746], AdvLoss:[2.9148]
Train Iter:[140/563], CauLoss:[1.6720], AdvLoss:[4.0382]
Train Iter:[280/563], CauLoss:[1.6840], AdvLoss:[4.0916]
Train Iter:[420/563], CauLoss:[1.6768], AdvLoss:[4.0719]
Train Iter:[560/563], CauLoss:[1.6855], AdvLoss:[4.0629]
--------------------------------------------------------------------------------------------------------------------------------------------------------------------------------------------------------
Epoch:[91/100], CauAdvLoss:[1.6873/4.0601], valid:[84.97], test:[56.97]
--------------------------------------------------------------------------------------------------------------------------------------------------------------------------------------------------------
Train Iter:[0  /563], CauLoss:[1.7472], AdvLoss:[4.1428]
Train Iter:[140/563], CauLoss:[1.6396], AdvLoss:[3.9043]
Train Iter:[280/563], CauLoss:[1.6816], AdvLoss:[4.0422]
Train Iter:[420/563], CauLoss:[1.6862], AdvLoss:[4.0901]
Train Iter:[560/563], CauLoss:[1.6868], AdvLoss:[4.0629]
--------------------------------------------------------------------------------------------------------------------------------------------------------------------------------------------------------
Epoch:[92/100], CauAdvLoss:[1.6877/4.0585], valid:[83.47], test:[58.77]
--------------------------------------------------------------------------------------------------------------------------------------------------------------------------------------------------------
Train Iter:[0  /563], CauLoss:[1.4413], AdvLoss:[3.2869]
Train Iter:[140/563], CauLoss:[1.6683], AdvLoss:[4.1419]
Train Iter:[280/563], CauLoss:[1.6893], AdvLoss:[4.0533]
Train Iter:[420/563], CauLoss:[1.6820], AdvLoss:[4.0654]
Train Iter:[560/563], CauLoss:[1.6849], AdvLoss:[4.0649]
--------------------------------------------------------------------------------------------------------------------------------------------------------------------------------------------------------
Epoch:[93/100], CauAdvLoss:[1.6845/4.0632], valid:[83.37], test:[62.10]
--------------------------------------------------------------------------------------------------------------------------------------------------------------------------------------------------------
Train Iter:[0  /563], CauLoss:[2.0744], AdvLoss:[2.5923]
Train Iter:[140/563], CauLoss:[1.6905], AdvLoss:[4.2621]
Train Iter:[280/563], CauLoss:[1.6961], AdvLoss:[4.1165]
Train Iter:[420/563], CauLoss:[1.6929], AdvLoss:[4.1166]
Train Iter:[560/563], CauLoss:[1.6815], AdvLoss:[4.0928]
--------------------------------------------------------------------------------------------------------------------------------------------------------------------------------------------------------
Epoch:[94/100], CauAdvLoss:[1.6819/4.0897], valid:[84.47], test:[58.47]
--------------------------------------------------------------------------------------------------------------------------------------------------------------------------------------------------------
Train Iter:[0  /563], CauLoss:[1.7129], AdvLoss:[3.1169]
Train Iter:[140/563], CauLoss:[1.7474], AdvLoss:[4.1636]
Train Iter:[280/563], CauLoss:[1.7047], AdvLoss:[4.1251]
Train Iter:[420/563], CauLoss:[1.6924], AdvLoss:[4.0915]
Train Iter:[560/563], CauLoss:[1.6795], AdvLoss:[4.0877]
--------------------------------------------------------------------------------------------------------------------------------------------------------------------------------------------------------
Epoch:[95/100], CauAdvLoss:[1.6807/4.0877], valid:[84.70], test:[58.70]
--------------------------------------------------------------------------------------------------------------------------------------------------------------------------------------------------------
Train Iter:[0  /563], CauLoss:[1.4616], AdvLoss:[4.7520]
Train Iter:[140/563], CauLoss:[1.6793], AdvLoss:[4.0119]
Train Iter:[280/563], CauLoss:[1.6658], AdvLoss:[3.9991]
Train Iter:[420/563], CauLoss:[1.6830], AdvLoss:[4.0287]
Train Iter:[560/563], CauLoss:[1.6860], AdvLoss:[4.0709]
--------------------------------------------------------------------------------------------------------------------------------------------------------------------------------------------------------
Epoch:[96/100], CauAdvLoss:[1.6857/4.0723], valid:[84.97], test:[58.93]
--------------------------------------------------------------------------------------------------------------------------------------------------------------------------------------------------------
Train Iter:[0  /563], CauLoss:[1.8954], AdvLoss:[3.4769]
Train Iter:[140/563], CauLoss:[1.6839], AdvLoss:[4.1036]
Train Iter:[280/563], CauLoss:[1.7053], AdvLoss:[4.0800]
Train Iter:[420/563], CauLoss:[1.6901], AdvLoss:[4.0802]
Train Iter:[560/563], CauLoss:[1.6843], AdvLoss:[4.0929]
--------------------------------------------------------------------------------------------------------------------------------------------------------------------------------------------------------
Epoch:[97/100], CauAdvLoss:[1.6837/4.0934], valid:[83.67], test:[52.93]
--------------------------------------------------------------------------------------------------------------------------------------------------------------------------------------------------------
Train Iter:[0  /563], CauLoss:[1.7070], AdvLoss:[4.4364]
Train Iter:[140/563], CauLoss:[1.6806], AdvLoss:[4.1453]
Train Iter:[280/563], CauLoss:[1.6764], AdvLoss:[4.1472]
Train Iter:[420/563], CauLoss:[1.6954], AdvLoss:[4.1390]
Train Iter:[560/563], CauLoss:[1.6866], AdvLoss:[4.0922]
--------------------------------------------------------------------------------------------------------------------------------------------------------------------------------------------------------
Epoch:[98/100], CauAdvLoss:[1.6855/4.0914], valid:[85.00], test:[57.57]
--------------------------------------------------------------------------------------------------------------------------------------------------------------------------------------------------------
Train Iter:[0  /563], CauLoss:[1.2379], AdvLoss:[3.6350]
Train Iter:[140/563], CauLoss:[1.6667], AdvLoss:[4.0422]
Train Iter:[280/563], CauLoss:[1.6656], AdvLoss:[4.1548]
Train Iter:[420/563], CauLoss:[1.6816], AdvLoss:[4.1357]
Train Iter:[560/563], CauLoss:[1.6861], AdvLoss:[4.0839]
--------------------------------------------------------------------------------------------------------------------------------------------------------------------------------------------------------
Epoch:[99/100], CauAdvLoss:[1.6851/4.0855], valid:[84.03], test:[61.57]
--------------------------------------------------------------------------------------------------------------------------------------------------------------------------------------------------------
Train Iter:[0  /563], CauLoss:[2.4520], AdvLoss:[2.5966]
Train Iter:[140/563], CauLoss:[1.6996], AdvLoss:[4.0870]
Train Iter:[280/563], CauLoss:[1.6803], AdvLoss:[4.1840]
Train Iter:[420/563], CauLoss:[1.6884], AdvLoss:[4.1056]
Train Iter:[560/563], CauLoss:[1.6833], AdvLoss:[4.0792]
--------------------------------------------------------------------------------------------------------------------------------------------------------------------------------------------------------
Epoch:[100/100], CauAdvLoss:[1.6827/4.0791], valid:[85.93], test:[64.43]
--------------------------------------------------------------------------------------------------------------------------------------------------------------------------------------------------------
Update test:[64.43] at epoch:[100] | Total time:00:28:15
finall: Test ACC CAU: [56.07±5.50]
